id,capteur,raw,filtered,date
1,a0,143.3171,143.148,2026-05-04 13:31:40.005606
2,a1,115.2683,116.1076,2026-05-04 13:31:40.108484
3,a2,397.9756,325.9994,2026-05-04 13:31:40.216721
4,a3,162.8293,163.4159,2026-05-04 13:31:40.312478
6,a0,143.3171,143.1565,2026-05-04 13:33:42.695308
7,a1,115.3171,116.068,2026-05-04 13:33:42.789238
9,a0,144.2683,144.047,2026-05-04 13:36:17.129083
10,a1,113.439,113.7801,2026-05-04 13:36:17.209009
11,a2,208.439,185.9007,2026-05-04 13:36:17.310211
12,a3,163.0244,162.9945,2026-05-04 13:36:17.416633
14,a0,144.2439,144.1031,2026-05-04 13:38:19.502386
15,a1,113.4878,113.6675,2026-05-04 13:38:19.546397
16,a2,151.5122,158.9651,2026-05-04 13:38:19.711299
17,a3,163.1707,163.1326,2026-05-04 13:38:19.822511
19,a0,144.4146,144.2973,2026-05-04 13:40:22.625495
20,a1,113.0,113.3301,2026-05-04 13:40:22.727350
21,a2,151.7073,158.6023,2026-05-04 13:40:22.832291
22,a3,162.9024,163.1211,2026-05-04 13:40:22.930861
24,a0,144.1951,144.3365,2026-05-04 13:43:27.911419
25,a1,112.6829,112.7734,2026-05-04 13:43:28.012436
26,a2,151.2439,155.3445,2026-05-04 13:43:28.115713
27,a3,162.2683,162.3276,2026-05-04 13:43:28.216815
29,a0,144.1951,144.3295,2026-05-04 13:45:31.128051
30,a1,112.6098,112.7652,2026-05-04 13:45:31.216813
31,a2,2.936,0.0,2026-05-04 13:45:31.320286
32,a0,144.3415,144.2371,2026-05-04 13:47:34.286281
33,a1,112.3171,112.4331,2026-05-04 13:47:34.340304
34,a2,151.7561,150.6453,2026-05-04 13:47:34.473593
35,a3,163.8049,163.674,2026-05-04 13:47:34.622903
37,a0,144.2927,144.2399,2026-05-04 13:49:37.129459
38,a1,112.2927,112.426,2026-05-04 13:49:37.232842
39,a2,151.9512,150.7106,2026-05-04 13:49:37.357725
40,a3,164.0732,163.694,2026-05-04 13:49:37.473089
42,a0,144.0732,144.1806,2026-05-04 13:51:43.106311
43,a1,110.7561,111.6837,2026-05-04 13:51:43.207897
44,a2,153.2439,152.8543,2026-05-04 13:51:43.311257
45,a3,164.2439,164.1169,2026-05-04 13:51:43.418585
47,a0,144.0488,144.174,2026-05-04 13:53:45.475585
48,a1,110.7561,111.6373,2026-05-04 13:53:45.523624
49,a2,153.3415,152.8786,2026-05-04 13:53:45.726958
50,a3,164.1951,164.1208,2026-05-04 13:53:45.819136
52,a0,143.8293,143.9151,2026-05-04 13:55:51.478578
53,a1,110.6829,110.6787,2026-05-04 13:55:51.521704
54,a2,154.2195,154.0436,2026-05-04 13:55:51.631969
55,a3,164.6341,164.4709,2026-05-04 13:55:51.814065
57,a0,143.8049,143.9096,2026-05-04 13:57:53.796529
58,a1,110.6341,110.6765,2026-05-04 13:57:53.816998
59,a2,154.2683,154.0548,2026-05-04 13:57:53.919022
60,a3,164.561,164.4754,2026-05-04 13:57:54.108376
62,a0,143.4634,143.5218,2026-05-04 14:00:00.875304
63,a1,110.8537,110.7888,2026-05-04 14:00:00.917550
64,a2,153.1951,153.8802,2026-05-04 14:00:01.021705
65,a3,165.8537,165.374,2026-05-04 14:00:01.210711
67,a0,143.4634,143.5189,2026-05-04 14:02:03.632775
68,a1,110.7561,110.7871,2026-05-04 14:02:03.731572
69,a2,153.3171,153.852,2026-05-04 14:02:03.911196
70,a3,165.6829,165.3894,2026-05-04 14:02:04.010413
72,a0,143.4146,143.4791,2026-05-04 14:04:08.967820
73,a1,110.9024,110.9797,2026-05-04 14:04:09.026339
74,a2,151.6098,152.3815,2026-05-04 14:04:09.119781
75,a3,166.1951,165.9815,2026-05-04 14:04:09.275117
77,a0,143.4146,143.4759,2026-05-04 14:06:11.349339
78,a1,110.9268,110.9771,2026-05-04 14:06:11.417361
79,a2,151.7561,152.3502,2026-05-04 14:06:11.517923
80,a3,165.9756,165.9812,2026-05-04 14:06:11.706648
82,a0,142.4634,142.6328,2026-05-04 14:08:17.700702
83,a1,110.4878,110.5867,2026-05-04 14:08:17.788829
84,a2,153.561,152.6112,2026-05-04 14:08:17.917915
85,a3,164.8293,165.3642,2026-05-04 14:08:18.012708
87,a0,142.439,142.6232,2026-05-04 14:10:20.541698
88,a1,110.5366,110.5842,2026-05-04 14:10:20.617512
89,a2,153.6098,152.6611,2026-05-04 14:10:20.719912
90,a3,164.9268,165.3423,2026-05-04 14:10:20.908325
92,a0,142.4634,142.4726,2026-05-04 14:12:26.435712
93,a1,110.5366,110.521,2026-05-04 14:12:26.517292
94,a2,154.7561,154.4689,2026-05-04 14:12:26.618644
95,a3,165.0976,164.8881,2026-05-04 14:12:26.721856
97,a0,142.4878,142.4734,2026-05-04 14:14:28.907730
98,a1,110.5122,110.5206,2026-05-04 14:14:29.017129
99,a2,155.0976,154.5004,2026-05-04 14:14:29.121415
100,a3,165.1219,164.8998,2026-05-04 14:14:29.309268
102,a0,142.3415,142.4618,2026-05-04 14:16:35.398783
103,a1,109.8781,110.1262,2026-05-04 14:16:35.489346
104,a2,155.5122,155.2842,2026-05-04 14:16:35.608892
105,a3,166.1463,165.8301,2026-05-04 14:16:35.714131
107,a0,142.4146,142.4595,2026-05-04 14:18:38.026310
108,a1,109.9512,110.1174,2026-05-04 14:18:38.123461
109,a2,155.5366,155.2968,2026-05-04 14:18:38.218089
110,a3,166.0,165.8386,2026-05-04 14:18:38.406716
112,a0,142.3659,142.4548,2026-05-04 14:20:40.462985
113,a1,110.0244,110.1128,2026-05-04 14:20:40.525031
114,a2,155.64,0.0,2026-05-04 14:20:40.622395
115,a3,166.2195,166.1119,2026-05-04 14:20:40.730950
117,a0,142.1707,142.1829,2026-05-04 14:22:46.053440
118,a1,109.8537,109.763,2026-05-04 14:22:46.138652
119,a2,155.7805,156.0113,2026-05-04 14:22:46.241603
120,a3,166.5854,166.4389,2026-05-04 14:22:46.413259
122,a0,142.1951,142.1835,2026-05-04 14:24:48.485367
123,a1,109.8049,109.7651,2026-05-04 14:24:48.557696
124,a2,156.0244,156.0119,2026-05-04 14:24:48.713401
125,a3,166.6098,166.4475,2026-05-04 14:24:48.919774
127,a0,142.0244,142.0753,2026-05-04 14:26:55.249679
128,a1,109.561,109.6793,2026-05-04 14:26:55.318170
129,a2,156.3415,156.0964,2026-05-04 14:26:55.512917
130,a3,167.0,166.8233,2026-05-04 14:26:55.624513
132,a0,142.0,142.0715,2026-05-04 14:28:58.049919
133,a1,109.8049,109.6856,2026-05-04 14:28:58.120182
134,a2,156.0244,156.0928,2026-05-04 14:28:58.310092
135,a3,167.0976,166.837,2026-05-04 14:28:58.412819
137,a0,141.8293,141.9399,2026-05-04 14:31:03.801996
138,a1,109.7073,109.6284,2026-05-04 14:31:03.888656
139,a2,156.0488,156.2027,2026-05-04 14:31:03.922398
140,a3,167.2683,167.0708,2026-05-04 14:31:04.109913
142,a0,141.8537,141.9356,2026-05-04 14:33:06.407018
143,a1,109.7073,109.6324,2026-05-04 14:33:06.511963
144,a2,156.0,156.1926,2026-05-04 14:33:06.615254
145,a3,167.3171,167.0831,2026-05-04 14:33:06.716961
147,a0,141.8781,141.9197,2026-05-04 14:35:12.620392
148,a1,109.3659,109.1948,2026-05-04 14:35:12.734287
149,a2,156.439,156.3735,2026-05-04 14:35:12.855216
150,a3,170.8293,169.1725,2026-05-04 14:35:12.971356
152,a0,141.9024,141.9189,2026-05-04 14:37:15.031104
153,a1,109.1951,109.1949,2026-05-04 14:37:15.117247
154,a2,156.3171,156.3707,2026-05-04 14:37:15.221339
155,a3,171.1219,169.27,2026-05-04 14:37:15.342073
157,a0,141.8537,141.9156,2026-05-04 14:39:17.898325
158,a1,109.3659,109.2034,2026-05-04 14:39:18.008004
159,a2,0.0,156.4341,2026-05-04 14:39:18.113536
160,a3,178.3659,173.2641,2026-05-04 14:39:18.224431
162,a0,141.7561,141.8277,2026-05-04 14:42:22.825139
163,a1,109.5366,109.4087,2026-05-04 14:42:22.916271
164,a2,156.8537,156.7329,2026-05-04 14:42:23.015962
165,a3,215.6341,195.7241,2026-05-04 14:42:23.207003
167,a0,141.8049,141.8266,2026-05-04 14:44:25.380325
168,a1,109.561,109.4163,2026-05-04 14:44:25.454184
169,a2,143.0,0.0,2026-05-04 14:44:25.568110
170,a0,141.9024,141.8504,2026-05-04 14:46:27.449099
171,a1,109.4878,109.4666,2026-05-04 14:46:27.548058
172,a2,156.7561,156.8052,2026-05-04 14:46:27.646202
173,a3,187.1951,197.9356,2026-05-04 14:46:27.819413
175,a0,142.1219,142.1179,2026-05-04 14:48:30.310332
176,a1,108.7805,109.0519,2026-05-04 14:48:30.406617
177,a2,157.4634,157.2568,2026-05-04 14:48:30.508344
178,a3,165.0732,170.3774,2026-05-04 14:48:30.614265
180,a0,142.1463,142.1343,2026-05-04 14:50:32.843503
181,a1,108.2683,108.6653,2026-05-04 14:50:32.945783
182,a2,157.6098,157.3838,2026-05-04 14:50:33.117338
183,a3,163.6585,165.6472,2026-05-04 14:50:33.252055
185,a0,142.1463,142.1389,2026-05-04 14:52:35.610111
186,a1,108.4878,108.4447,2026-05-04 14:52:35.711554
187,a2,157.4878,157.4174,2026-05-04 14:52:35.811726
188,a3,164.3902,164.3578,2026-05-04 14:52:35.916936
190,a0,142.1463,142.2074,2026-05-04 14:54:39.507333
191,a1,109.1707,108.9111,2026-05-04 14:54:39.805527
192,a2,158.7561,158.362,2026-05-04 14:54:40.006114
193,a3,167.1707,166.3194,2026-05-04 14:54:40.212501
195,a0,142.1951,142.2068,2026-05-04 14:56:42.495464
196,a1,109.2439,108.9278,2026-05-04 14:56:42.518649
197,a2,159.7317,158.4305,2026-05-04 14:56:42.617916
198,a3,167.3171,166.3693,2026-05-04 14:56:42.806624
200,a0,142.1707,142.205,2026-05-04 14:58:45.190577
201,a1,109.1951,108.9411,2026-05-04 14:58:45.215445
202,a2,0.0,167.928,2026-05-04 14:58:45.320922
204,a0,142.439,142.327,2026-05-04 15:00:50.345872
205,a1,109.7317,109.6227,2026-05-04 15:00:50.433710
206,a2,196.6829,187.5212,2026-05-04 15:00:50.608166
207,a3,172.561,170.4016,2026-05-04 15:00:50.725864
209,a0,142.4634,142.3338,2026-05-04 15:02:53.423774
210,a1,109.8293,109.633,2026-05-04 15:02:53.507197
211,a2,196.2439,187.9573,2026-05-04 15:02:53.629293
212,a3,172.5122,170.5071,2026-05-04 15:02:53.771718
214,a0,142.4634,142.3403,2026-05-04 15:04:55.855013
215,a1,109.7805,109.6404,2026-05-04 15:04:55.915687
216,a2,156.8049,175.3801,2026-05-04 15:04:56.119254
217,a3,177.9756,174.0326,2026-05-04 15:04:56.212529
219,a0,142.7805,142.7562,2026-05-04 15:07:00.756350
220,a1,110.1951,110.1204,2026-05-04 15:07:00.817077
221,a2,155.0976,156.3199,2026-05-04 15:07:01.007274
222,a3,197.6585,195.2351,2026-05-04 15:07:01.109899
224,a0,142.9024,142.7635,2026-05-04 15:09:03.402516
225,a1,110.2195,110.1254,2026-05-04 15:09:03.490187
226,a2,155.0976,156.2587,2026-05-04 15:09:03.610596
227,a3,195.2195,195.2343,2026-05-04 15:09:03.714053
229,a0,143.1463,143.0099,2026-05-04 15:12:09.781007
230,a1,110.2683,110.341,2026-05-04 15:12:09.831895
231,a2,155.561,155.4814,2026-05-04 15:12:09.936456
232,a3,191.6585,193.4483,2026-05-04 15:12:10.109213
234,a0,143.3415,143.2491,2026-05-04 15:15:15.509921
235,a1,110.5122,110.4553,2026-05-04 15:15:15.612614
236,a2,156.0732,155.7871,2026-05-04 15:15:15.712927
237,a3,198.7317,195.7572,2026-05-04 15:15:15.813018
239,a0,143.4146,143.2573,2026-05-04 15:17:17.863612
240,a1,110.5366,110.4593,2026-05-04 15:17:17.934532
241,a2,155.9268,155.8495,2026-05-04 15:17:18.039745
242,a3,197.2927,197.1697,2026-05-04 15:17:18.208621
244,a0,143.3415,143.3576,2026-05-04 15:19:20.742292
245,a1,110.5854,110.5312,2026-05-04 15:19:20.835604
246,a2,158.3659,156.5023,2026-05-04 15:19:21.010818
247,a3,194.6585,196.6291,2026-05-04 15:19:21.122468
249,a0,143.1951,143.3057,2026-05-04 15:21:23.085325
250,a1,110.5366,110.5474,2026-05-04 15:21:23.139230
251,a2,162.0,159.6436,2026-05-04 15:21:23.236140
252,a3,199.7073,196.8236,2026-05-04 15:21:23.408546
254,a0,143.0488,143.1037,2026-05-04 15:24:28.546494
255,a1,110.7073,110.6409,2026-05-04 15:24:28.713332
256,a2,162.9024,179.2906,2026-05-04 15:24:29.009435
257,a3,214.0244,205.1799,2026-05-04 15:24:29.219800
259,a0,142.9024,142.9763,2026-05-04 15:26:31.983552
260,a1,110.5366,110.6366,2026-05-04 15:26:32.090540
261,a2,156.0488,159.1803,2026-05-04 15:26:32.176977
262,a3,237.9024,227.7894,2026-05-04 15:26:32.323706
264,a0,142.8537,142.9702,2026-05-04 15:28:37.139519
265,a1,110.5122,110.6304,2026-05-04 15:28:37.232120
266,a2,155.8293,159.0128,2026-05-04 15:28:37.345683
267,a3,237.6829,228.2841,2026-05-04 15:28:37.518170
269,a0,142.2927,142.5518,2026-05-04 15:30:41.205472
270,a1,108.8537,109.6373,2026-05-04 15:30:41.308669
271,a2,155.5366,155.9323,2026-05-04 15:30:41.414018
272,a3,264.8049,255.9135,2026-05-04 15:30:41.519658
274,a0,142.2927,142.5518,2026-05-04 15:31:19.127176
275,a1,108.8537,109.6373,2026-05-04 15:31:19.213260
276,a2,155.5366,155.9323,2026-05-04 15:31:19.320739
277,a3,264.8049,255.9135,2026-05-04 15:31:19.505447
279,a0,142.3171,142.5401,2026-05-04 15:33:21.781702
280,a1,108.7805,109.5944,2026-05-04 15:33:21.815913
281,a2,155.561,155.9137,2026-05-04 15:33:21.917084
282,a3,266.8293,256.4593,2026-05-04 15:33:22.107394
284,a0,138.3902,139.9228,2026-05-04 15:35:25.994062
285,a1,108.4878,107.6633,2026-05-04 15:35:26.045447
286,a2,155.9268,155.8353,2026-05-04 15:35:26.165535
287,a3,242.2683,252.7533,2026-05-04 15:35:26.322131
289,a0,138.3171,139.8425,2026-05-04 15:37:28.727350
290,a1,108.561,107.7082,2026-05-04 15:37:28.922401
291,a2,155.8781,155.8375,2026-05-04 15:37:29.209628
292,a3,245.7073,252.401,2026-05-04 15:37:29.337502
294,a0,136.3902,136.8743,2026-05-04 15:39:34.372121
295,a1,108.9756,108.8559,2026-05-04 15:39:34.444673
296,a2,156.0244,156.1211,2026-05-04 15:39:34.584071
297,a3,234.6341,241.6763,2026-05-04 15:39:34.707577
299,a0,136.3902,136.8501,2026-05-04 15:41:37.114047
300,a1,109.0488,108.8656,2026-05-04 15:41:37.216907
301,a2,156.3415,156.1322,2026-05-04 15:41:37.415708
302,a3,232.9268,241.2388,2026-05-04 15:41:37.514068
304,a0,135.6341,135.7608,2026-05-04 15:44:28.997832
305,a1,109.6585,109.6526,2026-05-04 15:44:29.106568
306,a2,155.3659,156.0823,2026-05-04 15:44:29.212094
307,a3,228.9756,229.2908,2026-05-04 15:44:29.316429
309,a0,135.6829,135.7569,2026-05-04 15:46:31.771079
310,a1,109.6341,109.6517,2026-05-04 15:46:31.872193
311,a2,155.3659,156.0464,2026-05-04 15:46:32.023181
312,a3,223.8049,229.0165,2026-05-04 15:46:32.130323
314,a0,135.6341,135.7507,2026-05-04 15:48:34.540521
315,a1,109.7073,109.6545,2026-05-04 15:48:34.663099
316,a2,0.0,154.9216,2026-05-04 15:48:34.807459
317,a3,239.9024,233.3345,2026-05-04 15:48:34.921446
319,a0,136.3659,136.1956,2026-05-04 15:50:39.634908
320,a1,110.1951,110.0272,2026-05-04 15:50:39.942074
321,a2,158.0732,157.2401,2026-05-04 15:50:40.150410
322,a3,187.6098,193.2945,2026-05-04 15:50:40.315984
324,a0,136.3659,136.2041,2026-05-04 15:52:42.318218
325,a1,110.1951,110.0356,2026-05-04 15:52:42.426689
326,a2,158.1463,157.2854,2026-05-04 15:52:42.517710
327,a3,187.7805,193.0188,2026-05-04 15:52:42.716772
329,a0,136.8537,136.6223,2026-05-04 15:54:47.911508
330,a1,110.3171,110.2898,2026-05-04 15:54:47.995896
331,a2,163.0976,161.112,2026-05-04 15:54:48.112784
332,a3,185.5366,185.8859,2026-05-04 15:54:48.241417
334,a0,136.8537,136.6338,2026-05-04 15:56:50.559980
335,a1,110.2683,110.2887,2026-05-04 15:56:50.613958
336,a2,163.3171,161.2222,2026-05-04 15:56:50.718723
337,a3,185.4878,185.866,2026-05-04 15:56:50.905807
339,a0,136.9512,136.6497,2026-05-04 15:58:52.924189
340,a1,110.3171,110.2901,2026-05-04 15:58:53.015627
341,a2,129.0,185.31,2026-05-04 15:58:53.118505
343,a0,137.2683,137.0157,2026-05-04 16:00:55.197029
344,a1,110.5854,110.394,2026-05-04 16:00:55.291456
345,a2,208.2195,172.8087,2026-05-04 16:00:55.407306
346,a3,184.0488,184.5174,2026-05-04 16:00:55.515900
348,a0,137.7073,137.4999,2026-05-04 16:02:58.058908
349,a1,108.5366,108.3619,2026-05-04 16:02:58.135988
350,a2,155.561,156.9313,2026-05-04 16:02:58.242722
351,a3,183.439,183.6729,2026-05-04 16:02:58.407667
353,a0,137.8781,137.7306,2026-05-04 16:05:00.433666
354,a1,109.3659,108.8811,2026-05-04 16:05:00.533689
355,a2,155.4634,155.8013,2026-05-04 16:05:00.646410
356,a3,183.9024,183.4023,2026-05-04 16:05:00.750666
358,a0,139.6829,139.1182,2026-05-04 16:07:05.303051
359,a1,110.1219,109.8539,2026-05-04 16:07:05.407026
360,a2,155.6098,155.5275,2026-05-04 16:07:05.516558
361,a3,181.9268,182.4697,2026-05-04 16:07:05.613823
363,a0,139.6585,139.1452,2026-05-04 16:09:08.273565
364,a1,110.1707,109.8698,2026-05-04 16:09:08.314456
365,a2,155.5854,155.5304,2026-05-04 16:09:08.416966
366,a3,182.0732,182.4499,2026-05-04 16:09:08.610440
368,a0,139.7805,139.177,2026-05-04 16:11:11.547290
369,a1,110.0488,109.8787,2026-05-04 16:11:11.625270
370,a2,11.0,0.0,2026-05-04 16:11:11.723719
371,a3,181.7073,182.0363,2026-05-04 16:11:11.907000
373,a0,142.9512,142.535,2026-05-04 16:13:16.147633
374,a1,110.7073,110.5923,2026-05-04 16:13:16.214935
375,a2,155.3171,155.7152,2026-05-04 16:13:16.315728
376,a3,182.3171,182.5712,2026-05-04 16:13:16.508097
378,a0,143.0244,142.5594,2026-05-04 16:15:19.052755
379,a1,110.6341,110.5944,2026-05-04 16:15:19.117107
380,a2,155.1463,155.6868,2026-05-04 16:15:19.214803
381,a3,182.6098,182.5732,2026-05-04 16:15:19.407741
383,a0,143.0488,142.5839,2026-05-04 16:17:21.726663
384,a1,110.6341,110.5964,2026-05-04 16:17:21.825655
385,a2,0.0,0.0,2026-05-04 16:17:21.942216
386,a3,182.4878,182.6716,2026-05-04 16:17:22.106057
388,a0,143.3415,143.0874,2026-05-04 16:19:24.351013
389,a1,110.8781,110.725,2026-05-04 16:19:24.438579
390,a2,155.3415,155.3162,2026-05-04 16:19:24.547917
391,a3,183.8049,182.8994,2026-05-04 16:19:24.651499
393,a0,144.1951,143.9314,2026-05-04 16:21:29.284055
394,a1,109.0,108.7401,2026-05-04 16:21:29.315266
395,a2,156.4146,156.0176,2026-05-04 16:21:29.415893
396,a3,183.2439,183.5695,2026-05-04 16:21:29.525312
398,a0,144.2439,143.947,2026-05-04 16:23:31.663156
399,a1,109.3171,108.769,2026-05-04 16:23:31.717128
400,a2,156.4634,156.0399,2026-05-04 16:23:31.824506
401,a3,182.7317,183.5276,2026-05-04 16:23:32.010529
403,a0,144.1463,143.957,2026-05-04 16:25:34.012054
404,a1,109.2683,108.7939,2026-05-04 16:25:34.116291
406,a3,183.3902,183.345,2026-05-04 16:25:34.318334
408,a0,144.7317,144.5201,2026-05-04 16:27:36.905099
409,a1,110.5366,110.173,2026-05-04 16:27:37.006175
410,a0,144.8049,144.7299,2026-05-04 16:29:39.253329
411,a1,110.7073,110.5535,2026-05-04 16:29:39.320629
412,a2,155.9268,158.1678,2026-05-04 16:29:39.506831
413,a3,183.7317,183.704,2026-05-04 16:29:39.646156
415,a0,145.2683,145.1388,2026-05-04 16:31:43.586956
416,a1,111.0488,110.9996,2026-05-04 16:31:43.616394
417,a2,156.0976,156.0796,2026-05-04 16:31:43.730921
418,a3,183.8781,183.4295,2026-05-04 16:31:43.909201
420,a0,145.1951,145.1416,2026-05-04 16:33:46.385087
421,a1,111.0976,111.0045,2026-05-04 16:33:46.419950
422,a2,156.1219,156.0817,2026-05-04 16:33:46.523787
423,a3,183.8049,183.4483,2026-05-04 16:33:46.707053
425,a0,145.2683,145.1479,2026-05-04 16:35:49.058400
426,a1,111.1463,111.0116,2026-05-04 16:35:49.133272
427,a2,971.0,0.0,2026-05-04 16:35:49.290563
428,a3,184.1219,183.6708,2026-05-04 16:35:49.494829
430,a0,145.1219,145.1696,2026-05-04 16:37:54.770678
431,a1,111.5854,111.4198,2026-05-04 16:37:54.882382
432,a2,157.2439,156.5146,2026-05-04 16:37:55.030912
433,a3,186.3415,186.0051,2026-05-04 16:37:55.120031
435,a0,145.1219,145.1672,2026-05-04 16:39:57.725172
436,a1,111.4634,111.422,2026-05-04 16:39:57.814734
437,a2,157.3171,156.5548,2026-05-04 16:39:58.005966
438,a3,186.7561,186.0427,2026-05-04 16:39:58.110419
440,a0,145.5366,145.276,2026-05-04 16:42:03.014210
441,a1,111.7561,111.6113,2026-05-04 16:42:03.115163
442,a2,187.0488,174.9475,2026-05-04 16:42:03.216320
443,a3,203.0732,195.649,2026-05-04 16:42:03.319479
445,a0,145.5122,145.2878,2026-05-04 16:44:05.722497
446,a1,111.7317,111.6173,2026-05-04 16:44:05.818826
447,a2,184.439,175.4221,2026-05-04 16:44:05.922664
448,a3,203.5854,196.0458,2026-05-04 16:44:06.109366
450,a0,145.561,145.3015,2026-05-04 16:46:08.407950
451,a1,111.6341,111.6182,2026-05-04 16:46:08.707811
454,a0,145.3902,145.6658,2026-05-04 16:48:14.036573
455,a1,111.7561,111.7236,2026-05-04 16:48:14.114422
456,a2,219.9024,246.9687,2026-05-04 16:48:14.212539
457,a3,252.8781,263.0255,2026-05-04 16:48:14.321486
459,a0,145.2927,145.6471,2026-05-04 16:50:16.775603
460,a1,111.7073,111.7228,2026-05-04 16:50:16.815164
461,a2,224.6098,245.8508,2026-05-04 16:50:16.916426
462,a3,210.8537,260.4169,2026-05-04 16:50:17.106633
464,a0,145.3415,145.6318,2026-05-04 16:52:19.324180
465,a1,111.6585,111.7196,2026-05-04 16:52:19.448922
466,a2,9.0,0.0,2026-05-04 16:52:19.542163
468,a0,146.2439,146.0475,2026-05-04 16:54:24.434163
469,a1,111.5854,111.5582,2026-05-04 16:54:24.509198
470,a2,269.3658,217.8708,2026-05-04 16:54:24.622914
471,a3,168.8781,170.3963,2026-05-04 16:54:24.735890
473,a0,146.2927,146.0598,2026-05-04 16:56:27.112416
474,a1,111.7561,111.5681,2026-05-04 16:56:27.235380
475,a2,268.9512,220.4249,2026-05-04 16:56:27.372074
476,a3,168.7805,170.3155,2026-05-04 16:56:27.464392
478,a0,146.4146,146.2795,2026-05-04 16:58:30.150823
479,a1,111.8781,111.7684,2026-05-04 16:58:30.240486
480,a2,229.9024,237.8995,2026-05-04 16:58:30.408755
482,a0,146.3902,146.3945,2026-05-04 17:00:32.406460
483,a1,111.9756,111.9376,2026-05-04 17:00:32.507171
484,a2,157.6341,198.5907,2026-05-04 17:00:32.623974
485,a3,169.2927,169.2279,2026-05-04 17:00:32.712797
487,a0,146.1707,146.2836,2026-05-04 17:02:35.046391
488,a1,112.1463,112.041,2026-05-04 17:02:35.119757
489,a2,158.9268,168.2985,2026-05-04 17:02:35.230939
491,a0,145.9512,146.1484,2026-05-04 17:04:37.457467
492,a1,112.2683,112.1879,2026-05-04 17:04:37.517500
493,a2,160.4146,162.0705,2026-05-04 17:04:37.635205
494,a3,169.7805,169.5591,2026-05-04 17:04:37.823073
496,a0,145.9268,146.1373,2026-05-04 17:06:39.843550
497,a1,112.1463,112.1858,2026-05-04 17:06:39.918378
498,a2,96.0,0.0,2026-05-04 17:06:40.106029
500,a0,146.2195,146.1453,2026-05-04 17:08:42.454377
501,a1,112.2683,112.2152,2026-05-04 17:08:42.522220
502,a2,158.9024,160.7907,2026-05-04 17:08:42.617157
503,a3,169.7805,169.68398,2026-05-04 17:08:42.808686
505,a0,146.2439,146.2387,2026-05-04 17:10:45.991639
506,a1,112.7317,112.5304,2026-05-04 17:10:46.024462
507,a2,159.4146,159.033,2026-05-04 17:10:46.117761
508,a3,169.0488,169.1639,2026-05-04 17:10:46.313001
510,a0,146.2927,146.2414,2026-05-04 17:12:48.296964
511,a1,112.7073,112.5393,2026-05-04 17:12:48.387935
512,a2,159.4634,159.0545,2026-05-04 17:12:48.505920
513,a3,169.0,169.1557,2026-05-04 17:12:48.611206
515,a0,146.2439,146.2415,2026-05-04 17:14:50.708919
516,a1,112.6585,112.5452,2026-05-04 17:14:50.810232
518,a0,146.2927,146.2543,2026-05-04 17:16:56.213019
519,a1,112.7805,112.63,2026-05-04 17:16:56.311260
520,a2,187.5366,171.0539,2026-05-04 17:16:56.432581
521,a3,168.9268,168.9155,2026-05-04 17:16:56.533100
523,a0,146.2195,146.2526,2026-05-04 17:18:58.946613
524,a1,112.7317,112.6351,2026-05-04 17:18:59.108480
525,a2,188.3902,171.9207,2026-05-04 17:18:59.227235
526,a3,168.8537,168.9124,2026-05-04 17:18:59.314914
528,a0,146.2927,146.2439,2026-05-04 17:22:04.444249
529,a1,112.6341,112.6806,2026-05-04 17:22:04.544624
530,a2,209.0976,198.3794,2026-05-04 17:22:04.710204
531,a3,169.1219,169.0817,2026-05-04 17:22:04.821501
533,a0,146.0976,146.1945,2026-05-04 17:24:10.331434
534,a1,112.6341,112.6036,2026-05-04 17:24:10.434180
535,a2,214.3171,211.3516,2026-05-04 17:24:10.611211
536,a3,169.561,169.365,2026-05-04 17:24:10.724313
538,a0,146.1707,146.1933,2026-05-04 17:26:12.836739
539,a1,112.5854,112.6027,2026-05-04 17:26:12.918244
540,a2,215.0488,211.5364,2026-05-04 17:26:13.017772
541,a3,169.561,169.3748,2026-05-04 17:26:13.208904
543,a0,146.2927,146.1983,2026-05-04 17:28:15.711683
544,a1,112.5122,112.5982,2026-05-04 17:28:15.815632
545,a2,2.5432,0.0,2026-05-04 17:28:15.919936
547,a0,146.1951,146.1911,2026-05-04 17:30:17.938664
548,a1,112.1707,112.397,2026-05-04 17:30:18.015650
549,a2,214.9024,214.2179,2026-05-04 17:30:18.123945
550,a3,169.6341,169.6817,2026-05-04 17:30:18.310602
552,a0,146.1219,146.194,2026-05-04 17:32:20.330417
553,a1,111.8049,112.0514,2026-05-04 17:32:20.418917
555,a3,169.9512,169.8582,2026-05-04 17:32:20.707414
557,a0,146.0488,146.1387,2026-05-04 17:34:25.326742
558,a1,112.0976,112.0754,2026-05-04 17:34:25.426400
559,a2,148.4634,156.1873,2026-05-04 17:34:25.611150
560,a3,170.0488,170.0502,2026-05-04 17:34:25.717292
562,a0,146.0488,146.1342,2026-05-04 17:36:28.019177
563,a1,112.0732,112.0753,2026-05-04 17:36:28.122283
564,a2,148.7317,155.8145,2026-05-04 17:36:28.241871
565,a3,170.1219,170.0538,2026-05-04 17:36:28.413087
567,a0,146.0488,146.0993,2026-05-04 17:38:33.361434
568,a1,112.2683,112.2044,2026-05-04 17:38:33.432198
569,a2,149.6829,149.6995,2026-05-04 17:38:33.533246
570,a3,170.2683,170.1845,2026-05-04 17:38:33.641759
572,a0,146.1219,146.1005,2026-05-04 17:40:36.250103
573,a1,112.2683,112.2076,2026-05-04 17:40:36.337688
574,a2,149.5122,149.6902,2026-05-04 17:40:36.508333
575,a3,170.1463,170.1826,2026-05-04 17:40:36.614461
577,a0,146.0732,146.0991,2026-05-04 17:42:38.972110
578,a1,112.2683,112.2106,2026-05-04 17:42:39.026305
579,a2,5.0,170.2103,2026-05-04 17:42:39.208820
581,a0,146.0488,146.063,2026-05-04 17:44:41.196654
582,a1,112.1951,112.2512,2026-05-04 17:44:41.292020
583,a2,149.4634,149.45,2026-05-04 17:44:41.318475
585,a0,146.1463,146.1207,2026-05-04 17:47:46.116224
586,a1,112.1707,112.2523,2026-05-04 17:47:46.230791
588,a0,146.1463,146.1287,2026-05-04 17:49:48.606769
589,a1,112.3171,112.2809,2026-05-04 17:49:48.731032
590,a2,151.4878,151.0096,2026-05-04 17:49:48.920688
591,a3,170.3902,170.3752,2026-05-04 17:49:49.153629
593,a0,146.2195,146.1333,2026-05-04 17:51:51.641967
594,a1,112.4146,112.2875,2026-05-04 17:51:51.755057
595,a2,0.0,0.0,2026-05-04 17:51:51.843655
597,a0,146.0976,146.1517,2026-05-04 17:53:55.843037
598,a1,112.7561,112.6307,2026-05-04 17:53:55.916052
599,a2,156.3659,154.7737,2026-05-04 17:53:56.020404
600,a3,170.3902,170.4471,2026-05-04 17:53:56.211408
602,a0,146.1463,146.1515,2026-05-04 17:55:58.488133
603,a1,112.8293,112.6406,2026-05-04 17:55:58.515909
604,a2,156.3415,154.8521,2026-05-04 17:55:58.807892
605,a3,170.4878,170.4492,2026-05-04 17:55:59.017679
607,a0,146.1463,146.1512,2026-05-04 17:58:01.742481
608,a1,112.8049,112.6489,2026-05-04 17:58:01.815613
609,a2,0.4422,0.0,2026-05-04 17:58:01.919869
611,a0,146.1463,146.1228,2026-05-04 18:00:06.167928
612,a1,112.0488,112.1184,2026-05-04 18:00:06.226281
613,a2,157.7561,157.309,2026-05-04 18:00:06.411016
614,a3,170.6098,170.513,2026-05-04 18:00:06.514480
616,a0,146.1219,146.1227,2026-05-04 18:02:08.928946
617,a1,112.0,112.1125,2026-05-04 18:02:09.112818
618,a2,157.4878,157.3179,2026-05-04 18:02:09.215549
619,a3,170.5122,170.513,2026-05-04 18:02:09.332580
621,a0,146.1707,146.1606,2026-05-04 18:04:15.067644
622,a1,112.0244,112.0732,2026-05-04 18:04:15.142368
623,a2,158.0244,158.312,2026-05-04 18:04:15.258258
624,a3,170.4878,170.489,2026-05-04 18:04:15.409890
626,a0,146.0976,146.1575,2026-05-04 18:06:17.786243
627,a1,112.0,112.0696,2026-05-04 18:06:17.844690
628,a2,158.4634,158.3196,2026-05-04 18:06:17.952995
629,a3,170.4146,170.4853,2026-05-04 18:06:18.044168
631,a0,146.1951,146.2375,2026-05-04 18:08:23.800575
632,a1,112.1951,112.1836,2026-05-04 18:08:23.847370
633,a2,201.4634,178.2916,2026-05-04 18:08:23.934048
634,a3,170.4146,170.4404,2026-05-04 18:08:24.109784
636,a0,146.2927,146.2402,2026-05-04 18:10:26.603742
637,a1,112.1219,112.1805,2026-05-04 18:10:26.710000
638,a2,204.6585,179.61,2026-05-04 18:10:26.813122
639,a3,170.3171,170.4342,2026-05-04 18:10:26.919020
641,a0,146.2195,146.2662,2026-05-04 18:12:32.435097
642,a1,112.4634,112.3746,2026-05-04 18:12:32.523822
643,a2,202.5122,193.688,2026-05-04 18:12:32.708097
644,a3,170.2195,170.2937,2026-05-04 18:12:32.811542
646,a0,146.2927,146.2675,2026-05-04 18:14:35.148321
647,a1,112.439,112.3778,2026-05-04 18:14:35.240176
648,a2,200.2927,194.0182,2026-05-04 18:14:35.409991
649,a3,170.3171,170.2948,2026-05-04 18:14:35.518724
651,a0,146.1951,146.2639,2026-05-04 18:16:37.762477
652,a1,112.3902,112.3784,2026-05-04 18:16:37.817959
653,a2,16.0,0.0,2026-05-04 18:16:37.914878
655,a0,146.3171,146.2781,2026-05-04 18:18:40.320887
656,a1,112.7073,112.6228,2026-05-04 18:18:40.414833
657,a2,0.0,146.8823,2026-05-04 18:18:40.519652
658,a3,170.3171,170.2319,2026-05-04 18:18:40.708618
660,a0,146.2195,146.2533,2026-05-04 18:20:42.733549
661,a1,106.2927,111.1636,2026-05-04 18:20:42.814057
662,a2,142.9512,146.6857,2026-05-04 18:20:42.917438
663,a3,170.2195,170.2313,2026-05-04 18:20:43.030741
665,a0,146.2927,146.2552,2026-05-04 18:22:45.198930
666,a1,105.5122,110.881,2026-05-04 18:22:45.256185
668,a0,146.1463,146.2712,2026-05-04 18:24:47.270078
669,a1,88.34146,98.46391,2026-05-04 18:24:47.363706
670,a2,143.2439,143.9679,2026-05-04 18:24:47.466116
671,a3,170.1951,170.2309,2026-05-04 18:24:47.610426
673,a0,146.2439,146.2699,2026-05-04 18:26:51.116798
674,a1,93.31707,90.43646,2026-05-04 18:26:51.215189
675,a2,143.4878,143.3751,2026-05-04 18:26:51.316446
676,a3,164.6585,165.8833,2026-05-04 18:26:51.418227
678,a0,146.2195,146.2674,2026-05-04 18:28:54.055988
679,a1,93.56097,90.59268,2026-05-04 18:28:54.122107
680,a2,143.6098,143.3868,2026-05-04 18:28:54.311348
681,a3,164.6585,165.8221,2026-05-04 18:28:54.423600
683,a0,146.2439,146.2662,2026-05-04 18:30:56.420201
684,a1,93.56097,90.7411,2026-05-04 18:30:56.547427
687,a0,146.2927,146.2456,2026-05-04 18:32:59.091353
688,a1,97.17073,94.52953,2026-05-04 18:32:59.119570
689,a2,143.4634,143.4487,2026-05-04 18:32:59.220479
690,a3,163.5366,163.6805,2026-05-04 18:32:59.413376
692,a0,146.2683,146.2249,2026-05-04 18:35:03.896313
693,a1,103.1951,102.1474,2026-05-04 18:35:03.917574
694,a2,143.7073,143.7103,2026-05-04 18:35:04.019113
695,a3,167.2439,166.3685,2026-05-04 18:35:04.120101
697,a0,146.2195,146.2247,2026-05-04 18:37:06.530372
698,a1,103.3659,102.2083,2026-05-04 18:37:06.643467
699,a2,143.6341,143.7065,2026-05-04 18:37:06.811742
700,a3,167.2195,166.411,2026-05-04 18:37:06.911715
702,a0,146.2683,146.2493,2026-05-04 18:40:11.936828
703,a1,105.6829,104.8109,2026-05-04 18:40:12.025002
704,a2,144.2439,144.2011,2026-05-04 18:40:12.212043
705,a3,168.3902,167.9825,2026-05-04 18:40:12.323906
707,a0,146.3415,146.2539,2026-05-04 18:42:14.306952
708,a1,105.6341,104.8521,2026-05-04 18:42:14.409679
709,a2,144.3902,144.3147,2026-05-04 18:42:14.515229
710,a3,168.5854,168.2353,2026-05-04 18:42:14.620834
712,a0,146.5366,146.4325,2026-05-04 18:44:19.606455
713,a1,107.6098,107.0025,2026-05-04 18:44:19.709104
714,a2,144.7805,144.6134,2026-05-04 18:44:19.811658
715,a3,169.3171,169.0749,2026-05-04 18:44:19.920455
717,a0,146.561,146.439,2026-05-04 18:46:22.461585
718,a1,107.6098,107.0328,2026-05-04 18:46:22.519635
719,a2,144.7561,144.6205,2026-05-04 18:46:22.618606
720,a3,169.2683,169.0846,2026-05-04 18:46:22.812904
722,a0,146.4878,146.4414,2026-05-04 18:48:25.114408
723,a1,107.5854,107.0605,2026-05-04 18:48:25.213938
725,a0,146.5122,146.5173,2026-05-04 18:50:27.184594
726,a1,108.7805,108.3649,2026-05-04 18:50:27.298036
727,a2,1.2927,144.9054,2026-05-04 18:50:27.412207
728,a3,169.6829,169.3882,2026-05-04 18:50:27.532619
730,a0,147.0732,146.7513,2026-05-04 18:52:30.117226
731,a1,109.6341,109.0392,2026-05-04 18:52:30.217893
732,a2,145.3902,144.9297,2026-05-04 18:52:30.332491
733,a3,169.7561,169.4066,2026-05-04 18:52:30.422132
735,a0,147.0976,146.7686,2026-05-04 18:54:32.440952
736,a1,109.5854,109.0665,2026-05-04 18:54:32.536665
737,a2,83.0,169.3288,2026-05-04 18:54:32.645354
739,a0,146.4146,146.5686,2026-05-04 18:56:35.080979
740,a1,109.3902,109.4223,2026-05-04 18:56:35.128150
741,a2,144.8293,144.8212,2026-05-04 18:56:35.235158
742,a3,163.0,169.2752,2026-05-04 18:56:35.415802
744,a0,146.7561,146.6455,2026-05-04 18:58:39.073120
745,a1,110.0,109.6039,2026-05-04 18:58:39.124441
746,a2,145.6341,145.5171,2026-05-04 18:58:39.312798
747,a3,168.561,168.7498,2026-05-04 18:58:39.423163
749,a0,146.7805,146.6523,2026-05-04 19:00:41.458913
750,a1,109.9268,109.62,2026-05-04 19:00:41.518797
751,a2,145.7073,145.5266,2026-05-04 19:00:41.713522
752,a3,168.7073,168.7477,2026-05-04 19:00:42.016780
754,a0,146.9268,146.7887,2026-05-04 19:02:47.387157
755,a1,110.7317,110.4844,2026-05-04 19:02:47.423456
756,a2,146.4146,146.1323,2026-05-04 19:02:47.525150
757,a3,168.9756,168.7567,2026-05-04 19:02:47.713291
759,a0,146.9268,146.7956,2026-05-04 19:04:50.263420
760,a1,110.7073,110.4956,2026-05-04 19:04:50.324312
761,a2,146.6829,146.1598,2026-05-04 19:04:50.419666
762,a3,168.9024,168.764,2026-05-04 19:04:50.610479
764,a0,147.0244,146.9044,2026-05-04 19:06:55.946331
765,a1,107.0488,108.3662,2026-05-04 19:06:56.018779
766,a2,147.7073,147.6928,2026-05-04 19:06:56.125379
767,a3,169.2439,168.8788,2026-05-04 19:06:56.226435
769,a0,146.9756,146.908,2026-05-04 19:08:58.344205
770,a1,106.8781,108.2918,2026-05-04 19:08:58.422203
771,a2,148.0,147.7081,2026-05-04 19:08:58.611785
772,a3,168.9512,168.8824,2026-05-04 19:08:58.815654
774,a0,147.0244,146.9505,2026-05-04 19:11:01.600958
775,a1,105.7805,106.772,2026-05-04 19:11:01.659825
776,a2,149.2195,148.4137,2026-05-04 19:11:01.813552
777,a3,169.9024,169.6595,2026-05-04 19:11:01.932779
779,a0,146.9756,146.9947,2026-05-04 19:13:03.929105
780,a1,106.8049,106.4123,2026-05-04 19:13:04.031059
781,a2,149.439,148.4649,2026-05-04 19:13:04.147359
782,a3,169.8537,169.6692,2026-05-04 19:13:04.247752
784,a0,147.0976,147.0567,2026-05-04 19:15:08.325019
785,a1,107.2439,107.3192,2026-05-04 19:15:08.612174
786,a2,149.8293,149.5151,2026-05-04 19:15:08.812694
787,a3,170.1707,170.098,2026-05-04 19:15:09.029470
789,a0,147.0976,147.0587,2026-05-04 19:17:11.426919
790,a1,107.1707,107.3117,2026-05-04 19:17:11.520897
791,a2,149.7805,149.5284,2026-05-04 19:17:11.710220
792,a3,170.1707,170.1016,2026-05-04 19:17:11.817592
794,a0,147.1219,147.0619,2026-05-04 19:19:13.911582
795,a1,107.2927,107.3108,2026-05-04 19:19:14.012227
796,a2,1.0,0.0,2026-05-04 19:19:14.118950
798,a0,147.1463,147.089,2026-05-04 19:21:16.511238
799,a1,107.7805,107.4697,2026-05-04 19:21:16.614745
800,a2,150.2439,149.7125,2026-05-04 19:21:16.715361
801,a3,170.3415,170.262254,2026-05-04 19:21:16.818082
803,a0,147.0732,147.1089,2026-05-04 19:23:19.397418
804,a1,108.4146,107.9417,2026-05-04 19:23:19.493007
805,a2,170.6098,170.5478,2026-05-04 19:23:19.526027
807,a0,147.0976,147.1382,2026-05-04 19:25:21.973381
808,a1,109.1219,108.6232,2026-05-04 19:25:22.020681
809,a2,151.2683,150.7747,2026-05-04 19:25:22.122924
810,a3,170.653,0.0,2026-05-04 19:25:22.310297
812,a0,147.1463,147.1888,2026-05-04 19:27:25.326278
813,a1,110.2927,110.1067,2026-05-04 19:27:25.420707
814,a2,151.0488,151.0391,2026-05-04 19:27:25.536025
815,a3,171.1219,170.9272,2026-05-04 19:27:25.643422
817,a0,147.1707,147.1879,2026-05-04 19:29:28.292918
818,a1,110.2927,110.116,2026-05-04 19:29:28.354119
819,a2,150.9512,151.0347,2026-05-04 19:29:28.441168
820,a3,171.0,170.9308,2026-05-04 19:29:28.630240
822,a0,147.1463,147.1727,2026-05-04 19:32:34.445329
823,a1,105.6829,105.5798,2026-05-04 19:32:34.524001
824,a2,153.8537,151.4623,2026-05-04 19:32:34.710630
825,a3,171.2683,171.1221,2026-05-04 19:32:34.822475
827,a0,147.0732,147.1677,2026-05-04 19:34:37.423208
828,a1,105.7805,105.5899,2026-05-04 19:34:37.538298
829,a2,155.2927,153.0936,2026-05-04 19:34:37.634507
830,a3,171.1707,171.132,2026-05-04 19:34:37.817143
832,a0,147.0244,147.1313,2026-05-04 19:36:40.230799
833,a1,106.7317,107.3063,2026-05-04 19:36:40.345063
834,a2,149.8537,159.005,2026-05-04 19:36:40.426120
835,a3,171.2927,171.2305,2026-05-04 19:36:40.530039
837,a0,147.1707,147.1699,2026-05-04 19:38:43.394222
838,a1,103.7805,104.7986,2026-05-04 19:38:43.453196
839,a2,145.6829,146.7229,2026-05-04 19:38:43.593114
840,a3,171.561,171.53,2026-05-04 19:38:43.716450
842,a0,147.1219,147.1675,2026-05-04 19:40:46.256399
843,a1,103.9268,104.755,2026-05-04 19:40:46.319494
844,a2,145.7805,146.6758,2026-05-04 19:40:46.511408
845,a3,171.6341,171.5352,2026-05-04 19:40:46.617573
847,a0,147.1219,147.2142,2026-05-04 19:42:51.595086
848,a1,108.9512,107.5656,2026-05-04 19:42:51.630026
849,a2,146.1463,146.0042,2026-05-04 19:42:51.751576
850,a3,172.0,171.7931,2026-05-04 19:42:51.911749
852,a0,147.2683,147.2169,2026-05-04 19:44:54.282290
853,a1,108.9512,107.6349,2026-05-04 19:44:54.329820
854,a2,146.0976,146.0089,2026-05-04 19:44:54.512306
855,a3,171.9756,171.8022,2026-05-04 19:44:54.623551
857,a0,147.2683,147.2195,2026-05-04 19:46:56.807683
858,a1,109.0,107.7031,2026-05-04 19:46:56.909771
859,a2,146.2195,146.0995,2026-05-04 19:46:57.016540
860,a3,172.3415,172.0075,2026-05-04 19:46:57.118261
862,a0,147.2683,147.2741,2026-05-04 19:49:02.464946
863,a1,111.3902,110.9977,2026-05-04 19:49:02.521981
864,a2,146.1463,146.2202,2026-05-04 19:49:02.714081
865,a3,172.2439,172.2638,2026-05-04 19:49:02.819683
867,a0,147.2927,147.275,2026-05-04 19:51:04.818148
868,a1,111.4878,111.0222,2026-05-04 19:51:04.917787
869,a2,146.1463,146.2165,2026-05-04 19:51:05.022915
870,a3,172.2927,172.2652,2026-05-04 19:51:05.211855
872,a0,147.2683,147.2747,2026-05-04 19:53:07.759012
873,a1,111.439,111.0431,2026-05-04 19:53:07.819447
876,a0,147.3171,147.3074,2026-05-04 19:55:10.396574
877,a1,112.0732,111.7706,2026-05-04 19:55:10.419816
878,a2,146.5366,172.8349,2026-05-04 19:55:10.609902
880,a0,147.2927,147.3139,2026-05-04 19:57:12.556376
881,a1,110.9756,111.8583,2026-05-04 19:57:12.622023
882,a2,146.561,146.5088,2026-05-04 19:57:12.817522
883,a3,173.0732,172.8468,2026-05-04 19:57:13.008965
885,a0,147.2439,147.3105,2026-05-04 19:59:15.573681
886,a1,110.7317,111.802,2026-05-04 19:59:15.647330
889,a0,147.2439,147.2825,2026-05-04 20:01:19.293707
890,a1,105.7317,106.009,2026-05-04 20:01:19.356942
891,a2,146.9512,146.8852,2026-05-04 20:01:19.518055
892,a3,176.0488,174.5661,2026-05-04 20:01:19.628087
894,a0,147.3415,147.2855,2026-05-04 20:03:22.023932
895,a1,105.7317,105.9952,2026-05-04 20:03:22.128638
896,a2,146.7805,146.8799,2026-05-04 20:03:22.218314
897,a3,176.3659,174.6561,2026-05-04 20:03:22.318532
899,a0,147.1951,147.2809,2026-05-04 20:05:24.586917
900,a1,105.8293,105.9869,2026-05-04 20:05:24.620184
901,a2,516.0,0.0,2026-05-04 20:05:24.808777
903,a0,147.2927,147.323,2026-05-04 20:07:26.777560
904,a1,108.1951,107.2862,2026-05-04 20:07:26.819697
905,a2,146.682967,0.0,2026-05-04 20:07:27.012748
906,a3,197.6585,196.8094,2026-05-04 20:07:27.113428
908,a0,147.3415,147.3535,2026-05-04 20:09:29.436389
909,a1,109.1463,108.4899,2026-05-04 20:09:29.542600
910,a2,146.7073,146.6782,2026-05-04 20:09:29.711938
911,a3,200.0,196.969,2026-05-04 20:09:29.809721
913,a0,147.439,147.3805,2026-05-04 20:11:33.906200
914,a1,110.3415,109.9342,2026-05-04 20:11:33.995713
915,a2,147.0244,146.9603,2026-05-04 20:11:34.113602
916,a3,192.8537,194.0538,2026-05-04 20:11:34.221387
918,a0,147.3659,147.3798,2026-05-04 20:13:36.211781
919,a1,110.3902,109.957,2026-05-04 20:13:36.311471
920,a2,147.0976,146.9671,2026-05-04 20:13:36.420727
921,a3,192.0732,193.9548,2026-05-04 20:13:36.519493
923,a0,147.439,147.3827,2026-05-04 20:15:39.009642
924,a1,110.3171,109.975,2026-05-04 20:15:39.116275
927,a0,147.3171,147.4046,2026-05-04 20:17:41.918481
928,a1,110.9268,110.6323,2026-05-04 20:17:42.313423
929,a2,147.0174,0.0,2026-05-04 20:17:42.542480
930,a3,183.0488,185.9308,2026-05-04 20:17:42.708123
932,a0,147.4146,147.4173,2026-05-04 20:19:44.967953
933,a1,110.9268,110.8078,2026-05-04 20:19:45.021182
934,a2,147.2683,147.1787,2026-05-04 20:19:45.229022
935,a3,182.9756,185.783,2026-05-04 20:19:45.318634
937,a0,147.4146,147.4304,2026-05-04 20:21:47.827651
938,a1,111.1951,110.9735,2026-05-04 20:21:47.919085
939,a2,147.3415,147.2025,2026-05-04 20:21:48.111422
941,a0,147.4878,147.4382,2026-05-04 20:23:50.652254
942,a1,111.3171,111.2251,2026-05-04 20:23:50.718634
943,a2,147.5122,147.3082,2026-05-04 20:23:50.909835
944,a3,182.8293,182.5479,2026-05-04 20:23:51.015779
946,a0,147.4878,147.4407,2026-05-04 20:25:53.343001
947,a1,111.3902,111.2334,2026-05-04 20:25:53.444033
948,a2,182.9031,0.0,2026-05-04 20:25:53.545435
950,a0,147.5366,147.5112,2026-05-04 20:27:59.335510
951,a1,111.2195,111.3638,2026-05-04 20:27:59.467246
952,a2,147.0976,147.3118,2026-05-04 20:27:59.566380
953,a3,181.5854,182.9958,2026-05-04 20:27:59.710356
955,a0,147.561,147.5137,2026-05-04 20:30:01.954045
956,a1,111.1707,111.3542,2026-05-04 20:30:02.046986
957,a2,147.0732,147.2999,2026-05-04 20:30:02.207009
958,a3,181.561,182.9241,2026-05-04 20:30:02.321539
960,a0,147.4146,147.5088,2026-05-04 20:32:08.017586
961,a1,111.2439,111.2255,2026-05-04 20:32:08.332970
962,a2,147.2927,147.3889,2026-05-04 20:32:08.811360
963,a3,180.7073,180.6243,2026-05-04 20:32:09.339349
965,a0,147.6098,147.5139,2026-05-04 20:34:11.375668
966,a1,111.3415,111.2313,2026-05-04 20:34:11.417203
967,a2,147.3659,147.3877,2026-05-04 20:34:11.624763
968,a3,180.2927,180.6077,2026-05-04 20:34:11.720279
970,a0,147.5122,147.515,2026-05-04 20:37:17.177826
971,a1,111.4146,111.4125,2026-05-04 20:37:17.234425
972,a2,147.6341,147.5701,2026-05-04 20:37:17.408965
973,a3,178.439,179.646,2026-05-04 20:37:17.548913
975,a0,147.439,147.519,2026-05-04 20:39:19.520044
976,a1,111.3415,111.5702,2026-05-04 20:39:19.630017
978,a0,147.4878,147.5284,2026-05-04 20:41:22.122176
979,a1,111.4878,111.5276,2026-05-04 20:41:22.171109
980,a2,148.3171,148.2065,2026-05-04 20:41:22.262146
981,a3,177.561,177.9739,2026-05-04 20:41:22.419787
983,a0,147.5122,147.5626,2026-05-04 20:43:24.476594
984,a1,110.6829,111.067,2026-05-04 20:43:24.543782
986,a3,174.4634,175.6653,2026-05-04 20:43:24.820567
988,a0,147.6341,147.5876,2026-05-04 20:45:28.029451
989,a1,111.8293,111.5849,2026-05-04 20:45:28.115471
990,a2,151.3659,150.4382,2026-05-04 20:45:28.306589
991,a3,173.2439,173.5584,2026-05-04 20:45:28.414114
993,a0,147.5854,147.5875,2026-05-04 20:47:30.623095
994,a1,111.7805,111.5947,2026-05-04 20:47:30.714603
995,a2,151.3415,150.4834,2026-05-04 20:47:30.816959
996,a3,173.3171,173.5463,2026-05-04 20:47:31.010570
998,a0,147.561,147.5861,2026-05-04 20:49:33.005944
999,a1,111.8293,111.6064,2026-05-04 20:49:33.106411
1000,a2,173.1396,0.0,2026-05-04 20:49:33.212986
1002,a0,147.6098,147.5477,2026-05-04 20:51:35.151302
1003,a1,112.0488,111.8936,2026-05-04 20:51:35.217293
1004,a2,151.8049,151.3923,2026-05-04 20:51:35.405100
1005,a3,173.0976,1.8771,2026-05-04 20:51:35.510537
1007,a0,147.6829,147.5883,2026-05-04 20:53:40.606007
1008,a1,112.7073,112.5266,2026-05-04 20:53:40.708611
1009,a2,152.6585,152.5578,2026-05-04 20:53:40.812967
1010,a3,172.0488,172.2677,2026-05-04 20:53:40.912456
1012,a0,147.6829,147.593,2026-05-04 20:55:43.187176
1013,a1,112.7561,112.538,2026-05-04 20:55:43.214302
1014,a2,152.7317,152.5665,2026-05-04 20:55:43.315307
1015,a3,171.9268,172.2506,2026-05-04 20:55:43.507178
1017,a0,147.6585,147.6345,2026-05-04 20:57:49.380435
1018,a1,112.8781,112.7732,2026-05-04 20:57:49.418173
1019,a2,153.1707,153.0146,2026-05-04 20:57:49.605876
1020,a3,171.5854,171.6989,2026-05-04 20:57:49.708003
1022,a0,147.6829,147.6369,2026-05-04 20:59:51.902572
1023,a1,112.7805,112.7736,2026-05-04 20:59:52.018771
1024,a2,153.2683,153.0273,2026-05-04 20:59:52.111780
1025,a3,171.6341,171.6957,2026-05-04 20:59:52.214224
1027,a0,147.561,147.6331,2026-05-04 21:01:54.312364
1028,a1,112.8049,112.7752,2026-05-04 21:01:54.429095
1029,a2,171.5854,171.5143,2026-05-04 21:01:54.552719
1031,a0,147.6341,147.6335,2026-05-04 21:03:56.585373
1032,a1,113.0,112.8479,2026-05-04 21:03:56.653212
1033,a2,153.4146,153.2635,2026-05-04 21:03:56.809873
1035,a0,147.6829,147.6491,2026-05-04 21:05:59.042968
1036,a1,112.8781,112.9217,2026-05-04 21:05:59.145935
1037,a2,153.7073,153.4759,2026-05-04 21:05:59.232313
1040,a0,147.5854,147.6183,2026-05-04 21:08:04.134685
1041,a1,113.2195,113.1974,2026-05-04 21:08:04.235939
1042,a2,153.9268,153.9033,2026-05-04 21:08:04.342489
1043,a3,171.0976,171.1722,2026-05-04 21:08:04.507915
1045,a0,147.6829,147.6216,2026-05-04 21:10:06.554366
1046,a1,113.1707,113.1961,2026-05-04 21:10:06.637606
1047,a2,154.0732,153.9118,2026-05-04 21:10:06.748506
1048,a3,171.0,171.1636,2026-05-04 21:10:06.912528
1050,a0,147.8049,147.7153,2026-05-04 21:12:12.941793
1051,a1,113.5366,113.4195,2026-05-04 21:12:13.011475
1052,a2,154.1463,154.0302,2026-05-04 21:12:13.113228
1053,a3,171.1951,171.1384,2026-05-04 21:12:13.304897
1055,a0,147.7805,147.7186,2026-05-04 21:14:15.258579
1056,a1,113.561,113.4266,2026-05-04 21:14:15.321361
1057,a2,154.0732,154.0324,2026-05-04 21:14:15.504508
1058,a3,171.0732,171.1351,2026-05-04 21:14:15.637320
1060,a0,147.6098,147.6929,2026-05-04 21:16:21.236381
1061,a1,113.6098,113.5981,2026-05-04 21:16:21.314880
1062,a2,154.1219,154.0961,2026-05-04 21:16:21.502619
1063,a3,171.0732,171.0486,2026-05-04 21:16:21.617770
1065,a0,147.6585,147.6912,2026-05-04 21:18:23.776828
1066,a1,113.5122,113.5938,2026-05-04 21:18:23.811751
1067,a2,154.0244,154.0925,2026-05-04 21:18:23.914650
1068,a3,171.0,171.0461,2026-05-04 21:18:24.105100
1070,a0,147.6098,147.6991,2026-05-04 21:20:29.800597
1071,a1,113.6585,113.7645,2026-05-04 21:20:29.902631
1072,a2,154.3171,154.2346,2026-05-04 21:20:30.013174
1073,a3,171.0,170.9926,2026-05-04 21:20:30.115084
1075,a0,147.6341,147.6959,2026-05-04 21:22:32.442908
1076,a1,113.8781,113.7701,2026-05-04 21:22:32.510969
1077,a2,154.2195,154.2338,2026-05-04 21:22:32.614439
1078,a3,170.8781,170.9868,2026-05-04 21:22:32.803546
1080,a0,147.6341,147.6796,2026-05-04 21:24:38.265835
1081,a1,114.2439,114.0746,2026-05-04 21:24:38.311990
1082,a2,154.6585,154.4588,2026-05-04 21:24:38.504279
1083,a3,170.8781,170.8961,2026-05-04 21:24:38.606561
1085,a0,147.6585,147.6786,2026-05-04 21:26:41.169072
1086,a1,114.1219,114.077,2026-05-04 21:26:41.212691
1087,a2,154.5122,154.4615,2026-05-04 21:26:41.314025
1088,a3,170.8781,170.8952,2026-05-04 21:26:41.505718
1090,a0,147.6585,147.6776,2026-05-04 21:28:43.840504
1091,a1,114.0732,114.0768,2026-05-04 21:28:43.912427
1092,a2,153.0,0.0,2026-05-04 21:28:44.011226
1094,a0,147.7561,147.7072,2026-05-04 21:30:46.293199
1095,a1,114.2927,114.2213,2026-05-04 21:30:46.397877
1096,a2,154.48781,0.0,2026-05-04 21:30:46.505171
1097,a3,170.9268,170.8455,2026-05-04 21:30:46.609792
1099,a0,147.6585,147.6704,2026-05-04 21:32:48.975401
1100,a1,114.3902,114.3269,2026-05-04 21:32:49.124786
1101,a2,154.6098,154.5531,2026-05-04 21:32:49.224643
1102,a3,170.7317,170.8398,2026-05-04 21:32:49.325645
1104,a0,147.7073,147.6951,2026-05-04 21:34:51.796314
1105,a1,114.3415,114.4035,2026-05-04 21:34:51.889470
1106,a2,154.6341,154.5849,2026-05-04 21:34:52.002603
1107,a3,170.9268,170.87,2026-05-04 21:34:52.109712
1109,a0,147.7561,147.7047,2026-05-04 21:36:54.348786
1110,a1,114.4146,114.462,2026-05-04 21:36:54.453405
1111,a2,154.5854,154.6316,2026-05-04 21:36:54.603421
1112,a3,170.8049,170.8512,2026-05-04 21:36:54.728368
1114,a0,147.7317,147.706,2026-05-04 21:38:56.700941
1115,a1,114.3415,114.456,2026-05-04 21:38:56.806903
1118,a0,147.8537,147.8081,2026-05-04 21:41:03.483920
1119,a1,114.8049,114.7968,2026-05-04 21:41:03.511971
1120,a2,153.2195,153.3876,2026-05-04 21:41:03.616957
1121,a3,170.9268,170.9753,2026-05-04 21:41:03.804300
1123,a0,147.7073,147.803,2026-05-04 21:43:05.936041
1124,a1,114.7073,114.7923,2026-05-04 21:43:06.015125
1125,a2,153.1219,153.3743,2026-05-04 21:43:06.203017
1126,a3,170.9268,170.9729,2026-05-04 21:43:06.308437
1128,a0,147.7317,147.7678,2026-05-04 21:45:12.067493
1129,a1,114.7317,114.7985,2026-05-04 21:45:12.114035
1130,a2,152.5122,152.8374,2026-05-04 21:45:12.214413
1131,a3,171.0976,170.9958,2026-05-04 21:45:12.410815
1133,a0,147.6829,147.7635,2026-05-04 21:47:14.699144
1134,a1,114.7805,114.7976,2026-05-04 21:47:14.802984
1135,a2,152.4634,152.8187,2026-05-04 21:47:14.913926
1136,a3,170.9512,170.9936,2026-05-04 21:47:15.104148
1138,a0,147.7073,147.7813,2026-05-04 21:50:24.332461
1139,a1,115.1219,114.9986,2026-05-04 21:50:24.449496
1140,a2,152.0244,152.3768,2026-05-04 21:50:24.545597
1141,a3,171.0976,170.995,2026-05-04 21:50:24.704358
1143,a0,147.7561,147.78,2026-05-04 21:52:26.690315
1144,a1,115.0976,115.0035,2026-05-04 21:52:26.713297
1145,a2,152.1707,152.3665,2026-05-04 21:52:26.903120
1146,a3,170.9268,170.9916,2026-05-04 21:52:27.009174
1148,a0,147.8537,147.7837,2026-05-04 21:54:29.170532
1149,a1,115.1463,115.0107,2026-05-04 21:54:29.213936
1152,a0,147.9268,147.8887,2026-05-04 21:56:31.324596
1153,a1,114.9512,115.1019,2026-05-04 21:56:31.505712
1154,a2,152.0244,152.128,2026-05-04 21:56:31.632778
1157,a0,147.8049,147.8065,2026-05-04 21:58:36.350788
1158,a1,115.3171,115.2544,2026-05-04 21:58:36.428063
1159,a2,151.0,151.2936,2026-05-04 21:58:36.606888
1160,a3,171.0488,171.0602,2026-05-04 21:58:36.710090
1162,a0,147.8781,147.8101,2026-05-04 22:00:39.229199
1163,a1,115.2927,115.2563,2026-05-04 22:00:39.315810
1164,a2,151.0976,151.2838,2026-05-04 22:00:39.511902
1165,a3,171.0976,171.0621,2026-05-04 22:00:39.614689
1167,a0,147.7805,147.8121,2026-05-04 22:03:44.787348
1168,a1,115.1951,115.2551,2026-05-04 22:03:44.814674
1169,a2,150.7073,150.9148,2026-05-04 22:03:44.915059
1170,a3,171.0244,171.0864,2026-05-04 22:03:45.108567
1172,a0,147.8537,147.8182,2026-05-04 22:05:47.623614
1173,a1,115.3415,115.2877,2026-05-04 22:05:47.715419
1174,a2,150.6098,150.7769,2026-05-04 22:05:47.904592
1175,a3,171.1707,171.0981,2026-05-04 22:05:48.011884
1177,a0,147.8781,147.8482,2026-05-04 22:07:50.393032
1178,a1,114.7805,115.0999,2026-05-04 22:07:50.413708
1179,a2,150.4634,150.7612,2026-05-04 22:07:50.520705
1180,a3,171.0488,171.0956,2026-05-04 22:07:50.704327
1182,a0,147.5854,147.6812,2026-05-04 22:09:54.697986
1183,a1,115.1463,115.0382,2026-05-04 22:09:54.784546
1184,a2,150.1951,150.298,2026-05-04 22:09:54.905299
1185,a3,171.0732,171.1136,2026-05-04 22:09:55.012334
1187,a0,147.6829,147.6812,2026-05-04 22:11:57.570574
1188,a1,115.0,115.0363,2026-05-04 22:11:57.703974
1189,a2,150.1707,150.2917,2026-05-04 22:11:57.809066
1190,a3,171.1219,171.114,2026-05-04 22:11:57.911693
1192,a0,147.6341,147.6789,2026-05-04 22:14:00.262250
1193,a1,115.2195,115.0455,2026-05-04 22:14:00.317878
1194,a2,150.312,0.0,2026-05-04 22:14:00.417832
1196,a0,147.8293,147.7618,2026-05-04 22:16:02.498395
1197,a1,115.1707,115.119,2026-05-04 22:16:02.591455
1198,a2,150.1951,150.1933,2026-05-04 22:16:02.707242
1201,a0,147.9268,147.9309,2026-05-04 22:18:07.600957
1202,a1,111.5854,113.7943,2026-05-04 22:18:07.703646
1203,a2,150.2927,150.3986,2026-05-04 22:18:07.805117
1204,a3,171.1463,171.1348,2026-05-04 22:18:07.911989
1206,a0,147.9024,147.9295,2026-05-04 22:20:10.121250
1207,a1,111.5366,113.6814,2026-05-04 22:20:10.192013
1208,a2,150.4634,150.4019,2026-05-04 22:20:10.309564
1209,a3,171.2195,171.139,2026-05-04 22:20:10.416609
1211,a0,147.8781,147.9269,2026-05-04 22:22:12.389313
1212,a1,111.3902,113.5668,2026-05-04 22:22:12.474314
1213,a2,19.0,0.0,2026-05-04 22:22:12.618597
1214,a3,171.3902,171.2016,2026-05-04 22:22:12.711904
1216,a0,147.9512,148.0136,2026-05-04 22:24:17.615103
1217,a1,105.9268,106.536,2026-05-04 22:24:17.697726
1218,a2,150.6098,150.5266,2026-05-04 22:24:17.816076
1219,a3,171.2927,171.2557,2026-05-04 22:24:17.921294
1221,a0,148.0,148.0129,2026-05-04 22:26:20.208171
1222,a1,105.9512,106.5068,2026-05-04 22:26:20.316866
1223,a2,150.6585,150.5332,2026-05-04 22:26:20.426769
1224,a3,171.2195,171.2539,2026-05-04 22:26:20.547155
1226,a0,147.8537,147.8877,2026-05-04 22:28:25.872236
1227,a1,106.8293,106.7403,2026-05-04 22:28:25.914909
1228,a2,150.7317,150.6217,2026-05-04 22:28:26.019550
1229,a3,171.0732,171.1676,2026-05-04 22:28:26.206270
1231,a0,147.8049,147.8835,2026-05-04 22:30:28.394912
1232,a1,106.9268,106.7496,2026-05-04 22:30:28.489970
1233,a2,150.5854,150.6199,2026-05-04 22:30:28.605302
1234,a3,171.1219,171.1653,2026-05-04 22:30:28.715152
1236,a0,147.7317,147.7591,2026-05-04 22:32:34.486638
1237,a1,108.2195,107.7671,2026-05-04 22:32:34.515073
1238,a2,150.4146,150.453,2026-05-04 22:32:34.709088
1239,a3,171.1707,171.1271,2026-05-04 22:32:34.811533
1241,a0,147.7317,147.7577,2026-05-04 22:34:36.713071
1242,a1,108.2683,107.7921,2026-05-04 22:34:36.813483
1243,a2,150.5122,150.4559,2026-05-04 22:34:36.915198
1244,a3,171.1951,171.1305,2026-05-04 22:34:37.015472
1246,a0,147.5854,147.7128,2026-05-04 22:36:43.760644
1247,a1,109.1951,108.3515,2026-05-04 22:36:43.816050
1248,a2,150.4634,150.4993,2026-05-04 22:36:43.917967
1249,a3,171.0488,171.1474,2026-05-04 22:36:44.106160
1251,a0,147.6341,147.7089,2026-05-04 22:38:46.072459
1252,a1,109.1463,108.3912,2026-05-04 22:38:46.118791
1253,a2,150.5122,150.5,2026-05-04 22:38:46.304233
1254,a3,171.1951,171.1497,2026-05-04 22:38:46.418211
1256,a0,147.439,147.5794,2026-05-04 22:40:52.094359
1257,a1,110.9512,110.3632,2026-05-04 22:40:52.188079
1258,a2,150.6585,150.6489,2026-05-04 22:40:52.222347
1259,a3,170.0244,170.5171,2026-05-04 22:40:52.405112
1261,a0,147.4146,147.5712,2026-05-04 22:42:54.587944
1262,a1,110.9268,110.3913,2026-05-04 22:42:54.626173
1263,a2,150.6829,150.6506,2026-05-04 22:42:54.807245
1264,a3,170.0488,170.4937,2026-05-04 22:42:54.910600
1266,a0,147.5366,147.5695,2026-05-04 22:44:56.862113
1267,a1,110.8049,110.412,2026-05-04 22:44:56.914671
1269,a0,147.3415,147.3692,2026-05-04 22:47:02.330468
1270,a1,112.3171,112.1141,2026-05-04 22:47:02.432212
1271,a2,151.3659,151.1606,2026-05-04 22:47:02.533288
1272,a3,169.0488,169.3556,2026-05-04 22:47:02.707753
1274,a0,147.2927,147.3654,2026-05-04 22:49:05.268957
1275,a1,112.3171,112.1242,2026-05-04 22:49:05.363996
1276,a2,151.1707,151.1611,2026-05-04 22:49:05.521092
1277,a3,169.1219,169.3439,2026-05-04 22:49:05.627492
1279,a0,147.3171,147.3629,2026-05-04 22:51:07.957516
1280,a1,112.439,112.14,2026-05-04 22:51:08.033058
1282,a0,147.4634,147.4262,2026-05-04 22:53:12.850926
1283,a1,112.5366,112.589,2026-05-04 22:53:12.926954
1284,a2,151.5366,151.5328,2026-05-04 22:53:13.055522
1285,a3,167.9512,168.2268,2026-05-04 22:53:13.144329
1287,a0,147.3415,147.422,2026-05-04 22:55:19.114405
1288,a1,112.3171,112.5754,2026-05-04 22:55:19.240624
1289,a2,151.7073,151.5416,2026-05-04 22:55:19.321400
1290,a3,167.8049,168.2057,2026-05-04 22:55:19.417106
1292,a0,147.4146,147.4216,2026-05-04 22:57:21.427803
1293,a1,112.4146,112.5674,2026-05-04 22:57:21.538780
1295,a0,147.3659,147.4188,2026-05-04 22:59:23.951136
1296,a1,112.2927,112.4148,2026-05-04 22:59:24.021219
1297,a2,151.7561,151.638,2026-05-04 22:59:24.142969
1298,a3,167.2439,167.633,2026-05-04 22:59:24.312242
1300,a0,147.3902,147.4138,2026-05-04 23:01:26.845718
1301,a1,111.8781,112.154,2026-05-04 23:01:26.949409
1302,a2,151.7317,151.8606,2026-05-04 23:01:27.063203
1303,a3,167.561,167.3632,2026-05-04 23:01:27.212250
1305,a0,147.2683,147.3314,2026-05-04 23:03:32.054390
1306,a1,111.5122,111.7274,2026-05-04 23:03:32.130549
1307,a2,151.5366,151.799,2026-05-04 23:03:32.240828
1308,a3,167.7561,167.7347,2026-05-04 23:03:32.336774
1310,a0,147.2195,147.3258,2026-05-04 23:05:34.767273
1311,a1,111.5122,111.7166,2026-05-04 23:05:34.842597
1312,a2,151.561,151.7871,2026-05-04 23:05:34.948647
1313,a3,167.8049,167.7382,2026-05-04 23:05:35.116699
1315,a0,147.2439,147.3217,2026-05-04 23:07:37.720191
1316,a1,111.4146,111.7015,2026-05-04 23:07:37.826473
1317,a2,186.0,0.0,2026-05-04 23:07:37.936217
1319,a0,147.3171,147.2848,2026-05-04 23:09:39.946165
1320,a1,112.0976,111.7621,2026-05-04 23:09:40.018884
1321,a2,151.7073,151.7197,2026-05-04 23:09:40.209740
1322,a3,167.9756,167.88,2026-05-04 23:09:40.316470
1324,a0,147.3415,147.2532,2026-05-04 23:11:42.314617
1325,a1,112.2927,112.0944,2026-05-04 23:11:42.417225
1326,a2,158.1707,168.0749,2026-05-04 23:11:42.521368
1328,a0,147.3415,147.3007,2026-05-04 23:13:44.773221
1329,a1,112.5854,112.4088,2026-05-04 23:13:44.815804
1330,a2,152.2195,151.8578,2026-05-04 23:13:44.915080
1331,a3,68.128,0.0,2026-05-04 23:13:45.113428
1333,a0,147.3171,147.4189,2026-05-04 23:15:48.604326
1334,a1,113.1951,113.0478,2026-05-04 23:15:48.717040
1335,a2,152.1463,152.1089,2026-05-04 23:15:49.009259
1336,a3,168.1219,168.1264,2026-05-04 23:15:49.207260
1338,a0,147.3415,147.4151,2026-05-04 23:17:51.261478
1339,a1,113.2683,113.0588,2026-05-04 23:17:51.316410
1340,a2,152.0244,152.1047,2026-05-04 23:17:51.506358
1341,a3,168.0244,168.1213,2026-05-04 23:17:51.612079
1343,a0,147.2683,147.3551,2026-05-04 23:19:57.429281
1344,a1,113.561,113.3554,2026-05-04 23:19:57.522246
1345,a2,151.9756,152.1079,2026-05-04 23:19:57.706589
1346,a3,167.8781,167.9442,2026-05-04 23:19:57.813811
1348,a0,147.2927,147.352,2026-05-04 23:21:59.796091
1349,a1,113.439,113.3596,2026-05-04 23:21:59.888878
1350,a2,151.9024,152.0976,2026-05-04 23:21:59.917648
1351,a3,167.8049,167.9372,2026-05-04 23:22:00.106721
1353,a0,147.4634,147.4186,2026-05-04 23:24:06.127133
1354,a1,105.2439,106.8759,2026-05-04 23:24:06.217757
1355,a2,153.5366,152.8734,2026-05-04 23:24:06.316310
1356,a3,167.6098,167.7806,2026-05-04 23:24:06.419057
1358,a0,147.5122,147.4233,2026-05-04 23:26:09.307973
1359,a1,105.4146,106.8028,2026-05-04 23:26:09.711624
1360,a2,153.7317,152.9163,2026-05-04 23:26:09.913277
1361,a3,167.6585,167.7745,2026-05-04 23:26:10.014685
1363,a0,147.3902,147.4216,2026-05-04 23:28:12.476478
1364,a1,105.4878,106.7371,2026-05-04 23:28:12.607887
1365,a2,2.0,0.0,2026-05-04 23:28:12.712226
1367,a0,147.5122,147.4431,2026-05-04 23:30:16.576980
1368,a1,110.5122,109.5328,2026-05-04 23:30:16.616190
1369,a2,155.0,154.6176,2026-05-04 23:30:16.814438
1370,a3,167.6829,167.7594,2026-05-04 23:30:16.918491
1372,a0,147.3902,147.4405,2026-05-04 23:32:19.218591
1373,a1,110.2195,109.5672,2026-05-04 23:32:19.321663
1374,a2,154.7073,154.6221,2026-05-04 23:32:19.420512
1375,a3,167.7317,167.7581,2026-05-04 23:32:19.608620
1377,a0,147.2195,147.3498,2026-05-04 23:34:24.756478
1378,a1,111.2683,111.03,2026-05-04 23:34:24.820324
1379,a2,154.4146,154.6215,2026-05-04 23:34:24.918115
1380,a3,167.4634,167.5938,2026-05-04 23:34:25.109821
1382,a0,147.2195,147.3433,2026-05-04 23:36:27.388865
1383,a1,111.2683,111.0419,2026-05-04 23:36:27.429620
1384,a2,154.3659,154.6087,2026-05-04 23:36:27.550252
1385,a3,167.5854,167.5933,2026-05-04 23:36:27.713469
1387,a0,147.0976,147.2047,2026-05-04 23:38:33.486507
1388,a1,112.0488,111.824,2026-05-04 23:38:33.519079
1389,a2,154.7073,154.6261,2026-05-04 23:38:33.708940
1390,a3,167.4634,167.546,2026-05-04 23:38:33.812922
1392,a0,147.1463,147.2018,2026-05-04 23:40:36.156894
1393,a1,112.0,111.8327,2026-05-04 23:40:36.216545
1394,a2,154.5854,154.6241,2026-05-04 23:40:36.316347
1395,a3,167.6341,167.5504,2026-05-04 23:40:36.509213
1397,a0,147.0244,147.0466,2026-05-04 23:42:42.227735
1398,a1,112.6341,112.5122,2026-05-04 23:42:42.408479
1399,a2,154.7073,154.6442,2026-05-04 23:42:42.514698
1400,a3,167.6341,167.5728,2026-05-04 23:42:42.614577
1402,a0,147.0,147.0443,2026-05-04 23:44:45.148006
1403,a1,112.7561,112.5244,2026-05-04 23:44:45.320249
1404,a2,154.7317,154.6485,2026-05-04 23:44:45.416034
1405,a3,167.5854,167.5735,2026-05-04 23:44:45.518075
1407,a0,146.8537,146.8552,2026-05-04 23:46:50.259282
1408,a1,112.8293,112.7415,2026-05-04 23:46:50.319222
1409,a2,154.8293,154.7152,2026-05-04 23:46:50.421811
1410,a3,167.5366,167.58,2026-05-04 23:46:50.610389
1412,a0,146.7317,146.849,2026-05-04 23:48:52.917973
1413,a1,112.8537,112.7471,2026-05-04 23:48:53.019740
1414,a2,154.7805,154.7185,2026-05-04 23:48:53.118605
1415,a3,167.5854,167.5803,2026-05-04 23:48:53.316715
1417,a0,146.7317,146.8431,2026-05-04 23:50:55.507413
1418,a1,112.7805,112.7488,2026-05-04 23:50:55.614448
1419,a2,167.5427,0.0,2026-05-04 23:50:55.725320
1421,a0,146.7073,146.7154,2026-05-04 23:53:01.287971
1422,a1,109.5854,110.1637,2026-05-04 23:53:01.321242
1423,a2,154.7561,154.843,2026-05-04 23:53:01.426473
1424,a3,167.561,167.537,2026-05-04 23:53:01.614822
1426,a0,146.6585,146.7126,2026-05-04 23:55:03.615650
1427,a1,109.4634,110.1287,2026-05-04 23:55:03.722938
1428,a2,154.9512,154.8484,2026-05-04 23:55:03.825546
1429,a3,167.561,167.5382,2026-05-04 23:55:03.923206
1431,a0,146.7317,146.7135,2026-05-04 23:57:06.586127
1432,a1,109.6098,110.1027,2026-05-04 23:57:06.618949
1433,a2,17.0,0.0,2026-05-04 23:57:06.718026
1435,a0,146.7317,146.7641,2026-05-04 23:59:11.570272
1436,a1,110.439,110.2168,2026-05-04 23:59:11.620068
1437,a2,155.0244,154.9746,2026-05-04 23:59:11.814221
1438,a3,167.4634,167.5136,2026-05-04 23:59:11.924003
1440,a0,146.8293,146.7673,2026-05-05 00:01:14.244113
1441,a1,110.439,110.2279,2026-05-05 00:01:14.332063
1442,a2,155.0732,154.9795,2026-05-05 00:01:14.428711
1443,a3,167.561,167.516,2026-05-05 00:01:14.536199
1445,a0,146.9024,146.7741,2026-05-05 00:03:17.144774
1446,a1,110.4634,110.2397,2026-05-05 00:03:17.218916
1449,a0,146.9024,146.8595,2026-05-05 00:05:22.232199
1450,a1,110.2927,109.9719,2026-05-05 00:05:22.325781
1451,a2,155.0,155.0728,2026-05-05 00:05:22.429453
1452,a3,167.3415,167.5226,2026-05-05 00:05:22.622884
1454,a0,147.0244,146.8677,2026-05-05 00:07:24.926300
1455,a1,110.2439,109.9855,2026-05-05 00:07:25.059013
1456,a2,155.0488,155.0716,2026-05-05 00:07:25.166640
1457,a3,167.6341,167.5282,2026-05-05 00:07:25.312051
1459,a0,146.9512,146.9081,2026-05-05 00:09:31.402709
1460,a1,110.9024,110.7698,2026-05-05 00:09:31.498941
1461,a2,155.2195,155.1361,2026-05-05 00:09:31.609050
1462,a3,167.5854,167.5408,2026-05-05 00:09:31.725991
1464,a0,146.9024,146.9079,2026-05-05 00:11:33.752431
1465,a1,110.8781,110.7752,2026-05-05 00:11:33.841135
1466,a2,155.2439,155.1414,2026-05-05 00:11:33.936435
1467,a3,167.561,167.5418,2026-05-05 00:11:34.112957
1469,a0,146.8537,146.8264,2026-05-05 00:13:39.729447
1470,a1,111.2683,111.183,2026-05-05 00:13:39.810818
1471,a2,155.1951,155.2963,2026-05-05 00:13:39.912896
1472,a3,167.4634,167.5218,2026-05-05 00:13:40.017466
1474,a0,146.7317,146.8216,2026-05-05 00:15:42.305472
1475,a1,111.3659,111.1921,2026-05-05 00:15:42.421455
1476,a2,155.2683,155.2949,2026-05-05 00:15:42.542884
1477,a3,167.4634,167.5189,2026-05-05 00:15:42.638446
1479,a0,146.8049,146.8208,2026-05-05 00:17:44.954326
1480,a1,111.2683,111.1959,2026-05-05 00:17:45.053364
1481,a2,146.0,0.0,2026-05-05 00:17:45.220626
1483,a0,146.8049,146.7693,2026-05-05 00:19:47.214894
1484,a1,111.4634,111.3863,2026-05-05 00:19:47.339649
1485,a2,155.2195,155.3342,2026-05-05 00:19:47.429290
1486,a3,167.5366,167.5785,2026-05-05 00:19:47.614096
1488,a0,146.7073,146.7469,2026-05-05 00:22:55.273428
1489,a1,111.7073,111.6507,2026-05-05 00:22:55.322670
1490,a2,155.3659,155.5338,2026-05-05 00:22:55.509861
1491,a3,167.4878,167.5215,2026-05-05 00:22:55.624652
1493,a0,146.7561,146.7474,2026-05-05 00:24:57.587963
1494,a1,111.6585,111.6511,2026-05-05 00:24:57.623061
1495,a2,155.4878,155.5315,2026-05-05 00:24:57.812009
1496,a3,167.561,167.5235,2026-05-05 00:24:57.918195
1498,a0,146.7317,146.7466,2026-05-05 00:27:00.392410
1499,a1,111.7073,111.6539,2026-05-05 00:27:00.419693
1500,a2,152.0,0.0,2026-05-05 00:27:00.520894
1502,a0,146.8781,146.8606,2026-05-05 00:29:05.927095
1503,a1,112.2927,112.058,2026-05-05 00:29:06.019267
1504,a2,155.5122,155.5638,2026-05-05 00:29:06.118964
1505,a3,167.5366,167.5117,2026-05-05 00:29:06.311003
1507,a0,146.9024,146.8627,2026-05-05 00:31:08.275176
1508,a1,112.1951,112.0648,2026-05-05 00:31:08.318310
1509,a2,155.3659,155.5539,2026-05-05 00:31:08.420025
1510,a3,167.5854,167.5154,2026-05-05 00:31:08.608794
1512,a0,146.8049,146.875,2026-05-05 00:33:11.825992
1513,a1,112.3171,112.1522,2026-05-05 00:33:11.925459
1514,a2,155.439,155.6195,2026-05-05 00:33:12.044537
1515,a3,167.3659,167.3611,2026-05-05 00:33:12.213339
1517,a0,146.8049,146.8598,2026-05-05 00:35:14.152723
1518,a1,112.3415,112.1987,2026-05-05 00:35:14.219083
1519,a2,155.439,155.6241,2026-05-05 00:35:14.322057
1520,a3,167.4146,167.3638,2026-05-05 00:35:14.513286
1522,a0,146.8293,146.8583,2026-05-05 00:37:16.519638
1523,a1,112.2439,112.201,2026-05-05 00:37:16.610531
1526,a0,146.9024,146.8797,2026-05-05 00:39:19.008564
1527,a1,112.2927,112.2995,2026-05-05 00:39:19.112627
1528,a2,155.4878,155.664,2026-05-05 00:39:19.213679
1529,a3,167.3655,167.2726,2026-05-05 00:39:19.315089
1531,a0,146.9756,146.9583,2026-05-05 00:41:22.748696
1532,a1,111.7805,112.0794,2026-05-05 00:41:22.818084
1533,a2,155.8781,155.8051,2026-05-05 00:41:22.918262
1534,a3,167.2683,167.3365,2026-05-05 00:41:23.113955
1536,a0,147.0,146.9603,2026-05-05 00:43:25.062438
1537,a1,111.7317,112.062,2026-05-05 00:43:25.121785
1538,a2,155.8537,155.8076,2026-05-05 00:43:25.222574
1539,a3,167.2683,167.3331,2026-05-05 00:43:25.411541
1541,a0,147.0976,147.0597,2026-05-05 00:45:31.522395
1542,a1,112.1463,111.9452,2026-05-05 00:45:31.628486
1543,a2,155.8537,155.8955,2026-05-05 00:45:31.810988
1544,a3,167.2683,167.3786,2026-05-05 00:45:31.913593
1546,a0,146.9756,147.0555,2026-05-05 00:47:34.223684
1547,a1,111.9024,111.943,2026-05-05 00:47:34.314080
1548,a2,155.8293,155.8922,2026-05-05 00:47:34.424706
1549,a3,167.4634,167.3828,2026-05-05 00:47:34.527999
1551,a0,147.0244,147.0539,2026-05-05 00:49:36.918883
1552,a1,111.9268,111.9422,2026-05-05 00:49:37.029685
1553,a2,18.0,0.0,2026-05-05 00:49:37.138480
1554,a0,147.2439,147.2075,2026-05-05 00:51:42.212087
1555,a1,106.7805,109.1081,2026-05-05 00:51:42.344714
1556,a2,155.9024,155.9251,2026-05-05 00:51:42.545128
1557,a3,167.4146,167.3881,2026-05-05 00:51:42.699723
1559,a0,147.1463,147.2044,2026-05-05 00:53:44.705810
1560,a1,106.5122,108.9783,2026-05-05 00:53:44.762265
1561,a2,155.9756,155.9276,2026-05-05 00:53:44.916824
1562,a3,167.3415,167.3858,2026-05-05 00:53:45.030548
1564,a0,147.3171,147.248,2026-05-05 00:55:47.054491
1565,a1,105.1219,105.983,2026-05-05 00:55:47.144256
1566,a2,155.9512,155.94,2026-05-05 00:55:47.243308
1567,a3,167.5122,167.4163,2026-05-05 00:55:47.346082
1568,a6,2.0,0.0,2026-05-05 00:55:47.512582
1569,a0,147.2439,147.2309,2026-05-05 00:57:49.543863
1570,a1,105.0732,104.732,2026-05-05 00:57:49.641363
1571,a2,156.0,155.9753,2026-05-05 00:57:49.753124
1572,a3,167.5366,167.4322,2026-05-05 00:57:49.917890
1574,a0,147.2927,147.1601,2026-05-05 00:59:54.865046
1575,a1,109.0488,107.9997,2026-05-05 00:59:54.940494
1576,a2,156.3171,156.0615,2026-05-05 00:59:55.093000
1577,a3,167.561,167.4518,2026-05-05 00:59:55.216761
1579,a0,147.3171,147.168,2026-05-05 01:01:57.602690
1580,a1,109.2927,108.0644,2026-05-05 01:01:57.628104
1581,a2,156.0244,156.0597,2026-05-05 01:01:57.811770
1582,a3,167.439,167.4512,2026-05-05 01:01:57.912195
1584,a0,147.2439,147.1718,2026-05-05 01:04:00.449017
1585,a1,109.3415,108.1282,2026-05-05 01:04:00.533755
1586,a2,156.2499,0.0,2026-05-05 01:04:00.641208
1587,a0,147.3659,147.3154,2026-05-05 01:07:05.795944
1588,a1,110.4146,110.1492,2026-05-05 01:07:05.817470
1589,a2,156.1951,156.1217,2026-05-05 01:07:05.918585
1590,a3,167.5854,167.502,2026-05-05 01:07:06.017491
1592,a0,147.2927,147.3143,2026-05-05 01:09:10.591029
1593,a1,110.4146,110.3928,2026-05-05 01:09:10.623388
1594,a2,156.1707,156.0927,2026-05-05 01:09:10.719661
1595,a3,167.3902,167.4472,2026-05-05 01:09:10.909788
1597,a0,147.2927,147.3132,2026-05-05 01:11:13.232350
1598,a1,110.4878,110.3976,2026-05-05 01:11:13.320068
1599,a2,156.0488,156.0905,2026-05-05 01:11:13.508620
1600,a3,167.3415,167.442,2026-05-05 01:11:13.614973
1602,a0,147.4146,147.3183,2026-05-05 01:13:15.884181
1603,a1,110.5122,110.4033,2026-05-05 01:13:15.919939
1606,a0,147.3171,147.4347,2026-05-05 01:15:21.585334
1607,a1,111.0976,110.8562,2026-05-05 01:15:21.624686
1608,a2,156.0,156.1144,2026-05-05 01:15:21.731413
1609,a3,167.3415,167.3769,2026-05-05 01:15:21.913290
1611,a0,147.4634,147.4361,2026-05-05 01:17:24.221735
1612,a1,111.0,110.8634,2026-05-05 01:17:24.318332
1613,a2,156.1463,156.116,2026-05-05 01:17:24.434527
1614,a3,167.3171,167.3739,2026-05-05 01:17:24.616543
1616,a0,147.5366,147.4412,2026-05-05 01:19:27.021685
1617,a1,110.9756,110.869,2026-05-05 01:19:27.125157
1618,a2,156.17,0.0,2026-05-05 01:19:27.243768
1620,a0,147.5854,147.5948,2026-05-05 01:21:32.234288
1621,a1,111.6341,111.5172,2026-05-05 01:21:32.319029
1622,a2,155.9756,156.1503,2026-05-05 01:21:32.509156
1623,a3,167.4878,167.4384,2026-05-05 01:21:32.616288
1625,a0,147.6341,147.5968,2026-05-05 01:23:34.922364
1626,a1,111.5366,111.5182,2026-05-05 01:23:35.021317
1627,a2,156.0976,156.1476,2026-05-05 01:23:35.212790
1628,a3,167.3902,167.4359,2026-05-05 01:23:35.323353
1630,a0,147.5854,147.5962,2026-05-05 01:25:37.366420
1631,a1,111.6341,111.524,2026-05-05 01:25:37.421988
1632,a2,1.4045,0.0,2026-05-05 01:25:37.612003
1634,a0,147.5854,147.5517,2026-05-05 01:27:39.836987
1635,a1,111.7805,111.5651,2026-05-05 01:27:39.937318
1636,a2,156.439,156.2169,2026-05-05 01:27:40.026944
1637,a3,167.439,167.423,2026-05-05 01:27:40.210721
1638,a0,147.5122,147.3894,2026-05-05 01:29:44.240981
1639,a1,111.8781,111.7783,2026-05-05 01:29:44.318739
1640,a2,156.4146,156.2611,2026-05-05 01:29:44.420668
1641,a3,167.5366,167.4666,2026-05-05 01:29:44.613318
1643,a0,147.5854,147.3992,2026-05-05 01:31:46.601983
1644,a1,111.8781,111.7833,2026-05-05 01:31:46.693908
1645,a2,156.3415,156.2651,2026-05-05 01:31:46.810988
1646,a3,167.3659,167.4615,2026-05-05 01:31:46.915071
1648,a0,147.6341,147.5588,2026-05-05 01:33:52.864808
1649,a1,111.9024,111.8907,2026-05-05 01:33:52.921326
1650,a2,156.1951,156.3767,2026-05-05 01:33:53.020377
1651,a3,167.561,167.5385,2026-05-05 01:33:53.213087
1653,a0,147.5854,147.5602,2026-05-05 01:35:55.128750
1654,a1,111.7561,111.884,2026-05-05 01:35:55.226045
1655,a2,156.5122,156.3834,2026-05-05 01:35:55.326368
1656,a3,167.4634,167.5347,2026-05-05 01:35:55.518018
1658,a0,147.5854,147.5614,2026-05-05 01:37:57.854094
1659,a1,111.7317,111.8764,2026-05-05 01:37:57.919978
1662,a0,147.5854,147.5741,2026-05-05 01:40:03.823958
1663,a1,111.6829,111.7579,2026-05-05 01:40:03.919943
1664,a2,156.3171,156.3804,2026-05-05 01:40:04.112123
1665,a3,167.3415,167.4607,2026-05-05 01:40:04.215151
1667,a0,147.5854,147.5747,2026-05-05 01:42:06.230506
1668,a1,111.7317,111.7566,2026-05-05 01:42:06.317868
1669,a2,156.4634,156.3846,2026-05-05 01:42:06.423644
1670,a3,167.3659,167.4559,2026-05-05 01:42:06.610919
1672,a0,147.6341,147.5777,2026-05-05 01:44:09.215480
1673,a1,111.7073,111.7542,2026-05-05 01:44:09.610764
1674,a2,167.4344,0.0,2026-05-05 01:44:09.923543
1676,a0,147.5122,147.5566,2026-05-05 01:46:12.566064
1677,a1,109.5854,110.2021,2026-05-05 01:46:12.618746
1680,a0,147.3902,147.5188,2026-05-05 01:48:15.190012
1681,a1,109.5366,109.7156,2026-05-05 01:48:15.230525
1682,a2,156.4146,156.3935,2026-05-05 01:48:15.325561
1683,a3,167.3902,167.383,2026-05-05 01:48:15.511892
1685,a0,147.439,147.5148,2026-05-05 01:50:17.826542
1686,a1,109.5854,109.7091,2026-05-05 01:50:17.920491
1689,a0,147.4146,147.3955,2026-05-05 01:52:24.919871
1690,a1,109.5122,109.3978,2026-05-05 01:52:25.025441
1691,a2,156.2195,156.3361,2026-05-05 01:52:25.212021
1692,a3,167.3171,167.4188,2026-05-05 01:52:25.320466
1694,a0,147.4634,147.3989,2026-05-05 01:54:27.667903
1695,a1,109.5122,109.4035,2026-05-05 01:54:27.721250
1696,a2,156.3171,156.3352,2026-05-05 01:54:27.825027
1697,a3,167.3171,167.4137,2026-05-05 01:54:28.014081
1699,a0,147.3171,147.3948,2026-05-05 01:56:29.990363
1700,a1,109.4878,109.4078,2026-05-05 01:56:30.044686
1701,a2,167.3866,0.0,2026-05-05 01:56:30.144982
1703,a0,147.3171,147.3906,2026-05-05 01:58:35.822436
1704,a1,108.3171,108.7862,2026-05-05 01:58:35.920713
1705,a2,156.2195,156.3209,2026-05-05 01:58:36.022326
1706,a3,167.3659,167.3946,2026-05-05 01:58:36.211811
1708,a0,147.3659,147.3894,2026-05-05 02:00:38.493761
1709,a1,108.3659,108.7651,2026-05-05 02:00:38.521619
1710,a2,156.439,156.3268,2026-05-05 02:00:38.723517
1711,a3,167.4146,167.3956,2026-05-05 02:00:39.015060
1713,a0,147.4146,147.3906,2026-05-05 02:02:41.170096
1714,a1,108.3659,108.7452,2026-05-05 02:02:41.219753
1716,a0,147.7317,147.6241,2026-05-05 02:04:45.959350
1717,a1,104.9512,106.5688,2026-05-05 02:04:46.022151
1718,a2,156.5122,156.542,2026-05-05 02:04:46.120809
1719,a3,167.4634,167.4643,2026-05-05 02:04:46.313079
1721,a0,147.7317,147.6294,2026-05-05 02:06:48.812779
1722,a1,104.9024,106.4855,2026-05-05 02:06:48.971194
1723,a2,156.4878,156.5393,2026-05-05 02:06:49.215345
1724,a3,167.4146,167.4618,2026-05-05 02:06:49.320275
1726,a0,147.6829,147.6453,2026-05-05 02:08:54.506265
1727,a1,101.4634,102.3701,2026-05-05 02:08:54.610342
1728,a2,156.7805,156.5985,2026-05-05 02:08:54.721208
1729,a3,167.5854,167.4582,2026-05-05 02:08:54.817074
1731,a0,147.5366,147.6398,2026-05-05 02:10:57.501362
1732,a1,101.4146,102.3223,2026-05-05 02:10:57.596180
1733,a2,156.7073,156.6039,2026-05-05 02:10:57.625582
1734,a3,167.4146,167.456,2026-05-05 02:10:57.816888
1736,a0,147.6341,147.6671,2026-05-05 02:12:59.826518
1737,a1,101.4146,101.4805,2026-05-05 02:12:59.925545
1738,a2,156.6341,156.6565,2026-05-05 02:13:00.111274
1740,a0,147.6341,147.6515,2026-05-05 02:15:02.118736
1741,a1,102.0,101.6778,2026-05-05 02:15:02.215919
1742,a2,156.4146,156.568,2026-05-05 02:15:02.318785
1743,a3,167.439,167.4616,2026-05-05 02:15:02.419947
1745,a0,147.7317,147.7461,2026-05-05 02:17:07.129501
1746,a1,103.561,103.1806,2026-05-05 02:17:07.219357
1747,a2,156.7073,156.6299,2026-05-05 02:17:07.413341
1748,a3,167.439,167.417,2026-05-05 02:17:07.518745
1750,a0,147.7073,147.7442,2026-05-05 02:19:09.811625
1751,a1,103.7317,103.2081,2026-05-05 02:19:09.913588
1752,a2,156.3415,156.6154,2026-05-05 02:19:10.029358
1753,a3,167.4146,167.4169,2026-05-05 02:19:10.143490
1755,a0,147.6829,147.7354,2026-05-05 02:22:15.688342
1756,a1,104.8049,104.4328,2026-05-05 02:22:15.756373
1758,a0,147.8781,147.7524,2026-05-05 02:24:17.818623
1759,a1,105.0488,104.7044,2026-05-05 02:24:17.920828
1760,a2,156.6341,156.6573,2026-05-05 02:24:18.020296
1761,a3,167.1707,167.3208,2026-05-05 02:24:18.212422
1763,a0,147.8049,147.7551,2026-05-05 02:26:20.507044
1764,a1,105.1463,104.7265,2026-05-05 02:26:20.611028
1765,a2,7.0,167.33,2026-05-05 02:26:20.713580
1767,a0,147.7805,147.7817,2026-05-05 02:28:25.253954
1768,a1,105.6098,105.564,2026-05-05 02:28:25.410404
1769,a2,156.7561,156.7367,2026-05-05 02:28:25.517043
1770,a3,167.4146,167.3565,2026-05-05 02:28:25.643242
1772,a0,147.9756,147.7914,2026-05-05 02:30:28.036885
1773,a1,105.6098,105.5663,2026-05-05 02:30:28.124092
1774,a2,156.9512,156.7474,2026-05-05 02:30:28.311384
1775,a3,167.2439,167.3508,2026-05-05 02:30:28.416370
1777,a0,147.8781,147.7958,2026-05-05 02:32:30.369328
1778,a1,105.6098,105.5685,2026-05-05 02:32:30.422015
1779,a2,15.0,167.3508,2026-05-05 02:32:30.610746
1781,a0,147.7073,147.837,2026-05-05 02:34:32.732928
1782,a1,105.6341,105.6851,2026-05-05 02:34:32.817637
1783,a2,156.7805,156.7197,2026-05-05 02:34:32.918701
1786,a0,147.8293,147.8062,2026-05-05 02:36:35.440823
1787,a1,106.2683,106.2181,2026-05-05 02:36:35.549326
1790,a0,147.7805,147.7931,2026-05-05 02:38:37.680440
1791,a1,106.6098,106.3984,2026-05-05 02:38:37.722912
1792,a2,156.8537,156.7672,2026-05-05 02:38:37.821763
1793,a3,167.5122,167.4128,2026-05-05 02:38:38.011247
1795,a0,147.7561,147.8623,2026-05-05 02:40:40.476081
1796,a1,106.6098,106.5615,2026-05-05 02:40:40.518023
1797,a2,156.8049,156.8703,2026-05-05 02:40:40.711965
1798,a3,167.2439,167.3592,2026-05-05 02:40:40.811815
1800,a0,147.9024,147.8112,2026-05-05 02:42:42.749979
1801,a1,106.7317,106.6552,2026-05-05 02:42:42.851510
1802,a2,156.9756,156.822,2026-05-05 02:42:43.012874
1803,a3,167.2439,167.3534,2026-05-05 02:42:43.122936
1805,a0,147.9024,147.8158,2026-05-05 02:44:45.120952
1806,a1,106.7073,106.6578,2026-05-05 02:44:45.268513
1807,a2,177.0,0.0,2026-05-05 02:44:45.367963
1809,a0,147.8049,147.8029,2026-05-05 02:46:47.573503
1810,a1,106.6585,106.6525,2026-05-05 02:46:47.639023
1811,a2,156.9268,156.8437,2026-05-05 02:46:47.761045
1812,a3,167.3415,167.2653,2026-05-05 02:46:47.914054
1814,a0,147.7805,147.7558,2026-05-05 02:48:50.245986
1815,a1,107.1463,156.9054,2026-05-05 02:48:50.345401
1816,a3,167.2683,167.2997,2026-05-05 02:48:50.446990
1818,a0,147.6585,147.7284,2026-05-05 02:50:52.867294
1819,a1,107.0244,107.0732,2026-05-05 02:50:52.945438
1820,a2,156.7805,156.8991,2026-05-05 02:50:53.118893
1821,a3,167.1951,167.2945,2026-05-05 02:50:53.225805
1823,a0,147.6829,147.7261,2026-05-05 02:52:55.411223
1824,a1,107.1707,107.0781,2026-05-05 02:52:55.534763
1825,a2,167.2014,0.0,2026-05-05 02:52:55.650544
1827,a0,147.3902,147.5076,2026-05-05 02:55:00.172018
1828,a1,107.6098,107.5603,2026-05-05 02:55:00.240146
1829,a2,157.0,156.877,2026-05-05 02:55:00.356323
1830,a3,167.2927,167.2374,2026-05-05 02:55:00.521139
1832,a0,147.5854,147.5115,2026-05-05 02:57:02.503267
1833,a1,107.7805,107.5713,2026-05-05 02:57:02.563734
1834,a2,157.0244,156.8844,2026-05-05 02:57:02.716944
1835,a3,167.2683,167.2389,2026-05-05 02:57:02.832107
1837,a0,147.5122,147.5116,2026-05-05 02:59:04.990773
1838,a1,107.8049,107.583,2026-05-05 02:59:05.046653
1839,a2,193.0,0.0,2026-05-05 02:59:05.212238
1841,a0,147.5366,147.4926,2026-05-05 03:01:07.500664
1842,a1,107.9512,107.6527,2026-05-05 03:01:07.584228
1843,a2,157.0732,156.929,2026-05-05 03:01:07.726153
1845,a0,147.5366,147.5152,2026-05-05 03:03:12.662684
1846,a1,108.4634,108.2365,2026-05-05 03:03:12.732497
1847,a2,157.0976,157.1137,2026-05-05 03:03:12.823191
1848,a3,167.3902,167.3844,2026-05-05 03:03:13.012677
1850,a0,147.4146,147.5102,2026-05-05 03:05:15.160017
1851,a1,108.4634,108.2478,2026-05-05 03:05:15.251665
1852,a2,157.1707,157.1166,2026-05-05 03:05:15.369401
1853,a3,167.439,167.3871,2026-05-05 03:05:15.540358
1855,a0,147.3415,147.4059,2026-05-05 03:07:21.240377
1856,a1,108.439,108.5288,2026-05-05 03:07:21.346647
1857,a2,157.0976,157.0962,2026-05-05 03:07:21.451079
1858,a3,167.3171,167.3186,2026-05-05 03:07:21.559003
1860,a0,147.4878,147.41,2026-05-05 03:09:23.951822
1861,a1,108.5366,108.5292,2026-05-05 03:09:24.036335
1862,a2,157.0488,157.0938,2026-05-05 03:09:24.227333
1863,a3,167.1951,167.3124,2026-05-05 03:09:24.349137
1865,a0,147.4634,147.4426,2026-05-05 03:11:30.413190
1866,a1,107.0732,107.6122,2026-05-05 03:11:30.511470
1867,a2,156.9268,157.1157,2026-05-05 03:11:30.618478
1868,a3,167.3171,167.3397,2026-05-05 03:11:30.749386
1870,a0,147.3415,147.4376,2026-05-05 03:13:32.716644
1871,a1,106.9756,107.5803,2026-05-05 03:13:32.817645
1872,a2,156.8781,157.1038,2026-05-05 03:13:32.923231
1873,a3,167.3902,167.3422,2026-05-05 03:13:33.021898
1875,a0,147.3902,147.4352,2026-05-05 03:15:35.087673
1876,a1,106.9268,107.5477,2026-05-05 03:15:35.123685
1879,a0,147.7073,147.6224,2026-05-05 03:17:40.729870
1880,a1,104.8049,105.1849,2026-05-05 03:17:40.818488
1881,a2,157.1707,157.1664,2026-05-05 03:17:40.925282
1882,a3,167.3659,167.3164,2026-05-05 03:17:41.111187
1884,a0,147.7561,147.629,2026-05-05 03:19:43.108689
1885,a1,104.7561,105.1635,2026-05-05 03:19:43.199504
1886,a2,157.0488,157.1605,2026-05-05 03:19:43.294819
1887,a3,167.3415,167.3177,2026-05-05 03:19:43.411190
1889,a0,147.7073,147.6329,2026-05-05 03:21:45.374699
1890,a1,104.9268,105.1516,2026-05-05 03:21:45.521027
1891,a2,1.3178,0.0,2026-05-05 03:21:45.657800
1893,a0,147.7805,147.7092,2026-05-05 03:23:51.412917
1894,a1,106.0244,105.7417,2026-05-05 03:23:51.512303
1895,a2,157.2195,157.1715,2026-05-05 03:23:51.616148
1896,a3,167.4146,167.3454,2026-05-05 03:23:51.717943
1898,a0,147.6585,147.7067,2026-05-05 03:25:53.802020
1899,a1,106.0244,105.7558,2026-05-05 03:25:53.909346
1900,a2,157.0976,157.1678,2026-05-05 03:25:54.013335
1901,a3,167.4146,167.3488,2026-05-05 03:25:54.117598
1903,a0,147.6829,147.6875,2026-05-05 03:28:00.139878
1904,a1,106.5122,106.2663,2026-05-05 03:28:00.218583
1905,a2,157.3902,157.1649,2026-05-05 03:28:00.409806
1906,a3,167.3659,167.3324,2026-05-05 03:28:00.512762
1908,a0,147.7805,147.6922,2026-05-05 03:30:02.736530
1909,a1,106.4634,106.2762,2026-05-05 03:30:02.822927
1910,a2,157.2439,157.1688,2026-05-05 03:30:03.014008
1911,a3,167.2927,167.3304,2026-05-05 03:30:03.116081
1913,a0,147.8293,147.699,2026-05-05 03:32:05.496874
1914,a1,106.439,106.2843,2026-05-05 03:32:05.524633
1915,a2,157.3659,167.3146,2026-05-05 03:32:05.624009
1917,a0,147.8049,147.6853,2026-05-05 03:34:08.054375
1918,a1,106.7073,106.4507,2026-05-05 03:34:08.122412
1919,a2,157.1707,157.1828,2026-05-05 03:34:08.310635
1920,a3,167.2683,167.3221,2026-05-05 03:34:08.414784
1922,a0,148.2195,147.9796,2026-05-05 03:37:13.428888
1923,a1,107.0488,106.9119,2026-05-05 03:37:13.533190
1925,a0,148.3415,148.1068,2026-05-05 03:39:15.839827
1926,a1,107.1951,107.019,2026-05-05 03:39:15.936213
1927,a2,157.2439,157.2372,2026-05-05 03:39:16.039611
1928,a3,167.3171,167.3236,2026-05-05 03:39:16.215473
1930,a0,148.2927,148.1161,2026-05-05 03:41:18.384648
1931,a1,107.3659,107.0364,2026-05-05 03:41:18.436551
1932,a2,1.2683,167.3083,2026-05-05 03:41:18.549464
1934,a0,148.2683,148.2357,2026-05-05 03:43:20.566321
1935,a1,107.3171,107.2787,2026-05-05 03:43:20.648085
1936,a2,157.3171,157.2735,2026-05-05 03:43:20.746483
1937,a3,167.2972,0.0,2026-05-05 03:43:20.912247
1939,a0,148.2439,148.3358,2026-05-05 03:46:25.633516
1940,a1,107.4878,107.5759,2026-05-05 03:46:25.752127
1942,a3,167.3171,167.3092,2026-05-05 03:46:26.013905
1944,a0,148.4146,148.3738,2026-05-05 03:48:27.962038
1945,a1,107.7317,107.5977,2026-05-05 03:48:28.020724
1947,a0,148.3659,148.2711,2026-05-05 03:50:31.838998
1948,a1,107.4878,107.4786,2026-05-05 03:50:31.925577
1949,a2,157.439,157.3225,2026-05-05 03:50:32.033967
1950,a3,167.3171,167.2899,2026-05-05 03:50:32.217732
1952,a0,148.3902,148.277,2026-05-05 03:52:34.886242
1953,a1,107.4634,107.4779,2026-05-05 03:52:34.919085
1954,a2,157.2927,157.321,2026-05-05 03:52:35.109145
1955,a3,167.2927,167.29,2026-05-05 03:52:35.211147
1957,a0,148.2195,148.2742,2026-05-05 03:54:37.216830
1958,a1,107.4146,107.4747,2026-05-05 03:54:37.327331
1959,a2,157.042,0.0,2026-05-05 03:54:37.417808
1961,a0,148.4634,148.3348,2026-05-05 03:56:42.495205
1962,a1,108.0,107.8169,2026-05-05 03:56:42.524606
1963,a2,157.4634,157.3598,2026-05-05 03:56:42.709655
1964,a3,167.3902,167.3411,2026-05-05 03:56:42.813454
1966,a0,148.2439,148.3302,2026-05-05 03:58:45.348235
1967,a1,108.0244,107.8273,2026-05-05 03:58:45.431049
1968,a2,157.3171,157.3577,2026-05-05 03:58:45.544452
1969,a3,167.3659,167.3423,2026-05-05 03:58:45.716746
1971,a0,148.2683,148.3271,2026-05-05 04:00:47.703490
1972,a1,108.0732,107.8395,2026-05-05 04:00:47.803245
1973,a2,1.0,0.0,2026-05-05 04:00:47.910078
1975,a0,148.1951,148.2436,2026-05-05 04:02:52.787418
1976,a1,108.561,108.4834,2026-05-05 04:02:52.820208
1977,a2,157.3171,157.3262,2026-05-05 04:02:52.924959
1978,a3,166.9268,166.8948,2026-05-05 04:02:53.020774
1980,a0,148.1219,148.2375,2026-05-05 04:04:55.310000
1981,a1,108.4634,108.4824,2026-05-05 04:04:55.413576
1982,a2,157.2439,157.3221,2026-05-05 04:04:55.530886
1983,a3,167.0244,166.9013,2026-05-05 04:04:55.662432
1985,a0,148.1951,148.1642,2026-05-05 04:07:01.775593
1986,a1,103.7317,105.7441,2026-05-05 04:07:01.834533
1987,a2,157.2927,157.3097,2026-05-05 04:07:02.010142
1988,a3,167.0732,167.0448,2026-05-05 04:07:02.117158
1990,a0,148.1219,148.1621,2026-05-05 04:09:04.445972
1991,a1,103.7805,105.6459,2026-05-05 04:09:04.518745
1992,a2,157.3415,157.3113,2026-05-05 04:09:04.710243
1993,a3,167.0976,167.0475,2026-05-05 04:09:04.814735
1995,a0,148.2195,148.187,2026-05-05 04:11:10.293928
1996,a1,104.6098,104.1809,2026-05-05 04:11:10.317381
1997,a2,157.2927,157.3397,2026-05-05 04:11:10.420712
1998,a3,167.1707,167.1332,2026-05-05 04:11:10.612385
2000,a0,148.1463,148.1849,2026-05-05 04:13:12.900229
2001,a1,104.7317,104.2085,2026-05-05 04:13:12.994773
2002,a2,157.3902,157.3422,2026-05-05 04:13:13.094231
2003,a3,167.1951,167.1363,2026-05-05 04:13:13.210358
2005,a0,148.0732,148.1793,2026-05-05 04:15:15.520466
2006,a1,104.9512,104.2456,2026-05-05 04:15:15.617897
2007,a2,7.1778,0.0,2026-05-05 04:15:15.710803
2009,a0,148.3902,148.3087,2026-05-05 04:17:17.944325
2010,a1,105.9268,105.1918,2026-05-05 04:17:18.026238
2011,a2,157.2439,157.3654,2026-05-05 04:17:18.214656
2012,a3,167.1463,167.2009,2026-05-05 04:17:18.320024
2014,a0,148.439,148.3235,2026-05-05 04:19:20.428119
2015,a1,106.7317,106.1779,2026-05-05 04:19:20.520745
2016,a2,12.0,157.3629,2026-05-05 04:19:20.712022
2017,a3,167.2195,167.2061,2026-05-05 04:19:20.815555
2019,a0,148.439,148.4015,2026-05-05 04:21:25.194067
2020,a1,108.1463,107.8911,2026-05-05 04:21:25.222518
2021,a2,157.4878,157.3834,2026-05-05 04:21:25.327775
2022,a3,167.1707,167.1989,2026-05-05 04:21:25.519589
2024,a0,148.4878,148.4059,2026-05-05 04:23:28.023290
2025,a1,108.1707,107.9051,2026-05-05 04:23:28.118131
2026,a2,157.5854,157.3935,2026-05-05 04:23:28.219885
2027,a3,167.3171,167.2048,2026-05-05 04:23:28.425866
2029,a0,148.2927,148.3458,2026-05-05 04:25:33.758869
2030,a1,108.0732,107.9965,2026-05-05 04:25:33.817721
2031,a2,157.6098,157.3802,2026-05-05 04:25:33.920018
2032,a3,167.2439,167.2565,2026-05-05 04:25:34.020485
2034,a0,148.2439,148.3407,2026-05-05 04:27:36.322530
2035,a1,108.0976,108.0015,2026-05-05 04:27:36.419090
2036,a2,157.2927,157.3759,2026-05-05 04:27:36.519203
2037,a3,167.3171,167.2595,2026-05-05 04:27:36.711994
2039,a0,148.2927,148.3383,2026-05-05 04:29:39.253816
2040,a1,108.2195,108.0124,2026-05-05 04:29:39.325643
2041,a2,167.2391,0.0,2026-05-05 04:29:39.512369
2043,a0,148.3902,148.3321,2026-05-05 04:31:44.477126
2044,a1,108.0244,107.97,2026-05-05 04:31:44.519761
2045,a2,157.3659,157.2849,2026-05-05 04:31:44.620916
2046,a3,167.1951,167.2614,2026-05-05 04:31:44.815033
2048,a0,148.3659,148.3338,2026-05-05 04:33:46.812918
2049,a1,107.9756,107.9703,2026-05-05 04:33:46.914123
2050,a2,157.0976,157.2756,2026-05-05 04:33:47.015023
2051,a3,167.2195,167.2594,2026-05-05 04:33:47.120331
2053,a0,148.1463,148.2576,2026-05-05 04:35:52.865587
2054,a1,108.3902,108.0468,2026-05-05 04:35:52.921836
2055,a2,157.3902,157.3628,2026-05-05 04:35:53.110821
2056,a3,167.1707,167.2668,2026-05-05 04:35:53.210813
2058,a0,148.2927,148.2593,2026-05-05 04:37:55.541130
2059,a1,108.4878,108.0688,2026-05-05 04:37:55.637795
2060,a2,157.3902,157.3642,2026-05-05 04:37:55.827130
2061,a3,167.2195,167.2644,2026-05-05 04:37:55.930399
2063,a0,148.2195,148.1622,2026-05-05 04:40:01.627770
2064,a1,108.3415,108.3456,2026-05-05 04:40:01.718712
2065,a2,157.3171,157.3865,2026-05-05 04:40:01.910375
2066,a3,167.3902,167.2651,2026-05-05 04:40:02.029988
2068,a0,148.3171,148.1699,2026-05-05 04:42:04.286015
2069,a1,108.439,108.3503,2026-05-05 04:42:04.315231
2070,a2,157.6341,157.3989,2026-05-05 04:42:04.422220
2071,a3,167.3659,167.2702,2026-05-05 04:42:04.609454
2073,a0,148.1707,148.1494,2026-05-05 04:44:10.184287
2074,a1,108.2683,108.419,2026-05-05 04:44:10.246358
2075,a2,157.3659,157.4386,2026-05-05 04:44:10.324554
2076,a3,167.2439,167.2814,2026-05-05 04:44:10.515408
2078,a0,148.2927,148.1566,2026-05-05 04:46:12.863559
2079,a1,108.3415,108.4151,2026-05-05 04:46:12.920362
2080,a2,157.4878,157.4411,2026-05-05 04:46:13.025014
2081,a3,167.3659,167.2856,2026-05-05 04:46:13.212836
2083,a0,148.2683,148.1622,2026-05-05 04:48:16.764266
2084,a1,108.439,108.4163,2026-05-05 04:48:16.821085
2085,a2,167.2719,0.0,2026-05-05 04:48:17.010639
2087,a0,148.0488,148.1931,2026-05-05 04:50:19.320550
2088,a1,106.0976,108.056,2026-05-05 04:50:19.424210
2089,a2,157.3902,167.2753,2026-05-05 04:50:19.519470
2091,a0,148.2683,148.177,2026-05-05 04:52:21.949484
2092,a1,98.78049,102.7747,2026-05-05 04:52:22.030912
2093,a2,157.6098,157.4583,2026-05-05 04:52:22.122496
2094,a3,167.3171,167.2774,2026-05-05 04:52:22.311162
2096,a0,148.3171,148.184,2026-05-05 04:55:06.630453
2097,a1,98.68293,102.5701,2026-05-05 04:55:06.726404
2099,a0,148.3171,148.2608,2026-05-05 04:57:09.014654
2100,a1,95.14634,97.72658,2026-05-05 04:57:09.411958
2101,a2,157.561,157.5289,2026-05-05 04:57:09.714285
2102,a3,167.3902,167.2715,2026-05-05 04:57:10.011329
2104,a0,148.3415,148.2989,2026-05-05 04:59:12.426536
2105,a1,96.02439,95.47606,2026-05-05 04:59:12.539493
2106,a2,157.6829,157.529,2026-05-05 04:59:12.709760
2107,a3,167.1219,167.1191,2026-05-05 04:59:12.817456
2109,a0,148.3902,148.3238,2026-05-05 05:01:14.969948
2110,a1,561.0,101.3652,2026-05-05 05:01:15.026869
2111,a2,157.5366,157.4908,2026-05-05 05:01:15.213193
2112,a3,167.1707,167.1295,2026-05-05 05:01:15.319703
2114,a0,148.2683,148.2678,2026-05-05 05:03:17.355949
2115,a1,102.8293,101.4384,2026-05-05 05:03:17.425740
2116,a2,157.4585,157.4987,2026-05-05 05:03:17.612320
2117,a3,167.1951,167.1575,2026-05-05 05:03:17.714895
2119,a0,148.3171,148.2531,2026-05-05 05:05:19.710418
2120,a1,104.1219,103.1189,2026-05-05 05:05:19.810367
2121,a2,157.5028,0.0,2026-05-05 05:05:19.920250
2122,a3,167.1707,167.1669,2026-05-05 05:05:20.017201
2124,a0,148.2195,148.2528,2026-05-05 05:07:22.284970
2125,a1,97.02439,97.34684,2026-05-05 05:07:22.322926
2126,a2,157.6585,157.5289,2026-05-05 05:07:22.422536
2127,a3,166.9756,167.1636,2026-05-05 05:07:22.612794
2129,a0,148.5122,148.3959,2026-05-05 05:09:24.556661
2130,a1,100.7805,99.06599,2026-05-05 05:09:24.634677
2131,a2,157.4634,157.5257,2026-05-05 05:09:24.735461
2132,a3,167.0732,167.1591,2026-05-05 05:09:24.910904
2134,a0,148.439,148.4809,2026-05-05 05:11:30.674073
2135,a1,101.3659,100.79,2026-05-05 05:11:30.719530
2136,a2,157.5122,157.518,2026-05-05 05:11:30.910513
2137,a3,167.1463,167.1958,2026-05-05 05:11:31.018341
2139,a0,148.5122,148.4825,2026-05-05 05:13:33.170053
2140,a1,101.4146,100.8212,2026-05-05 05:13:33.219048
2141,a2,157.5122,157.5177,2026-05-05 05:13:33.321530
2142,a3,167.2683,167.1994,2026-05-05 05:13:33.512898
2144,a0,148.4878,148.4828,2026-05-05 05:15:35.759185
2145,a1,101.439,100.8521,2026-05-05 05:15:35.823479
2146,a2,184.0,0.0,2026-05-05 05:15:35.920285
2148,a0,148.4146,148.4856,2026-05-05 05:17:41.363794
2149,a1,104.0976,103.591,2026-05-05 05:17:41.417515
2150,a2,157.439,157.5355,2026-05-05 05:17:41.518049
2151,a3,167.0244,167.114,2026-05-05 05:17:41.713182
2153,a0,148.4146,148.482,2026-05-05 05:19:44.390504
2154,a1,104.1463,103.6188,2026-05-05 05:19:44.420652
2155,a2,157.561,157.5367,2026-05-05 05:19:44.608974
2156,a3,167.2439,167.1205,2026-05-05 05:19:44.714192
2158,a0,148.3659,148.4762,2026-05-05 05:21:47.121603
2159,a1,104.2195,103.6488,2026-05-05 05:21:47.234405
2160,a2,15.1555,0.0,2026-05-05 05:21:47.411311
2162,a0,148.4878,148.4317,2026-05-05 05:23:49.367483
2163,a1,105.0,104.3714,2026-05-05 05:23:49.444970
2164,a2,157.6341,157.5502,2026-05-05 05:23:49.613030
2165,a3,167.0976,167.1534,2026-05-05 05:23:49.723210
2167,a0,148.439,148.3856,2026-05-05 05:25:51.943886
2168,a1,105.3171,104.9568,2026-05-05 05:25:52.070739
2169,a2,157.58,157.5786,2026-05-05 05:25:52.211959
2170,a3,167.1219,167.1821,2026-05-05 05:25:52.326163
2172,a0,148.2439,148.2551,2026-05-05 05:27:56.135298
2173,a1,71.09756,73.56678,2026-05-05 05:27:56.223075
2174,a2,157.5122,157.5579,2026-05-05 05:27:56.409047
2175,a3,167.2439,167.2124,2026-05-05 05:27:56.511722
2177,a0,148.3659,148.2606,2026-05-05 05:29:58.534388
2178,a1,71.2683,73.45186,2026-05-05 05:29:58.710233
2179,a2,157.6098,157.5605,2026-05-05 05:29:59.010000
2180,a3,167.2439,167.2139,2026-05-05 05:29:59.219227
2182,a0,148.3902,148.3327,2026-05-05 05:32:05.352874
2183,a1,83.58537,80.92101,2026-05-05 05:32:05.421393
2184,a2,157.4878,157.545,2026-05-05 05:32:05.609078
2185,a3,167.2927,167.2141,2026-05-05 05:32:05.714000
2187,a0,148.4146,148.3368,2026-05-05 05:34:08.022179
2188,a1,83.82927,81.06642,2026-05-05 05:34:08.121300
2189,a2,157.4878,157.5422,2026-05-05 05:34:08.221869
2190,a3,167.2195,167.2144,2026-05-05 05:34:08.323640
2192,a0,148.4634,148.3906,2026-05-05 05:36:13.403081
2193,a1,86.68293,84.41111,2026-05-05 05:36:13.496279
2194,a2,157.5366,157.5724,2026-05-05 05:36:13.610081
2195,a3,167.2439,167.2129,2026-05-05 05:36:13.716063
2197,a0,148.439,148.393,2026-05-05 05:38:16.185760
2198,a1,86.7561,84.52836,2026-05-05 05:38:16.218148
2199,a2,157.6341,157.5755,2026-05-05 05:38:16.321445
2200,a3,167.1707,167.2108,2026-05-05 05:38:16.511054
2202,a0,148.5854,148.4517,2026-05-05 05:40:18.917098
2203,a1,91.46342,88.72704,2026-05-05 05:40:19.119075
2204,a2,157.5854,157.5837,2026-05-05 05:40:19.222885
2205,a3,167.1951,167.2383,2026-05-05 05:40:19.322256
2207,a0,148.6098,148.5008,2026-05-05 05:42:21.605360
2208,a1,94.17073,92.17142,2026-05-05 05:42:21.708983
2209,a2,157.5122,157.5442,2026-05-05 05:42:21.812230
2210,a3,167.0976,167.2168,2026-05-05 05:42:21.920066
2212,a0,148.9024,148.7182,2026-05-05 05:44:27.307922
2213,a1,97.39024,96.19968,2026-05-05 05:44:27.411808
2214,a2,157.5854,157.5945,2026-05-05 05:44:27.528705
2215,a3,167.0976,167.1591,2026-05-05 05:44:27.616152
2217,a0,148.9024,148.7274,2026-05-05 05:46:29.901507
2218,a1,97.34146,96.25677,2026-05-05 05:46:29.991485
2219,a2,157.3902,157.5843,2026-05-05 05:46:30.114455
2220,a3,167.1951,167.1609,2026-05-05 05:46:30.215904
2222,a0,149.1219,149.0132,2026-05-05 05:48:35.252094
2223,a1,99.46342,98.73303,2026-05-05 05:48:35.320403
2224,a2,157.8537,157.6184,2026-05-05 05:48:35.423532
2225,a3,167.2927,167.2175,2026-05-05 05:48:35.620216
2227,a0,149.1707,149.0211,2026-05-05 05:50:38.136411
2228,a1,99.65854,98.7793,2026-05-05 05:50:38.222420
2229,a2,157.7561,157.6253,2026-05-05 05:50:38.318783
2230,a3,167.2683,167.2201,2026-05-05 05:50:38.512323
2232,a0,149.3415,149.3261,2026-05-05 05:52:43.715331
2233,a1,101.1219,100.6171,2026-05-05 05:52:43.821328
2234,a2,157.561,157.637,2026-05-05 05:52:43.919477
2235,a3,167.439,167.2541,2026-05-05 05:52:44.019311
2237,a0,149.3415,149.3269,2026-05-05 05:54:46.109576
2238,a1,101.2683,100.6497,2026-05-05 05:54:46.213531
2239,a2,157.4878,157.6295,2026-05-05 05:54:46.317256
2240,a3,167.2195,167.2524,2026-05-05 05:54:46.419373
2242,a0,149.7317,149.5679,2026-05-05 05:57:24.010156
2243,a1,102.4878,102.2059,2026-05-05 05:57:24.116714
2244,a2,157.8049,157.6713,2026-05-05 05:57:24.217111
2245,a3,167.2439,167.2822,2026-05-05 05:57:24.323387
2247,a0,149.561,149.5676,2026-05-05 05:59:26.708304
2248,a1,102.7073,102.231,2026-05-05 05:59:26.809656
2249,a2,157.7561,157.6755,2026-05-05 05:59:26.914296
2250,a3,167.2195,167.2791,2026-05-05 05:59:27.018609
2252,a0,149.6829,149.7433,2026-05-05 06:02:32.090252
2253,a1,103.3415,103.0227,2026-05-05 06:02:32.153885
2254,a2,157.6829,157.6949,2026-05-05 06:02:32.247368
2255,a3,167.2439,167.3394,2026-05-05 06:02:32.410438
2257,a0,149.7805,149.8465,2026-05-05 06:04:37.382400
2258,a1,103.7805,103.5443,2026-05-05 06:04:37.436522
2259,a2,157.7805,157.7455,2026-05-05 06:04:37.558924
2260,a3,167.3902,167.4024,2026-05-05 06:04:37.732187
2262,a0,149.7561,149.842,2026-05-05 06:06:39.769897
2263,a1,103.7073,103.5525,2026-05-05 06:06:39.890712
2264,a2,157.8293,157.7497,2026-05-05 06:06:40.019354
2265,a3,167.2927,167.3969,2026-05-05 06:06:40.125290
2267,a0,149.8049,149.8761,2026-05-05 06:08:46.569354
2268,a1,104.1951,104.0766,2026-05-05 06:08:46.653941
2269,a2,157.6829,157.715,2026-05-05 06:08:46.737904
2270,a3,167.3902,167.3677,2026-05-05 06:08:46.912298
2272,a0,149.8293,149.8738,2026-05-05 06:10:48.947658
2273,a1,104.1707,104.0813,2026-05-05 06:10:49.069549
2274,a2,157.7073,157.7146,2026-05-05 06:10:49.209281
2275,a3,167.6341,167.381,2026-05-05 06:10:49.313177
2277,a0,149.7805,149.8691,2026-05-05 06:12:51.242011
2278,a1,104.3171,104.0931,2026-05-05 06:12:51.330779
2279,a2,167.3865,0.0,2026-05-05 06:12:51.435085
2281,a0,149.9756,149.8535,2026-05-05 06:14:53.710314
2282,a1,104.3415,104.1875,2026-05-05 06:14:53.812302
2283,a2,157.7317,157.7225,2026-05-05 06:14:53.918242
2285,a0,150.0488,149.9314,2026-05-05 06:16:56.006714
2286,a1,104.4878,104.4524,2026-05-05 06:16:56.121104
2287,a2,157.439,15.7514,2026-05-05 06:16:56.214375
2288,a3,167.2195,167.2899,2026-05-05 06:16:56.320926
2290,a0,149.9268,149.9803,2026-05-05 06:18:58.353335
2291,a1,104.6098,104.5166,2026-05-05 06:18:58.428053
2292,a2,157.6585,157.7468,2026-05-05 06:18:58.608244
2293,a3,167.3902,167.2949,2026-05-05 06:18:58.814735
2295,a0,150.1951,150.0524,2026-05-05 06:21:03.305020
2296,a1,104.7805,104.6791,2026-05-05 06:21:03.407612
2297,a2,157.7561,157.7705,2026-05-05 06:21:03.513459
2298,a3,167.3415,167.3937,2026-05-05 06:21:03.619509
2300,a0,150.2439,150.0619,2026-05-05 06:23:05.912164
2301,a1,104.6829,104.6793,2026-05-05 06:23:06.017519
2302,a2,157.7561,157.7698,2026-05-05 06:23:06.119103
2303,a3,167.1951,167.3838,2026-05-05 06:23:06.216946
2305,a0,150.0,150.0692,2026-05-05 06:25:08.240044
2306,a1,104.8293,104.7581,2026-05-05 06:25:08.317455
2307,a2,158.0488,157.8099,2026-05-05 06:25:08.417285
2308,a3,167.4146,167.3825,2026-05-05 06:25:08.620266
2310,a0,150.1463,150.0905,2026-05-05 06:27:11.453945
2311,a1,104.7561,104.8286,2026-05-05 06:27:11.516434
2312,a2,157.7561,157.7764,2026-05-05 06:27:11.621386
2313,a3,167.3659,167.3786,2026-05-05 06:27:11.818827
2315,a0,150.3171,150.2594,2026-05-05 06:30:16.273634
2316,a1,105.1951,105.104,2026-05-05 06:30:16.315445
2317,a2,157.8537,157.8853,2026-05-05 06:30:16.422642
2318,a3,167.3415,167.4372,2026-05-05 06:30:16.610604
2320,a0,150.2683,150.2598,2026-05-05 06:32:18.522967
2321,a1,105.1707,105.1074,2026-05-05 06:32:18.616725
2322,a2,157.7317,157.8231,2026-05-05 06:32:18.904788
2323,a3,167.2683,167.3894,2026-05-05 06:32:19.206759
2325,a0,150.3415,150.2099,2026-05-05 06:34:22.626414
2326,a1,104.9756,105.0171,2026-05-05 06:34:22.718629
2327,a2,157.7073,157.7917,2026-05-05 06:34:22.905097
2328,a3,166.8537,167.2201,2026-05-05 06:34:23.009687
2330,a0,150.2927,150.2141,2026-05-05 06:36:25.200281
2331,a1,104.8537,105.0089,2026-05-05 06:36:25.306006
2332,a2,157.7561,157.7899,2026-05-05 06:36:25.411447
2333,a3,166.9512,167.2067,2026-05-05 06:36:25.523558
2335,a0,150.2683,150.2168,2026-05-05 06:38:27.469935
2336,a1,104.7561,104.9963,2026-05-05 06:38:27.520618
2338,a0,150.1219,150.1153,2026-05-05 06:40:33.717622
2339,a1,104.8293,104.787,2026-05-05 06:40:33.818292
2340,a2,157.9024,157.8583,2026-05-05 06:40:33.917237
2341,a3,167.0244,167.0719,2026-05-05 06:40:34.023451
2343,a0,150.1463,150.1169,2026-05-05 06:42:36.478433
2344,a1,104.9756,104.7964,2026-05-05 06:42:36.515182
2345,a2,157.8293,157.8569,2026-05-05 06:42:36.616246
2346,a3,167.0,167.0683,2026-05-05 06:42:36.726586
2348,a0,149.9024,149.9273,2026-05-05 06:44:42.209714
2349,a1,104.7561,104.7396,2026-05-05 06:44:42.423224
2350,a2,157.9024,157.8524,2026-05-05 06:44:42.535364
2351,a3,167.1707,167.0949,2026-05-05 06:44:42.706935
2353,a0,149.9512,149.9285,2026-05-05 06:46:44.971737
2354,a1,104.7561,104.7404,2026-05-05 06:46:45.042915
2355,a2,157.9268,157.8561,2026-05-05 06:46:45.217572
2356,a3,167.1707,167.0986,2026-05-05 06:46:45.344952
2358,a0,149.6341,149.77,2026-05-05 06:49:50.533116
2359,a1,104.4634,104.5446,2026-05-05 06:49:50.618898
2360,a2,157.7561,157.8132,2026-05-05 06:49:50.723951
2361,a3,167.0488,12.0,2026-05-05 06:49:50.912642
2363,a0,149.4878,149.6253,2026-05-05 06:51:52.875415
2364,a1,104.1707,104.2895,2026-05-05 06:51:52.919185
2365,a2,157.6585,157.8103,2026-05-05 06:51:53.108437
2367,a0,149.3171,149.4873,2026-05-05 06:53:55.587438
2368,a1,104.0976,104.1404,2026-05-05 06:53:55.630005
2369,a2,157.7073,157.789,2026-05-05 06:53:55.805394
2370,a3,167.1951,167.2073,2026-05-05 06:53:55.910236
2372,a0,149.1951,149.2189,2026-05-05 06:56:00.277121
2373,a1,104.3171,104.2859,2026-05-05 06:56:00.314312
2374,a2,157.8293,157.8111,2026-05-05 06:56:00.414143
2375,a3,167.1707,167.2033,2026-05-05 06:56:00.516502
2377,a0,149.0732,149.2116,2026-05-05 06:58:02.626536
2378,a1,104.3415,104.2887,2026-05-05 06:58:02.717291
2379,a2,157.7073,157.8059,2026-05-05 06:58:02.908864
2380,a3,167.2439,167.2054,2026-05-05 06:58:03.011718
2382,a0,148.9512,149.0077,2026-05-05 07:00:09.220333
2383,a1,104.1707,104.2521,2026-05-05 07:00:09.626906
2384,a2,157.9756,157.856,2026-05-05 07:00:09.915165
2385,a3,167.2195,167.2777,2026-05-05 07:00:10.111486
2387,a0,148.9512,149.0049,2026-05-05 07:02:12.421859
2388,a1,104.1219,104.2456,2026-05-05 07:02:12.516185
2389,a2,157.9512,157.8608,2026-05-05 07:02:12.705155
2390,a3,167.2195,167.2748,2026-05-05 07:02:12.811549
2392,a0,149.0244,149.0059,2026-05-05 07:04:14.787590
2393,a1,104.2195,104.2443,2026-05-05 07:04:14.817941
2394,a2,1.0,167.2368,2026-05-05 07:04:14.913207
2396,a0,148.7317,148.8115,2026-05-05 07:06:19.602381
2397,a1,103.8781,104.0196,2026-05-05 07:06:19.706376
2398,a2,157.8049,157.8207,2026-05-05 07:06:19.808678
2399,a3,167.1707,167.2417,2026-05-05 07:06:19.914510
2401,a0,148.7317,148.8075,2026-05-05 07:08:22.067736
2402,a1,103.8293,104.0101,2026-05-05 07:08:22.121552
2403,a2,157.8781,157.8235,2026-05-05 07:08:22.306808
2404,a3,167.1707,167.2382,2026-05-05 07:08:22.418556
2406,a0,148.8293,148.8465,2026-05-05 07:10:28.007276
2407,a1,103.561,103.8379,2026-05-05 07:10:28.111445
2408,a2,157.9024,157.8569,2026-05-05 07:10:28.213500
2409,a3,167.3659,167.2556,2026-05-05 07:10:28.314459
2411,a0,148.7561,148.8419,2026-05-05 07:12:30.406222
2412,a1,103.7317,103.8326,2026-05-05 07:12:30.506661
2413,a2,157.8293,157.8555,2026-05-05 07:12:30.612946
2414,a3,167.3171,167.2587,2026-05-05 07:12:30.715038
2416,a0,148.8537,148.8425,2026-05-05 07:14:33.098052
2417,a1,103.9024,103.836,2026-05-05 07:14:33.201695
2418,a2,1.254,0.0,2026-05-05 07:14:33.306535
2420,a0,148.8537,148.9241,2026-05-05 07:16:35.339554
2421,a1,103.7561,103.7853,2026-05-05 07:16:35.410758
2422,a2,157.8537,157.8862,2026-05-05 07:16:35.601005
2424,a0,149.561,149.4112,2026-05-05 07:18:40.610907
2425,a1,104.0,104.0728,2026-05-05 07:18:40.715590
2426,a2,157.9756,157.8716,2026-05-05 07:18:40.810540
2427,a3,167.3171,167.3197,2026-05-05 07:18:41.001671
2429,a0,149.5122,149.4162,2026-05-05 07:20:42.946705
2430,a1,104.2439,104.0814,2026-05-05 07:20:43.018462
2431,a2,157.7073,157.8634,2026-05-05 07:20:43.202915
2432,a3,167.3902,167.3232,2026-05-05 07:20:43.310022
2434,a0,149.7073,149.6222,2026-05-05 07:22:50.195072
2435,a1,103.9512,103.9655,2026-05-05 07:22:50.284443
2436,a2,157.9512,157.7672,2026-05-05 07:22:50.310659
2437,a3,167.3171,167.3542,2026-05-05 07:22:50.501259
2439,a0,149.5366,149.618,2026-05-05 07:24:52.502813
2440,a1,103.9268,103.9636,2026-05-05 07:24:52.606360
2441,a2,157.7073,157.7642,2026-05-05 07:24:52.717425
2442,a3,167.3171,167.3523,2026-05-05 07:24:52.812734
2444,a0,149.6585,149.62,2026-05-05 07:26:54.985482
2445,a1,103.8537,103.9581,2026-05-05 07:26:55.014383
2448,a0,149.8293,149.8265,2026-05-05 07:29:35.846207
2449,a1,103.8293,103.99,2026-05-05 07:29:35.930359
2450,a2,157.9512,157.8834,2026-05-05 07:29:36.061158
2451,a3,167.3659,167.3772,2026-05-05 07:29:36.221425
2453,a0,149.9024,149.8303,2026-05-05 07:31:38.336058
2454,a1,103.8781,103.9844,2026-05-05 07:31:38.418509
2455,a2,157.7073,157.8746,2026-05-05 07:31:38.523372
2456,a3,167.3902,167.3778,2026-05-05 07:31:38.713136
2458,a0,149.9756,149.9221,2026-05-05 07:33:41.034244
2459,a1,100.0,157.9256,2026-05-05 07:33:41.135733
2460,a3,167.3902,167.3893,2026-05-05 07:33:41.234964
2462,a0,149.8293,149.9222,2026-05-05 07:35:43.246675
2463,a1,98.85366,99.72337,2026-05-05 07:35:43.312976
2464,a2,157.8049,157.9196,2026-05-05 07:35:43.428466
2465,a3,167.2927,167.3845,2026-05-05 07:35:43.602785
2467,a0,149.8537,149.9217,2026-05-05 07:37:45.955521
2468,a1,100.4878,99.80108,2026-05-05 07:37:46.010454
2469,a2,157.8049,157.9444,2026-05-05 07:37:46.200231
2470,a3,167.3902,167.3985,2026-05-05 07:37:46.301334
2472,a0,149.9024,149.9681,2026-05-05 07:39:48.700114
2473,a1,100.9512,100.5809,2026-05-05 07:39:49.006015
2474,a2,157.9024,157.9193,2026-05-05 07:39:49.214562
2475,a3,167.4146,167.3953,2026-05-05 07:39:49.412094
2477,a0,150.2195,150.0874,2026-05-05 07:42:23.619932
2478,a1,101.4878,101.4532,2026-05-05 07:42:24.026324
2479,a2,158.0,157.9943,2026-05-05 07:42:24.437613
2480,a3,167.4634,167.4249,2026-05-05 07:42:24.845836
2482,a0,150.1707,150.1322,2026-05-05 07:44:31.012491
2483,a1,101.8781,101.7181,2026-05-05 07:44:31.304722
2484,a2,157.9512,158.0025,2026-05-05 07:44:31.604267
2485,a3,167.439,167.4094,2026-05-05 07:44:31.871197
2487,a0,150.2439,150.1378,2026-05-05 07:46:34.383601
2488,a1,101.6829,101.7164,2026-05-05 07:46:34.683384
2489,a2,157.6829,157.9865,2026-05-05 07:46:34.997019
2490,a3,167.3659,167.4072,2026-05-05 07:46:35.288185
2492,a0,150.3659,150.2082,2026-05-05 07:49:40.806841
2493,a1,102.1707,101.9036,2026-05-05 07:49:41.105528
2494,a2,157.7561,157.9358,2026-05-05 07:49:41.433087
2495,a3,167.4878,167.4467,2026-05-05 07:49:41.879815
2497,a0,150.1951,150.2562,2026-05-05 07:51:45.364976
2498,a1,102.0244,102.0235,2026-05-05 07:51:45.729447
2499,a2,157.6585,157.5938,2026-05-05 07:51:46.048227
2500,a3,167.4634,167.4378,2026-05-05 07:51:46.326591
2502,a0,150.2195,150.2544,2026-05-05 07:53:49.921843
2503,a1,102.0244,102.0235,2026-05-05 07:53:50.222084
2504,a2,157.7317,157.6007,2026-05-05 07:53:50.480488
2505,a3,167.4634,167.4391,2026-05-05 07:53:50.732545
2507,a0,150.4146,150.3621,2026-05-05 07:55:53.630537
2508,a1,102.0976,102.0514,2026-05-05 07:55:53.930951
2509,a2,158.0,157.8227,2026-05-05 07:55:54.255130
2510,a3,167.4878,167.4402,2026-05-05 07:55:54.520524
2512,a0,150.4634,150.3671,2026-05-05 07:57:56.971487
2513,a1,102.0732,102.0524,2026-05-05 07:57:57.284557
2514,a2,157.8293,157.823,2026-05-05 07:57:57.550041
2515,a3,167.5366,167.445,2026-05-05 07:57:57.860909
2517,a0,150.2683,150.3501,2026-05-05 08:00:00.701008
2518,a1,102.1463,102.1115,2026-05-05 08:00:01.081533
2519,a2,157.8293,157.8928,2026-05-05 08:00:01.375541
2520,a3,167.6098,167.4763,2026-05-05 08:00:01.673467
2522,a0,150.439,150.3746,2026-05-05 08:02:04.439517
2523,a1,102.0,102.0602,2026-05-05 08:02:04.739897
2524,a2,157.8537,157.8998,2026-05-05 08:02:05.012472
2525,a3,167.439,167.4635,2026-05-05 08:02:05.288022
2527,a0,150.439,150.3588,2026-05-05 08:04:09.641961
2528,a1,102.0488,102.0497,2026-05-05 08:04:09.952417
2529,a2,157.8781,157.904,2026-05-05 08:04:10.221414
2530,a3,167.561,167.464,2026-05-05 08:04:10.507445
2532,a0,150.4878,150.3996,2026-05-05 08:06:12.944443
2533,a1,92.65854,98.14771,2026-05-05 08:06:13.211971
2534,a2,158.1219,157.8766,2026-05-05 08:06:13.499241
2535,a3,167.3902,167.4796,2026-05-05 08:06:13.762671
2537,a0,150.1951,150.361,2026-05-05 08:08:16.441253
2538,a1,85.19512,90.28775,2026-05-05 08:08:16.758877
2539,a2,158.1707,157.9512,2026-05-05 08:08:17.044580
2540,a3,167.4878,167.48,2026-05-05 08:08:17.363991
2542,a0,150.2195,150.3539,2026-05-05 08:10:19.731669
2543,a1,84.78049,90.01238,2026-05-05 08:10:20.034776
2546,a0,150.1219,150.0891,2026-05-05 08:12:24.013538
2547,a1,82.2683,82.88925,2026-05-05 08:12:24.306150
2548,a2,157.9512,157.9523,2026-05-05 08:12:24.575551
2549,a3,167.3902,167.4946,2026-05-05 08:12:24.846802
2551,a0,150.0488,150.0871,2026-05-05 08:14:27.665844
2552,a1,82.2439,82.85699,2026-05-05 08:14:27.954458
2553,a2,158.0488,157.9572,2026-05-05 08:14:28.219807
2554,a3,167.4146,167.4906,2026-05-05 08:14:28.488092
2556,a0,149.9024,149.9578,2026-05-05 08:16:31.927846
2557,a1,82.46342,82.03593,2026-05-05 08:16:32.236593
2558,a2,157.7073,157.9053,2026-05-05 08:16:32.530885
2559,a3,167.4634,167.4813,2026-05-05 08:16:32.800607
2561,a0,149.9512,149.9574,2026-05-05 08:18:36.419180
2562,a1,82.46342,82.0573,2026-05-05 08:18:36.707966
2563,a2,157.9512,157.9077,2026-05-05 08:18:37.026869
2564,a3,167.5366,167.4841,2026-05-05 08:18:37.289042
2566,a0,149.7805,149.8067,2026-05-05 08:20:41.186146
2567,a1,83.19512,82.52183,2026-05-05 08:20:41.496405
2568,a2,158.0,157.8965,2026-05-05 08:20:41.917999
2569,a3,167.3415,167.4036,2026-05-05 08:20:42.319588
2571,a0,149.9024,149.8114,2026-05-05 08:22:44.978900
2572,a1,83.31707,82.56159,2026-05-05 08:22:45.298328
2573,a2,158.0976,157.9065,2026-05-05 08:22:45.633521
2574,a3,167.439,167.4054,2026-05-05 08:22:45.955108
2576,a0,149.7561,149.7249,2026-05-05 08:24:49.217891
2577,a1,84.7561,84.33417,2026-05-05 08:24:49.553585
2578,a2,158.0,157.9514,2026-05-05 08:24:49.837417
2579,a3,167.2439,167.3969,2026-05-05 08:24:50.107602
2581,a0,149.7073,149.724,2026-05-05 08:26:52.934087
2582,a1,84.68293,84.3516,2026-05-05 08:26:53.241783
2583,a2,158.0244,157.955,2026-05-05 08:26:53.524674
2584,a3,167.3659,167.3954,2026-05-05 08:26:53.813218
2586,a0,149.7317,149.7389,2026-05-05 08:28:58.560164
2587,a1,83.7561,83.80116,2026-05-05 08:28:59.047538
2588,a2,157.8049,157.9498,2026-05-05 08:28:59.325602
2589,a3,167.3415,167.3417,2026-05-05 08:28:59.584331
2591,a0,149.7073,149.7374,2026-05-05 08:31:02.019740
2592,a1,83.68293,83.79525,2026-05-05 08:31:02.351061
2593,a2,157.9512,157.9499,2026-05-05 08:31:02.636357
2594,a3,167.4146,167.3453,2026-05-05 08:31:02.912254
2596,a0,149.7805,149.7426,2026-05-05 08:33:06.673978
2597,a1,85.43903,84.95404,2026-05-05 08:33:06.938729
2598,a2,158.0,157.9403,2026-05-05 08:33:07.256031
2599,a3,167.4146,167.3683,2026-05-05 08:33:07.576497
2601,a0,149.7805,149.7445,2026-05-05 08:35:09.991616
2602,a1,85.43903,84.97829,2026-05-05 08:35:10.280605
2603,a2,157.8049,157.9335,2026-05-05 08:35:10.546026
2604,a3,167.3659,167.3681,2026-05-05 08:35:10.807986
2606,a0,149.7317,149.7438,2026-05-05 08:37:14.077843
2607,a1,85.53658,85.0062,2026-05-05 08:37:14.348863
2610,a0,149.561,149.6607,2026-05-05 08:39:21.963505
2611,a1,80.85366,83.88348,2026-05-05 08:39:22.281775
2612,a2,157.7805,157.951,2026-05-05 08:39:22.568571
2613,a3,167.3902,167.3776,2026-05-05 08:39:22.846558
2615,a0,149.5122,149.6533,2026-05-05 08:41:25.427118
2616,a1,80.80488,83.72955,2026-05-05 08:41:25.802179
2617,a2,157.8781,157.9474,2026-05-05 08:41:26.151979
2618,a3,167.4634,167.3819,2026-05-05 08:41:26.471704
2620,a0,149.6585,149.5961,2026-05-05 08:43:30.300684
2621,a1,85.0,83.73465,2026-05-05 08:43:30.595993
2622,a2,157.7805,157.9474,2026-05-05 08:43:30.846605
2623,a3,167.3171,167.3646,2026-05-05 08:43:31.095155
2625,a0,149.6098,149.5968,2026-05-05 08:45:33.909839
2626,a1,85.09756,83.80279,2026-05-05 08:45:34.181176
2627,a2,157.7073,157.9354,2026-05-05 08:45:34.484000
2628,a3,167.3902,167.3659,2026-05-05 08:45:34.749948
2630,a0,149.8049,149.6823,2026-05-05 08:47:39.223220
2631,a1,87.78049,87.00662,2026-05-05 08:47:39.631563
2632,a2,158.0,157.9465,2026-05-05 08:47:39.902940
2633,a3,167.2195,167.3809,2026-05-05 08:47:40.174474
2635,a0,149.7073,149.6835,2026-05-05 08:49:43.025706
2636,a1,87.95122,87.05385,2026-05-05 08:49:43.319042
2637,a2,158.0732,157.9529,2026-05-05 08:49:43.622678
2638,a3,167.3171,167.3777,2026-05-05 08:49:43.905967
2640,a0,149.6585,149.6676,2026-05-05 08:51:47.491988
2641,a1,88.82927,88.56659,2026-05-05 08:51:47.801054
2642,a2,158.0244,157.9536,2026-05-05 08:51:48.072835
2643,a3,167.3659,167.3905,2026-05-05 08:51:48.333897
2645,a0,149.7073,149.6696,2026-05-05 08:53:51.209033
2646,a1,88.82927,88.57973,2026-05-05 08:53:51.489096
2647,a2,157.8781,157.9498,2026-05-05 08:53:51.789598
2648,a3,167.3902,167.3904,2026-05-05 08:53:52.086672
2650,a0,149.5122,149.5014,2026-05-05 08:56:57.186421
2651,a1,89.90244,89.61019,2026-05-05 08:56:57.528702
2652,a2,157.8781,157.9238,2026-05-05 08:56:57.868015
2653,a3,167.2683,167.3548,2026-05-05 08:56:58.168836
2655,a0,149.5122,149.5019,2026-05-05 08:59:00.694010
2656,a1,89.92683,89.62602,2026-05-05 08:59:01.016417
2657,a2,157.9756,157.9159,2026-05-05 08:59:01.353294
2658,a3,167.4146,167.368,2026-05-05 08:59:01.658594
2660,a0,149.4146,149.3804,2026-05-05 09:01:07.948286
2661,a1,90.90244,90.67949,2026-05-05 09:01:08.262398
2662,a2,158.0488,157.9512,2026-05-05 09:01:08.555545
2663,a3,167.2439,167.3518,2026-05-05 09:01:09.424401
2665,a0,149.4634,149.3846,2026-05-05 09:03:12.413120
2666,a1,90.90244,90.69064,2026-05-05 09:03:12.744591
2667,a2,158.0244,157.9548,2026-05-05 09:03:13.028451
2668,a3,167.4878,167.3586,2026-05-05 09:03:13.296101
2670,a0,149.3171,149.1821,2026-05-05 09:05:16.565895
2671,a1,91.87805,91.66947,2026-05-05 09:05:16.845163
2672,a2,157.8537,157.9303,2026-05-05 09:05:17.124649
2673,a3,167.3171,167.336,2026-05-05 09:05:17.396289
2675,a0,149.3171,149.1889,2026-05-05 09:07:19.968613
2676,a1,91.82927,91.67746,2026-05-05 09:07:20.251241
2677,a2,157.8293,157.9253,2026-05-05 09:07:20.512392
2678,a3,167.2927,167.3338,2026-05-05 09:07:20.782211
2680,a0,149.3659,149.2715,2026-05-05 09:09:23.368585
2681,a1,92.19512,91.94264,2026-05-05 09:09:23.936097
2682,a2,157.7805,157.9078,2026-05-05 09:09:24.343820
2683,a3,167.2927,167.3275,2026-05-05 09:09:24.629530
2685,a0,149.439,149.4078,2026-05-05 09:11:27.168479
2686,a1,92.43903,92.25057,2026-05-05 09:11:27.520838
2687,a2,157.8537,157.9051,2026-05-05 09:11:27.837767
2688,a3,167.3902,167.3306,2026-05-05 09:11:28.147119
2690,a0,149.5122,149.413,2026-05-05 09:13:31.452266
2691,a1,92.58537,92.26731,2026-05-05 09:13:31.768570
2692,a2,157.919,0.0,2026-05-05 09:13:32.037938
2693,a3,167.3659,167.3296,2026-05-05 09:13:32.343265
2695,a0,149.4634,149.5014,2026-05-05 09:15:35.846035
2696,a1,93.58537,93.42482,2026-05-05 09:15:36.158542
2697,a2,157.8537,157.92,2026-05-05 09:15:36.556617
2698,a3,167.2927,167.3133,2026-05-05 09:15:36.816756
2700,a0,149.4634,149.4995,2026-05-05 09:17:39.436768
2701,a1,93.51219,93.42918,2026-05-05 09:17:39.701676
2702,a2,157.9756,157.9228,2026-05-05 09:17:39.973071
2703,a3,167.2439,167.3099,2026-05-05 09:17:40.266983
2705,a0,149.561,149.5375,2026-05-05 09:19:44.767848
2706,a1,93.80488,93.81292,2026-05-05 09:19:45.061264
2707,a2,157.9024,157.8954,2026-05-05 09:19:45.314397
2708,a3,167.2683,167.2798,2026-05-05 09:19:45.746123
2710,a0,149.4878,149.535,2026-05-05 09:21:48.430470
2711,a1,93.87805,93.81618,2026-05-05 09:21:48.920844
2712,a2,157.7805,157.8897,2026-05-05 09:21:49.181897
2713,a3,167.3171,167.2816,2026-05-05 09:21:49.464578
2715,a0,149.4146,149.529,2026-05-05 09:23:51.999297
2716,a1,93.80488,93.81561,2026-05-05 09:23:52.274847
2717,a2,15.0,167.2565,2026-05-05 09:23:52.537724
2719,a0,149.561,149.553,2026-05-05 09:25:55.659857
2720,a1,94.07317,94.02125,2026-05-05 09:25:55.967804
2721,a2,157.9512,157.9052,2026-05-05 09:25:56.270545
2722,a3,167.1219,167.2202,2026-05-05 09:25:56.553062
2724,a0,149.5122,149.5509,2026-05-05 09:27:59.302021
2725,a1,93.95122,94.01775,2026-05-05 09:27:59.693094
2726,a2,157.7561,157.8978,2026-05-05 09:27:59.961207
2727,a3,167.2683,167.2226,2026-05-05 09:28:00.326391
2729,a0,149.7317,149.6657,2026-05-05 09:30:03.875540
2730,a1,94.0,93.96681,2026-05-05 09:30:04.166925
2731,a2,157.7805,157.906,2026-05-05 09:30:04.415532
2732,a3,167.2439,167.2527,2026-05-05 09:30:04.685791
2734,a0,149.8293,149.6739,2026-05-05 09:32:08.045353
2735,a1,94.12195,93.97457,2026-05-05 09:32:08.310594
2736,a2,158.0976,157.9156,2026-05-05 09:32:08.582741
2737,a3,167.2683,167.2535,2026-05-05 09:32:09.216526
2739,a0,149.9268,149.6865,2026-05-05 09:34:12.077885
2740,a1,94.12195,93.98194,2026-05-05 09:34:12.335625
2741,a2,54.0,0.0,2026-05-05 09:34:12.639444
2743,a0,149.9512,149.8843,2026-05-05 09:34:20.070023
2744,a1,94.56097,94.42686,2026-05-05 09:34:20.333014
2745,a2,157.6829,157.922,2026-05-05 09:34:20.604661
2746,a3,167.2195,167.2439,2026-05-05 09:34:20.868401
2748,a0,149.9756,149.8889,2026-05-05 09:36:23.218704
2749,a1,94.58537,94.43478,2026-05-05 09:36:23.514552
2750,a2,157.8293,157.9173,2026-05-05 09:36:23.787829
2751,a3,167.1463,167.239,2026-05-05 09:36:24.061304
2753,a0,150.1951,150.0728,2026-05-05 09:38:30.071337
2754,a1,95.36585,95.06384,2026-05-05 09:38:30.484585
2755,a2,157.8293,157.9197,2026-05-05 09:38:30.860174
2756,a3,167.3415,167.279,2026-05-05 09:38:31.160730
2758,a0,150.0488,150.1221,2026-05-05 09:40:58.265278
2759,a1,95.2683,95.24685,2026-05-05 09:40:58.531392
2760,a2,157.9512,157.9113,2026-05-05 09:40:59.017426
2761,a3,167.1707,167.2593,2026-05-05 09:40:59.316218
2763,a0,150.0976,150.173,2026-05-05 09:43:05.734694
2764,a1,95.34146,95.30499,2026-05-05 09:43:06.043920
2765,a2,157.8049,157.9455,2026-05-05 09:43:06.336726
2766,a3,167.1951,167.2119,2026-05-05 09:43:06.614908
2768,a0,150.0976,150.1693,2026-05-05 09:45:11.559079
2769,a1,95.21951,95.30071,2026-05-05 09:45:11.868699
2770,a2,158.0732,157.9519,2026-05-05 09:45:12.175953
2771,a3,167.2439,167.2135,2026-05-05 09:45:12.466536
2773,a0,150.2195,150.2039,2026-05-05 09:47:21.905084
2774,a1,95.07317,95.11097,2026-05-05 09:47:22.270188
2775,a2,157.9268,157.9294,2026-05-05 09:47:22.523931
2776,a3,167.1707,167.2242,2026-05-05 09:47:22.951566
2778,a0,150.2439,150.2059,2026-05-05 09:49:25.435820
2779,a1,94.92683,95.10176,2026-05-05 09:49:25.779465
2780,a2,158.0,157.9329,2026-05-05 09:49:26.099324
2781,a3,167.2195,167.224,2026-05-05 09:49:26.421749
2783,a0,150.0976,150.1738,2026-05-05 09:51:32.052402
2784,a1,94.7317,94.72694,2026-05-05 09:51:32.351617
2785,a2,158.2195,157.9412,2026-05-05 09:51:32.627421
2786,a3,167.3415,167.2458,2026-05-05 09:51:32.907803
2788,a0,150.1463,150.1725,2026-05-05 09:53:35.360317
2789,a1,94.68293,94.72473,2026-05-05 09:53:35.768787
2790,a2,158.1463,157.9515,2026-05-05 09:53:36.113979
2791,a3,167.1463,167.2408,2026-05-05 09:53:36.395189
2793,a0,150.0488,150.1319,2026-05-05 09:55:40.930877
2794,a1,94.80488,94.67328,2026-05-05 09:55:41.220847
2795,a2,158.0,157.919,2026-05-05 09:55:41.540890
2796,a3,167.2439,167.2493,2026-05-05 09:55:42.132289
2798,a0,150.2195,150.1362,2026-05-05 09:57:44.911304
2799,a1,94.68293,94.67376,2026-05-05 09:57:45.229450
2800,a2,157.9268,157.9194,2026-05-05 09:57:45.649495
2801,a3,167.3415,167.2539,2026-05-05 09:57:45.966680
2803,a0,150.1463,150.1367,2026-05-05 09:59:48.671400
2804,a1,94.70731,94.67544,2026-05-05 09:59:49.105516
2805,a2,7.1827,0.0,2026-05-05 09:59:49.385936
2807,a0,150.2195,150.1713,2026-05-05 10:01:56.117624
2808,a1,95.17073,95.07655,2026-05-05 10:01:56.411226
2809,a2,157.8293,157.8951,2026-05-05 10:01:56.690255
2810,a3,167.2927,167.1569,2026-05-05 10:01:56.955829
2812,a0,150.1951,150.1725,2026-05-05 10:03:59.899810
2813,a1,95.29269,95.08735,2026-05-05 10:04:00.142509
2814,a2,157.9756,157.8991,2026-05-05 10:04:00.422496
2815,a3,167.1219,167.1551,2026-05-05 10:04:00.788338
2817,a0,150.0488,150.1052,2026-05-05 10:07:07.875715
2818,a1,82.36585,82.61419,2026-05-05 10:07:08.182824
2819,a2,157.9024,157.8909,2026-05-05 10:07:08.464504
2820,a3,167.2683,167.2492,2026-05-05 10:07:09.120499
2822,a0,150.0488,150.1024,2026-05-05 10:09:47.903203
2823,a1,82.46342,82.60665,2026-05-05 10:09:48.191300
2824,a2,157.7561,157.8842,2026-05-05 10:09:48.529729
2825,a3,167.2195,167.2477,2026-05-05 10:09:48.958879
2827,a0,149.9268,150.0936,2026-05-05 10:11:51.839842
2828,a1,82.63415,82.60802,2026-05-05 10:11:52.154325
2829,a2,31.0,0.0,2026-05-05 10:11:52.540361
2831,a0,150.2927,150.1544,2026-05-05 10:14:26.476007
2832,a1,90.07317,88.96486,2026-05-05 10:14:26.908866
2833,a2,157.8049,157.8977,2026-05-05 10:14:27.239623
2834,a3,167.2439,167.1913,2026-05-05 10:14:27.570667
2836,a0,149.9512,150.1442,2026-05-05 10:16:30.037420
2837,a1,90.12195,89.02271,2026-05-05 10:16:30.315402
2838,a2,83.0,167.19,2026-05-05 10:16:30.618132
2840,a0,150.1219,150.1455,2026-05-05 10:18:33.580478
2841,a1,90.36585,89.35962,2026-05-05 10:18:33.915277
2842,a2,157.9512,157.9306,2026-05-05 10:18:34.178435
2843,a3,167.292762,0.0,2026-05-05 10:18:34.461466
2845,a0,150.3902,150.2977,2026-05-05 10:20:37.293601
2846,a1,89.36585,91.05408,2026-05-05 10:20:37.549744
2847,a2,157.8293,157.9348,2026-05-05 10:20:37.863918
2848,a3,0.0,167.0631,2026-05-05 10:20:38.128459
2850,a0,150.5366,150.4391,2026-05-05 10:22:40.559938
2851,a1,78.58537,84.24203,2026-05-05 10:22:40.835030
2852,a2,157.9756,157.9449,2026-05-05 10:22:41.115330
2853,a3,167.0488,167.0624,2026-05-05 10:22:41.369177
2855,a0,150.561,150.5348,2026-05-05 10:24:45.640283
2856,a1,79.0,77.99651,2026-05-05 10:24:45.989840
2857,a2,157.9268,157.9486,2026-05-05 10:24:46.292282
2858,a3,167.0976,167.1223,2026-05-05 10:24:46.565175
2860,a0,150.5366,150.5349,2026-05-05 10:26:48.980382
2861,a1,79.09756,78.05156,2026-05-05 10:26:49.389211
2862,a2,157.8537,157.9438,2026-05-05 10:26:49.644814
2863,a3,167.2439,167.1284,2026-05-05 10:26:49.901693
2865,a0,150.6829,150.5894,2026-05-05 10:28:53.969625
2866,a1,87.70731,85.01714,2026-05-05 10:28:54.279865
2867,a2,157.9512,158.0016,2026-05-05 10:28:54.558335
2868,a3,167.0976,167.1792,2026-05-05 10:28:54.878432
2870,a0,150.7317,150.5965,2026-05-05 10:30:57.643634
2871,a1,87.70731,85.15165,2026-05-05 10:30:57.893795
2872,a2,157.9268,157.9978,2026-05-05 10:30:58.184067
2873,a3,167.1951,167.18,2026-05-05 10:30:58.443263
2875,a0,150.6341,150.6381,2026-05-05 10:33:01.113661
2876,a1,90.17073,88.2522,2026-05-05 10:33:01.388249
2877,a2,157.9512,157.9589,2026-05-05 10:33:01.703480
2878,a3,167.1219,167.1955,2026-05-05 10:33:01.998388
2880,a0,150.6341,150.6737,2026-05-05 10:35:04.408192
2881,a1,91.7561,90.45653,2026-05-05 10:35:04.711730
2882,a2,157.9512,158.0007,2026-05-05 10:35:05.005338
2883,a3,167.1951,167.186,2026-05-05 10:35:05.412763
2885,a0,150.7561,150.6572,2026-05-05 10:37:13.436660
2886,a1,93.68293,93.01727,2026-05-05 10:37:13.751736
2887,a2,158.0244,157.9561,2026-05-05 10:37:14.040961
2888,a3,167.2195,167.2366,2026-05-05 10:37:14.321259
2890,a0,150.6098,150.6548,2026-05-05 10:39:17.188631
2891,a1,93.70731,93.05177,2026-05-05 10:39:17.538751
2892,a2,158.0244,157.9595,2026-05-05 10:39:17.857554
2893,a3,167.2439,167.237,2026-05-05 10:39:18.222410
2895,a0,150.6341,150.6537,2026-05-05 10:41:20.756826
2896,a1,93.68293,93.08332,2026-05-05 10:41:21.064666
2897,a2,1.2322,0.0,2026-05-05 10:41:21.395709
2899,a0,150.7561,150.6577,2026-05-05 10:43:26.464213
2900,a1,94.58537,94.60873,2026-05-05 10:43:26.762546
2901,a2,158.1463,158.0026,2026-05-05 10:43:27.112065
2902,a3,167.1219,167.2173,2026-05-05 10:43:27.503063
2904,a0,150.6829,150.659,2026-05-05 10:45:30.933119
2905,a1,94.41463,94.59902,2026-05-05 10:45:31.274694
2906,a2,158.0488,158.0049,2026-05-05 10:45:31.637566
2907,a3,167.0732,167.2101,2026-05-05 10:45:31.995326
2909,a0,150.7561,150.687,2026-05-05 10:47:35.027931
2910,a1,94.2683,94.01678,2026-05-05 10:47:35.367267
2911,a2,157.9512,158.0068,2026-05-05 10:47:35.672997
2912,a3,167.3171,167.2188,2026-05-05 10:47:35.966978
2914,a0,150.6098,150.6832,2026-05-05 10:49:38.461877
2915,a1,94.29269,94.03058,2026-05-05 10:49:38.939688
2916,a2,157.9024,158.0016,2026-05-05 10:49:39.311658
2917,a3,167.1951,167.2176,2026-05-05 10:49:39.698327
2919,a0,150.7073,150.6844,2026-05-05 10:51:42.588039
2920,a1,94.19512,94.0388,2026-05-05 10:51:42.903591
2923,a0,150.5122,150.5442,2026-05-05 10:53:50.442172
2924,a1,95.48781,95.18667,2026-05-05 10:53:50.745800
2925,a2,158.1951,158.0371,2026-05-05 10:53:51.067314
2926,a3,167.2683,167.2688,2026-05-05 10:53:51.335898
2928,a0,150.5366,150.5439,2026-05-05 10:55:53.832495
2929,a1,95.46342,95.20051,2026-05-05 10:55:54.144681
2930,a2,158.0244,158.0365,2026-05-05 10:55:54.447139
2931,a3,167.1951,167.2651,2026-05-05 10:55:54.735664
2933,a0,150.5854,150.4999,2026-05-05 10:59:00.995296
2934,a1,95.80488,95.69482,2026-05-05 10:59:01.289877
2935,a2,158.0,157.9852,2026-05-05 10:59:01.586312
2936,a3,167.3902,167.2983,2026-05-05 10:59:01.860542
2938,a0,150.6341,150.5315,2026-05-05 11:01:04.284017
2939,a1,95.7317,95.7421,2026-05-05 11:01:04.597018
2940,a2,158.0732,157.9896,2026-05-05 11:01:04.903353
2941,a3,167.2683,167.2968,2026-05-05 11:01:05.168198
2943,a0,150.5366,150.5318,2026-05-05 11:03:07.577675
2944,a1,95.7317,95.74158,2026-05-05 11:03:07.824301
2946,a0,150.3659,150.4552,2026-05-05 11:05:12.862570
2947,a1,96.39024,96.25144,2026-05-05 11:05:13.174454
2948,a2,157.7317,158.0148,2026-05-05 11:05:13.483955
2949,a3,167.2927,167.271,2026-05-05 11:05:13.761161
2951,a0,150.3415,150.4495,2026-05-05 11:07:16.180600
2952,a1,96.51219,96.26447,2026-05-05 11:07:16.448767
2953,a2,157.9512,158.0117,2026-05-05 11:07:16.694422
2954,a3,167.1951,167.2672,2026-05-05 11:07:16.994063
2956,a0,150.4146,150.4478,2026-05-05 11:09:19.745286
2957,a1,96.48781,96.27563,2026-05-05 11:09:20.033147
2958,a2,611.0,0.0,2026-05-05 11:09:20.296017
2960,a0,150.5122,150.5194,2026-05-05 11:11:23.400534
2961,a1,96.7317,96.79391,2026-05-05 11:11:23.698065
2962,a2,158.1463,158.0617,2026-05-05 11:11:24.000474
2963,a3,167.3659,167.303,2026-05-05 11:11:24.277740
2965,a0,150.561,150.5215,2026-05-05 11:13:26.672927
2966,a1,96.80488,96.79445,2026-05-05 11:13:26.961433
2967,a2,158.0488,158.061,2026-05-05 11:13:27.236197
2968,a3,167.2195,167.2988,2026-05-05 11:13:27.523271
2970,a0,150.6829,150.5296,2026-05-05 11:15:30.095617
2971,a1,96.82927,96.79619,2026-05-05 11:15:30.374174
2973,a0,150.6098,150.5669,2026-05-05 11:17:34.122108
2974,a1,97.29269,97.09727,2026-05-05 11:17:34.407775
2975,a2,158.0732,158.0273,2026-05-05 11:17:34.729484
2976,a3,167.3171,167.3393,2026-05-05 11:17:35.022496
2978,a0,150.5854,150.5678,2026-05-05 11:19:37.497764
2979,a1,97.2439,97.10461,2026-05-05 11:19:37.824130
2980,a2,157.9024,158.021,2026-05-05 11:19:38.112208
2981,a3,167.3902,167.3419,2026-05-05 11:19:38.401148
2983,a0,150.5122,150.565,2026-05-05 11:21:41.349627
2984,a1,97.41463,97.12011,2026-05-05 11:21:41.831629
2986,a0,150.4634,150.5425,2026-05-05 11:23:49.366082
2987,a1,97.19512,97.26334,2026-05-05 11:23:49.693541
2988,a2,158.1951,158.0776,2026-05-05 11:23:50.009066
2989,a3,167.4146,167.3628,2026-05-05 11:23:50.334258
2991,a0,150.3902,150.5349,2026-05-05 11:25:52.881042
2992,a1,97.2683,97.26358,2026-05-05 11:25:53.205233
2993,a2,157.8537,158.0664,2026-05-05 11:25:53.621192
2994,a3,167.3171,167.3605,2026-05-05 11:25:53.920314
2996,a0,150.4146,150.5289,2026-05-05 11:27:56.935981
2997,a1,97.19512,97.26015,2026-05-05 11:27:57.306627
2998,a2,158.0732,158.0202,2026-05-05 11:27:57.672834
2999,a3,167.4146,167.3852,2026-05-05 11:27:57.971500
3001,a0,150.7073,150.5959,2026-05-05 11:30:04.075347
3002,a1,97.58537,97.53284,2026-05-05 11:30:04.360686
3003,a2,158.1463,158.0876,2026-05-05 11:30:04.696377
3004,a3,167.4146,167.3489,2026-05-05 11:30:04.966871
3006,a0,150.561,150.5941,2026-05-05 11:32:07.491643
3007,a1,97.56097,97.53426,2026-05-05 11:32:07.792263
3008,a2,158.1219,158.0893,2026-05-05 11:32:08.087701
3009,a3,167.3415,167.3485,2026-05-05 11:32:08.323894
3011,a0,150.6341,150.5961,2026-05-05 11:34:11.392596
3012,a1,97.56097,97.53559,2026-05-05 11:34:11.658142
3013,a2,1.0,0.0,2026-05-05 11:34:11.927957
3015,a0,150.561,150.6324,2026-05-05 11:36:14.464436
3016,a1,97.1,0.0,2026-05-05 11:36:14.748434
3017,a0,150.6098,150.6572,2026-05-05 11:38:17.236477
3018,a1,98.21951,98.0274,2026-05-05 11:38:17.536471
3019,a2,158.2195,158.0582,2026-05-05 11:38:17.823853
3020,a3,167.2683,167.34,2026-05-05 11:38:18.102653
3022,a0,150.6341,150.6614,2026-05-05 11:40:20.829229
3023,a1,98.09756,158.0557,2026-05-05 11:40:21.172270
3024,a3,167.4146,167.3835,2026-05-05 11:40:21.452698
3026,a0,150.7561,150.7068,2026-05-05 11:42:23.927698
3027,a1,97.78049,97.93208,2026-05-05 11:42:24.248900
3028,a2,157.9756,158.0517,2026-05-05 11:42:24.515874
3029,a3,167.4878,167.3887,2026-05-05 11:42:24.785070
3031,a0,150.7561,150.7092,2026-05-05 11:44:27.229483
3032,a1,97.85366,97.92815,2026-05-05 11:44:27.489638
3035,a0,150.4634,150.6553,2026-05-05 11:46:31.154978
3036,a1,97.7317,97.83105,2026-05-05 11:46:31.447560
3037,a2,158.0244,158.0459,2026-05-05 11:46:31.769747
3038,a3,167.3415,167.3178,2026-05-05 11:46:32.046590
3040,a0,150.6341,150.5862,2026-05-05 11:48:36.330519
3041,a1,97.70731,97.77179,2026-05-05 11:48:36.614619
3042,a2,157.9512,158.0327,2026-05-05 11:48:36.917785
3043,a3,167.4146,167.348,2026-05-05 11:48:37.197539
3045,a0,150.6098,150.5874,2026-05-05 11:50:39.902558
3046,a1,97.7317,97.76979,2026-05-05 11:50:40.184419
3047,a2,157.9756,158.0299,2026-05-05 11:50:40.454685
3048,a3,167.3171,167.3464,2026-05-05 11:50:40.749483
3050,a0,150.6098,150.5885,2026-05-05 11:52:43.829587
3051,a1,97.63415,97.76301,2026-05-05 11:52:44.131419
3053,a3,167.2195,167.3277,2026-05-05 11:52:44.668409
3055,a0,150.3902,150.4899,2026-05-05 11:54:47.491782
3056,a1,97.95122,97.75544,2026-05-05 11:54:47.932423
3057,a2,158.6585,158.1271,2026-05-05 11:54:48.236315
3058,a3,167.8293,167.4949,2026-05-05 11:54:48.508282
3060,a0,150.9024,150.6652,2026-05-05 11:56:51.455017
3061,a1,97.95122,97.76523,2026-05-05 11:56:51.737429
3062,a2,158.7317,158.1574,2026-05-05 11:56:52.053666
3063,a3,167.6829,167.5043,2026-05-05 11:56:52.339198
3065,a0,151.0976,150.6869,2026-05-05 11:58:55.143927
3066,a1,97.95122,97.77453,2026-05-05 11:58:55.452321
3067,a2,0.0,0.0,2026-05-05 11:58:55.764528
3068,a3,167.3415,167.3225,2026-05-05 11:58:56.033400
3070,a0,150.4146,150.4611,2026-05-05 12:00:58.925664
3071,a1,97.60976,97.67644,2026-05-05 12:00:59.207330
3072,a2,157.8293,157.9924,2026-05-05 12:00:59.466627
3073,a3,167.4878,167.347,2026-05-05 12:00:59.722144
3075,a0,150.6341,150.5751,2026-05-05 12:03:04.591947
3076,a1,97.7561,97.66953,2026-05-05 12:03:04.868727
3077,a2,158.0,157.9853,2026-05-05 12:03:05.169069
3078,a3,167.439,167.3493,2026-05-05 12:03:05.458969
3080,a0,150.6585,150.5793,2026-05-05 12:05:56.857023
3081,a1,97.87805,97.67995,2026-05-05 12:05:57.145074
3082,a2,157.7805,157.975,2026-05-05 12:05:57.438115
3083,a3,167.2927,167.3465,2026-05-05 12:05:57.730771
3085,a0,150.7561,150.671,2026-05-05 12:08:02.989245
3086,a1,98.36585,98.0786,2026-05-05 12:08:03.310793
3087,a2,157.9756,158.0334,2026-05-05 12:08:03.722609
3088,a3,167.4634,167.3937,2026-05-05 12:08:04.033604
3090,a0,150.7073,150.6728,2026-05-05 12:10:06.542616
3091,a1,98.2683,98.08808,2026-05-05 12:10:06.829602
3092,a2,158.0488,158.0342,2026-05-05 12:10:07.142067
3093,a3,167.3171,167.3899,2026-05-05 12:10:07.418646
3095,a0,150.8293,150.6605,2026-05-05 12:12:12.037616
3096,a1,98.2439,98.21077,2026-05-05 12:12:12.350223
3097,a2,158.0,158.0342,2026-05-05 12:12:12.646274
3098,a3,167.4146,167.378,2026-05-05 12:12:12.934610
3100,a0,150.6585,150.6604,2026-05-05 12:14:15.664028
3101,a1,98.02439,98.20145,2026-05-05 12:14:15.948647
3102,a2,158.0732,158.0362,2026-05-05 12:14:16.218881
3103,a3,167.439,167.381,2026-05-05 12:14:16.527364
3105,a0,150.6829,150.6615,2026-05-05 12:16:19.372894
3106,a1,98.09756,98.19626,2026-05-05 12:16:19.739154
3108,a3,167.2683,167.3448,2026-05-05 12:16:20.286407
3110,a0,150.5122,150.6219,2026-05-05 12:18:27.335327
3111,a1,97.60976,97.74049,2026-05-05 12:18:27.644599
3112,a2,157.8537,158.0159,2026-05-05 12:18:27.925239
3113,a3,167.2683,167.3309,2026-05-05 12:18:28.349554
3115,a0,150.6098,150.6212,2026-05-05 12:20:30.867148
3116,a1,97.78049,97.74249,2026-05-05 12:20:31.171239
3117,a2,158.0732,158.0188,2026-05-05 12:20:31.463598
3118,a3,167.3659,167.3326,2026-05-05 12:20:31.760784
3120,a0,150.6098,150.6207,2026-05-05 12:22:34.216114
3121,a1,97.90244,97.75048,2026-05-05 12:22:34.519634
3122,a2,4.0,0.0,2026-05-05 12:22:34.792062
3123,a3,167.3902,167.328,2026-05-05 12:22:35.075472
3125,a0,150.9024,150.6418,2026-05-05 12:23:20.278388
3126,a1,98.31707,98.03331,2026-05-05 12:23:20.595641
3127,a2,158.3902,158.0882,2026-05-05 12:23:20.911406
3128,a3,167.0976,167.3722,2026-05-05 12:23:21.219127
3130,a0,145.439,151.6565,2026-05-05 14:27:14.452737
3131,a1,97.19512,97.46024,2026-05-05 14:27:14.719210
3132,a2,156.9756,204.878,2026-05-05 14:27:14.972329
3133,a3,167.3171,167.3396,2026-05-05 14:27:15.268351
3135,a0,145.4634,151.3469,2026-05-05 14:29:17.973272
3136,a1,97.46342,97.4604,2026-05-05 14:29:18.274448
3137,a2,156.8049,202.4744,2026-05-05 14:29:18.543431
3138,a3,167.1951,167.3324,2026-05-05 14:29:18.916801
3140,a0,147.0488,147.9155,2026-05-05 14:31:25.617929
3141,a1,97.0,94.88179,2026-05-05 14:31:25.948567
3142,a2,156.9268,156.4298,2026-05-05 14:31:26.225667
3143,a3,167.2927,165.625,2026-05-05 14:31:26.480391
3145,a0,147.2195,147.8807,2026-05-05 14:33:29.606732
3146,a1,96.92683,94.98405,2026-05-05 14:33:29.927675
3147,a2,156.6829,156.4424,2026-05-05 14:33:30.206229
3148,a3,167.2927,165.7084,2026-05-05 14:33:30.504512
3150,a0,147.2927,147.4514,2026-05-05 14:35:33.304153
3151,a1,97.48781,96.70855,2026-05-05 14:35:33.604298
3153,a0,147.4878,147.5206,2026-05-05 14:37:36.042313
3154,a1,95.39024,96.78621,2026-05-05 14:37:36.339689
3155,a2,156.6585,156.7531,2026-05-05 14:37:36.613000
3156,a3,167.3171,167.1945,2026-05-05 14:37:36.909019
3158,a0,147.9024,147.7672,2026-05-05 14:39:43.245146
3159,a1,95.43903,95.29701,2026-05-05 14:39:43.566316
3160,a2,156.6341,156.7564,2026-05-05 14:39:43.885125
3161,a3,167.2439,167.2986,2026-05-05 14:39:44.157765
3163,a0,147.8781,147.7727,2026-05-05 14:41:46.775207
3164,a1,95.2683,95.29557,2026-05-05 14:41:47.111604
3165,a2,156.7073,156.7539,2026-05-05 14:41:47.464924
3166,a3,167.1951,167.2934,2026-05-05 14:41:47.789269
3168,a0,147.8781,147.8159,2026-05-05 14:43:51.891231
3169,a1,95.63415,95.63973,2026-05-05 14:43:52.207536
3170,a2,156.7073,156.7239,2026-05-05 14:43:52.496839
3171,a3,167.439,167.3664,2026-05-05 14:43:52.799765
3173,a0,147.9512,147.8227,2026-05-05 14:45:55.497042
3174,a1,95.53658,95.63457,2026-05-05 14:45:55.812597
3175,a2,156.6829,156.7219,2026-05-05 14:45:56.105844
3176,a3,167.3171,167.364,2026-05-05 14:45:56.398575
3178,a0,148.5122,148.2254,2026-05-05 14:48:00.212433
3179,a1,96.34146,96.00596,2026-05-05 14:48:00.529891
3180,a2,156.5854,156.7427,2026-05-05 14:48:00.802508
3181,a3,167.2683,167.379,2026-05-05 14:48:01.089618
3183,a0,148.4146,148.2348,2026-05-05 14:50:03.572621
3184,a1,96.43903,96.02761,2026-05-05 14:50:03.826877
3185,a2,156.8537,156.7483,2026-05-05 14:50:04.082706
3186,a3,167.3659,167.3783,2026-05-05 14:50:04.419550
3188,a0,148.6341,148.5686,2026-05-05 14:52:09.417733
3189,a1,96.97561,96.89389,2026-05-05 14:52:09.874738
3190,a2,156.7561,156.7389,2026-05-05 14:52:10.165788
3191,a3,167.439,167.3806,2026-05-05 14:52:10.459537
3193,a0,148.6098,148.5706,2026-05-05 14:54:12.927248
3194,a1,96.90244,96.89432,2026-05-05 14:54:13.207394
3195,a2,156.5854,156.7312,2026-05-05 14:54:13.487938
3196,a3,167.5122,167.3872,2026-05-05 14:54:13.808330
3198,a0,148.8049,148.8413,2026-05-05 14:56:18.017632
3199,a1,96.78049,96.81261,2026-05-05 14:56:18.339720
3200,a2,156.7805,156.7669,2026-05-05 14:56:18.646539
3201,a3,167.439,167.3965,2026-05-05 14:56:19.030298
3203,a0,148.8781,148.8432,2026-05-05 14:58:21.878092
3204,a1,96.68293,96.80613,2026-05-05 14:58:22.207861
3205,a2,156.8293,156.77,2026-05-05 14:58:22.509451
3206,a3,167.3659,167.3949,2026-05-05 14:58:22.798021
3208,a0,149.1219,148.9763,2026-05-05 15:00:25.345540
3209,a1,96.58537,96.71223,2026-05-05 15:00:25.621032
3210,a2,156.7561,167.447,2026-05-05 15:00:25.912663
3212,a0,149.1463,149.0987,2026-05-05 15:02:28.462701
3213,a1,96.41463,96.48422,2026-05-05 15:02:28.929217
3214,a2,156.6585,156.7932,2026-05-05 15:02:29.248791
3215,a3,167.5854,167.4539,2026-05-05 15:02:29.569993
3217,a0,149.3171,149.3075,2026-05-05 15:04:35.371451
3218,a1,96.60976,96.42825,2026-05-05 15:04:35.721057
3219,a2,157.0488,156.7599,2026-05-05 15:04:36.132598
3220,a3,167.5366,167.4193,2026-05-05 15:04:36.505215
3222,a0,149.2195,149.3031,2026-05-05 15:06:39.234559
3223,a1,96.41463,96.42757,2026-05-05 15:06:39.665531
3224,a2,156.6829,156.7561,2026-05-05 15:06:40.064303
3225,a3,167.5122,167.424,2026-05-05 15:06:40.430171
3227,a0,149.4878,149.3526,2026-05-05 15:08:44.153311
3228,a1,96.82927,96.81895,2026-05-05 15:08:44.482697
3229,a2,156.6585,156.7482,2026-05-05 15:08:44.746342
3230,a3,167.439,167.4463,2026-05-05 15:08:44.999879
3232,a0,149.3415,149.3521,2026-05-05 15:10:47.640899
3233,a1,96.92683,96.82434,2026-05-05 15:10:47.901687
3234,a2,156.8293,156.7523,2026-05-05 15:10:48.213067
3235,a3,167.4146,167.4447,2026-05-05 15:10:48.519855
3237,a0,149.439,149.3564,2026-05-05 15:12:51.522145
3238,a1,96.87805,96.82703,2026-05-05 15:12:51.812461
3239,a2,1.0,0.0,2026-05-05 15:12:52.141169
3241,a0,149.5366,149.4879,2026-05-05 15:14:54.947604
3242,a1,97.0,96.99679,2026-05-05 15:14:55.273667
3244,a0,149.5366,149.5284,2026-05-05 15:16:57.951794
3245,a1,97.09756,97.02756,2026-05-05 15:16:58.241974
3246,a2,156.9024,156.7881,2026-05-05 15:16:58.530501
3247,a3,167.5122,167.4586,2026-05-05 15:16:58.918883
3249,a0,149.5854,149.5076,2026-05-05 15:19:03.285656
3250,a1,97.04878,97.15146,2026-05-05 15:19:03.600646
3251,a2,156.7317,156.777,2026-05-05 15:19:03.913392
3252,a3,167.4146,167.4717,2026-05-05 15:19:04.194603
3254,a0,149.439,149.5041,2026-05-05 15:21:06.724824
3255,a1,97.2439,97.15608,2026-05-05 15:21:07.153044
3256,a2,156.8293,156.7796,2026-05-05 15:21:07.486643
3257,a3,167.561,167.4762,2026-05-05 15:21:07.772223
3259,a0,149.6341,149.5106,2026-05-05 15:23:10.845364
3260,a1,97.21951,97.15926,2026-05-05 15:23:11.161155
3262,a3,167.4634,167.4503,2026-05-05 15:23:11.776512
3264,a0,149.2683,149.4199,2026-05-05 15:25:19.024357
3265,a1,97.31707,97.263,2026-05-05 15:25:19.369387
3266,a2,156.7805,156.7703,2026-05-05 15:25:19.686780
3267,a3,167.4878,167.4646,2026-05-05 15:25:19.974159
3269,a0,149.1951,149.4086,2026-05-05 15:27:22.521231
3270,a1,97.29269,97.26448,2026-05-05 15:27:22.849864
3271,a2,156.8293,156.7732,2026-05-05 15:27:23.129096
3272,a3,167.561,167.4694,2026-05-05 15:27:23.396284
3274,a0,149.2439,149.4004,2026-05-05 15:29:26.076919
3275,a1,97.39024,97.27077,2026-05-05 15:29:26.423722
3276,a2,157.439,167.4816,2026-05-05 15:29:26.744541
3278,a0,149.2439,149.2907,2026-05-05 15:31:29.334275
3279,a1,97.19512,97.25233,2026-05-05 15:31:29.725653
3280,a2,156.6585,156.7886,2026-05-05 15:31:30.004228
3281,a3,167.4634,167.4817,2026-05-05 15:31:30.328908
3283,a0,148.2927,148.4783,2026-05-05 15:33:36.487812
3284,a1,96.12195,96.24791,2026-05-05 15:33:36.795903
3285,a2,156.8049,156.7691,2026-05-05 15:33:37.037183
3286,a3,167.4146,167.4582,2026-05-05 15:33:37.285142
3288,a0,148.1463,148.4617,2026-05-05 15:35:40.210515
3289,a1,96.14634,96.24284,2026-05-05 15:35:40.523960
3290,a2,156.7561,156.7684,2026-05-05 15:35:40.828813
3291,a3,167.3902,167.4548,2026-05-05 15:35:41.114091
3293,a0,148.3415,148.4557,2026-05-05 15:37:43.993405
3294,a1,96.29269,96.24533,2026-05-05 15:37:44.301690
3295,a2,0.0,167.4741,2026-05-05 15:37:44.572852
3297,a0,147.439,147.6461,2026-05-05 15:39:51.401800
3298,a1,96.60976,96.45551,2026-05-05 15:39:51.717704
3299,a2,156.6585,156.7657,2026-05-05 15:39:52.042407
3300,a3,167.3902,167.4247,2026-05-05 15:39:52.329288
3302,a0,147.3902,147.6333,2026-05-05 15:41:54.923353
3303,a1,96.43903,96.45469,2026-05-05 15:41:55.215102
3304,a2,156.6098,156.7579,2026-05-05 15:41:55.504838
3305,a3,167.439,167.4254,2026-05-05 15:41:55.768148
3307,a0,147.2927,147.2802,2026-05-05 15:44:00.104761
3308,a1,95.82927,96.16514,2026-05-05 15:44:00.430516
3309,a2,156.7561,156.7455,2026-05-05 15:44:00.749833
3310,a3,167.4634,167.4416,2026-05-05 15:44:01.018095
3312,a0,147.2439,147.2784,2026-05-05 15:46:03.478441
3313,a1,95.7317,96.14346,2026-05-05 15:46:03.748615
3314,a2,156.6341,156.74,2026-05-05 15:46:04.112102
3315,a3,167.4634,167.4426,2026-05-05 15:46:04.380202
3317,a0,147.1219,147.2706,2026-05-05 15:48:07.091295
3318,a1,95.41463,96.10702,2026-05-05 15:48:07.388807
3321,a0,147.0,147.0939,2026-05-05 15:50:10.042281
3322,a1,94.92683,95.18321,2026-05-05 15:50:10.349242
3323,a2,156.8293,156.7708,2026-05-05 15:50:10.625330
3324,a3,167.4146,167.4524,2026-05-05 15:50:10.901039
3326,a0,146.8537,146.9199,2026-05-05 15:52:13.404758
3327,a1,2.964,0.0,2026-05-05 15:52:13.700447
3328,a0,146.7561,146.7938,2026-05-05 15:54:16.003858
3329,a1,96.17073,95.6622,2026-05-05 15:54:16.294815
3330,a2,156.9512,156.7799,2026-05-05 15:54:16.554774
3331,a3,167.4634,167.4451,2026-05-05 15:54:16.836964
3333,a0,1.0,167.4123,2026-05-05 15:56:19.332128
3335,a0,146.5854,146.523,2026-05-05 15:58:24.231832
3336,a1,84.90244,84.94946,2026-05-05 15:58:24.546773
3337,a2,156.9268,156.7524,2026-05-05 15:58:24.867062
3338,a3,167.439,167.427,2026-05-05 15:58:25.162457
3340,a0,146.4878,146.5213,2026-05-05 16:00:28.152569
3341,a1,85.04878,84.95442,2026-05-05 16:00:28.563767
3342,a2,156.8781,156.7587,2026-05-05 16:00:29.059336
3343,a3,167.4878,167.4301,2026-05-05 16:00:29.361804
3345,a0,146.4634,146.5184,2026-05-05 16:02:31.890229
3346,a1,84.85366,84.94939,2026-05-05 16:02:32.258979
3348,a3,167.5122,167.444,2026-05-05 16:02:32.808226
3350,a0,146.3902,146.4795,2026-05-05 16:04:35.610924
3351,a1,85.63415,85.29775,2026-05-05 16:04:35.888345
3352,a2,156.6829,156.7437,2026-05-05 16:04:36.138854
3353,a3,167.3902,167.4226,2026-05-05 16:04:36.394965
3355,a0,147.2927,146.8545,2026-05-05 16:06:42.076273
3356,a1,86.87805,86.24145,2026-05-05 16:06:42.442231
3357,a2,156.4878,156.7395,2026-05-05 16:06:42.718766
3358,a3,167.5366,167.4266,2026-05-05 16:06:42.982412
3360,a0,147.2683,146.8752,2026-05-05 16:08:45.404696
3361,a1,86.90244,86.2745,2026-05-05 16:08:45.681170
3362,a2,156.8781,156.7464,2026-05-05 16:08:45.979802
3363,a3,167.2439,167.4174,2026-05-05 16:08:46.238838
3365,a0,147.9024,147.7641,2026-05-05 16:10:49.956896
3366,a1,89.34146,88.45005,2026-05-05 16:10:50.277201
3367,a2,156.8781,156.7591,2026-05-05 16:10:50.560229
3368,a3,167.3902,167.4374,2026-05-05 16:10:50.846749
3370,a0,147.9756,147.7747,2026-05-05 16:12:53.668957
3371,a1,89.36585,88.49584,2026-05-05 16:12:54.013615
3372,a2,156.8781,156.7651,2026-05-05 16:12:54.349553
3373,a3,167.4634,167.4387,2026-05-05 16:12:54.681290
3375,a0,148.6341,148.445,2026-05-05 16:14:59.018049
3376,a1,89.12195,88.81785,2026-05-05 16:14:59.308340
3377,a2,156.7073,156.7632,2026-05-05 16:14:59.575389
3378,a3,167.6341,167.4545,2026-05-05 16:15:00.067546
3380,a0,148.7561,148.4605,2026-05-05 16:17:02.527007
3381,a1,89.0,88.82695,2026-05-05 16:17:02.830253
3382,a2,156.8049,156.7652,2026-05-05 16:17:03.085734
3383,a3,167.439,167.4537,2026-05-05 16:17:03.353504
3385,a0,149.0488,148.8833,2026-05-05 16:19:07.609413
3386,a1,88.04878,88.61008,2026-05-05 16:19:07.897261
3387,a2,156.8293,156.79,2026-05-05 16:19:08.160010
3388,a3,167.5366,167.4742,2026-05-05 16:19:08.449626
3390,a0,149.0732,148.8927,2026-05-05 16:21:11.494853
3391,a1,87.92683,88.57591,2026-05-05 16:21:11.796817
3392,a2,156.7073,156.7859,2026-05-05 16:21:12.068260
3393,a3,167.5122,167.4761,2026-05-05 16:21:12.381080
3395,a0,149.0732,149.1162,2026-05-05 16:23:16.135977
3396,a1,89.90244,89.33776,2026-05-05 16:23:16.412255
3397,a2,156.7805,156.8051,2026-05-05 16:23:16.678791
3398,a3,167.2927,167.4324,2026-05-05 16:23:17.011290
3400,a0,149.1707,149.119,2026-05-05 16:25:19.960072
3401,a1,89.97561,89.36965,2026-05-05 16:25:20.796843
3402,a2,156.9268,156.8112,2026-05-05 16:25:21.056952
3403,a3,167.3902,167.4303,2026-05-05 16:25:21.342587
3405,a0,149.5366,149.4232,2026-05-05 16:27:25.109823
3406,a1,91.58537,91.09698,2026-05-05 16:27:25.367551
3407,a2,156.9024,156.8106,2026-05-05 16:27:25.684037
3408,a3,167.561,167.4788,2026-05-05 16:27:26.035645
3410,a0,149.4634,149.4252,2026-05-05 16:29:28.720009
3411,a1,91.68293,91.12627,2026-05-05 16:29:29.149863
3412,a2,156.6585,156.803,2026-05-05 16:29:29.461565
3413,a3,167.4878,167.4792,2026-05-05 16:29:29.758424
3415,a0,149.5122,149.5635,2026-05-05 16:31:33.850058
3416,a1,92.46342,92.38691,2026-05-05 16:31:34.154840
3417,a2,156.8293,156.8282,2026-05-05 16:31:34.477378
3418,a3,167.5366,167.4955,2026-05-05 16:31:34.820019
3420,a0,149.5366,149.5621,2026-05-05 16:33:37.634525
3421,a1,92.58537,92.39683,2026-05-05 16:33:37.944744
3422,a2,156.6585,156.8197,2026-05-05 16:33:38.347870
3423,a3,167.4634,167.4939,2026-05-05 16:33:38.613523
3425,a0,149.6341,149.7168,2026-05-05 16:35:42.774015
3426,a1,93.41463,93.07013,2026-05-05 16:35:43.121191
3427,a2,156.8049,156.8293,2026-05-05 16:35:43.399565
3428,a3,167.5366,167.5296,2026-05-05 16:35:43.688884
3430,a0,149.6829,149.7151,2026-05-05 16:37:46.341401
3431,a1,93.39024,93.08613,2026-05-05 16:37:46.677518
3432,a2,156.8537,156.8305,2026-05-05 16:37:46.995559
3433,a3,167.4634,167.5262,2026-05-05 16:37:47.339674
3435,a0,149.8049,149.8048,2026-05-05 16:39:51.057500
3436,a1,93.78049,93.67358,2026-05-05 16:39:51.373359
3437,a2,156.8537,156.8621,2026-05-05 16:39:51.704803
3438,a3,167.5366,167.5548,2026-05-05 16:39:52.063593
3440,a0,149.8781,149.8084,2026-05-05 16:41:54.777313
3441,a1,93.36585,93.65819,2026-05-05 16:41:55.098060
3442,a2,156.8537,156.8617,2026-05-05 16:41:55.415434
3443,a3,167.439,167.549,2026-05-05 16:41:55.742983
3445,a0,150.1463,149.9892,2026-05-05 16:44:00.139064
3446,a1,92.85366,92.6678,2026-05-05 16:44:00.445615
3447,a2,156.9024,156.9203,2026-05-05 16:44:00.785621
3448,a3,167.6098,167.6144,2026-05-05 16:44:01.095930
3450,a0,150.1219,149.9958,2026-05-05 16:46:03.608716
3451,a1,92.85366,92.67709,2026-05-05 16:46:03.885742
3452,a2,157.0976,156.9292,2026-05-05 16:46:04.162214
3453,a3,167.5854,167.6129,2026-05-05 16:46:04.437712
3455,a0,150.1219,150.0021,2026-05-05 16:48:07.290855
3456,a1,92.95122,92.6908,2026-05-05 16:48:07.650710
3457,a2,1.0,167.599,2026-05-05 16:48:07.938670
3459,a0,150.0,150.0241,2026-05-05 16:50:15.072074
3460,a1,93.68293,93.61259,2026-05-05 16:50:15.360642
3461,a2,156.7317,156.8644,2026-05-05 16:50:15.784371
3462,a3,167.5366,167.5849,2026-05-05 16:50:16.082362
3464,a0,150.1463,150.0302,2026-05-05 16:52:18.516445
3465,a1,93.65854,93.61489,2026-05-05 16:52:19.017764
3466,a2,156.8049,156.8614,2026-05-05 16:52:19.346019
3467,a3,167.6341,167.5873,2026-05-05 16:52:19.760878
3469,a0,150.0976,150.0336,2026-05-05 16:54:22.536368
3470,a1,93.58537,93.61341,2026-05-05 16:54:22.846110
3473,a0,150.0488,149.941,2026-05-05 16:56:30.769303
3474,a1,92.43903,92.7232,2026-05-05 16:56:31.060078
3475,a2,157.0244,156.9177,2026-05-05 16:56:31.371912
3476,a3,167.6829,167.6215,2026-05-05 16:56:31.649815
3478,a0,149.9512,149.9415,2026-05-05 16:58:34.212260
3479,a1,92.48781,92.71143,2026-05-05 16:58:34.534280
3480,a2,157.0732,156.9255,2026-05-05 16:58:34.827506
3481,a3,167.6829,167.6245,2026-05-05 16:58:35.145348
3483,a0,149.8781,150.0298,2026-05-05 17:00:38.947457
3484,a1,92.97561,92.96059,2026-05-05 17:00:39.230648
3485,a2,156.7805,156.9476,2026-05-05 17:00:39.507272
3486,a3,167.6341,167.683,2026-05-05 17:00:39.791098
3488,a0,149.8537,150.0209,2026-05-05 17:02:42.786192
3489,a1,93.04878,92.965,2026-05-05 17:02:43.066599
3490,a2,157.0,156.9503,2026-05-05 17:02:43.482611
3491,a3,167.6341,167.6805,2026-05-05 17:02:43.757493
3493,a0,150.0244,149.9995,2026-05-05 17:04:46.236706
3494,a1,93.34146,93.20279,2026-05-05 17:04:46.531267
3495,a2,156.7317,156.931,2026-05-05 17:04:47.010815
3496,a3,167.0,167.6484,2026-05-05 17:04:47.282834
3498,a0,150.2195,150.0494,2026-05-05 17:06:50.055069
3499,a1,93.95122,93.54552,2026-05-05 17:06:50.310003
3500,a2,156.9024,156.94,2026-05-05 17:06:50.568809
3501,a3,167.7317,167.6526,2026-05-05 17:06:50.827042
3503,a0,150.2195,150.1011,2026-05-05 17:08:56.419927
3504,a1,94.56097,94.40533,2026-05-05 17:08:56.729370
3505,a2,156.9268,156.9732,2026-05-05 17:08:56.991393
3506,a3,167.8293,167.6881,2026-05-05 17:08:57.283437
3508,a0,150.2927,150.1107,2026-05-05 17:11:00.065351
3509,a1,94.46342,94.40823,2026-05-05 17:11:00.370340
3510,a2,156.8537,156.9672,2026-05-05 17:11:00.680429
3511,a3,167.6829,167.6879,2026-05-05 17:11:00.958620
3513,a0,150.2927,150.1536,2026-05-05 17:13:34.645801
3514,a1,95.19512,94.74187,2026-05-05 17:13:34.938036
3515,a2,156.9268,156.9813,2026-05-05 17:13:35.212944
3516,a3,167.7805,167.6902,2026-05-05 17:13:35.487984
3518,a0,150.3415,150.176,2026-05-05 17:15:38.155064
3519,a1,95.53658,95.2720236395,2026-05-05 17:15:38.478353
3520,a2,156.8049,156.9389,2026-05-05 17:15:38.820836
3521,a3,167.7805,167.7069,2026-05-05 17:15:39.193686
3523,a0,150.2683,150.2885,2026-05-05 17:17:45.418767
3524,a1,96.48781,96.20251,2026-05-05 17:17:45.723390
3525,a2,157.0,156.937,2026-05-05 17:17:45.998027
3526,a3,167.6829,167.7166,2026-05-05 17:17:46.291846
3528,a0,150.4878,150.2984,2026-05-05 17:19:49.021031
3529,a1,96.58537,96.22166,2026-05-05 17:19:49.288254
3530,a2,156.8781,156.934,2026-05-05 17:19:49.593989
3531,a3,167.7317,167.7173,2026-05-05 17:19:49.857637
3533,a0,150.1951,150.304,2026-05-05 17:21:54.023800
3534,a1,96.31707,96.30606,2026-05-05 17:21:54.301747
3535,a2,156.8781,156.9635,2026-05-05 17:21:54.609436
3536,a3,167.8781,167.7355,2026-05-05 17:21:54.875615
3538,a0,150.2683,150.3022,2026-05-05 17:23:57.313919
3539,a1,96.46342,96.31393,2026-05-05 17:23:57.627038
3540,a2,156.9512,156.9629,2026-05-05 17:23:57.895526
3541,a3,167.7317,167.7353,2026-05-05 17:23:58.174887
3543,a0,150.3415,150.3706,2026-05-05 17:26:02.543888
3544,a1,96.29269,96.33093,2026-05-05 17:26:02.810510
3545,a2,157.0976,156.9915,2026-05-05 17:26:03.071432
3546,a3,167.7805,167.7528,2026-05-05 17:26:03.326238
3548,a0,150.2927,150.3667,2026-05-05 17:28:08.263898
3549,a1,96.31707,96.33024,2026-05-05 17:28:08.595843
3550,a2,156.9268,156.9882,2026-05-05 17:28:09.321665
3551,a3,167.7073,167.7505,2026-05-05 17:28:09.950602
3553,a0,150.561,150.4371,2026-05-05 17:30:15.525886
3554,a1,96.80488,96.63599,2026-05-05 17:30:15.805559
3555,a2,156.9756,157.0413,2026-05-05 17:30:16.100194
3556,a3,167.7805,167.797,2026-05-05 17:30:16.374621
3558,a0,150.5366,150.442,2026-05-05 17:32:18.922694
3559,a1,96.68293,96.63834,2026-05-05 17:32:19.295910
3560,a2,156.9756,157.038,2026-05-05 17:32:19.570220
3561,a3,167.8537,167.7999,2026-05-05 17:32:19.869567
3563,a0,150.561,150.4923,2026-05-05 17:34:22.492794
3564,a1,97.0,96.88074,2026-05-05 17:34:22.762721
3565,a2,157.1707,157.0895,2026-05-05 17:34:23.063751
3566,a3,167.7805,167.8326,2026-05-05 17:34:23.351130
3568,a0,150.4146,150.4384,2026-05-05 17:36:25.775103
3569,a1,96.95122,96.99072,2026-05-05 17:36:26.139010
3570,a2,156.9512,157.0826,2026-05-05 17:36:26.430292
3571,a3,167.7805,167.83,2026-05-05 17:36:26.700640
3573,a0,150.1951,150.0804,2026-05-05 17:38:32.710033
3574,a1,97.17073,97.00677,2026-05-05 17:38:32.981614
3575,a2,157.0488,157.0808,2026-05-05 17:38:33.251133
3576,a3,167.8049,167.8112,2026-05-05 17:38:33.569349
3578,a0,150.2195,150.0873,2026-05-05 17:40:36.221287
3579,a1,97.17073,97.01497,2026-05-05 17:40:36.539944
3580,a2,157.2683,157.0902,2026-05-05 17:40:36.841648
3581,a3,167.8049,167.8109,2026-05-05 17:40:37.088647
3583,a0,150.3902,150.3028,2026-05-05 17:42:39.655704
3584,a1,97.21951,97.19891,2026-05-05 17:42:39.974723
3585,a2,157.0,157.0869,2026-05-05 17:42:40.274383
3586,a3,167.9512,167.8734,2026-05-05 17:42:40.559696
3588,a0,150.4634,150.4657,2026-05-05 17:44:42.915270
3589,a1,97.36585,97.25086,2026-05-05 17:44:43.193617
3590,a2,157.2439,157.0948,2026-05-05 17:44:43.589220
3591,a3,167.8537,167.8724,2026-05-05 17:44:43.882275
3593,a0,150.7805,150.5982,2026-05-05 17:46:50.110513
3594,a1,97.2683,97.39073,2026-05-05 17:46:50.402344
3595,a2,157.2195,157.0686,2026-05-05 17:46:50.664231
3596,a3,167.8781,167.8493,2026-05-05 17:46:50.940839
3598,a0,150.7073,150.6036,2026-05-05 17:48:53.286813
3599,a1,97.29269,97.38583,2026-05-05 17:48:53.572058
3600,a2,157.1463,157.0725,2026-05-05 17:48:53.829627
3601,a3,167.7317,167.8434,2026-05-05 17:48:54.115693
3603,a0,150.7073,150.645,2026-05-05 17:50:58.532173
3604,a1,97.34146,97.51372,2026-05-05 17:50:58.865789
3605,a2,157.2439,157.0982,2026-05-05 17:50:59.258953
3606,a3,167.9512,167.8828,2026-05-05 17:50:59.536007
3608,a0,150.8537,150.6554,2026-05-05 17:53:02.286355
3609,a1,97.39024,97.50755,2026-05-05 17:53:02.572929
3610,a2,156.9268,157.0896,2026-05-05 17:53:02.852879
3611,a3,167.8049,167.8789,2026-05-05 17:53:03.097813
3613,a0,150.5854,150.6563,2026-05-05 17:55:05.529065
3614,a1,97.70731,97.54852,2026-05-05 17:55:05.803121
3615,a2,157.1951,157.1422,2026-05-05 17:55:06.058963
3616,a3,168.0,167.8998,2026-05-05 17:55:06.312194
3618,a0,150.8293,150.6819,2026-05-05 17:57:09.345018
3619,a1,98.21951,97.84884,2026-05-05 17:57:09.850682
3620,a2,157.1219,157.1411,2026-05-05 17:57:10.107949
3621,a3,168.0488,167.9072,2026-05-05 17:57:10.400828
3623,a0,150.8049,150.7382,2026-05-05 17:59:13.373194
3624,a1,98.2439,98.10387,2026-05-05 17:59:13.702749
3625,a2,156.9756,157.2445,2026-05-05 17:59:14.017406
3626,a3,167.8049,168.035,2026-05-05 17:59:14.334209
3628,a0,150.6829,150.7638,2026-05-05 18:01:16.776452
3629,a1,97.95122,98.14413,2026-05-05 18:01:17.092785
3630,a2,156.9756,157.2311,2026-05-05 18:01:17.401024
3631,a3,167.9268,168.0296,2026-05-05 18:01:17.666303
3633,a0,150.8049,150.7875,2026-05-05 18:03:23.912757
3634,a1,72.53658,80.16304,2026-05-05 18:03:24.204030
3635,a2,157.1951,157.1973,2026-05-05 18:03:24.531685
3636,a3,168.0,167.9967,2026-05-05 18:03:24.856158
3638,a0,150.9512,150.7957,2026-05-05 18:05:27.969908
3639,a1,72.58537,79.78415,2026-05-05 18:05:28.363089
3640,a2,157.0244,157.1886,2026-05-05 18:05:28.633393
3641,a3,168.0732,168.0005,2026-05-05 18:05:29.064071
3643,a0,150.7561,150.7498,2026-05-05 18:07:32.465525
3644,a1,73.04878,72.5992,2026-05-05 18:07:32.746079
3645,a2,157.3659,157.14,2026-05-05 18:07:33.039575
3646,a3,167.8781,167.9997,2026-05-05 18:07:33.325628
3648,a0,150.7805,150.7513,2026-05-05 18:09:35.879736
3649,a1,73.2683,72.63265,2026-05-05 18:09:36.199413
3650,a2,157.3415,157.15,2026-05-05 18:09:36.527668
3651,a3,167.9512,167.9973,2026-05-05 18:09:36.813992
3653,a0,150.6829,150.7402,2026-05-05 18:11:41.276109
3654,a1,75.46342,74.6517,2026-05-05 18:11:41.848039
3655,a2,157.3415,157.1629,2026-05-05 18:11:42.222251
3656,a3,168.0244,167.9819,2026-05-05 18:11:42.669626
3658,a0,150.7073,150.7385,2026-05-05 18:13:45.178825
3659,a1,75.48781,74.6935,2026-05-05 18:13:45.516160
3660,a2,157.1219,157.1608,2026-05-05 18:13:45.807578
3661,a3,168.0976,167.9877,2026-05-05 18:13:46.068870
3663,a0,150.6585,150.7211,2026-05-05 18:15:49.664624
3664,a1,79.29269,77.33587,2026-05-05 18:15:49.989436
3665,a2,157.2683,157.1441,2026-05-05 18:15:50.271779
3666,a3,168.0244,168.0095,2026-05-05 18:15:50.574642
3668,a0,150.5854,150.7144,2026-05-05 18:17:53.557644
3669,a1,79.41463,77.43981,2026-05-05 18:17:53.884279
3670,a2,157.3171,157.1528,2026-05-05 18:17:54.162059
3671,a3,168.0,168.009,2026-05-05 18:17:54.425982
3673,a0,150.7805,150.7053,2026-05-05 18:19:56.891545
3674,a1,76.19512,77.64992,2026-05-05 18:19:57.168658
3675,a2,157.2195,157.1702,2026-05-05 18:19:57.446764
3676,a3,168.0,167.9855,2026-05-05 18:19:57.750921
3678,a0,150.561,150.7403,2026-05-05 18:22:00.206867
3679,a1,80.65854,78.69973,2026-05-05 18:22:00.503756
3680,a2,157.2927,157.1669,2026-05-05 18:22:00.827539
3681,a3,167.9756,167.9674,2026-05-05 18:22:01.159387
3683,a0,150.7805,150.7419,2026-05-05 18:24:07.057884
3684,a1,83.43903,82.76465,2026-05-05 18:24:07.316920
3685,a2,157.0732,157.1855,2026-05-05 18:24:07.584721
3686,a3,168.0244,167.9944,2026-05-05 18:24:07.860374
3688,a0,150.7805,150.7438,2026-05-05 18:26:10.245376
3689,a1,83.46342,82.79958,2026-05-05 18:26:10.508498
3690,a2,157.3171,157.192,2026-05-05 18:26:10.760513
3691,a3,168.0488,167.9971,2026-05-05 18:26:11.074789
3693,a0,150.8293,150.8657,2026-05-05 18:28:15.372873
3694,a1,84.36585,83.84921,2026-05-05 18:28:15.662684
3695,a2,157.2195,157.2427,2026-05-05 18:28:15.950112
3696,a3,168.0976,168.0303,2026-05-05 18:28:16.226506
3698,a0,150.9024,150.8675,2026-05-05 18:30:19.211600
3699,a1,84.39024,83.87627,2026-05-05 18:30:19.519280
3700,a2,157.1219,157.2366,2026-05-05 18:30:19.783023
3701,a3,168.0732,168.0324,2026-05-05 18:30:20.070186
3703,a0,150.7317,150.848,2026-05-05 18:32:24.443830
3704,a1,86.17073,85.588,2026-05-05 18:32:24.734700
3705,a2,157.2439,157.2387,2026-05-05 18:32:25.059881
3706,a3,167.9756,168.0528,2026-05-05 18:32:25.328344
3708,a0,151.0,150.8556,2026-05-05 18:34:28.160378
3709,a1,86.21951,85.61957,2026-05-05 18:34:28.483725
3710,a2,157.2927,157.2414,2026-05-05 18:34:28.969777
3711,a3,167.9756,168.049,2026-05-05 18:34:29.301912
3713,a0,150.8537,150.8611,2026-05-05 18:36:33.074400
3714,a1,87.65854,87.3008,2026-05-05 18:36:33.875103
3715,a2,157.0244,157.2277,2026-05-05 18:36:34.195077
3716,a3,167.9268,168.0536,2026-05-05 18:36:34.478096
3718,a0,150.8293,150.8595,2026-05-05 18:38:36.855001
3719,a1,87.63415,87.31746,2026-05-05 18:38:37.134935
3720,a2,157.0244,157.2175,2026-05-05 18:38:37.425502
3721,a3,168.2683,168.0643,2026-05-05 18:38:37.742071
3723,a0,150.9268,150.8833,2026-05-05 18:41:43.107267
3724,a1,89.51219,88.86146,2026-05-05 18:41:43.401753
3725,a2,157.3415,157.2914,2026-05-05 18:41:43.665499
3726,a3,168.1951,168.095,2026-05-05 18:41:43.928025
3728,a0,150.8293,150.8622,2026-05-05 18:43:51.040172
3729,a1,90.02439,89.8809,2026-05-05 18:43:51.335768
3730,a2,157.2683,157.2387,2026-05-05 18:43:51.595416
3731,a3,168.0488,168.07,2026-05-05 18:43:51.886635
3733,a0,150.8293,150.8606,2026-05-05 18:45:54.320391
3734,a1,90.07317,89.89051,2026-05-05 18:45:54.583439
3735,a2,157.2683,157.2402,2026-05-05 18:45:54.871569
3736,a3,168.1219,168.0726,2026-05-05 18:45:55.137543
3738,a0,150.9268,150.9513,2026-05-05 18:47:59.661631
3739,a1,91.31707,90.73513,2026-05-05 18:47:59.926659
3740,a2,157.3902,157.3015,2026-05-05 18:48:00.207159
3741,a3,168.1707,168.0956,2026-05-05 18:48:00.546806
3743,a0,151.1219,150.9598,2026-05-05 18:50:03.405852
3744,a1,91.36585,90.76666,2026-05-05 18:50:03.721994
3745,a2,157.4634,157.3095,2026-05-05 18:50:03.995654
3746,a3,168.0244,168.092,2026-05-05 18:50:04.277580
3748,a0,151.0732,150.9781,2026-05-05 18:52:07.120552
3749,a1,91.53658,91.37237,2026-05-05 18:52:07.498179
3750,a2,0.0,157.4039,2026-05-05 18:52:07.927266
3751,a3,167.6829,168.1889,2026-05-05 18:52:08.197842
3753,a0,150.6098,151.0674,2026-05-05 18:54:10.997362
3754,a1,92.0,91.90422,2026-05-05 18:54:11.277341
3755,a2,156.9024,157.3788,2026-05-05 18:54:11.576443
3756,a3,167.8537,168.1721,2026-05-05 18:54:11.848617
3758,a0,150.9024,150.9793,2026-05-05 18:56:14.621139
3759,a1,92.53658,92.25282,2026-05-05 18:56:14.884101
3761,a0,151.0,150.9949,2026-05-05 18:58:17.348345
3762,a1,93.21951,92.84042,2026-05-05 18:58:17.648197
3763,a2,157.1951,157.2712,2026-05-05 18:58:17.921254
3764,a3,168.0244,168.1514,2026-05-05 18:58:18.214700
3766,a0,151.0244,151.0047,2026-05-05 19:00:25.268345
3767,a1,93.51219,93.43642,2026-05-05 19:00:25.656520
3768,a2,157.2195,157.2789,2026-05-05 19:00:25.945449
3769,a3,168.1951,168.1179,2026-05-05 19:00:26.350849
3771,a0,150.9756,151.0032,2026-05-05 19:02:28.947775
3772,a1,93.63415,93.4463,2026-05-05 19:02:29.288151
3773,a2,157.2195,157.2759,2026-05-05 19:02:29.613684
3774,a3,168.0976,168.1168,2026-05-05 19:02:29.921099
3776,a0,151.2195,151.0675,2026-05-05 19:04:33.451579
3777,a1,94.17073,94.0267,2026-05-05 19:04:33.736861
3778,a2,157.561,157.331,2026-05-05 19:04:34.008263
3779,a3,168.2439,168.1709,2026-05-05 19:04:34.371340
3781,a0,151.0732,151.0678,2026-05-05 19:06:37.114661
3782,a1,94.2439,94.03756,2026-05-05 19:06:37.419960
3783,a2,157.4146,157.3352,2026-05-05 19:06:37.695377
3784,a3,168.0976,168.1672,2026-05-05 19:06:38.053381
3786,a0,151.2439,151.0766,2026-05-05 19:08:40.538029
3787,a1,94.36585,94.05397,2026-05-05 19:08:40.791186
3788,a2,157.4,157.3519,2026-05-05 19:08:41.075926
3789,a3,168.2683,168.1945,2026-05-05 19:08:41.383869
3791,a0,151.0976,151.068,2026-05-05 19:10:48.500500
3792,a1,95.31707,95.09605,2026-05-05 19:10:48.925771
3793,a2,157.4634,157.3072,2026-05-05 19:10:49.257660
3794,a3,168.0732,168.1579,2026-05-05 19:10:49.800409
3796,a0,151.1707,151.0732,2026-05-05 19:12:52.525767
3797,a1,95.31707,95.1071,2026-05-05 19:12:52.881621
3798,a2,157.2439,157.304,2026-05-05 19:12:53.166270
3799,a3,168.1463,168.1573,2026-05-05 19:12:53.433904
3801,a0,151.0488,151.0719,2026-05-05 19:14:56.263578
3802,a1,95.43903,95.1237,2026-05-05 19:14:56.622968
3805,a0,151.1219,151.0457,2026-05-05 19:18:02.598630
3806,a1,96.19512,95.89506,2026-05-05 19:18:02.895624
3807,a2,157.5366,157.3601,2026-05-05 19:18:03.164094
3808,a3,168.0732,168.1441,2026-05-05 19:18:03.478066
3810,a0,151.0976,151.0483,2026-05-05 19:20:05.898434
3811,a1,96.31707,95.91616,2026-05-05 19:20:06.179885
3812,a2,168.2195,168.1429,2026-05-05 19:20:06.432614
3814,a0,150.9756,151.0949,2026-05-05 19:22:09.625736
3815,a1,96.02439,96.06901,2026-05-05 19:22:10.039849
3817,a3,168.1707,168.1472,2026-05-05 19:22:10.611180
3819,a0,150.9512,151.0427,2026-05-05 19:24:13.620858
3820,a1,96.41463,96.34294,2026-05-05 19:24:13.938017
3821,a2,157.4146,157.3146,2026-05-05 19:24:14.214755
3822,a3,168.1707,168.1484,2026-05-05 19:24:14.508939
3824,a0,150.9024,151.0357,2026-05-05 19:26:17.072366
3825,a1,96.36585,96.34409,2026-05-05 19:26:17.365509
3826,a2,8.1463,168.1886,2026-05-05 19:26:17.646813
3828,a0,151.0,151.1329,2026-05-05 19:28:21.583630
3829,a1,95.97561,95.86868,2026-05-05 19:28:21.855637
3830,a2,157.3171,157.3509,2026-05-05 19:28:22.294347
3831,a3,168.1707,168.1935,2026-05-05 19:28:22.738512
3833,a0,151.2195,151.1373,2026-05-05 19:30:25.704694
3834,a1,95.90244,95.87036,2026-05-05 19:30:25.985646
3835,a2,157.3415,157.3505,2026-05-05 19:30:26.334138
3836,a3,168.2195,168.1948,2026-05-05 19:30:26.607204
3838,a0,151.3171,151.2508,2026-05-05 19:33:31.761284
3839,a1,96.29269,96.26629,2026-05-05 19:33:32.080532
3840,a2,157.3659,157.4349,2026-05-05 19:33:32.364196
3841,a3,168.2683,168.2848,2026-05-05 19:33:32.638784
3843,a0,151.3659,151.2565,2026-05-05 19:35:35.563677
3844,a1,96.34146,96.27004,2026-05-05 19:35:35.879232
3845,a2,157.659,168.3012,2026-05-05 19:35:36.173713
3847,a0,151.2927,151.2782,2026-05-05 19:37:39.020779
3848,a1,96.43903,96.31908,2026-05-05 19:37:39.287713
3849,a2,157.4878,157.4707,2026-05-05 19:37:39.581851
3850,a3,0.0,168.2159,2026-05-05 19:37:39.846945
3852,a0,151.1219,151.1588,2026-05-05 19:39:43.902147
3853,a1,96.31707,96.13435,2026-05-05 19:39:44.197548
3854,a2,157.3415,157.3829,2026-05-05 19:39:44.563544
3855,a3,168.2195,168.226,2026-05-05 19:39:44.833718
3857,a0,151.0732,151.1545,2026-05-05 19:41:47.849235
3858,a1,96.2439,96.13982,2026-05-05 19:41:48.288904
3859,a2,157.1707,157.3723,2026-05-05 19:41:48.565613
3860,a3,168.2683,168.2281,2026-05-05 19:41:49.023816
3862,a0,151.1219,151.1528,2026-05-05 19:43:51.767264
3863,a1,96.09756,96.13771,2026-05-05 19:43:52.061568
3864,a2,121.0,0.0,2026-05-05 19:43:52.344024
3866,a0,151.3171,151.1826,2026-05-05 19:45:55.135635
3867,a1,96.04878,96.17589,2026-05-05 19:45:55.427167
3868,a2,157.4878,157.3743,2026-05-05 19:45:55.779234
3870,a0,151.2683,151.2206,2026-05-05 19:48:02.339582
3871,a1,80.63415,84.19707,2026-05-05 19:48:02.751188
3872,a2,157.3902,157.3706,2026-05-05 19:48:03.016569
3873,a3,168.2683,168.2198,2026-05-05 19:48:03.281072
3875,a0,151.2195,151.2205,2026-05-05 19:50:05.770544
3876,a1,80.68293,84.02137,2026-05-05 19:50:06.110388
3877,a2,157.5122,157.3777,2026-05-05 19:50:06.405061
3878,a3,168.2439,168.2211,2026-05-05 19:50:06.697364
3880,a0,151.3171,151.2253,2026-05-05 19:52:09.625683
3881,a1,80.58537,83.84956,2026-05-05 19:52:09.874886
3882,a2,68.2253,0.0,2026-05-05 19:52:10.153153
3884,a0,151.4146,151.2439,2026-05-05 19:54:12.821066
3885,a1,80.48781,81.25877,2026-05-05 19:54:13.115594
3886,a2,157.3902,157.3902,2026-05-05 19:54:13.373263
3887,a3,168.1951,1.0,2026-05-05 19:54:13.670946
3889,a0,151.0732,151.2401,2026-05-05 19:56:18.925729
3890,a1,88.02439,86.33914,2026-05-05 19:56:19.243080
3891,a2,157.1951,157.3702,2026-05-05 19:56:19.515820
3892,a3,168.0976,168.2229,2026-05-05 19:56:19.797227
3894,a0,151.0976,151.233,2026-05-05 19:58:22.660440
3895,a1,88.09756,86.42706,2026-05-05 19:58:22.914450
3896,a2,157.3415,157.3688,2026-05-05 19:58:23.212010
3897,a3,168.2683,168.2252,2026-05-05 19:58:23.551992
3899,a0,151.1951,151.2311,2026-05-05 20:00:26.216260
3900,a1,88.21951,86.51668,2026-05-05 20:00:26.476677
3903,a0,151.1463,151.247,2026-05-05 20:02:29.159899
3904,a1,90.65854,89.83688,2026-05-05 20:02:29.405457
3905,a2,6.0,0.0,2026-05-05 20:02:29.647409
3906,a0,151.3659,151.2433,2026-05-05 20:04:32.144141
3907,a1,91.82927,90.96778,2026-05-05 20:04:32.457074
3908,a2,157.3171,157.3698,2026-05-05 20:04:32.725685
3909,a3,168.1707,168.2428,2026-05-05 20:04:33.060912
3911,a0,151.1219,151.2372,2026-05-05 20:06:35.652062
3912,a1,91.7317,91.00597,2026-05-05 20:06:35.927659
3914,a0,151.1707,151.2653,2026-05-05 20:08:38.315353
3915,a1,92.07317,91.72042,2026-05-05 20:08:38.603396
3916,a2,157.439,157.4076,2026-05-05 20:08:38.953509
3917,a3,168.4146,168.313,2026-05-05 20:08:39.223308
3920,a2,157.3415,157.4805,2026-05-05 20:10:42.500169
3921,a3,168.439,168.3216,2026-05-05 20:10:42.769314
3923,a0,151.3902,151.4502,2026-05-05 20:12:48.177873
3924,a1,94.02439,93.71775,2026-05-05 20:12:48.464915
3925,a2,157.5122,157.5517,2026-05-05 20:12:48.925741
3926,a3,168.4878,168.4041,2026-05-05 20:12:49.295638
3928,a0,151.2195,151.4387,2026-05-05 20:14:52.033548
3929,a1,93.97561,93.73064,2026-05-05 20:14:52.346179
3930,a2,157.5854,157.5534,2026-05-05 20:14:52.616712
3931,a3,168.3171,168.3997,2026-05-05 20:14:52.886303
3933,a0,151.1951,151.3583,2026-05-05 20:17:58.612918
3934,a1,94.43903,94.07796,2026-05-05 20:17:59.140990
3935,a2,157.5122,157.4699,2026-05-05 20:17:59.421626
3936,a3,168.2922,0.0,2026-05-05 20:17:59.722441
3938,a0,151.3171,151.3605,2026-05-05 20:20:02.275258
3939,a1,94.78049,94.4887,2026-05-05 20:20:02.570756
3940,a2,157.2195,199.0,2026-05-05 20:20:02.911347
3941,a0,151.5122,151.4043,2026-05-05 20:22:09.236593
3942,a1,94.78049,94.7716,2026-05-05 20:22:09.721637
3943,a2,157.5366,157.4787,2026-05-05 20:22:10.047109
3944,a3,168.3171,168.2666,2026-05-05 20:22:10.349358
3946,a0,151.439,151.406,2026-05-05 20:24:12.941965
3947,a1,94.82927,94.77448,2026-05-05 20:24:13.227117
3948,a2,157.3415,157.4718,2026-05-05 20:24:13.652148
3949,a3,168.3902,168.2728,2026-05-05 20:24:13.912175
3951,a0,151.4146,151.4064,2026-05-05 20:26:16.351183
3952,a1,94.85366,94.77844,2026-05-05 20:26:16.640548
3953,a2,157.3415,157.5057,2026-05-05 20:26:16.929876
3954,a3,168.1951,168.3391,2026-05-05 20:26:17.187949
3956,a0,151.2927,151.4263,2026-05-05 20:28:19.663805
3957,a1,95.34146,95.16103,2026-05-05 20:28:19.956947
3958,a2,157.2683,157.449,2026-05-05 20:28:20.236234
3959,a3,168.2439,168.319,2026-05-05 20:28:20.549337
3961,a0,151.3659,151.4061,2026-05-05 20:30:23.128705
3962,a1,95.29269,95.3157,2026-05-05 20:30:23.464445
3963,a2,157.5366,157.4534,2026-05-05 20:30:23.721406
3964,a3,168.1707,168.3116,2026-05-05 20:30:23.991428
3966,a0,151.5366,151.3996,2026-05-05 20:32:27.710636
3967,a1,95.34146,95.29458,2026-05-05 20:32:28.009155
3968,a2,157.439,157.4794,2026-05-05 20:32:28.304136
3969,a3,168.2439,168.3024,2026-05-05 20:32:28.595923
3971,a0,151.5366,151.4065,2026-05-05 20:34:31.230557
3972,a1,95.36585,95.29814,2026-05-05 20:34:31.663667
3973,a2,157.561,157.4835,2026-05-05 20:34:32.002611
3974,a3,168.2683,168.3007,2026-05-05 20:34:32.297715
3976,a0,151.4634,151.4093,2026-05-05 20:36:35.288223
3977,a1,95.39024,95.30275,2026-05-05 20:36:35.629160
3978,a2,12.0,168.3109,2026-05-05 20:36:35.952635
3980,a0,151.5122,151.4128,2026-05-05 20:38:43.318155
3981,a1,96.2439,96.14738,2026-05-05 20:38:43.632389
3982,a2,157.6829,157.5241,2026-05-05 20:38:43.949039
3983,a3,168.2927,168.3216,2026-05-05 20:38:44.244956
3985,a0,151.439,151.4141,2026-05-05 20:40:46.982610
3986,a1,96.29269,96.15464,2026-05-05 20:40:47.308490
3987,a2,157.5122,157.5235,2026-05-05 20:40:47.606383
3988,a3,168.2195,168.3165,2026-05-05 20:40:47.911909
3990,a0,151.4146,151.531,2026-05-05 20:42:51.932065
3991,a1,97.12195,96.825,2026-05-05 20:42:52.208644
3992,a2,157.4878,157.5813,2026-05-05 20:42:52.508173
3993,a3,168.4146,168.4404,2026-05-05 20:42:52.812225
3995,a0,151.5854,151.5337,2026-05-05 20:44:55.242151
3996,a1,96.87805,96.82765,2026-05-05 20:44:55.596938
3997,a2,157.5854,157.5815,2026-05-05 20:44:55.933086
3998,a3,168.4634,168.4416,2026-05-05 20:44:56.229695
4000,a0,151.6098,151.5246,2026-05-05 20:47:00.086848
4001,a1,97.12195,97.03899,2026-05-05 20:47:00.355420
4002,a2,157.6098,157.5455,2026-05-05 20:47:00.619217
4003,a3,168.3902,168.3833,2026-05-05 20:47:00.909523
4005,a0,151.6098,151.5289,2026-05-05 20:49:03.796527
4006,a1,96.95122,97.03459,2026-05-05 20:49:04.074542
4007,a2,157.439,157.5402,2026-05-05 20:49:04.369934
4008,a3,168.4146,168.3848,2026-05-05 20:49:04.630378
4010,a0,151.561,151.5305,2026-05-05 20:51:07.305082
4011,a1,97.12195,97.03896,2026-05-05 20:51:07.599314
4014,a0,151.6585,151.5423,2026-05-05 20:53:14.883699
4015,a1,97.78049,97.54526,2026-05-05 20:53:15.149792
4016,a2,157.6341,157.5579,2026-05-05 20:53:15.456099
4017,a3,168.4146,168.3945,2026-05-05 20:53:15.725295
4019,a0,151.7073,151.5506,2026-05-05 20:55:18.442771
4020,a1,97.97561,97.56677,2026-05-05 20:55:18.823672
4021,a2,157.7317,157.5666,2026-05-05 20:55:19.266831
4022,a3,168.3415,168.3918,2026-05-05 20:55:19.531724
4024,a0,151.6098,151.5535,2026-05-05 20:57:21.973264
4025,a1,97.95122,97.58599,2026-05-05 20:57:22.278980
4026,a2,9.0,0.0,2026-05-05 20:57:22.541484
4028,a0,151.439,151.5077,2026-05-05 20:59:25.580191
4029,a1,98.56097,98.5409,2026-05-05 20:59:25.850864
4030,a2,157.561,157.5061,2026-05-05 20:59:26.225269
4031,a3,168.2683,168.3789,2026-05-05 20:59:26.496714
4033,a0,151.4634,151.5055,2026-05-05 21:01:29.202259
4034,a1,98.53658,98.54068,2026-05-05 21:01:29.538585
4035,a2,157.6829,157.5149,2026-05-05 21:01:29.830322
4036,a3,168.3415,168.377,2026-05-05 21:01:30.098597
4038,a0,151.7073,151.5156,2026-05-05 21:03:32.770696
4039,a1,98.63415,98.54536,2026-05-05 21:03:33.081306
4041,a0,151.4634,151.5716,2026-05-05 21:05:36.157259
4042,a1,98.7317,98.75223,2026-05-05 21:05:36.438862
4043,a2,157.4146,157.5589,2026-05-05 21:05:36.756622
4044,a3,168.3902,168.3862,2026-05-05 21:05:37.022432
4046,a0,151.6098,151.5735,2026-05-05 21:07:39.784358
4047,a1,98.68293,98.74876,2026-05-05 21:07:40.123448
4048,a2,157.4878,157.5554,2026-05-05 21:07:40.449938
4049,a3,168.3902,168.3864,2026-05-05 21:07:40.722519
4051,a0,151.439,151.5901,2026-05-05 21:09:43.499642
4052,a1,98.87805,98.84448,2026-05-05 21:09:43.792970
4053,a2,157.7073,157.5896,2026-05-05 21:09:44.063828
4054,a3,168.4878,168.3837,2026-05-05 21:09:44.329297
4056,a0,151.6585,151.6108,2026-05-05 21:11:46.783174
4057,a1,99.04878,98.94216,2026-05-05 21:11:47.056773
4058,a2,157.5366,157.5797,2026-05-05 21:11:47.342081
4059,a3,168.1463,168.3656,2026-05-05 21:11:47.609626
4061,a0,151.7317,151.6128,2026-05-05 21:13:53.998549
4062,a1,99.29269,99.18936,2026-05-05 21:13:54.331950
4063,a2,157.5854,157.5784,2026-05-05 21:13:54.653672
4064,a3,168.439,168.3884,2026-05-05 21:13:55.013203
4066,a0,151.5122,151.6078,2026-05-05 21:15:57.796551
4067,a1,99.2439,99.19209,2026-05-05 21:15:58.111776
4068,a2,157.2439,157.5617,2026-05-05 21:15:58.397522
4069,a3,168.3659,168.3872,2026-05-05 21:15:58.730266
4071,a0,151.4146,151.5981,2026-05-05 21:18:01.608219
4072,a1,99.2439,99.19468,2026-05-05 21:18:01.942716
4073,a2,155.0,0.0,2026-05-05 21:18:02.216339
4075,a0,151.5122,151.5791,2026-05-05 21:20:05.054640
4076,a1,99.31707,99.25573,2026-05-05 21:20:05.377299
4077,a2,157.561,157.523,2026-05-05 21:20:05.709879
4079,a0,151.6585,151.6265,2026-05-05 21:22:08.419548
4080,a1,99.41463,99.29789,2026-05-05 21:22:09.121350
4081,a2,157.7317,157.5671,2026-05-05 21:22:09.720202
4082,a3,168.3659,168.3897,2026-05-05 21:22:10.098007
4084,a0,151.3659,151.5149,2026-05-05 21:24:12.721874
4085,a1,99.51219,99.52585,2026-05-05 21:24:13.021510
4086,a2,157.4634,157.5762,2026-05-05 21:24:13.364278
4087,a3,168.3902,168.4016,2026-05-05 21:24:13.664674
4089,a0,151.3171,151.505,2026-05-05 21:26:16.707236
4090,a1,99.56097,99.5276,2026-05-05 21:26:17.042911
4091,a2,157.439,157.5693,2026-05-05 21:26:17.363213
4092,a3,168.2927,168.3962,2026-05-05 21:26:17.661621
4094,a0,151.6585,151.5391,2026-05-05 21:29:22.924554
4095,a1,99.65854,99.56477,2026-05-05 21:29:23.240985
4096,a2,157.4634,157.5044,2026-05-05 21:29:23.535465
4097,a3,168.5122,168.4083,2026-05-05 21:29:23.836856
4099,a0,151.6098,151.5427,2026-05-05 21:31:26.399592
4100,a1,99.65854,99.56945,2026-05-05 21:31:26.649075
4101,a2,157.6829,157.5162,2026-05-05 21:31:26.915166
4102,a3,168.1707,168.2973,2026-05-05 21:31:27.189221
4104,a0,151.6585,151.6349,2026-05-05 21:33:33.183077
4105,a1,99.2439,99.32668,2026-05-05 21:33:33.479122
4106,a2,157.4146,157.5409,2026-05-05 21:33:33.767384
4107,a3,168.4146,168.3466,2026-05-05 21:33:34.035673
4109,a0,151.6829,151.6373,2026-05-05 21:35:36.482725
4110,a1,99.21951,99.32132,2026-05-05 21:35:36.748838
4111,a2,157.5122,157.5395,2026-05-05 21:35:37.118920
4112,a3,168.3171,168.3451,2026-05-05 21:35:37.448288
4114,a0,151.6341,151.6371,2026-05-05 21:37:40.428553
4115,a1,99.21951,99.31623,2026-05-05 21:37:40.684680
4116,a2,922.0,0.0,2026-05-05 21:37:40.985541
4118,a0,151.7317,151.6045,2026-05-05 21:39:43.792548
4119,a1,99.17073,99.20749,2026-05-05 21:39:44.147727
4120,a2,157.5854,1.0,2026-05-05 21:39:44.449102
4121,a0,151.8781,151.6607,2026-05-05 21:41:47.036458
4122,a1,99.0,99.03246,2026-05-05 21:41:47.365762
4123,a2,157.3902,157.5862,2026-05-05 21:41:47.712164
4124,a3,168.4146,168.4427,2026-05-05 21:41:48.031656
4126,a0,151.7317,151.6642,2026-05-05 21:43:51.037609
4127,a1,99.02439,99.03205,2026-05-05 21:43:51.295769
4129,a3,168.3415,168.4081,2026-05-05 21:43:51.868096
4131,a0,151.6829,151.6123,2026-05-05 21:45:54.415397
4132,a1,98.80488,98.78442,2026-05-05 21:45:54.717370
4133,a2,157.5854,157.6263,2026-05-05 21:45:54.975396
4134,a3,168.4634,168.4335,2026-05-05 21:45:55.281078
4136,a0,151.5366,151.6085,2026-05-05 21:47:57.693062
4137,a1,98.85366,98.78787,2026-05-05 21:47:58.009763
4138,a2,157.4878,157.6193,2026-05-05 21:47:58.274173
4139,a3,168.3415,168.4289,2026-05-05 21:47:58.548113
4141,a0,151.561,151.6061,2026-05-05 21:50:01.742500
4142,a1,98.82927,98.78995,2026-05-05 21:50:02.108006
4143,a2,11.0,0.0,2026-05-05 21:50:02.442585
4145,a0,151.6829,151.5836,2026-05-05 21:52:04.903621
4146,a1,99.12195,99.00516,2026-05-05 21:52:05.229684
4147,a2,157.5831,0.0,2026-05-05 21:52:05.545730
4148,a3,168.1707,168.4194,2026-05-05 21:52:05.865692
4150,a0,151.4878,151.6357,2026-05-05 21:54:08.382695
4151,a1,99.04878,99.08051,2026-05-05 21:54:09.058066
4152,a2,157.6829,157.5881,2026-05-05 21:54:09.406358
4153,a3,168.4878,168.4229,2026-05-05 21:54:09.737591
4155,a0,151.5122,151.6295,2026-05-05 21:56:12.904912
4156,a1,99.02439,99.0777,2026-05-05 21:56:13.191508
4158,a3,168.3902,168.4452,2026-05-05 21:56:13.779990
4160,a0,151.7805,151.6714,2026-05-05 21:58:20.706122
4161,a1,99.56097,99.48445,2026-05-05 21:58:20.967711
4162,a2,157.6098,157.6246,2026-05-05 21:58:21.255791
4163,a3,168.4878,168.4224,2026-05-05 21:58:21.517963
4165,a0,151.8293,151.6793,2026-05-05 22:00:23.982870
4166,a1,99.48781,99.48462,2026-05-05 22:00:24.300426
4167,a2,157.6341,157.625,2026-05-05 22:00:25.236369
4168,a3,168.4634,168.4245,2026-05-05 22:00:25.588154
4170,a0,151.5854,151.6881,2026-05-05 22:02:29.444851
4171,a1,99.41463,99.40831,2026-05-05 22:02:29.722270
4172,a2,157.6341,157.6029,2026-05-05 22:02:30.033080
4173,a3,168.4146,168.4544,2026-05-05 22:02:30.324446
4175,a0,151.5366,151.6805,2026-05-05 22:04:33.254924
4176,a1,99.58537,99.41717,2026-05-05 22:04:33.528357
4177,a2,157.4634,157.5959,2026-05-05 22:04:33.849572
4178,a3,168.4146,168.4524,2026-05-05 22:04:34.164334
4180,a0,151.6341,151.6782,2026-05-05 22:06:36.631526
4181,a1,99.56097,99.42435,2026-05-05 22:06:36.947524
4182,a2,0.0,0.0,2026-05-05 22:06:37.372587
4184,a0,151.5854,151.6365,2026-05-05 22:08:40.069096
4185,a1,99.58537,99.49065,2026-05-05 22:08:40.413998
4186,a2,157.5122,157.6017,2026-05-05 22:08:40.729043
4189,a0,151.4878,151.6544,2026-05-05 22:10:46.157266
4190,a1,99.48781,99.52724,2026-05-05 22:10:46.449016
4191,a2,157.5122,157.6291,2026-05-05 22:10:46.704422
4192,a3,168.4146,168.4537,2026-05-05 22:10:46.978451
4194,a0,151.7073,151.6571,2026-05-05 22:12:49.343680
4195,a1,99.68293,99.53502,2026-05-05 22:12:49.644124
4196,a2,157.7317,157.6342,2026-05-05 22:12:49.952650
4197,a3,168.5366,168.4579,2026-05-05 22:12:50.251107
4199,a0,151.7073,151.6596,2026-05-05 22:14:53.413579
4200,a1,99.58537,99.53754,2026-05-05 22:14:53.703870
4201,a2,8.4548,0.0,2026-05-05 22:14:54.075969
4203,a0,151.6829,151.6902,2026-05-05 22:16:56.818519
4204,a1,96.19512,96.63238,2026-05-05 22:16:57.166602
4205,a2,157.6341,157.64,2026-05-05 22:16:57.496833
4206,a3,168.4146,168.4892,2026-05-05 22:16:57.814389
4208,a0,151.8537,151.6984,2026-05-05 22:19:00.302532
4209,a1,96.2683,96.61417,2026-05-05 22:19:00.608366
4210,a2,157.5854,157.6373,2026-05-05 22:19:00.962409
4211,a3,168.561,168.4928,2026-05-05 22:19:01.263028
4213,a0,151.5854,151.7126,2026-05-05 22:21:05.705171
4214,a1,97.51219,97.17416,2026-05-05 22:21:06.059609
4215,a2,157.7561,157.663,2026-05-05 22:21:06.326302
4216,a3,168.4634,168.4965,2026-05-05 22:21:06.683068
4218,a0,151.6341,151.7087,2026-05-05 22:23:09.097637
4219,a1,97.41463,97.18619,2026-05-05 22:23:09.421513
4220,a2,157.6585,157.6628,2026-05-05 22:23:09.677444
4221,a3,168.5366,168.4985,2026-05-05 22:23:09.919152
4223,a0,151.7805,151.7122,2026-05-05 22:25:12.617997
4224,a1,97.48781,97.20126,2026-05-05 22:25:12.973894
4225,a2,8.4875,0.0,2026-05-05 22:25:13.238735
4227,a0,151.7317,151.7348,2026-05-05 22:27:16.262708
4228,a1,97.85366,97.56776,2026-05-05 22:27:16.556083
4229,a2,157.6585,157.6509,2026-05-05 22:27:16.834814
4230,a3,168.5366,162.0,2026-05-05 22:27:17.094745
4232,a0,151.5854,151.7514,2026-05-05 22:29:19.947123
4233,a1,98.34146,98.07693,2026-05-05 22:29:20.230245
4234,a2,157.641,157.6322,2026-05-05 22:29:20.501923
4235,a3,168.4634,168.4853,2026-05-05 22:29:20.812278
4237,a0,151.6341,151.7169,2026-05-05 22:31:23.275438
4238,a1,98.65854,98.43097,2026-05-05 22:31:23.605336
4239,a2,157.6098,157.6554,2026-05-05 22:31:23.890000
4240,a3,168.439,168.5023,2026-05-05 22:31:24.203498
4242,a0,151.7317,151.661,2026-05-05 22:33:31.464226
4243,a1,99.19512,99.15232,2026-05-05 22:33:31.760666
4244,a2,157.6585,157.644,2026-05-05 22:33:32.025615
4245,a3,168.3902,168.476,2026-05-05 22:33:32.283037
4247,a0,151.6829,151.6621,2026-05-05 22:35:34.677606
4248,a1,99.21951,99.15568,2026-05-05 22:35:34.976652
4249,a2,157.7805,157.6509,2026-05-05 22:35:35.251241
4250,a3,168.439,168.4741,2026-05-05 22:35:35.514601
4252,a0,151.6341,151.6607,2026-05-05 22:37:37.953551
4253,a1,99.19512,99.15765,2026-05-05 22:37:38.219857
4254,a2,0.0,0.0,2026-05-05 22:37:38.642922
4256,a0,151.7561,151.6372,2026-05-05 22:39:42.275250
4257,a1,99.56097,99.48766,2026-05-05 22:39:42.557459
4258,a2,157.5122,157.6295,2026-05-05 22:39:42.870773
4259,a3,168.4878,168.4866,2026-05-05 22:39:43.140802
4261,a0,151.6829,151.6395,2026-05-05 22:41:45.614358
4262,a1,99.53658,99.4901,2026-05-05 22:41:45.928531
4263,a2,157.6341,157.6297,2026-05-05 22:41:46.187230
4264,a3,168.4878,168.4866,2026-05-05 22:41:46.444975
4266,a0,151.7561,151.6797,2026-05-05 22:43:50.595138
4267,a1,96.92683,98.14774,2026-05-05 22:43:50.908943
4268,a2,157.5366,157.6265,2026-05-05 22:43:51.175727
4269,a3,168.4634,168.5058,2026-05-05 22:43:51.443437
4271,a0,151.8049,151.6859,2026-05-05 22:45:53.963953
4272,a1,96.92683,98.08669,2026-05-05 22:45:54.212391
4273,a2,157.5854,157.6244,2026-05-05 22:45:54.497228
4274,a3,168.439,168.5025,2026-05-05 22:45:54.779012
4276,a0,151.7073,151.7569,2026-05-05 22:47:59.523238
4277,a1,97.65854,97.0845,2026-05-05 22:48:00.014616
4278,a2,157.7073,157.6897,2026-05-05 22:48:00.299847
4279,a3,168.4878,168.5532,2026-05-05 22:48:00.579363
4281,a0,151.6829,151.7532,2026-05-05 22:50:03.422330
4282,a1,97.82927,97.12173,2026-05-05 22:50:03.828442
4283,a2,157.6585,157.6881,2026-05-05 22:50:04.077178
4284,a3,168.4146,168.5463,2026-05-05 22:50:04.339506
4286,a0,151.6098,151.7792,2026-05-05 22:52:08.337697
4287,a1,99.17073,98.72382,2026-05-05 22:52:08.608711
4288,a2,157.6341,157.691,2026-05-05 22:52:09.042709
4289,a3,168.3902,168.5307,2026-05-05 22:52:09.309084
4291,a0,151.6829,151.7744,2026-05-05 22:54:11.777776
4292,a1,99.2439,98.74982,2026-05-05 22:54:12.223360
4293,a2,157.6829,157.6906,2026-05-05 22:54:12.820186
4294,a3,168.4878,168.5285,2026-05-05 22:54:13.093866
4296,a0,151.7073,151.771,2026-05-05 22:56:15.577823
4297,a1,99.04878,98.76477,2026-05-05 22:56:15.835118
4298,a2,157.7317,157.7028,2026-05-05 22:56:16.093210
4299,a3,168.7073,168.5664,2026-05-05 22:56:16.398677
4301,a0,151.6829,151.7756,2026-05-05 22:58:19.001168
4302,a1,99.46323,0.0,2026-05-05 22:58:19.325743
4303,a0,151.9512,151.8485,2026-05-05 23:00:21.467660
4304,a1,99.43903,99.41383,2026-05-05 23:00:21.776791
4305,a2,157.7317,157.7436,2026-05-05 23:00:22.092797
4306,a3,168.5854,168.5818,2026-05-05 23:00:22.385406
4308,a0,151.6341,1.0,2026-05-05 23:02:25.123610
4309,a0,151.6098,151.693,2026-05-05 23:04:27.542893
4310,a1,99.36585,99.27315,2026-05-05 23:04:27.857021
4311,a2,157.4146,157.6578,2026-05-05 23:04:28.143583
4312,a3,168.4634,168.4935,2026-05-05 23:04:28.458262
4314,a0,151.8049,151.7429,2026-05-05 23:06:35.424402
4315,a1,99.21951,99.23818,2026-05-05 23:06:35.725874
4316,a2,157.8293,157.6555,2026-05-05 23:06:35.989699
4317,a3,168.6098,168.5363,2026-05-05 23:06:36.254545
4319,a0,151.7805,151.7447,2026-05-05 23:08:38.917731
4320,a1,99.43903,99.24822,2026-05-05 23:08:39.267198
4321,a2,157.6829,157.6568,2026-05-05 23:08:39.896013
4322,a3,168.6585,168.5424,2026-05-05 23:08:40.214618
4324,a0,151.7317,151.7441,2026-05-05 23:10:42.833371
4325,a1,99.36585,99.2541,2026-05-05 23:10:43.149133
4326,a2,157.98,168.4884,2026-05-05 23:10:43.403254
4328,a0,151.8293,151.7406,2026-05-05 23:12:46.132702
4329,a1,99.48781,99.39264,2026-05-05 23:12:46.426276
4330,a2,157.7317,157.6602,2026-05-05 23:12:46.700288
4333,a0,151.6341,151.6804,2026-05-05 23:14:49.722697
4334,a1,99.78049,99.54953,2026-05-05 23:14:50.016364
4336,a3,168.561,168.5046,2026-05-05 23:14:50.539686
4338,a0,151.7073,151.696,2026-05-05 23:16:53.205210
4339,a1,99.80488,99.70435,2026-05-05 23:16:53.494713
4340,a2,157.8537,157.6762,2026-05-05 23:16:53.774259
4341,a3,168.3902,168.4819,2026-05-05 23:16:54.017609
4343,a0,151.5854,151.6484,2026-05-05 23:18:57.233800
4344,a1,99.39024,99.77946,2026-05-05 23:18:57.539624
4345,a2,157.7073,157.6887,2026-05-05 23:18:57.797283
4346,a3,168.4878,168.4804,2026-05-05 23:18:58.062103
4348,a0,151.6585,151.733,2026-05-05 23:21:00.936446
4349,a1,99.29269,99.35088,2026-05-05 23:21:01.245629
4350,a2,157.7073,157.6897,2026-05-05 23:21:01.510459
4351,a3,168.4634,168.4795,2026-05-05 23:21:01.774847
4353,a0,151.8537,151.7475,2026-05-05 23:23:06.067683
4354,a1,100.2195,99.91196,2026-05-05 23:23:06.376860
4355,a2,157.6585,157.6752,2026-05-05 23:23:06.632908
4356,a3,168.4634,168.4981,2026-05-05 23:23:06.890197
4358,a0,151.7073,151.7455,2026-05-05 23:25:09.353135
4359,a1,100.0976,99.92124,2026-05-05 23:25:09.733287
4360,a2,157.6341,157.6732,2026-05-05 23:25:10.015919
4361,a3,168.3415,168.4903,2026-05-05 23:25:10.265509
4363,a0,151.6341,151.752,2026-05-05 23:27:14.381108
4364,a1,94.21951,93.50416,2026-05-05 23:27:14.655381
4365,a2,157.5122,157.6018,2026-05-05 23:27:14.949452
4366,a3,168.4878,168.4694,2026-05-05 23:27:15.208670
4368,a0,151.7073,151.7498,2026-05-05 23:29:18.237506
4369,a1,94.21951,93.53992,2026-05-05 23:29:18.502739
4370,a2,157.7805,157.6107,2026-05-05 23:29:18.956029
4371,a3,168.439,168.4679,2026-05-05 23:29:19.235186
4373,a0,151.6585,151.7452,2026-05-05 23:31:23.417574
4374,a1,94.43903,93.58488,2026-05-05 23:31:23.716993
4375,a2,14.0,0.0,2026-05-05 23:31:24.018817
4377,a0,151.8537,151.7394,2026-05-05 23:33:26.421414
4378,a1,94.80488,94.34849,2026-05-05 23:33:26.715324
4379,a2,157.7317,157.6548,2026-05-05 23:33:27.003107
4380,a3,168.5122,168.4846,2026-05-05 23:33:27.285893
4382,a0,151.8537,151.8032,2026-05-05 23:35:30.279141
4383,a1,95.48781,95.00388,2026-05-05 23:35:30.595583
4384,a2,157.8537,157.673,2026-05-05 23:35:30.940449
4385,a3,168.5122,168.4799,2026-05-05 23:35:31.280639
4387,a0,151.8293,151.7842,2026-05-05 23:37:33.689174
4388,a1,96.4148,0.0,2026-05-05 23:37:34.284665
4389,a2,157.5122,157.6982,2026-05-05 23:37:34.547775
4390,a3,168.4634,168.4689,2026-05-05 23:37:34.794844
4392,a0,151.7805,151.7872,2026-05-05 23:39:37.413634
4393,a1,96.92683,96.55894,2026-05-05 23:39:37.727758
4394,a2,157.6341,157.6395,2026-05-05 23:39:37.999987
4395,a3,168.4878,168.4614,2026-05-05 23:39:38.307281
4397,a0,151.7073,151.7638,2026-05-05 23:41:42.350494
4398,a1,97.87805,97.74582,2026-05-05 23:41:42.642067
4399,a2,157.4634,157.6213,2026-05-05 23:41:42.938655
4400,a3,168.439,168.461,2026-05-05 23:41:43.244884
4402,a0,151.7805,151.7646,2026-05-05 23:43:45.668200
4403,a1,98.02439,97.75975,2026-05-05 23:43:45.976531
4404,a2,157.4878,157.6146,2026-05-05 23:43:46.310559
4405,a3,168.4634,168.4612,2026-05-05 23:43:46.617914
4407,a0,151.6098,151.7569,2026-05-05 23:45:49.447185
4408,a1,97.90244,97.76688,2026-05-05 23:45:49.696122
4409,a2,168.4785,0.0,2026-05-05 23:45:49.980036
4411,a0,151.7561,151.7649,2026-05-05 23:47:53.213519
4412,a1,98.04878,98.03241,2026-05-05 23:47:53.560656
4413,a2,157.6829,157.7053,2026-05-05 23:47:53.854638
4414,a3,168.6341,168.5057,2026-05-05 23:47:54.424041
4416,a0,151.7317,151.7632,2026-05-05 23:49:57.024825
4417,a1,97.97561,98.02957,2026-05-05 23:49:57.326039
4418,a2,157.8537,157.7127,2026-05-05 23:49:57.613365
4419,a3,168.4634,168.5036,2026-05-05 23:49:57.912753
4421,a0,151.8049,151.7653,2026-05-05 23:52:00.464446
4422,a1,98.02439,98.02931,2026-05-05 23:52:00.770610
4423,a2,168.3415,168.4478,2026-05-05 23:52:01.091733
4425,a0,151.6098,151.7209,2026-05-05 23:54:08.109048
4426,a1,98.82927,98.90434,2026-05-05 23:54:08.417514
4427,a2,157.6098,157.6185,2026-05-05 23:54:08.819757
4428,a3,168.3659,168.4429,2026-05-05 23:54:09.239354
4430,a0,151.6098,151.7153,2026-05-05 23:56:11.754128
4431,a1,98.90244,98.90424,2026-05-05 23:56:12.102387
4432,a2,157.7805,157.6266,2026-05-05 23:56:12.394122
4433,a3,168.3902,168.4403,2026-05-05 23:56:12.695450
4435,a0,151.8293,151.7456,2026-05-05 23:58:16.920414
4436,a1,98.53658,98.66064,2026-05-05 23:58:17.236073
4437,a2,157.561,157.641,2026-05-05 23:58:17.508648
4438,a3,168.561,168.4497,2026-05-05 23:58:17.781371
4440,a0,151.8537,151.751,2026-05-06 00:00:20.826271
4441,a1,98.53658,98.65443,2026-05-06 00:00:21.202468
4442,a2,157.6829,157.6431,2026-05-06 00:00:21.479880
4443,a3,168.5366,168.4541,2026-05-06 00:00:21.760630
4445,a0,151.8293,151.7549,2026-05-06 00:02:24.501908
4446,a1,98.65854,98.65464,2026-05-06 00:02:24.790440
4447,a2,1.4383,0.0,2026-05-06 00:02:25.043802
4449,a0,151.6585,151.795,2026-05-06 00:04:31.750167
4450,a1,99.78049,99.59724,2026-05-06 00:04:32.155301
4451,a2,157.3902,157.6348,2026-05-06 00:04:32.410960
4452,a3,168.2683,168.4584,2026-05-06 00:04:32.668311
4454,a0,151.7805,151.7943,2026-05-06 00:06:35.322258
4455,a1,99.87805,99.61128,2026-05-06 00:06:35.636408
4456,a2,157.6098,157.6336,2026-05-06 00:06:35.933607
4457,a3,168.439,168.4575,2026-05-06 00:06:36.251316
4459,a0,151.6585,151.7875,2026-05-06 00:08:38.608777
4460,a1,99.7561,99.61852,2026-05-06 00:08:39.017649
4461,a2,155.0,0.0,2026-05-06 00:08:39.272338
4463,a0,151.7805,151.7596,2026-05-06 00:10:42.360314
4464,a1,99.7561,99.93345,2026-05-06 00:10:42.645568
4465,a2,157.6341,157.6683,2026-05-06 00:10:42.945147
4466,a3,168.5122,168.4011,2026-05-06 00:10:43.197559
4468,a0,151.7805,151.7607,2026-05-06 00:12:45.824086
4469,a1,99.95122,99.93433,2026-05-06 00:12:46.093828
4470,a2,157.7805,157.6739,2026-05-06 00:12:46.399269
4471,a3,168.4146,168.4018,2026-05-06 00:12:46.654629
4473,a0,151.561,151.7412,2026-05-06 00:16:53.935509
4474,a1,99.90244,99.98119,2026-05-06 00:16:54.524395
4475,a2,157.5122,157.66992,2026-05-06 00:16:55.010205
4477,a0,151.7805,151.7069,2026-05-06 00:20:59.796991
4478,a1,97.92683,98.53698,2026-05-06 00:21:00.074817
4479,a2,157.8049,157.6926,2026-05-06 00:21:00.403173
4480,a3,168.5366,168.4055,2026-05-06 00:21:00.664014
4482,a0,151.7073,151.7599,2026-05-06 00:23:04.046528
4483,a1,98.43903,98.21377,2026-05-06 00:23:04.337713
4484,a2,157.5854,157.6561,2026-05-06 00:23:04.611418
4485,a3,168.4146,168.3756,2026-05-06 00:23:04.874725
4487,a0,151.6098,151.7524,2026-05-06 00:25:07.953825
4488,a1,98.36585,98.22137,2026-05-06 00:25:08.236640
4489,a2,157.6341,157.655,2026-05-06 00:25:08.922494
4490,a3,168.3659,168.3751,2026-05-06 00:25:09.303175
4492,a0,151.8537,151.7383,2026-05-06 00:27:12.410313
4493,a1,98.48781,98.51891,2026-05-06 00:27:12.709855
4494,a2,157.4634,157.6185,2026-05-06 00:27:13.080573
4495,a3,168.3659,168.3907,2026-05-06 00:27:13.399669
4497,a0,151.8049,151.7416,2026-05-06 00:29:15.938869
4498,a1,98.43903,98.51491,2026-05-06 00:29:16.269776
4499,a2,157.561,157.6156,2026-05-06 00:29:16.563681
4500,a3,168.3902,168.3907,2026-05-06 00:29:16.854589
4502,a0,151.6829,151.7395,2026-05-06 00:31:21.270587
4503,a1,99.12195,98.90136,2026-05-06 00:31:21.586806
4504,a2,157.6585,157.6549,2026-05-06 00:31:21.929593
4505,a3,168.3171,168.3781,2026-05-06 00:31:22.194522
4507,a0,151.6098,151.733,2026-05-06 00:33:24.611749
4508,a1,99.17073,98.91483,2026-05-06 00:33:24.908778
4509,a2,157.6829,157.6563,2026-05-06 00:33:25.185780
4510,a3,168.2927,168.3738,2026-05-06 00:33:25.493141
4512,a0,151.6098,151.7268,2026-05-06 00:35:28.211169
4513,a1,99.36585,98.93738,2026-05-06 00:35:28.490901
4516,a0,151.6341,151.7716,2026-05-06 00:37:31.647709
4517,a1,99.43903,99.20511,2026-05-06 00:37:31.932152
4518,a2,157.439,157.6075,2026-05-06 00:37:32.228690
4519,a3,168.2683,168.376,2026-05-06 00:37:32.495634
4521,a0,151.561,151.7493,2026-05-06 00:39:34.844338
4522,a1,99.78049,99.46012,2026-05-06 00:39:35.097613
4524,a3,168.439,168.3777,2026-05-06 00:39:35.659005
4526,a0,151.8049,151.739,2026-05-06 00:41:40.771127
4527,a1,100.5366,100.288,2026-05-06 00:41:41.068332
4528,a2,157.7073,157.648,2026-05-06 00:41:41.334867
4529,a3,168.4878,168.3962,2026-05-06 00:41:41.717382
4531,a0,151.8781,151.7459,2026-05-06 00:43:44.512514
4532,a1,100.3902,100.2932,2026-05-06 00:43:44.818632
4533,a2,157.6829,157.6497,2026-05-06 00:43:45.135668
4534,a3,168.3171,168.3922,2026-05-06 00:43:45.417862
4536,a0,151.9024,151.7537,2026-05-06 00:45:48.210882
4537,a1,100.3171,100.2943,2026-05-06 00:45:48.528444
4538,a2,4.0,0.0,2026-05-06 00:45:48.935607
4540,a0,151.7073,151.7865,2026-05-06 00:47:55.619223
4541,a1,101.0976,100.8987,2026-05-06 00:47:55.911695
4542,a2,157.5366,157.6753,2026-05-06 00:47:56.220604
4543,a3,168.3659,168.3848,2026-05-06 00:47:56.488620
4545,a0,151.6341,151.7789,2026-05-06 00:49:59.081577
4546,a1,101.0732,100.9074,2026-05-06 00:49:59.369077
4547,a2,157.6585,157.6745,2026-05-06 00:49:59.666366
4548,a3,168.439,168.3875,2026-05-06 00:49:59.942172
4550,a0,151.8537,151.8081,2026-05-06 00:53:05.381595
4551,a1,101.0488,101.1749,2026-05-06 00:53:05.804987
4552,a2,157.5122,157.6355,2026-05-06 00:53:06.091616
4553,a3,168.2195,168.3766,2026-05-06 00:53:06.372791
4555,a0,151.561,151.7643,2026-05-06 00:55:09.759504
4556,a1,101.1951,101.1624,2026-05-06 00:55:10.083571
4557,a2,157.6098,157.6345,2026-05-06 00:55:10.375397
4558,a3,168.3171,168.3702,2026-05-06 00:55:10.625966
4560,a0,151.6341,151.7578,2026-05-06 00:57:13.110807
4561,a1,101.1219,101.1604,2026-05-06 00:57:13.418421
4562,a2,157.4878,157.6271,2026-05-06 00:57:13.718731
4563,a3,168.3659,168.37,2026-05-06 00:57:13.969813
4565,a0,151.6341,151.7839,2026-05-06 00:59:16.374703
4566,a1,101.4878,101.1883,2026-05-06 00:59:16.650438
4567,a2,157.7805,157.6486,2026-05-06 00:59:16.955102
4568,a3,168.6,168.3588,2026-05-06 00:59:17.290135
4570,a0,151.8049,151.7806,2026-05-06 01:01:20.242612
4571,a1,101.3659,101.3893,2026-05-06 01:01:20.543515
4572,a2,157.7561,157.627,2026-05-06 01:01:20.838940
4573,a3,168.4634,168.364,2026-05-06 01:01:21.097154
4575,a0,151.7805,151.7806,2026-05-06 01:03:23.624282
4576,a1,101.3415,101.3869,2026-05-06 01:03:24.052643
4579,a0,151.6098,151.7771,2026-05-06 01:05:27.259149
4580,a1,101.2195,101.3729,2026-05-06 01:05:27.521198
4581,a2,157.6585,157.6443,2026-05-06 01:05:27.821370
4582,a3,168.2927,168.3742,2026-05-06 01:05:28.123190
4584,a0,151.5854,151.76,2026-05-06 01:07:30.838915
4585,a0,151.6829,151.7559,2026-05-06 01:09:33.372201
4586,a1,101.6829,101.4995,2026-05-06 01:09:33.779299
4587,a2,157.6829,157.6436,2026-05-06 01:09:34.086510
4588,a3,168.439,168.3785,2026-05-06 01:09:34.380869
4590,a0,151.9512,151.8249,2026-05-06 01:11:36.884685
4591,a1,101.44,101.9434,2026-05-06 01:11:37.409957
4592,a2,157.5366,157.6467,2026-05-06 01:11:37.667716
4593,a3,168.1951,168.3548,2026-05-06 01:11:37.966310
4595,a0,151.6829,151.7779,2026-05-06 01:13:41.038151
4596,a1,101.9268,101.9426,2026-05-06 01:13:41.364065
4597,a2,157.5122,157.6399,2026-05-06 01:13:41.818954
4598,a3,168.2927,168.3517,2026-05-06 01:13:42.339907
4600,a0,151.7317,151.7756,2026-05-06 01:15:44.793935
4601,a1,101.9024,101.9406,2026-05-06 01:15:45.088860
4602,a2,19.0,168.3501,2026-05-06 01:15:45.358924
4604,a0,151.6585,151.7982,2026-05-06 01:17:50.579940
4605,a1,102.2195,102.0828,2026-05-06 01:17:50.827450
4606,a2,157.4878,157.5865,2026-05-06 01:17:51.080175
4607,a3,168.2927,168.3473,2026-05-06 01:17:51.386119
4609,a0,151.6829,151.7924,2026-05-06 01:19:54.142930
4610,a1,102.0976,102.0836,2026-05-06 01:19:54.819740
4611,a2,157.4634,157.5803,2026-05-06 01:19:55.105627
4612,a3,168.5366,168.3568,2026-05-06 01:19:55.378089
4614,a0,151.7073,151.7882,2026-05-06 01:21:57.729687
4615,a1,102.0244,102.0806,2026-05-06 01:21:58.050235
4616,a2,8.439,168.34,2026-05-06 01:21:58.322971
4618,a0,151.8293,151.7752,2026-05-06 01:24:05.743229
4619,a1,102.9024,102.7999,2026-05-06 01:24:06.059665
4620,a2,157.439,157.5077,2026-05-06 01:24:06.324334
4621,a3,168.3902,168.3716,2026-05-06 01:24:06.592299
4623,a0,151.8293,151.7779,2026-05-06 01:26:09.366837
4624,a1,103.0244,102.8111,2026-05-06 01:26:09.658019
4625,a2,157.4634,157.5054,2026-05-06 01:26:09.916534
4626,a3,168.5122,168.3786,2026-05-06 01:26:10.219165
4628,a0,151.9024,151.7841,2026-05-06 01:28:12.635833
4629,a1,102.9756,102.8193,2026-05-06 01:28:12.900173
4630,a2,26.0,0.0,2026-05-06 01:28:13.202701
4632,a0,151.7317,151.7973,2026-05-06 01:30:15.674179
4633,a1,102.9268,102.9655,2026-05-06 01:30:15.995559
4635,a3,168.3171,168.3719,2026-05-06 01:30:16.590249
4637,a0,151.9024,151.7874,2026-05-06 01:32:19.233705
4638,a1,102.7561,102.8226,2026-05-06 01:32:19.544801
4639,a2,157.1463,157.2234,2026-05-06 01:32:19.832319
4640,a3,168.3415,168.3703,2026-05-06 01:32:20.128822
4642,a0,151.8049,151.7883,2026-05-06 01:34:22.881617
4643,a1,102.5366,102.8083,2026-05-06 01:34:23.199504
4644,a2,157.0976,157.1929,2026-05-06 01:34:23.505751
4645,a3,168.4146,168.3575,2026-05-06 01:34:23.880259
4647,a0,151.7317,151.8161,2026-05-06 01:36:27.726331
4648,a1,102.3415,102.4184,2026-05-06 01:36:28.211043
4649,a2,157.1219,157.1918,2026-05-06 01:36:28.548093
4650,a3,168.5122,168.3632,2026-05-06 01:36:28.925236
4652,a0,151.7561,151.813,2026-05-06 01:38:31.676101
4653,a1,102.3659,102.4158,2026-05-06 01:38:31.974081
4654,a2,157.439,157.2042,2026-05-06 01:38:32.298010
4655,a3,168.2195,168.356,2026-05-06 01:38:32.611346
4657,a0,151.7317,151.8491,2026-05-06 01:40:35.411365
4658,a1,101.9756,102.2076,2026-05-06 01:40:35.735049
4659,a2,157.1219,157.2563,2026-05-06 01:40:36.039682
4660,a3,168.3415,168.321,2026-05-06 01:40:36.351559
4662,a0,151.8293,151.8481,2026-05-06 01:42:39.203148
4663,a1,102.2683,102.2106,2026-05-06 01:42:39.568545
4664,a2,157.1219,157.2496,2026-05-06 01:42:39.914010
4665,a3,168.4146,168.3257,2026-05-06 01:42:40.256858
4667,a0,151.8049,151.8001,2026-05-06 01:44:42.964138
4668,a1,102.0,102.1597,2026-05-06 01:44:43.318397
4669,a2,157.2927,157.2976,2026-05-06 01:44:43.623064
4670,a3,168.4146,168.3384,2026-05-06 01:44:43.938590
4672,a0,151.7805,151.8073,2026-05-06 01:46:46.361539
4673,a1,101.9512,101.9296,2026-05-06 01:46:46.649413
4674,a2,157.5122,157.3182,2026-05-06 01:46:46.991881
4675,a3,168.439,168.3435,2026-05-06 01:46:47.258547
4677,a0,151.8049,151.8071,2026-05-06 01:48:49.653978
4678,a1,101.8293,101.9246,2026-05-06 01:48:49.901604
4679,a2,183.0,157.3381,2026-05-06 01:48:50.229536
4680,a3,168.3415,168.3452,2026-05-06 01:48:50.485857
4682,a0,151.8537,151.8369,2026-05-06 01:50:53.476710
4683,a1,102.1951,102.0588,2026-05-06 01:50:53.852457
4684,a2,157.346,157.331,2026-05-06 01:50:54.327261
4685,a3,168.3902,168.343,2026-05-06 01:50:54.720863
4687,a0,151.8049,151.8398,2026-05-06 01:53:01.695529
4688,a1,102.3659,102.2756,2026-05-06 01:53:01.994387
4689,a2,157.4634,157.399,2026-05-06 01:53:02.285634
4690,a3,168.3171,168.3409,2026-05-06 01:53:02.569267
4692,a0,151.8781,151.8417,2026-05-06 01:55:04.956832
4693,a1,102.439,102.2837,2026-05-06 01:55:05.261608
4694,a2,157.3415,157.3961,2026-05-06 01:55:05.559469
4695,a3,168.2927,168.3385,2026-05-06 01:55:05.828718
4697,a0,151.7073,151.835,2026-05-06 01:57:08.443577
4698,a1,102.439,102.2915,2026-05-06 01:57:08.819530
4699,a2,157.3248,0.0,2026-05-06 01:57:09.183498
4701,a0,151.8293,151.841,2026-05-06 01:59:11.632096
4702,a1,102.5854,102.435,2026-05-06 01:59:11.915888
4703,a2,157.4634,157.4289,2026-05-06 01:59:12.167314
4705,a0,151.9512,151.8328,2026-05-06 02:01:18.578764
4706,a1,102.5854,102.6012,2026-05-06 02:01:19.053528
4707,a2,157.2927,157.4577,2026-05-06 02:01:19.318828
4708,a3,168.3171,168.3299,2026-05-06 02:01:19.582593
4710,a0,152.0244,151.8424,2026-05-06 02:03:22.206653
4711,a1,102.5366,102.5979,2026-05-06 02:03:22.457799
4712,a2,157.4146,157.4555,2026-05-06 02:03:22.749281
4713,a3,168.3659,168.3317,2026-05-06 02:03:23.021822
4715,a0,152.0244,151.9066,2026-05-06 02:05:27.201589
4716,a1,102.7805,102.7761,2026-05-06 02:05:27.472004
4717,a2,157.0976,157.2429,2026-05-06 02:05:27.741518
4718,a3,168.439,168.3562,2026-05-06 02:05:28.039794
4720,a0,151.9512,151.9088,2026-05-06 02:07:30.407712
4721,a1,103.0488,102.7897,2026-05-06 02:07:30.681002
4722,a2,157.2195,157.2417,2026-05-06 02:07:30.953983
4723,a3,168.439,168.3604,2026-05-06 02:07:31.222983
4725,a0,151.9024,151.9077,2026-05-06 02:10:36.623469
4726,a1,102.7317,102.8123,2026-05-06 02:10:36.953101
4727,a2,157.3902,157.2426,2026-05-06 02:10:37.239082
4728,a3,168.1219,168.3642,2026-05-06 02:10:37.519568
4730,a0,151.8537,151.905,2026-05-06 02:12:40.534906
4731,a1,102.6585,102.8047,2026-05-06 02:12:40.794908
4732,a2,157.1707,157.2447,2026-05-06 02:12:41.085588
4733,a3,168.4634,168.3566,2026-05-06 02:12:41.355576
4735,a0,151.8049,151.9246,2026-05-06 02:14:47.876649
4736,a1,102.1951,102.3117,2026-05-06 02:14:48.169147
4737,a2,157.0488,157.2654,2026-05-06 02:14:48.477323
4738,a3,168.2683,168.3455,2026-05-06 02:14:48.955266
4740,a0,151.8537,151.9211,2026-05-06 02:16:51.715640
4741,a1,102.1707,102.3047,2026-05-06 02:16:51.967701
4742,a2,157.1463,157.2594,2026-05-06 02:16:52.240121
4743,a3,168.4634,168.3514,2026-05-06 02:16:52.488330
4745,a0,151.9024,151.908,2026-05-06 02:19:57.915388
4746,a1,101.9268,101.9902,2026-05-06 02:19:58.207637
4747,a2,157.3659,157.2626,2026-05-06 02:19:58.566131
4748,a3,168.3902,168.33,2026-05-06 02:19:59.057416
4750,a0,152.0244,151.9324,2026-05-06 02:22:01.653563
4751,a1,101.2683,101.7237,2026-05-06 02:22:02.111626
4753,a0,152.0488,151.9501,2026-05-06 02:24:08.167642
4754,a1,101.2927,100.7786,2026-05-06 02:24:08.484960
4755,a2,157.3902,157.3256,2026-05-06 02:24:08.882742
4756,a3,168.3659,168.3622,2026-05-06 02:24:09.308748
4758,a0,152.2195,151.9635,2026-05-06 02:26:12.037551
4759,a1,101.2683,100.803,2026-05-06 02:26:12.343404
4760,a2,157.4878,157.3337,2026-05-06 02:26:12.746896
4761,a3,168.2927,168.3587,2026-05-06 02:26:13.039195
4763,a0,152.1707,151.9739,2026-05-06 02:28:15.569106
4764,a1,101.4146,100.8336,2026-05-06 02:28:15.834459
4765,a2,127.0,168.2947,2026-05-06 02:28:16.150219
4767,a0,151.8293,151.947,2026-05-06 02:30:18.944262
4768,a1,101.7805,101.4448,2026-05-06 02:30:19.276399
4769,a2,157.6341,157.3791,2026-05-06 02:30:19.561589
4771,a0,151.9268,151.9739,2026-05-06 02:32:25.921207
4772,a1,102.3171,102.2221,2026-05-06 02:32:26.201848
4773,a2,157.439,157.442,2026-05-06 02:32:26.452401
4774,a3,168.3171,168.2909,2026-05-06 02:32:26.733892
4776,a0,152.0488,151.9777,2026-05-06 02:34:29.244437
4777,a1,102.3415,102.2281,2026-05-06 02:34:29.616030
4778,a2,157.3902,157.4394,2026-05-06 02:34:29.915894
4779,a3,168.2683,168.2898,2026-05-06 02:34:30.202621
4781,a0,151.9268,151.9076,2026-05-06 02:36:34.338649
4782,a1,102.4146,102.4456,2026-05-06 02:36:34.689091
4783,a2,157.561,157.4933,2026-05-06 02:36:34.978692
4784,a3,168.3902,168.3047,2026-05-06 02:36:35.276951
4786,a0,151.9268,151.9085,2026-05-06 02:38:38.241645
4787,a1,102.1951,102.4331,2026-05-06 02:38:38.543737
4788,a2,157.2195,157.4796,2026-05-06 02:38:39.023581
4789,a3,168.3415,168.3066,2026-05-06 02:38:39.358296
4791,a0,151.9756,151.9746,2026-05-06 02:40:42.973934
4792,a1,102.0976,102.145,2026-05-06 02:40:43.264859
4793,a2,157.6341,157.4852,2026-05-06 02:40:43.567516
4794,a3,168.439,168.2999,2026-05-06 02:40:43.836816
4796,a0,151.9512,151.9734,2026-05-06 02:42:47.264518
4797,a1,102.0,102.1378,2026-05-06 02:42:47.570069
4798,a2,157.2927,157.4755,2026-05-06 02:42:47.828635
4799,a3,168.1707,168.2934,2026-05-06 02:42:48.111077
4801,a0,151.9756,151.9766,2026-05-06 02:44:51.471646
4802,a1,102.2439,102.3108,2026-05-06 02:44:51.735126
4803,a2,157.3171,157.4794,2026-05-06 02:44:52.042761
4804,a3,168.2195,168.2868,2026-05-06 02:44:52.435792
4806,a0,152.1463,151.9851,2026-05-06 02:46:54.827197
4807,a1,102.3659,102.3136,2026-05-06 02:46:55.125172
4808,a2,157.4634,157.4786,2026-05-06 02:46:55.455757
4809,a3,168.561,168.3005,2026-05-06 02:46:55.730380
4811,a0,152.0732,151.9895,2026-05-06 02:48:58.163930
4812,a1,102.3415,102.315,2026-05-06 02:48:58.530520
4813,a2,15.3119,0.0,2026-05-06 02:48:58.949804
4815,a0,152.0732,152.044,2026-05-06 02:51:01.530064
4816,a1,100.9512,101.4929,2026-05-06 02:51:01.780825
4817,a2,0.0,157.5115,2026-05-06 02:51:02.066840
4818,a3,168.1951,168.2661,2026-05-06 02:51:02.317339
4820,a0,152.1951,152.0547,2026-05-06 02:53:04.847584
4821,a1,100.9024,100.9079,2026-05-06 02:53:05.162147
4822,a2,157.4146,157.5067,2026-05-06 02:53:05.441615
4823,a3,168.3171,168.2687,2026-05-06 02:53:05.751067
4825,a0,152.2683,152.1418,2026-05-06 02:55:10.963252
4826,a1,101.2683,101.2499,2026-05-06 02:55:11.251338
4827,a2,157.561,157.52,2026-05-06 02:55:11.521367
4828,a3,168.3415,168.2996,2026-05-06 02:55:11.768642
4830,a0,152.1219,152.1408,2026-05-06 02:57:14.879849
4831,a1,101.3902,101.2569,2026-05-06 02:57:15.195230
4832,a2,157.561,157.522,2026-05-06 02:57:15.477444
4833,a3,168.1707,168.2931,2026-05-06 02:57:15.755459
4835,a0,152.2683,152.1472,2026-05-06 02:59:18.577132
4836,a1,101.2683,101.2575,2026-05-06 02:59:18.920717
4837,a2,15.2836,0.0,2026-05-06 02:59:19.285402
4839,a0,152.1951,152.1215,2026-05-06 03:01:26.309154
4840,a1,100.3659,100.6575,2026-05-06 03:01:26.665846
4841,a2,157.4878,157.5224,2026-05-06 03:01:26.971419
4842,a3,168.2195,168.3065,2026-05-06 03:01:27.254031
4844,a0,152.1707,152.124,2026-05-06 03:03:30.005436
4845,a1,100.2683,100.638,2026-05-06 03:03:30.302986
4846,a2,157.3902,157.5158,2026-05-06 03:03:30.560563
4847,a3,168.2195,168.3022,2026-05-06 03:03:30.831501
4849,a0,152.2195,152.1288,2026-05-06 03:05:33.168398
4850,a1,100.2927,100.6207,2026-05-06 03:05:33.462226
4851,a2,157.274,0.0,2026-05-06 03:05:33.738455
4853,a0,152.1707,152.1738,2026-05-06 03:07:36.529066
4854,a1,100.2439,100.3871,2026-05-06 03:07:36.934017
4855,a2,157.5854,157.505,2026-05-06 03:07:37.237135
4858,a0,152.0,152.1142,2026-05-06 03:09:40.428727
4859,a1,100.5854,100.4814,2026-05-06 03:09:40.687170
4860,a2,157.9,0.0,2026-05-06 03:09:40.951123
4861,a3,168.3415,168.3338,2026-05-06 03:09:41.257591
4863,a0,152.1951,152.083,2026-05-06 03:11:45.544713
4864,a1,101.4878,101.2957,2026-05-06 03:11:45.814314
4865,a2,157.4878,157.5804,2026-05-06 03:11:46.064775
4866,a3,168.2683,168.3061,2026-05-06 03:11:46.316166
4868,a0,152.1951,152.0886,2026-05-06 03:13:48.862825
4869,a1,101.561,101.3089,2026-05-06 03:13:49.246331
4870,a2,157.7073,157.5867,2026-05-06 03:13:49.543605
4871,a3,168.3415,168.3078,2026-05-06 03:13:49.810770
4873,a0,152.0488,152.0756,2026-05-06 03:16:55.639727
4874,a1,101.9512,101.7966,2026-05-06 03:16:55.956169
4875,a2,157.3659,157.6,2026-05-06 03:16:56.222252
4876,a3,168.2439,168.3302,2026-05-06 03:16:56.493729
4878,a0,152.1707,152.0803,2026-05-06 03:18:59.219721
4879,a1,102.0732,101.8104,2026-05-06 03:18:59.545796
4880,a2,157.5122,157.6208,2026-05-06 03:18:59.800873
4881,a3,168.1219,168.312,2026-05-06 03:19:00.079958
4883,a0,152.0732,152.1113,2026-05-06 03:21:05.858871
4884,a1,100.4146,101.5106,2026-05-06 03:21:06.155112
4885,a2,157.3415,157.5812,2026-05-06 03:21:06.444273
4886,a3,168.3171,168.3131,2026-05-06 03:21:06.711396
4888,a0,152.1951,152.1155,2026-05-06 03:23:09.426390
4889,a1,100.1463,101.4424,2026-05-06 03:23:09.715944
4890,a2,157.6829,157.5863,2026-05-06 03:23:09.970536
4891,a3,168.2683,168.3108,2026-05-06 03:23:10.245348
4893,a0,152.2439,152.1219,2026-05-06 03:25:12.678190
4894,a1,100.3659,101.3886,2026-05-06 03:25:12.987216
4895,a2,67.0,0.0,2026-05-06 03:25:13.247550
4897,a0,152.0976,152.1277,2026-05-06 03:27:15.866895
4898,a1,100.8781,100.8661,2026-05-06 03:27:16.164005
4899,a2,157.3171,157.58,2026-05-06 03:27:16.419785
4900,a3,168.2683,168.3058,2026-05-06 03:27:16.689580
4902,a0,152.2439,152.1585,2026-05-06 03:30:21.953328
4903,a1,100.439,100.379,2026-05-06 03:30:22.270779
4904,a2,157.6585,157.6375,2026-05-06 03:30:22.634569
4905,a3,168.3171,168.31,2026-05-06 03:30:22.933448
4907,a0,152.1219,152.1821,2026-05-06 03:32:25.648574
4908,a1,100.5366,100.3931,2026-05-06 03:32:25.964740
4909,a2,157.6829,157.6008,2026-05-06 03:32:26.262223
4910,a3,168.4146,168.3032,2026-05-06 03:32:26.557624
4912,a0,152.0976,152.1786,2026-05-06 03:34:29.045156
4913,a1,100.7805,100.536,2026-05-06 03:34:29.384647
4914,a2,157.6341,157.6024,2026-05-06 03:34:29.686124
4915,a3,168.2927,168.3026,2026-05-06 03:34:29.945075
4917,a0,152.1707,152.1978,2026-05-06 03:36:32.749303
4918,a1,101.3902,101.163,2026-05-06 03:36:33.042310
4919,a2,157.561,157.6074,2026-05-06 03:36:33.317555
4920,a3,168.2927,168.3019,2026-05-06 03:36:33.568654
4922,a0,152.1463,152.1952,2026-05-06 03:38:36.517557
4923,a1,101.3659,101.1731,2026-05-06 03:38:36.785608
4924,a2,157.561,157.6051,2026-05-06 03:38:37.103131
4925,a3,168.439,168.3087,2026-05-06 03:38:37.374547
4927,a0,152.0488,152.1449,2026-05-06 03:40:41.071559
4928,a1,100.6341,100.0444,2026-05-06 03:40:41.346240
4929,a2,157.439,157.6279,2026-05-06 03:40:41.822832
4930,a3,168.3171,168.3211,2026-05-06 03:40:42.249166
4932,a0,152.0976,152.1425,2026-05-06 03:42:44.737715
4933,a1,100.6585,100.0751,2026-05-06 03:42:45.026237
4934,a2,157.9268,157.6428,2026-05-06 03:42:45.292639
4935,a3,168.1463,168.3124,2026-05-06 03:42:45.592570
4937,a0,152.1951,152.1968,2026-05-06 03:44:48.236825
4938,a1,101.8049,101.0461,2026-05-06 03:44:48.531696
4939,a2,157.439,157.6053,2026-05-06 03:44:49.021977
4940,a3,168.2439,168.3083,2026-05-06 03:44:49.344643
4942,a0,152.1463,152.2574,2026-05-06 03:46:51.738177
4943,a1,102.3902,101.8724,2026-05-06 03:46:52.049986
4944,a2,157.7073,157.6291,2026-05-06 03:46:52.306948
4945,a3,168.3171,168.3088,2026-05-06 03:46:52.575254
4947,a0,152.2195,152.2484,2026-05-06 03:52:02.553642
4948,a1,102.9268,102.6944,2026-05-06 03:52:02.829817
4949,a2,157.4878,157.5929,2026-05-06 03:52:03.098887
4950,a3,168.3171,168.2737,2026-05-06 03:52:03.397059
4952,a0,152.3415,152.2255,2026-05-06 03:54:10.659983
4953,a1,103.2927,103.0787,2026-05-06 03:54:10.934805
4954,a2,157.5854,157.5655,2026-05-06 03:54:11.238694
4955,a3,168.3659,168.2766,2026-05-06 03:54:11.496140
4957,a0,152.3415,152.2313,2026-05-06 03:56:14.446152
4958,a1,103.1463,103.082,2026-05-06 03:56:14.745588
4959,a2,157.3902,157.5567,2026-05-06 03:56:15.034727
4960,a3,168.3171,168.2787,2026-05-06 03:56:15.294379
4962,a0,152.1463,152.2608,2026-05-06 03:58:17.730951
4963,a1,101.9512,102.8757,2026-05-06 03:58:18.038512
4964,a2,157.6829,157.5752,2026-05-06 03:58:18.326357
4965,a3,168.2439,168.63,2026-05-06 03:58:18.589154
4967,a0,152.1707,152.2392,2026-05-06 04:00:21.642614
4968,a1,101.9756,102.1025,2026-05-06 04:00:22.039158
4969,a2,157.3902,157.5923,2026-05-06 04:00:22.326509
4970,a3,168.3171,168.2688,2026-05-06 04:00:22.585049
4972,a0,152.2683,152.2302,2026-05-06 04:02:27.792348
4973,a1,101.4878,101.3592,2026-05-06 04:02:28.097338
4974,a2,157.4634,157.5854,2026-05-06 04:02:28.362331
4975,a3,168.2683,168.2636,2026-05-06 04:02:28.628910
4977,a0,152.2927,152.2333,2026-05-06 04:04:31.548366
4978,a1,101.6098,101.3718,2026-05-06 04:04:31.809275
4979,a2,157.6341,157.5879,2026-05-06 04:04:32.112774
4980,a3,168.1707,168.2589,2026-05-06 04:04:32.366549
4982,a0,152.3659,152.24,2026-05-06 04:06:35.127795
4983,a1,101.5854,101.3824,2026-05-06 04:06:35.389370
4986,a0,152.3902,152.2302,2026-05-06 04:08:38.294278
4987,a1,102.0,101.8065,2026-05-06 04:08:38.563436
4988,a2,157.8293,157.6173,2026-05-06 04:08:39.048985
4989,a3,168.4146,8.321,2026-05-06 04:08:39.357232
4991,a0,152.2683,152.2134,2026-05-06 04:10:41.922840
4993,a0,152.1219,152.1736,2026-05-06 04:12:44.575224
4994,a1,102.8049,102.6588,2026-05-06 04:12:44.912613
4995,a2,157.6341,157.6541,2026-05-06 04:12:45.219891
4996,a3,168.1951,168.2628,2026-05-06 04:12:45.581347
4998,a0,152.2195,152.1759,2026-05-06 04:14:48.573797
4999,a1,102.8049,102.6661,2026-05-06 04:14:49.061848
5002,a0,151.9756,152.1963,2026-05-06 04:17:54.608039
5003,a1,103.0732,103.0208,2026-05-06 04:17:54.960717
5004,a2,157.7317,157.6872,2026-05-06 04:17:55.219285
5005,a3,168.2195,168.2871,2026-05-06 04:17:55.476102
5007,a0,152.0488,152.1889,2026-05-06 04:19:58.489979
5008,a1,103.1219,103.0258,2026-05-06 04:19:58.951362
5009,a2,157.6829,157.6696,2026-05-06 04:19:59.217227
5010,a3,168.3902,168.2897,2026-05-06 04:19:59.471107
5012,a0,152.3902,152.1869,2026-05-06 04:22:01.938551
5013,a1,103.1951,103.1363,2026-05-06 04:22:02.189505
5014,a2,0.0,157.6483,2026-05-06 04:22:02.481193
5015,a3,168.3902,168.2943,2026-05-06 04:22:02.749147
5017,a0,152.1219,152.1761,2026-05-06 04:24:05.577755
5018,a1,103.0244,102.9971,2026-05-06 04:24:05.897873
5019,a2,157.6585,157.6488,2026-05-06 04:24:06.151402
5020,a3,168.3902,168.2991,2026-05-06 04:24:06.411685
5022,a0,151.9512,152.1649,2026-05-06 04:26:09.308138
5023,a1,102.9756,102.9961,2026-05-06 04:26:09.772636
5024,a2,157.561,157.6327,2026-05-06 04:26:10.059961
5025,a3,168.4634,168.3051,2026-05-06 04:26:10.325162
5027,a0,152.1707,152.1685,2026-05-06 04:28:12.764343
5028,a1,103.1707,103.0682,2026-05-06 04:28:13.055017
5029,a2,15.0,157.6378,2026-05-06 04:28:13.359898
5030,a3,168.3171,168.3256,2026-05-06 04:28:13.611609
5032,a0,152.0488,152.1536,2026-05-06 04:30:16.376189
5034,a0,152.0732,152.0903,2026-05-06 04:32:19.111384
5035,a1,103.2927,103.3274,2026-05-06 04:32:19.370082
5036,a2,157.6585,157.6818,2026-05-06 04:32:19.623183
5037,a3,168.2439,168.2554,2026-05-06 04:32:19.955638
5039,a0,152.1463,152.0931,2026-05-06 04:34:22.411402
5040,a1,103.3415,103.3281,2026-05-06 04:34:22.710341
5041,a2,8.2736,0.0,2026-05-06 04:34:22.990240
5043,a0,152.1219,152.1234,2026-05-06 04:36:26.792587
5044,a1,90.12195,96.07697,2026-05-06 04:36:27.074370
5045,a2,157.5122,157.6208,2026-05-06 04:36:27.362285
5046,a3,168.2927,168.2872,2026-05-06 04:36:27.665582
5048,a0,152.1707,152.1258,2026-05-06 04:38:30.295457
5049,a1,89.78049,95.76215,2026-05-06 04:38:30.588641
5050,a2,157.3902,157.6093,2026-05-06 04:38:30.842032
5051,a3,168.4634,168.296,2026-05-06 04:38:31.147290
5053,a0,152.3171,152.1354,2026-05-06 04:40:33.614458
5054,a1,89.65854,95.45696,2026-05-06 04:40:33.923920
5055,a2,139.0,168.296,2026-05-06 04:40:34.264846
5057,a0,152.2683,152.1642,2026-05-06 04:42:37.132691
5058,a1,89.70731,88.52489,2026-05-06 04:42:37.452968
5059,a2,157.5366,157.5692,2026-05-06 04:42:37.768236
5060,a3,168.3171,168.2626,2026-05-06 04:42:38.065547
5062,a0,152.2439,152.1682,2026-05-06 04:44:41.156495
5063,a1,89.7317,88.58524,2026-05-06 04:44:41.503864
5064,a2,157.8049,157.581,2026-05-06 04:44:41.990368
5065,a3,168.3415,168.2665,2026-05-06 04:44:42.429750
5067,a0,152.2927,152.1744,2026-05-06 04:46:44.889191
5068,a1,89.90244,88.6511,2026-05-06 04:46:45.188387
5071,a0,152.2439,152.1874,2026-05-06 04:48:52.352887
5072,a1,95.07317,94.11781,2026-05-06 04:48:52.648535
5073,a2,157.6341,157.6297,2026-05-06 04:48:52.926005
5074,a3,168.2927,168.2654,2026-05-06 04:48:53.187159
5076,a0,152.0976,152.1829,2026-05-06 04:50:55.920746
5077,a1,95.07317,94.16558,2026-05-06 04:50:56.206881
5078,a2,157.6585,157.6311,2026-05-06 04:50:56.507320
5079,a3,168.0976,168.257,2026-05-06 04:50:56.814798
5081,a0,152.1463,152.1811,2026-05-06 04:52:59.175215
5082,a1,95.19512,94.21706,2026-05-06 04:52:59.439418
5085,a0,152.4146,152.3757,2026-05-06 04:55:03.280301
5086,a1,98.92683,98.04955,2026-05-06 04:55:03.590732
5087,a2,157.6585,157.6923,2026-05-06 04:55:03.868162
5088,a3,168.3171,168.345,2026-05-06 04:55:04.158062
5090,a0,152.3171,152.3728,2026-05-06 04:57:07.157276
5091,a1,98.80488,98.08732,2026-05-06 04:57:07.443186
5092,a2,157.9268,157.7041,2026-05-06 04:57:07.713310
5093,a3,168.3415,168.3448,2026-05-06 04:57:07.968412
5095,a0,152.2683,152.3676,2026-05-06 04:59:10.816407
5096,a1,98.87805,98.12685,2026-05-06 04:59:11.115574
5097,a2,168.2856,0.0,2026-05-06 04:59:11.412276
5099,a0,152.2927,152.3034,2026-05-06 05:01:14.213938
5100,a1,99.56097,99.06651,2026-05-06 05:01:14.510957
5101,a2,157.439,157.6292,2026-05-06 05:01:14.799872
5104,a0,152.2927,152.3449,2026-05-06 05:03:17.738797
5105,a1,100.0488,99.62797,2026-05-06 05:03:18.050192
5106,a2,157.8049,157.6594,2026-05-06 05:03:18.305742
5107,a3,168.4146,168.2849,2026-05-06 05:03:18.564098
5109,a0,152.3171,152.3448,2026-05-06 05:05:21.478579
5110,a1,99.0,99.48444,2026-05-06 05:05:21.797892
5111,a2,157.8293,157.663,2026-05-06 05:05:22.098539
5112,a3,168.2927,168.2599,2026-05-06 05:05:22.381441
5114,a0,152.2927,152.3223,2026-05-06 05:07:24.798401
5115,a1,99.41463,99.36294,2026-05-06 05:07:25.188670
5117,a0,152.4146,152.3614,2026-05-06 05:09:27.867337
5118,a1,99.95122,99.62438,2026-05-06 05:09:28.186126
5119,a2,157.6829,157.6293,2026-05-06 05:09:28.479382
5120,a3,168.2195,168.2498,2026-05-06 05:09:28.921278
5122,a0,152.439,152.3977,2026-05-06 05:11:33.363299
5123,a1,100.8049,100.4926,2026-05-06 05:11:33.659543
5124,a2,157.5122,157.6494,2026-05-06 05:11:33.986422
5125,a3,168.1951,168.2918,2026-05-06 05:11:34.274670
5127,a0,152.3415,152.3949,2026-05-06 05:13:36.750940
5128,a1,100.9268,100.5143,2026-05-06 05:13:37.078336
5129,a2,157.6341,157.6486,2026-05-06 05:13:37.379160
5130,a3,168.2683,168.2907,2026-05-06 05:13:37.673870
5132,a0,152.3171,152.391,2026-05-06 05:15:40.379037
5133,a1,100.8293,100.53,2026-05-06 05:15:40.662684
5136,a0,152.439,152.4399,2026-05-06 05:17:43.670877
5137,a1,98.29269,97.56018,2026-05-06 05:17:43.969898
5138,a2,157.3659,157.6892,2026-05-06 05:17:44.241525
5139,a3,168.1951,168.2852,2026-05-06 05:17:44.532754
5141,a0,152.3171,152.4337,2026-05-06 05:19:46.938656
5142,a1,98.34146,97.59924,2026-05-06 05:19:47.246333
5143,a2,157.561,157.6828,2026-05-06 05:19:47.568510
5144,a3,168.2927,168.2855,2026-05-06 05:19:47.842688
5146,a0,152.561,152.3955,2026-05-06 05:21:52.546356
5147,a1,100.5122,99.77438,2026-05-06 05:21:52.834608
5148,a2,157.8049,157.6717,2026-05-06 05:21:53.148635
5149,a3,168.2439,168.2848,2026-05-06 05:21:53.433547
5151,a0,152.3902,152.3952,2026-05-06 05:23:55.932076
5152,a1,100.3659,99.80396,2026-05-06 05:23:56.232661
5153,a2,157.6829,157.6722,2026-05-06 05:23:56.536784
5154,a3,168.4878,168.295,2026-05-06 05:23:56.805051
5156,a0,152.4878,152.4232,2026-05-06 05:25:59.249141
5157,a1,101.0732,100.5972,2026-05-06 05:25:59.551711
5158,a2,157.7805,157.6391,2026-05-06 05:25:59.855529
5161,a0,152.5366,152.4284,2026-05-06 05:28:02.727855
5162,a1,94.19512,99.27034,2026-05-06 05:28:03.020651
5163,a2,157.7317,157.6411,2026-05-06 05:28:03.291463
5164,a3,168.2683,168.2893,2026-05-06 05:28:03.622375
5166,a0,152.2927,152.4216,2026-05-06 05:30:06.348902
5167,a1,93.7317,98.99341,2026-05-06 05:30:06.684096
5168,a2,0.0,168.2729,2026-05-06 05:30:07.001028
5171,a0,152.5366,152.3861,2026-05-06 05:34:11.773753
5172,a1,97.02439,96.02748,2026-05-06 05:34:12.068991
5173,a2,157.6341,157.6245,2026-05-06 05:34:12.367064
5174,a3,168.0488,168.2619,2026-05-06 05:34:12.664907
5176,a0,152.5122,152.3924,2026-05-06 05:36:15.439580
5177,a1,97.19512,96.08586,2026-05-06 05:36:15.770004
5180,a0,152.561,152.4765,2026-05-06 05:38:22.760840
5181,a1,100.8537,100.3016,2026-05-06 05:38:23.058412
5182,a2,157.7073,157.6413,2026-05-06 05:38:23.348350
5183,a3,168.1707,168.2586,2026-05-06 05:38:23.607326
5185,a0,152.6098,152.4832,2026-05-06 05:40:26.260049
5186,a1,100.8049,100.3267,2026-05-06 05:40:26.545136
5187,a2,157.7317,157.6459,2026-05-06 05:40:26.920571
5188,a3,168.2683,168.2591,2026-05-06 05:40:27.200604
5190,a0,152.6098,152.5012,2026-05-06 05:42:29.684466
5191,a1,101.7073,101.1124,2026-05-06 05:42:29.976170
5192,a2,157.6829,157.6551,2026-05-06 05:42:30.227988
5193,a3,168.2439,168.22617,2026-05-06 05:42:30.498143
5195,a0,152.6098,152.515,2026-05-06 05:44:32.851161
5196,a1,100.7317,101.0429,2026-05-06 05:44:33.113562
5197,a2,157.8781,157.6579,2026-05-06 05:44:33.539920
5198,a3,168.3415,168.2657,2026-05-06 05:44:33.833978
5200,a0,152.6585,152.5222,2026-05-06 05:46:36.634105
5201,a1,100.7073,101.0261,2026-05-06 05:46:36.912350
5204,a0,152.7805,152.6076,2026-05-06 05:48:41.919869
5205,a1,101.8781,101.4451,2026-05-06 05:48:42.420734
5206,a2,157.8293,157.6714,2026-05-06 05:48:42.715742
5207,a3,168.3171,168.3031,2026-05-06 05:48:42.959415
5209,a0,152.6341,152.6089,2026-05-06 05:50:45.396245
5210,a1,101.8537,101.4655,2026-05-06 05:50:45.705353
5211,a2,157.6829,157.6719,2026-05-06 05:50:45.962358
5212,a3,168.3171,168.3038,2026-05-06 05:50:46.216313
5214,a0,152.5122,152.5504,2026-05-06 05:53:51.399371
5215,a1,102.561,102.3472,2026-05-06 05:53:51.676116
5217,a0,152.3171,152.5392,2026-05-06 05:55:54.571160
5218,a1,102.9024,102.5855,2026-05-06 05:55:54.894729
5219,a2,157.7317,157.6666,2026-05-06 05:55:55.178556
5220,a3,168.1463,168.2732,2026-05-06 05:55:55.498347
5222,a0,152.3171,152.4932,2026-05-06 05:58:02.564663
5223,a1,103.439,103.2416,2026-05-06 05:58:02.927248
5224,a2,157.6829,157.6696,2026-05-06 05:58:03.228423
5225,a3,168.3659,168.3067,2026-05-06 05:58:03.531552
5227,a0,152.4146,152.4893,2026-05-06 06:00:06.290227
5228,a1,103.5366,103.2564,2026-05-06 06:00:06.614919
5229,a2,157.6341,157.6678,2026-05-06 06:00:06.887998
5230,a3,168.2683,168.3048,2026-05-06 06:00:07.156111
5232,a0,152.6341,152.4965,2026-05-06 06:02:09.773355
5233,a1,103.5854,103.2728,2026-05-06 06:02:10.007848
5234,a2,171.0,168.2839,2026-05-06 06:02:10.288330
5236,a0,152.5366,152.4961,2026-05-06 06:04:13.595412
5237,a1,104.2195,104.0338,2026-05-06 06:04:13.870724
5238,a2,157.8537,157.7165,2026-05-06 06:04:14.151824
5239,a3,168.3415,168.3406,2026-05-06 06:04:14.398006
5241,a0,152.3659,152.4896,2026-05-06 06:06:16.884713
5242,a1,104.1707,104.0406,2026-05-06 06:06:17.160712
5243,a2,157.5122,157.7063,2026-05-06 06:06:17.435693
5244,a3,168.1951,168.3334,2026-05-06 06:06:17.744178
5246,a0,152.4146,152.4858,2026-05-06 06:08:20.119357
5247,a1,104.0976,104.0435,2026-05-06 06:08:20.395587
5248,a2,3.0,0.0,2026-05-06 06:08:20.664775
5250,a0,152.4878,152.456,2026-05-06 06:10:23.701091
5251,a1,96.80488,95.93169,2026-05-06 06:10:24.048424
5252,a2,157.8293,157.7045,2026-05-06 06:10:24.298089
5253,a3,168.3171,168.347,2026-05-06 06:10:24.579264
5255,a0,152.561,152.4612,2026-05-06 06:12:26.872028
5256,a1,96.80488,95.97534,2026-05-06 06:12:27.141596
5257,a2,157.6341,157.701,2026-05-06 06:12:27.437329
5258,a3,168.3902,168.3492,2026-05-06 06:12:27.707153
5260,a0,152.4146,152.4589,2026-05-06 06:14:30.466751
5261,a1,96.92683,96.02292,2026-05-06 06:14:30.775752
5262,a2,15.0,0.0,2026-05-06 06:14:31.053957
5264,a0,152.3415,152.4184,2026-05-06 06:16:34.333783
5265,a1,102.0488,101.0352,2026-05-06 06:16:34.617529
5266,a2,157.8537,157.7624,2026-05-06 06:16:34.906372
5267,a3,168.3171,168.4052,2026-05-06 06:16:35.172539
5269,a0,152.3415,152.4146,2026-05-06 06:18:37.642039
5270,a1,101.9756,101.0822,2026-05-06 06:18:37.916985
5271,a2,157.8537,157.767,2026-05-06 06:18:38.240306
5272,a3,168.4146,168.4057,2026-05-06 06:18:38.543922
5274,a0,152.3902,152.3349,2026-05-06 06:21:43.786836
5275,a1,100.0976,101.2059,2026-05-06 06:21:44.094868
5276,a2,157.6829,157.7469,2026-05-06 06:21:44.356227
5277,a3,168.439,168.4039,2026-05-06 06:21:44.636606
5279,a0,152.2439,152.3304,2026-05-06 06:23:47.078625
5280,a1,100.2927,101.1602,2026-05-06 06:23:47.368040
5281,a2,157.6098,157.7221,2026-05-06 06:23:47.678396
5282,a3,168.5366,168.411,2026-05-06 06:23:47.976533
5284,a0,152.3171,152.2932,2026-05-06 06:25:50.380588
5285,a1,93.0,94.91341,2026-05-06 06:25:50.665391
5286,a2,157.6829,157.7244,2026-05-06 06:25:50.986622
5287,a3,168.4146,168.4245,2026-05-06 06:25:51.253159
5289,a0,152.1707,152.0727,2026-05-06 06:27:57.174443
5290,a1,96.12195,95.47787,2026-05-06 06:27:57.484346
5291,a2,157.9756,157.8054,2026-05-06 06:27:57.788120
5292,a3,168.439,168.44,2026-05-06 06:27:58.083991
5294,a0,152.0732,152.0727,2026-05-06 06:30:00.545029
5295,a1,96.17073,95.51251,2026-05-06 06:30:00.938758
5296,a2,157.7805,157.8042,2026-05-06 06:30:01.199572
5297,a3,168.5366,168.4449,2026-05-06 06:30:01.508140
5299,a0,151.9268,151.8957,2026-05-06 06:32:09.201572
5300,a1,98.7561,97.80978,2026-05-06 06:32:09.476682
5301,a2,157.8537,157.7747,2026-05-06 06:32:09.731581
5302,a3,168.5122,168.443,2026-05-06 06:32:09.989461
5304,a0,151.8781,151.8948,2026-05-06 06:34:12.650721
5305,a1,98.80488,97.85954,2026-05-06 06:34:12.923717
5306,a2,157.8293,157.7774,2026-05-06 06:34:13.193631
5307,a3,168.6098,168.4513,2026-05-06 06:34:13.488435
5309,a0,151.7805,151.8891,2026-05-06 06:36:16.428163
5310,a1,98.90244,97.91169,2026-05-06 06:36:16.869252
5311,a2,781.0,157.7846,2026-05-06 06:36:17.169257
5312,a3,168.3171,168.4417,2026-05-06 06:36:17.490260
5314,a0,151.6829,151.6358,2026-05-06 06:39:22.959730
5315,a1,101.2683,100.3059,2026-05-06 06:39:23.252384
5316,a2,158.0244,157.7764,2026-05-06 06:39:23.551256
5317,a3,168.6341,168.4389,2026-05-06 06:39:23.844048
5319,a0,151.5854,151.6333,2026-05-06 06:41:26.202435
5320,a1,101.439,100.3626,2026-05-06 06:41:26.488406
5321,a2,157.9024,157.7723,2026-05-06 06:41:26.781384
5322,a3,168.4146,168.4362,2026-05-06 06:41:27.062597
5324,a0,151.439,151.5205,2026-05-06 06:43:32.787814
5325,a1,102.8537,102.6379,2026-05-06 06:43:33.065310
5326,a2,157.7073,157.756,2026-05-06 06:43:33.362791
5327,a3,168.3902,168.4354,2026-05-06 06:43:33.634609
5329,a0,151.561,151.5225,2026-05-06 06:45:36.562548
5330,a1,102.9024,102.6511,2026-05-06 06:45:36.930685
5331,a2,157.6829,157.7524,2026-05-06 06:45:37.263193
5332,a3,168.4146,168.4344,2026-05-06 06:45:37.542779
5334,a0,151.3902,151.4763,2026-05-06 06:47:40.010721
5335,a1,103.2439,103.0473,2026-05-06 06:47:40.302286
5336,a2,157.8781,157.7731,2026-05-06 06:47:40.613783
5337,a3,168.566098,168.5005,2026-05-06 06:47:40.872886
5339,a0,151.4634,151.4939,2026-05-06 06:49:43.280190
5340,a1,103.561,103.3451,2026-05-06 06:49:43.563819
5341,a2,157.6585,157.7865,2026-05-06 06:49:43.877034
5342,a3,168.4878,168.4999,2026-05-06 06:49:44.134765
5344,a0,151.6098,151.6544,2026-05-06 06:51:50.273421
5345,a1,100.0244,101.711,2026-05-06 06:51:50.596636
5346,a2,157.6829,157.8,2026-05-06 06:51:50.912571
5347,a3,168.6098,168.5045,2026-05-06 06:51:51.194204
5349,a0,151.561,151.6497,2026-05-06 06:53:54.002692
5350,a1,99.90244,101.6206,2026-05-06 06:53:54.312376
5351,a2,157.8049,157.8002,2026-05-06 06:53:54.572730
5352,a3,168.4146,168.5,2026-05-06 06:53:54.826212
5354,a0,151.5854,151.6465,2026-05-06 06:55:57.450669
5355,a1,100.0488,101.542,2026-05-06 06:55:57.714257
5356,a2,157.75161,0.0,2026-05-06 06:55:57.960079
5358,a0,151.7561,151.6649,2026-05-06 06:58:00.906755
5359,a1,95.63415,98.40462,2026-05-06 06:58:01.238311
5360,a2,157.6098,157.8199,2026-05-06 06:58:01.550317
5361,a3,168.5854,168.4924,2026-05-06 06:58:01.864767
5363,a0,151.2927,151.4226,2026-05-06 07:00:07.747650
5364,a1,99.14634,97.90127,2026-05-06 07:00:08.091243
5365,a2,157.8537,157.8394,2026-05-06 07:00:08.379034
5366,a3,168.561,168.5238,2026-05-06 07:00:08.694120
5368,a0,151.3415,151.4186,2026-05-06 07:02:11.419868
5369,a1,99.14634,97.96352,2026-05-06 07:02:11.757982
5370,a2,158.0976,157.8523,2026-05-06 07:02:12.074574
5371,a3,168.561,168.5256,2026-05-06 07:02:12.381815
5373,a0,151.0244,151.2326,2026-05-06 07:04:16.629753
5374,a1,101.1219,100.5615,2026-05-06 07:04:16.941418
5375,a2,158.0,157.8438,2026-05-06 07:04:17.267398
5376,a3,168.6341,168.5491,2026-05-06 07:04:17.595099
5378,a0,151.1219,151.227,2026-05-06 07:06:20.053525
5379,a1,101.3171,100.5993,2026-05-06 07:06:20.355515
5380,a2,157.8049,157.8418,2026-05-06 07:06:20.674397
5381,a3,168.561,168.5497,2026-05-06 07:06:21.033700
5383,a0,151.1951,151.2254,2026-05-06 07:08:23.459741
5384,a1,101.2195,100.6303,2026-05-06 07:08:23.885691
5385,a2,158.5683,0.0,2026-05-06 07:08:24.182003
5387,a0,151.2683,151.1582,2026-05-06 07:10:26.916697
5388,a1,101.4634,101.2161,2026-05-06 07:10:27.261203
5389,a2,157.8049,157.8153,2026-05-06 07:10:27.583843
5390,a3,168.5854,12.988,2026-05-06 07:10:27.903855
5391,a0,151.0,151.0235,2026-05-06 07:12:33.168530
5392,a1,102.4146,102.2855,2026-05-06 07:12:33.453497
5393,a2,157.9268,157.8829,2026-05-06 07:12:33.732720
5394,a3,168.6098,168.5916,2026-05-06 07:12:34.014746
5396,a0,151.1951,151.032,2026-05-06 07:14:36.718603
5397,a1,102.3659,102.2895,2026-05-06 07:14:37.021407
5398,a2,157.8537,157.8815,2026-05-06 07:14:37.340572
5399,a3,168.4878,168.5864,2026-05-06 07:14:37.641988
5401,a0,150.8293,150.9358,2026-05-06 07:16:42.057943
5402,a1,101.1707,101.4925,2026-05-06 07:16:42.418983
5403,a2,157.8293,157.8368,2026-05-06 07:16:42.700321
5404,a3,168.4878,168.5683,2026-05-06 07:16:42.986546
5406,a0,150.8781,150.9329,2026-05-06 07:18:45.453259
5407,a1,101.1951,101.4777,2026-05-06 07:18:45.773742
5408,a2,157.7805,157.834,2026-05-06 07:18:46.043640
5409,a3,168.6098,168.5704,2026-05-06 07:18:46.316012
5411,a0,150.7805,150.8575,2026-05-06 07:20:48.845690
5412,a1,101.3415,101.37,2026-05-06 07:20:49.236603
5413,a2,157.5854,157.8493,2026-05-06 07:20:49.523625
5414,a3,168.6098,168.604,2026-05-06 07:20:49.795706
5416,a0,151.0,150.8276,2026-05-06 07:22:52.233184
5417,a1,102.2439,101.7241,2026-05-06 07:22:52.527846
5418,a2,157.9268,157.8385,2026-05-06 07:22:52.810074
5419,a3,168.6829,168.608,2026-05-06 07:22:53.075729
5421,a0,151.0,150.8399,2026-05-06 07:24:59.139092
5422,a1,96.34146,96.64683,2026-05-06 07:24:59.446043
5423,a2,157.7317,157.8933,2026-05-06 07:24:59.714201
5424,a3,168.5122,168.603,2026-05-06 07:24:59.967075
5426,a0,150.8293,150.8394,2026-05-06 07:27:02.362490
5427,a1,96.19512,96.62424,2026-05-06 07:27:02.610037
5428,a2,157.7073,157.884,2026-05-06 07:27:02.868868
5429,a3,168.5854,168.6021,2026-05-06 07:27:03.150313
5431,a0,150.8293,150.8389,2026-05-06 07:29:06.231225
5432,a1,96.41463,96.61375,2026-05-06 07:29:06.506290
5433,a2,14.0,168.6154,2026-05-06 07:29:06.780420
5435,a0,150.9512,150.8185,2026-05-06 07:31:09.176927
5436,a1,97.46342,97.13306,2026-05-06 07:31:09.459677
5437,a2,157.65561,161.3879,2026-05-06 07:31:09.715802
5438,a3,168.8293,168.6465,2026-05-06 07:31:09.968288
5440,a0,150.561,150.6923,2026-05-06 07:33:12.374123
5441,a1,97.53658,97.39169,2026-05-06 07:33:12.665023
5442,a2,162.7805,161.4575,2026-05-06 07:33:12.921697
5443,a3,168.6341,168.6459,2026-05-06 07:33:13.206744
5445,a0,150.6098,150.6881,2026-05-06 07:35:17.126008
5446,a1,97.46342,97.39527,2026-05-06 07:35:17.427458
5448,a3,168.6341,168.6634,2026-05-06 07:35:17.980126
5450,a0,150.8781,150.7352,2026-05-06 07:37:25.735611
5451,a1,99.39024,99.0961,2026-05-06 07:37:26.036799
5452,a2,158.1463,158.1755,2026-05-06 07:37:26.291626
5453,a3,168.7805,168.6186,2026-05-06 07:37:26.564458
5455,a0,150.9024,150.7436,2026-05-06 07:39:29.002654
5456,a1,99.34146,99.10837,2026-05-06 07:39:29.264787
5457,a2,158.0732,158.1703,2026-05-06 07:39:29.522881
5458,a3,168.7317,168.6242,2026-05-06 07:39:29.788254
5460,a0,150.7805,150.7454,2026-05-06 07:41:32.432099
5461,a1,99.36585,99.12124,2026-05-06 07:41:32.722981
5462,a2,0.0,168.6454,2026-05-06 07:41:32.981311
5464,a0,150.7561,150.8807,2026-05-06 07:43:36.101409
5465,a1,99.19512,99.33442,2026-05-06 07:43:36.407804
5466,a2,158.7073,158.4414,2026-05-06 07:43:36.704576
5467,a3,168.5854,168.6001,2026-05-06 07:43:36.979163
5469,a0,150.8537,150.8793,2026-05-06 07:45:39.386061
5470,a1,99.31707,99.33355,2026-05-06 07:45:39.684217
5471,a2,158.5122,158.4449,2026-05-06 07:45:39.948695
5472,a3,168.6585,168.603,2026-05-06 07:45:40.265121
5474,a0,150.9024,150.8854,2026-05-06 07:47:44.716208
5475,a1,100.1707,99.78516,2026-05-06 07:47:44.998068
5476,a2,158.5854,158.6197,2026-05-06 07:47:45.257186
5477,a3,168.7073,168.6311,2026-05-06 07:47:45.574625
5479,a0,150.8537,150.8838,2026-05-06 07:49:49.471259
5480,a1,100.0976,99.80077,2026-05-06 07:49:49.773924
5481,a2,158.6829,158.6228,2026-05-06 07:49:50.029117
5482,a3,168.6829,168.6337,2026-05-06 07:49:50.308976
5484,a0,150.8049,150.8798,2026-05-06 07:51:52.709854
5485,a1,100.0976,99.81561,2026-05-06 07:51:52.982244
5486,a2,0.0,168.6222,2026-05-06 07:51:53.265825
5488,a0,150.9756,150.9325,2026-05-06 07:53:59.724404
5489,a1,99.53658,99.82901,2026-05-06 07:54:00.008590
5490,a2,158.6585,158.6916,2026-05-06 07:54:00.312604
5491,a3,168.7805,168.6669,2026-05-06 07:54:00.595929
5493,a0,151.0,150.9359,2026-05-06 07:56:07.507934
5494,a1,99.56097,99.81561,2026-05-06 07:56:07.798611
5495,a2,158.8049,158.6973,2026-05-06 07:56:08.053034
5496,a3,168.6098,168.664,2026-05-06 07:56:08.339770
5498,a0,150.8293,150.9487,2026-05-06 07:58:13.045014
5499,a1,100.2439,99.96921,2026-05-06 07:58:13.333227
5500,a2,158.7561,158.7522,2026-05-06 07:58:13.604689
5501,a3,168.5366,168.654,2026-05-06 07:58:13.911937
5503,a0,150.9512,150.9489,2026-05-06 08:00:16.624840
5504,a1,100.2195,99.98173,2026-05-06 08:00:17.052734
5505,a2,158.8293,158.7561,2026-05-06 08:00:17.373149
5506,a3,168.6341,168.653,2026-05-06 08:00:18.110001
5508,a0,151.0244,150.9527,2026-05-06 08:02:20.558053
5509,a1,100.0976,99.98752,2026-05-06 08:02:20.826171
5511,a3,168.6341,168.6415,2026-05-06 08:02:21.396630
5513,a0,150.5854,150.6737,2026-05-06 08:04:28.337430
5514,a1,99.07317,98.95229,2026-05-06 08:04:28.614464
5515,a2,158.7561,158.7966,2026-05-06 08:04:29.023221
5516,a3,168.5366,168.6548,2026-05-06 08:04:29.370817
5518,a0,150.7805,150.679,2026-05-06 08:06:32.209621
5519,a1,99.07317,98.95834,2026-05-06 08:06:32.776450
5520,a2,158.7073,158.7921,2026-05-06 08:06:33.054910
5521,a3,168.6585,168.655,2026-05-06 08:06:33.361114
5523,a0,150.4634,150.5393,2026-05-06 08:08:36.806656
5524,a1,99.90244,99.5171,2026-05-06 08:08:37.099629
5525,a2,158.7805,158.829,2026-05-06 08:08:37.412045
5526,a3,168.7561,168.6564,2026-05-06 08:08:37.710144
5528,a0,150.5122,150.5379,2026-05-06 08:10:40.383119
5529,a1,99.7561,99.52905,2026-05-06 08:10:40.700312
5530,a2,158.8049,158.8278,2026-05-06 08:10:40.987779
5531,a3,168.7561,168.6613,2026-05-06 08:10:41.316639
5533,a0,150.7317,150.6412,2026-05-06 08:12:45.518098
5534,a1,100.2927,100.1402,2026-05-06 08:12:45.870632
5535,a2,158.8049,158.8657,2026-05-06 08:12:46.181981
5536,a3,168.6341,168.6295,2026-05-06 08:12:46.523382
5538,a0,150.7317,150.6458,2026-05-06 08:14:49.064780
5539,a1,100.2683,100.1466,2026-05-06 08:14:49.365546
5540,a2,158.8537,158.8651,2026-05-06 08:14:49.683202
5541,a3,168.7317,168.6346,2026-05-06 08:14:49.958313
5543,a0,150.5854,150.6321,2026-05-06 08:16:54.715636
5544,a1,100.561,100.428,2026-05-06 08:16:55.003841
5545,a2,158.8293,158.8381,2026-05-06 08:16:55.342699
5546,a3,168.6341,168.6266,2026-05-06 08:16:55.626206
5548,a0,150.7073,150.6359,2026-05-06 08:18:58.063326
5549,a1,100.6829,100.4407,2026-05-06 08:18:58.390419
5550,a2,158.9268,158.8425,2026-05-06 08:18:58.762210
5551,a3,168.7073,168.6306,2026-05-06 08:18:59.175339
5553,a0,150.7805,150.6431,2026-05-06 08:21:01.685540
5554,a1,100.6341,100.4504,2026-05-06 08:21:02.004650
5555,a2,61.0,168.6459,2026-05-06 08:21:02.332116
5557,a0,151.1219,150.9222,2026-05-06 08:23:09.424808
5558,a1,100.8781,100.9565,2026-05-06 08:23:09.720234
5559,a2,158.7805,158.9432,2026-05-06 08:23:10.009955
5560,a3,168.8781,168.6994,2026-05-06 08:23:10.281264
5562,a0,150.9512,150.9237,2026-05-06 08:25:48.131641
5563,a1,100.8537,100.9514,2026-05-06 08:25:48.603167
5564,a2,158.9512,158.9436,2026-05-06 08:25:49.062868
5565,a3,168.6585,168.6974,2026-05-06 08:25:49.376274
5567,a0,150.9268,151.0516,2026-05-06 08:27:54.459111
5568,a1,100.9024,100.947,2026-05-06 08:27:54.742328
5569,a2,158.8293,158.922,2026-05-06 08:27:55.010197
5570,a3,168.5854,168.6864,2026-05-06 08:27:55.267743
5572,a0,151.0,151.049,2026-05-06 08:29:57.649421
5573,a1,100.9756,100.9484,2026-05-06 08:29:57.973555
5574,a2,158.9756,158.9246,2026-05-06 08:29:58.258833
5575,a3,168.5854,168.6814,2026-05-06 08:29:58.554971
5577,a0,151.0976,151.0514,2026-05-06 08:32:01.114177
5578,a1,100.9024,100.9461,2026-05-06 08:32:01.419617
5579,a2,158.92049,0.0,2026-05-06 08:32:01.703938
5581,a0,151.0976,151.0308,2026-05-06 08:34:04.764156
5582,a1,101.0244,101.0888,2026-05-06 08:34:05.050641
5583,a2,158.9268,158.945,2026-05-06 08:34:05.401843
5585,a0,151.2927,151.0956,2026-05-06 08:36:07.915924
5586,a1,101.3659,101.3616,2026-05-06 08:36:08.217857
5587,a2,159.0,158.9256,2026-05-06 08:36:08.525374
5588,a3,168.6341,168.6933,2026-05-06 08:36:08.930287
5590,a0,151.1707,151.0847,2026-05-06 08:38:11.764532
5591,a1,101.1707,101.2509,2026-05-06 08:38:12.034861
5592,a2,158.9024,158.9244,2026-05-06 08:38:12.366712
5593,a3,168.8293,168.7001,2026-05-06 08:38:12.678926
5595,a0,151.0976,151.0854,2026-05-06 08:40:15.558228
5596,a1,101.1463,101.2457,2026-05-06 08:40:15.827589
5597,a2,0.0,0.0,2026-05-06 08:40:16.521822
5599,a0,151.1707,151.0643,2026-05-06 08:42:22.469202
5600,a1,101.0732,101.1144,2026-05-06 08:42:22.741321
5601,a2,158.9268,158.9423,2026-05-06 08:42:23.005003
5602,a3,168.7073,168.7337,2026-05-06 08:42:23.300624
5604,a0,151.2439,151.0733,2026-05-06 08:44:26.039465
5605,a1,101.0976,101.1136,2026-05-06 08:44:26.319729
5606,a2,159.0244,158.9464,2026-05-06 08:44:26.623922
5607,a3,168.6585,168.7299,2026-05-06 08:44:26.988894
5609,a0,151.1219,151.0757,2026-05-06 08:46:29.898954
5610,a1,101.0976,101.1128,2026-05-06 08:46:30.202464
5611,a2,54.0,168.6986,2026-05-06 08:46:30.535489
5613,a0,151.7805,151.6228,2026-05-06 08:48:37.307813
5614,a1,100.9756,101.0551,2026-05-06 08:48:37.569841
5615,a2,158.7317,158.8808,2026-05-06 08:48:37.869275
5616,a3,168.5854,168.6815,2026-05-06 08:48:38.133678
5618,a0,151.7073,151.6271,2026-05-06 08:50:40.535894
5619,a1,101.1219,101.0584,2026-05-06 08:50:40.794416
5620,a2,158.8049,158.877,2026-05-06 08:50:41.077669
5621,a3,168.8293,168.6889,2026-05-06 08:50:41.337025
5623,a0,151.6829,151.6299,2026-05-06 08:52:44.474399
5624,a1,101.1463,101.0628,2026-05-06 08:52:44.767788
5625,a2,1.6911,0.0,2026-05-06 08:52:45.031025
5627,a0,151.8293,151.9324,2026-05-06 08:54:48.297571
5628,a1,101.4146,101.3692,2026-05-06 08:54:48.585561
5629,a2,158.7317,158.9476,2026-05-06 08:54:49.070045
5630,a3,168.7073,168.6848,2026-05-06 08:54:49.317797
5632,a0,151.9268,151.9321,2026-05-06 08:56:51.790810
5633,a1,101.2683,101.3642,2026-05-06 08:56:52.091754
5634,a2,159.0732,158.9538,2026-05-06 08:56:52.388273
5635,a3,168.6585,168.6835,2026-05-06 08:56:52.650191
5637,a0,152.0244,151.9174,2026-05-06 08:58:56.797371
5638,a1,100.9512,101.2427,2026-05-06 08:58:57.052525
5639,a2,159.0488,158.9593,2026-05-06 08:58:57.304929
5640,a3,168.7561,168.6802,2026-05-06 08:58:57.679180
5642,a0,152.0,151.9377,2026-05-06 09:01:39.310753
5643,a1,100.1951,100.5091,2026-05-06 09:01:39.601894
5644,a2,158.8293,158.9544,2026-05-06 09:01:39.878279
5645,a3,168.6829,168.696,2026-05-06 09:01:40.168705
5647,a0,151.9756,151.9396,2026-05-06 09:03:42.609217
5648,a1,100.2195,100.4947,2026-05-06 09:03:42.883703
5649,a2,159.0,158.9567,2026-05-06 09:03:43.181900
5650,a3,168.561,168.6893,2026-05-06 09:03:43.495007
5652,a0,151.7317,151.8412,2026-05-06 09:05:48.143630
5653,a1,100.0488,99.97479,2026-05-06 09:05:48.428641
5654,a2,158.8049,158.9269,2026-05-06 09:05:48.822759
5655,a3,168.5854,168.6583,2026-05-06 09:05:49.232268
5657,a0,151.8049,151.8394,2026-05-06 09:07:56.798034
5658,a1,100.0732,99.97971,2026-05-06 09:07:57.089054
5659,a2,159.0732,158.9342,2026-05-06 09:07:57.354918
5660,a3,168.561,168.6535,2026-05-06 09:07:57.655856
5662,a0,151.7073,151.7723,2026-05-06 09:10:01.032218
5663,a1,100.3171,100.2158,2026-05-06 09:10:01.307298
5664,a2,158.9512,158.9642,2026-05-06 09:10:01.584272
5665,a3,168.7317,168.6767,2026-05-06 09:10:01.925719
5667,a0,151.7561,151.7715,2026-05-06 09:12:04.545335
5668,a1,100.2927,100.2196,2026-05-06 09:12:04.839228
5669,a2,159.0,158.966,2026-05-06 09:12:05.120281
5670,a3,168.6585,168.6758,2026-05-06 09:12:05.468769
5672,a0,151.561,151.567,2026-05-06 09:14:09.718450
5673,a1,100.4878,100.3237,2026-05-06 09:14:10.005335
5674,a2,158.8781,158.8825,2026-05-06 09:14:10.259185
5675,a3,168.6829,168.6229,2026-05-06 09:14:10.507901
5677,a0,151.5366,151.5655,2026-05-06 09:16:12.877959
5678,a1,100.4634,100.3307,2026-05-06 09:16:13.162939
5679,a2,159.0244,158.8896,2026-05-06 09:16:13.439439
5680,a3,168.7073,168.6271,2026-05-06 09:16:13.868637
5682,a0,151.4146,151.4478,2026-05-06 09:18:18.520658
5683,a1,100.439,100.4744,2026-05-06 09:18:19.047054
5684,a2,158.8049,158.8237,2026-05-06 09:18:19.338585
5685,a3,168.6098,168.5868,2026-05-06 09:18:19.601958
5687,a0,151.561,151.4534,2026-05-06 09:20:22.379079
5688,a1,100.3659,100.469,2026-05-06 09:20:22.686136
5689,a2,158.8049,158.8228,2026-05-06 09:20:22.945406
5690,a3,168.4634,168.5806,2026-05-06 09:20:23.245893
5692,a0,151.2683,151.3738,2026-05-06 09:22:25.651368
5693,a1,100.4878,100.4316,2026-05-06 09:22:25.966159
5694,a2,158.8781,158.8032,2026-05-06 09:22:26.255984
5695,a3,168.561,168.5316,2026-05-06 09:22:26.508093
5697,a0,151.3171,151.3347,2026-05-06 09:24:29.129081
5698,a1,100.3902,100.3988,2026-05-06 09:24:29.430700
5699,a2,158.9024,158.8082,2026-05-06 09:24:29.705563
5700,a3,168.561,168.5331,2026-05-06 09:24:30.059114
5702,a0,151.1463,149.8619,2026-05-06 09:26:36.301572
5703,a1,100.0,100.4,2026-05-06 09:26:36.626414
5704,a2,256.439,242.4991,2026-05-06 09:26:36.923910
5705,a3,168.4634,168.5204,2026-05-06 09:26:37.218616
5707,a0,151.1707,149.9273,2026-05-06 09:28:39.784796
5708,a1,100.0,100.38,2026-05-06 09:28:40.062844
5709,a2,256.8049,243.2144,2026-05-06 09:28:40.329196
5710,a3,168.6098,168.5248,2026-05-06 09:28:40.588504
5712,a0,152.6098,152.1856,2026-05-06 09:31:28.983460
5713,a1,98.95122,99.38501,2026-05-06 09:31:29.265426
5714,a2,259.7561,257.6413,2026-05-06 09:31:29.545140
5715,a3,168.5122,168.5279,2026-05-06 09:31:29.815491
5717,a0,152.5854,152.2056,2026-05-06 09:33:32.225204
5718,a1,98.90244,99.36088,2026-05-06 09:33:32.527953
5719,a2,259.4146,257.7299,2026-05-06 09:33:32.805706
5720,a3,168.3659,168.5198,2026-05-06 09:33:33.073003
5722,a0,153.1219,152.9885,2026-05-06 09:35:38.565292
5723,a1,98.07317,98.27501,2026-05-06 09:35:39.095928
5724,a2,259.5122,258.2958,2026-05-06 09:35:39.400354
5725,a3,168.4146,168.5073,2026-05-06 09:35:39.681567
5727,a0,153.1463,152.9964,2026-05-06 09:37:42.323837
5728,a1,98.12195,98.26736,2026-05-06 09:37:42.592145
5729,a2,259.7561,258.3688,2026-05-06 09:37:42.886346
5730,a3,168.4634,168.5051,2026-05-06 09:37:43.186668
5732,a0,153.5854,153.5266,2026-05-06 09:39:47.648013
5733,a1,97.68293,97.85423,2026-05-06 09:39:47.941374
5734,a2,257.7317,258.3893,2026-05-06 09:39:48.254712
5735,a3,168.4634,168.4651,2026-05-06 09:39:48.536493
5737,a0,153.6829,153.5344,2026-05-06 09:41:52.977975
5738,a1,97.68293,97.84567,2026-05-06 09:41:53.245075
5739,a2,258.2439,258.3821,2026-05-06 09:41:53.509428
5740,a3,168.2439,168.4541,2026-05-06 09:41:53.824418
5742,a0,153.9268,153.7424,2026-05-06 09:43:56.826354
5743,a1,97.39024,97.67759,2026-05-06 09:43:57.082129
5744,a2,255.0244,256.1295,2026-05-06 09:43:57.373419
5745,a3,168.5366,168.5101,2026-05-06 09:43:57.676672
5747,a0,153.9512,153.8895,2026-05-06 09:46:00.096644
5748,a1,97.07317,97.39242,2026-05-06 09:46:00.464506
5749,a2,255.0,256.0731,2026-05-06 09:46:00.748194
5750,a3,168.3659,168.5029,2026-05-06 09:46:01.064611
5752,a0,154.1463,154.0423,2026-05-06 09:48:03.994825
5753,a1,96.80488,96.97556,2026-05-06 09:48:04.296018
5754,a2,252.5122,254.744,2026-05-06 09:48:04.562921
5755,a3,168.5122,168.4734,2026-05-06 09:48:05.602933
5757,a0,154.0244,154.1696,2026-05-06 09:50:08.244036
5758,a1,95.70731,96.20287,2026-05-06 09:50:08.539919
5759,a2,252.4634,253.2666,2026-05-06 09:50:08.955641
5760,a3,168.5122,168.4754,2026-05-06 09:50:09.220564
5762,a0,154.0,154.3016,2026-05-06 09:52:11.901698
5764,a0,154.3902,154.3442,2026-05-06 09:54:14.564242
5765,a1,95.63415,95.60336,2026-05-06 09:54:14.848995
5766,a2,250.2195,251.0305,2026-05-06 09:54:15.114666
5767,a3,168.7073,168.5035,2026-05-06 09:54:15.389918
5769,a0,154.3171,154.3944,2026-05-06 09:56:17.963259
5770,a1,95.2439,95.45699,2026-05-06 09:56:18.213576
5771,a2,252.3659,250.3915,2026-05-06 09:56:18.503872
5772,a3,168.6098,168.483,2026-05-06 09:56:19.015301
5774,a0,154.4634,154.4705,2026-05-06 09:58:21.389835
5775,a1,94.58537,95.0377,2026-05-06 09:58:21.657035
5776,a2,251.8049,250.4622,2026-05-06 09:58:21.944050
5777,a3,168.5854,168.4881,2026-05-06 09:58:22.204853
5779,a0,154.439,154.5381,2026-05-06 10:00:26.248271
5780,a1,94.63415,94.71851,2026-05-06 10:00:26.620579
5781,a2,250.3659,251.0121,2026-05-06 10:00:26.890772
5782,a3,168.5122,168.4796,2026-05-06 10:00:27.154112
5784,a0,154.6098,154.5416,2026-05-06 10:02:29.813006
5785,a1,94.48781,94.70698,2026-05-06 10:02:30.188842
5786,a2,250.3902,250.981,2026-05-06 10:02:30.479655
5787,a3,168.439,168.4776,2026-05-06 10:02:30.787105
5789,a0,154.6098,154.545,2026-05-06 10:04:33.249803
5790,a1,94.65854,94.70455,2026-05-06 10:04:33.549239
5791,a3,168.4146,168.441,2026-05-06 10:04:33.869525
5793,a0,154.7073,154.6271,2026-05-06 10:06:37.375967
5794,a1,94.39024,94.46979,2026-05-06 10:06:37.635555
5795,a2,248.1707,248.5179,2026-05-06 10:06:37.900718
5796,a3,168.3659,168.4059,2026-05-06 10:06:38.202232
5798,a0,154.6585,154.6287,2026-05-06 10:08:40.830246
5799,a1,94.2439,94.4585,2026-05-06 10:08:41.144020
5800,a2,248.561,248.5201,2026-05-06 10:08:41.449117
5801,a3,168.2927,168.4002,2026-05-06 10:08:42.019762
5803,a0,154.6829,154.6674,2026-05-06 10:10:44.607715
5804,a1,94.14634,94.3467,2026-05-06 10:10:44.890331
5805,a3,168.3902,168.3915,2026-05-06 10:10:45.143079
5807,a0,154.7073,154.6997,2026-05-06 10:12:52.090435
5808,a1,93.90244,94.10309,2026-05-06 10:12:52.368313
5809,a2,246.3902,246.9596,2026-05-06 10:12:52.681236
5810,a3,168.4146,168.3927,2026-05-06 10:12:52.959350
5812,a0,154.6829,154.705,2026-05-06 10:14:55.590603
5813,a1,90.31707,93.45525,2026-05-06 10:14:55.851930
5814,a2,245.094183,0.0,2026-05-06 10:14:56.149941
5815,a3,168.3171,168.3881,2026-05-06 10:14:56.428805
5817,a0,154.7317,154.7546,2026-05-06 10:16:59.227321
5818,a1,86.63415,89.92275,2026-05-06 10:16:59.499702
5819,a2,244.6585,245.3803,2026-05-06 10:16:59.773094
5820,a3,168.439,168.3906,2026-05-06 10:17:00.043045
5822,a0,154.9512,154.8957,2026-05-06 10:19:03.149846
5823,a1,85.90244,85.10406,2026-05-06 10:19:03.423101
5824,a2,244.0488,244.3113,2026-05-06 10:19:03.683948
5825,a3,168.3659,168.3911,2026-05-06 10:19:03.988253
5827,a0,154.9268,154.8972,2026-05-06 10:21:06.786268
5828,a1,86.02439,85.15007,2026-05-06 10:21:07.036860
5829,a2,244.3902,244.3153,2026-05-06 10:21:07.314017
5830,a3,168.3171,168.3873,2026-05-06 10:21:07.592166
5832,a0,154.7561,154.8902,2026-05-06 10:23:10.754941
5833,a1,86.19512,85.20232,2026-05-06 10:23:11.210700
5834,a2,83.0,168.4033,2026-05-06 10:23:11.480892
5836,a0,154.7805,154.8491,2026-05-06 10:25:13.928600
5837,a1,88.80488,87.14907,2026-05-06 10:25:14.206589
5838,a2,243.5854,243.9712,2026-05-06 10:25:14.496523
5839,a3,168.2683,168.3687,2026-05-06 10:25:14.813512
5841,a0,154.7805,154.7479,2026-05-06 10:27:17.310583
5842,a1,91.65854,90.80736,2026-05-06 10:27:17.582098
5843,a2,243.0244,243.41,2026-05-06 10:27:17.860038
5844,a3,168.5366,168.3876,2026-05-06 10:27:18.166107
5846,a0,154.8293,154.7644,2026-05-06 10:29:20.630812
5847,a1,91.34146,91.34908,2026-05-06 10:29:20.997210
5848,a2,242.3171,242.892,2026-05-06 10:29:21.316422
5849,a3,168.2683,168.3584,2026-05-06 10:29:21.650183
5851,a0,154.8049,154.7538,2026-05-06 10:31:25.124320
5852,a1,91.17073,91.36894,2026-05-06 10:31:25.439123
5853,a2,241.1707,241.6552,2026-05-06 10:31:25.756357
5854,a3,168.3171,168.3338,2026-05-06 10:31:26.041913
5856,a0,154.5366,154.7429,2026-05-06 10:33:28.863106
5857,a1,91.34146,91.36756,2026-05-06 10:33:29.161013
5858,a2,241.561,241.6505,2026-05-06 10:33:29.529807
5859,a3,168.1707,168.3257,2026-05-06 10:33:29.823424
5861,a0,154.8049,154.7784,2026-05-06 10:35:33.493924
5862,a1,91.31707,91.3495,2026-05-06 10:35:33.811720
5863,a2,240.0244,240.679,2026-05-06 10:35:34.117941
5864,a3,168.1951,168.3214,2026-05-06 10:35:34.453508
5866,a0,154.6829,154.7737,2026-05-06 10:37:36.982250
5867,a1,91.36585,91.35032,2026-05-06 10:37:37.265084
5868,a2,240.0976,240.6499,2026-05-06 10:37:37.606268
5869,a3,168.3171,168.3212,2026-05-06 10:37:37.881276
5871,a0,154.8537,154.7776,2026-05-06 10:39:40.559461
5872,a1,91.21951,91.34377,2026-05-06 10:39:40.918002
5873,a3,168.1951,168.3174,2026-05-06 10:39:41.236386
5875,a0,154.7561,154.7973,2026-05-06 10:41:43.919822
5876,a1,90.7317,91.20466,2026-05-06 10:41:44.213812
5877,a2,240.3415,240.4045,2026-05-06 10:41:44.545211
5878,a3,168.3902,168.3344,2026-05-06 10:41:44.852905
5880,a0,154.6341,154.8305,2026-05-06 10:43:47.824851
5881,a1,7.0,0.0,2026-05-06 10:43:48.174529
5882,a0,154.9024,154.8693,2026-05-06 10:45:50.562874
5883,a1,90.85366,90.60977,2026-05-06 10:45:50.888730
5884,a2,239.439,239.951,2026-05-06 10:45:51.172724
5885,a3,168.2927,168.331,2026-05-06 10:45:51.467947
5889,a0,155.0976,154.987,2026-05-06 10:51:59.016857
5890,a1,88.68293,90.08471,2026-05-06 10:51:59.299792
5891,a2,240.2927,240.0106,2026-05-06 10:51:59.575387
5892,a3,168.4146,168.3269,2026-05-06 10:51:59.856798
5894,a0,155.1219,154.9952,2026-05-06 10:54:05.738484
5895,a1,91.02439,90.25605,2026-05-06 10:54:06.059562
5896,a2,238.9024,239.3403,2026-05-06 10:54:06.357412
5897,a3,168.3415,168.3245,2026-05-06 10:54:06.625051
5899,a0,154.8781,154.9894,2026-05-06 10:56:09.018944
5900,a1,91.0,90.29325,2026-05-06 10:56:09.270257
5901,a2,238.6341,239.305,2026-05-06 10:56:09.591775
5902,a3,168.3902,168.3278,2026-05-06 10:56:09.855296
5904,a0,155.0,155.0083,2026-05-06 10:58:14.556924
5905,a1,91.56097,91.56075,2026-05-06 10:58:14.802966
5906,a2,237.2927,237.723,2026-05-06 10:58:15.102723
5907,a3,168.2927,168.3225,2026-05-06 10:58:15.369016
5909,a0,154.9756,155.0066,2026-05-06 11:00:18.291549
5910,a1,91.68293,91.56685,2026-05-06 11:00:18.621067
5911,a2,237.3415,237.7039,2026-05-06 11:00:19.128168
5912,a3,168.2439,168.3186,2026-05-06 11:00:19.423395
5914,a0,154.9756,155.0577,2026-05-06 11:02:23.045288
5915,a1,91.17073,91.3235,2026-05-06 11:02:23.348314
5916,a2,236.3659,236.7932,2026-05-06 11:02:23.637707
5917,a3,168.3171,168.3098,2026-05-06 11:02:23.934767
5919,a0,155.0732,155.0585,2026-05-06 11:04:26.503824
5920,a1,91.07317,91.31098,2026-05-06 11:04:26.818162
5921,a2,236.6341,236.7853,2026-05-06 11:04:27.134292
5922,a3,168.2927,168.3089,2026-05-06 11:04:27.427161
5924,a0,155.1219,155.1047,2026-05-06 11:06:33.251791
5925,a1,91.2439,91.09455,2026-05-06 11:06:33.510020
5926,a2,235.8537,236.283,2026-05-06 11:06:33.806186
5927,a3,168.3415,168.3316,2026-05-06 11:06:34.065219
5929,a0,155.2439,155.1116,2026-05-06 11:08:36.574932
5930,a1,91.21951,91.1008,2026-05-06 11:08:36.888319
5931,a2,236.2683,236.2822,2026-05-06 11:08:37.169147
5932,a3,168.3171,168.3308,2026-05-06 11:08:37.460992
5934,a0,155.0244,155.1066,2026-05-06 11:10:40.431713
5935,a1,91.07317,91.06227,2026-05-06 11:10:40.720760
5936,a2,236.7,236.097,2026-05-06 11:10:41.124988
5937,a3,168.1463,168.3315,2026-05-06 11:10:41.417715
5939,a0,155.1463,155.1483,2026-05-06 11:12:44.744574
5940,a1,91.0,90.99393,2026-05-06 11:12:45.036902
5941,a2,235.8781,236.086,2026-05-06 11:12:45.299385
5942,a3,168.2927,168.3295,2026-05-06 11:12:45.645545
5944,a0,155.2195,155.149,2026-05-06 11:14:48.399305
5945,a1,90.7561,90.89999,2026-05-06 11:14:48.920477
5946,a2,236.1707,236.0213,2026-05-06 11:14:49.236625
5947,a3,168.3171,168.3085,2026-05-06 11:14:49.492758
5949,a0,154.9756,155.1458,2026-05-06 11:16:52.531007
5950,a1,91.07317,90.99356,2026-05-06 11:16:52.794231
5951,a2,235.3659,235.5023,2026-05-06 11:16:53.053536
5952,a3,168.3415,168.316,2026-05-06 11:16:53.349793
5954,a0,155.1463,155.1337,2026-05-06 11:18:56.182073
5956,a0,155.1951,155.1378,2026-05-06 11:20:58.923471
5957,a1,91.09756,91.2104,2026-05-06 11:20:59.282504
5958,a2,234.7073,234.8669,2026-05-06 11:20:59.580722
5959,a3,168.2439,168.3015,2026-05-06 11:20:59.833289
5961,a0,155.0488,155.1334,2026-05-06 11:23:02.888151
5962,a1,91.17073,91.20842,2026-05-06 11:23:03.215542
5963,a2,2.0,0.0,2026-05-06 11:23:03.572972
5964,a3,168.1707,168.2815,2026-05-06 11:23:03.872819
5966,a0,155.1707,155.1486,2026-05-06 11:25:06.289787
5967,a1,91.09756,91.14165,2026-05-06 11:25:06.584555
5968,a2,234.2927,234.4556,2026-05-06 11:25:06.986827
5969,a3,168.2927,168.2899,2026-05-06 11:25:07.265673
5971,a0,155.1707,155.0867,2026-05-06 11:27:10.778648
5972,a1,92.14634,92.09763,2026-05-06 11:27:11.097483
5973,a2,233.2439,233.6039,2026-05-06 11:27:11.367191
5974,a3,168.2195,168.264,2026-05-06 11:27:11.663822
5976,a0,155.1707,155.0909,2026-05-06 11:29:14.647432
5977,a1,92.21951,92.10372,2026-05-06 11:29:14.948992
5978,a2,233.5122,233.5993,2026-05-06 11:29:15.242098
5979,a3,168.2683,168.2643,2026-05-06 11:29:15.518601
5981,a0,155.2927,155.1222,2026-05-06 11:31:53.229987
5982,a1,92.0,92.13359,2026-05-06 11:31:53.516990
5983,a2,233.3415,233.4956,2026-05-06 11:31:53.783293
5984,a3,168.3659,168.2784,2026-05-06 11:31:54.054173
5986,a0,155.1463,155.1237,2026-05-06 11:34:59.192036
5987,a1,91.17073,91.53267,2026-05-06 11:34:59.520439
5988,a2,233.0244,233.1185,2026-05-06 11:34:59.839096
5989,a3,168.2195,168.2928,2026-05-06 11:35:00.210223
5991,a0,155.0732,155.1212,2026-05-06 11:37:02.698416
5992,a1,91.2683,91.51945,2026-05-06 11:37:03.064556
5993,a2,232.3415,232.8929,2026-05-06 11:37:03.412992
5994,a3,168.2683,168.3097,2026-05-06 11:37:03.700975
5996,a0,155.1707,155.1444,2026-05-06 11:39:06.525371
5997,a1,91.1969,0.0,2026-05-06 11:39:06.815975
5998,a0,155.1707,155.1449,2026-05-06 11:41:09.144834
5999,a1,90.90244,90.97659,2026-05-06 11:41:09.496279
6000,a2,232.3415,232.676,2026-05-06 11:41:09.797880
6001,a3,168.2683,168.2884,2026-05-06 11:41:10.093779
6003,a0,155.2439,155.1749,2026-05-06 11:44:17.327609
6004,a1,89.0,89.44046,2026-05-06 11:44:17.623859
6005,a2,232.0732,232.2596,2026-05-06 11:44:17.886836
6006,a3,168.4146,168.2257,2026-05-06 11:44:18.151953
6008,a0,155.2439,155.1784,2026-05-06 11:46:21.057580
6009,a1,88.97561,89.41722,2026-05-06 11:46:21.354362
6010,a2,231.9268,232.2429,2026-05-06 11:46:21.612120
6011,a3,168.2683,168.2279,2026-05-06 11:46:21.945924
6013,a0,155.1707,155.2458,2026-05-06 11:48:26.389291
6014,a1,87.41463,87.32997,2026-05-06 11:48:26.651041
6015,a2,231.9268,231.9293,2026-05-06 11:48:26.949144
6016,a3,168.2439,168.2638,2026-05-06 11:48:27.253987
6018,a0,155.2439,155.2457,2026-05-06 11:50:29.709122
6019,a1,87.2683,87.32689,2026-05-06 11:50:30.037800
6020,a2,231.6341,231.9146,2026-05-06 11:50:30.333876
6021,a3,168.3171,168.2665,2026-05-06 11:50:30.587559
6023,a0,155.2927,155.2481,2026-05-06 11:52:33.199412
6024,a1,87.39024,87.33006,2026-05-06 11:52:33.452901
6025,a3,168.1707,168.2414,2026-05-06 11:52:33.766790
6027,a0,155.2439,155.2121,2026-05-06 11:54:36.193767
6028,a1,88.58537,168.2226,2026-05-06 11:54:36.471206
6030,a0,155.0732,155.1483,2026-05-06 11:56:39.221147
6031,a1,88.53658,88.3864,2026-05-06 11:56:39.589169
6032,a2,230.5854,230.9302,2026-05-06 11:56:39.892189
6033,a3,168.0976,168.2164,2026-05-06 11:56:40.207266
6035,a0,155.0244,155.1494,2026-05-06 11:58:45.924365
6036,a1,89.51219,89.20834,2026-05-06 11:58:46.261964
6037,a2,230.9512,230.7771,2026-05-06 11:58:46.629329
6038,a3,168.2927,168.2496,2026-05-06 11:58:46.982036
6040,a0,155.1219,155.148,2026-05-06 12:00:49.705628
6041,a1,89.53658,89.22475,2026-05-06 12:00:50.026037
6042,a2,230.9512,230.7858,2026-05-06 12:00:50.311344
6043,a3,168.1951,168.2469,2026-05-06 12:00:50.561358
6045,a0,155.0,155.1406,2026-05-06 12:02:53.035357
6046,a1,89.48781,89.23791,2026-05-06 12:02:53.311351
6047,a3,168.2683,168.226,2026-05-06 12:02:53.611108
6049,a0,155.0244,155.1675,2026-05-06 12:04:56.738288
6050,a1,88.7317,88.88243,2026-05-06 12:04:57.035634
6051,a2,230.5366,230.7047,2026-05-06 12:04:57.351313
6052,a3,168.3171,168.2417,2026-05-06 12:04:57.631253
6054,a0,155.2195,155.1701,2026-05-06 12:07:01.200502
6055,a1,88.87805,88.88221,2026-05-06 12:07:01.503471
6056,a2,230.3902,230.6889,2026-05-06 12:07:01.823013
6057,a3,168.3415,168.2467,2026-05-06 12:07:02.096794
6059,a0,155.3659,155.2222,2026-05-06 12:09:05.191297
6060,a1,89.07317,88.9839,2026-05-06 12:09:05.507852
6061,a2,230.5366,230.5939,2026-05-06 12:09:05.812758
6062,a3,168.3415,168.2513,2026-05-06 12:09:06.067250
6064,a0,155.3171,155.2269,2026-05-06 12:11:08.477708
6065,a1,89.19512,88.99446,2026-05-06 12:11:08.922306
6066,a2,230.7805,230.6032,2026-05-06 12:11:09.212433
6067,a3,168.3171,168.2546,2026-05-06 12:11:09.512202
6069,a0,155.1951,155.2253,2026-05-06 12:13:11.980226
6070,a1,89.2439,89.00694,2026-05-06 12:13:12.300136
6072,a0,155.1219,155.219,2026-05-06 12:15:15.195199
6073,a1,88.70731,88.90871,2026-05-06 12:15:15.486319
6074,a2,230.3415,230.3402,2026-05-06 12:15:15.749738
6075,a3,168.3171,168.2535,2026-05-06 12:15:16.040776
6077,a0,155.2683,155.2208,2026-05-06 12:17:22.695875
6078,a1,88.65854,88.56574,2026-05-06 12:17:22.993087
6079,a2,229.8293,229.9386,2026-05-06 12:17:23.326669
6080,a3,168.2927,168.2059,2026-05-06 12:17:23.655780
6081,a6,1023.0,1022.942,2026-05-06 12:17:23.939136
6082,a0,155.2683,155.2231,2026-05-06 12:19:26.172199
6083,a1,88.68293,88.57159,2026-05-06 12:19:26.489163
6084,a2,230.1463,229.949,2026-05-06 12:19:26.748122
6085,a3,168.3659,168.2139,2026-05-06 12:19:27.022936
6086,a6,1023.0,1022.945,2026-05-06 12:19:27.292099
6087,a0,155.3415,155.2648,2026-05-06 12:21:31.714286
6088,a1,88.2439,88.54564,2026-05-06 12:21:32.022207
6089,a2,229.1219,229.3918,2026-05-06 12:21:32.310391
6090,a3,168.3415,168.2068,2026-05-06 12:21:32.581072
6091,a6,1022.951,1022.944,2026-05-06 12:21:32.854550
6092,a0,155.1951,155.2613,2026-05-06 12:23:35.341369
6093,a1,88.19512,88.52811,2026-05-06 12:23:35.678813
6094,a2,229.1463,229.3795,2026-05-06 12:23:35.956655
6095,a3,168.2195,168.2075,2026-05-06 12:23:36.260836
6096,a6,1022.683,1022.931,2026-05-06 12:23:36.536394
6097,a0,155.3902,155.2507,2026-05-06 12:25:38.604469
6098,a1,88.12195,88.29941,2026-05-06 12:25:39.051137
6099,a0,155.1707,155.2647,2026-05-06 12:27:41.492328
6100,a1,88.21951,88.25998,2026-05-06 12:27:42.016183
6101,a2,229.2439,229.1627,2026-05-06 12:27:42.561045
6102,a3,168.4146,168.2002,2026-05-06 12:27:43.147197
6103,a6,1023.0,1022.93,2026-05-06 12:27:43.437410
6104,a0,155.3902,155.2767,2026-05-06 12:29:49.060735
6105,a1,87.65854,88.01186,2026-05-06 12:29:49.354288
6106,a2,229.439,229.32946,2026-05-06 12:29:49.677136
6107,a6,1022.878,1022.906,2026-05-06 12:29:49.942655
6108,a0,155.3902,155.2914,2026-05-06 12:31:52.776656
6109,a1,83.63415,85.99881,2026-05-06 12:31:53.047152
6110,a2,229.6585,229.5447,2026-05-06 12:31:53.346243
6111,a3,168.0244,168.1861,2026-05-06 12:31:53.635367
6112,a6,1023.0,1022.911,2026-05-06 12:31:53.901470
6113,a0,155.3171,155.2927,2026-05-06 12:33:56.628340
6114,a1,83.56097,85.87692,2026-05-06 12:33:56.898214
6115,a2,230.8293,230.0684,2026-05-06 12:33:57.170235
6116,a3,168.5122,168.4144,2026-05-06 12:33:57.570293
6117,a6,1022.756,1022.932,2026-05-06 12:33:57.842580
6118,a0,155.2927,155.3454,2026-05-06 12:36:04.309049
6119,a1,84.90244,83.60298,2026-05-06 12:36:04.585110
6120,a2,229.0732,229.3201,2026-05-06 12:36:04.898093
6121,a3,168.2195,168.2058,2026-05-06 12:36:05.192682
6122,a6,1022.951,1022.938,2026-05-06 12:36:05.473554
6123,a0,155.2683,155.3416,2026-05-06 12:38:07.643916
6124,a1,85.09756,83.6777,2026-05-06 12:38:07.924097
6125,a2,229.3171,229.32,2026-05-06 12:38:08.231522
6126,a3,168.1707,168.2041,2026-05-06 12:38:08.514241
6127,a6,1023.0,1022.941,2026-05-06 12:38:09.023394
6128,a0,155.3659,155.3428,2026-05-06 12:40:11.132685
6129,a1,85.07317,83.74748,2026-05-06 12:40:11.420833
6130,a3,168.3415,168.2184,2026-05-06 12:40:11.701171
6131,a6,1022.902,1022.937,2026-05-06 12:40:11.995925
6132,a0,155.2683,155.2652,2026-05-06 12:42:14.488742
6133,a1,86.2439,85.29951,2026-05-06 12:42:14.765687
6134,a2,228.7317,228.7945,2026-05-06 12:42:15.024202
6135,a3,168.1463,168.228,2026-05-06 12:42:15.295427
6136,a6,1022.927,1022.912,2026-05-06 12:42:15.592692
6137,a0,155.1951,155.2399,2026-05-06 12:44:52.774048
6138,a1,0.0,0.0,2026-05-06 12:44:53.093370
6139,a0,155.6098,155.4192,2026-05-06 12:46:55.209367
6140,a1,86.97561,86.69446,2026-05-06 12:46:55.494708
6141,a2,228.6829,228.7512,2026-05-06 12:46:55.791328
6142,a3,168.6585,168.3833,2026-05-06 12:46:56.038732
6143,a6,1023.0,1022.931,2026-05-06 12:46:56.670916
6144,a0,154.8293,155.1989,2026-05-06 12:49:02.183617
6145,a1,87.80488,87.5544,2026-05-06 12:49:02.437902
6146,a2,228.0488,228.2338,2026-05-06 12:49:02.710618
6147,a3,168.1219,168.1908,2026-05-06 12:49:03.020461
6148,a6,1023.0,1022.922,2026-05-06 12:49:03.318184
6149,a0,154.8049,155.1792,2026-05-06 12:51:06.141053
6150,a1,87.95122,87.57423,2026-05-06 12:51:06.446931
6151,a2,227.8049,228.2124,2026-05-06 12:51:06.738201
6152,a3,168.3171,168.1971,2026-05-06 12:51:07.002379
6153,a6,1023.0,1022.926,2026-05-06 12:51:07.306767
6154,a0,155.0976,155.1274,2026-05-06 12:53:10.918035
6155,a1,87.78049,87.82497,2026-05-06 12:53:11.227683
6156,a2,228.5366,228.2528,2026-05-06 12:53:11.513562
6157,a3,168.0976,168.186,2026-05-06 12:53:11.860050
6158,a6,1023.0,1022.942,2026-05-06 12:53:12.154331
6159,a0,155.1463,155.1284,2026-05-06 12:55:16.427268
6160,a1,87.68293,87.81787,2026-05-06 12:55:16.955725
6161,a2,228.6829,228.2743,2026-05-06 12:55:17.252663
6162,a3,168.2927,168.1914,2026-05-06 12:55:17.574548
6163,a6,1022.878,1022.939,2026-05-06 12:55:17.881066
6164,a0,155.1707,155.2005,2026-05-06 12:57:21.327659
6165,a1,88.0,88.00994,2026-05-06 12:57:21.642920
6166,a2,227.8293,227.9797,2026-05-06 12:57:21.960016
6168,a0,155.2195,155.2403,2026-05-06 12:59:24.377846
6169,a1,88.2683,88.16667,2026-05-06 12:59:24.674926
6170,a2,227.6829,227.8586,2026-05-06 12:59:24.954131
6171,a3,168.0488,168.1706,2026-05-06 12:59:25.457681
6172,a6,1023.0,1022.882,2026-05-06 12:59:25.757344
6173,a0,155.3415,155.2453,2026-05-06 13:01:28.284877
6174,a1,88.34146,88.17542,2026-05-06 13:01:28.599382
6175,a2,27.7802,0.0,2026-05-06 13:01:29.017303
6176,a3,168.2439,168.1876,2026-05-06 13:01:29.292583
6177,a6,1022.732,1022.91,2026-05-06 13:01:29.581542
6178,a0,155.1951,155.272,2026-05-06 13:03:35.261747
6179,a1,88.51219,88.51762,2026-05-06 13:03:35.546739
6180,a2,227.6829,227.6158,2026-05-06 13:03:35.865687
6181,a3,168.0976,168.1522,2026-05-06 13:03:36.124262
6182,a6,1022.854,1022.904,2026-05-06 13:03:36.393076
6183,a0,155.2439,155.2706,2026-05-06 13:05:38.543104
6184,a1,88.48781,88.51614,2026-05-06 13:05:39.015932
6185,a2,227.5366,227.6118,2026-05-06 13:05:39.390963
6186,a3,168.2439,168.1568,2026-05-06 13:05:39.680597
6187,a6,1023.0,1022.909,2026-05-06 13:05:39.989684
6188,a0,155.2439,155.2692,2026-05-06 13:07:42.255832
6189,a1,88.43903,88.51228,2026-05-06 13:07:42.610137
6190,a2,227.4634,227.7221,2026-05-06 13:07:42.891149
6191,a3,168.1951,168.1653,2026-05-06 13:07:43.188886
6192,a6,1023.0,1022.91,2026-05-06 13:07:43.454249
6193,a0,155.1707,155.2736,2026-05-06 13:09:45.845144
6194,a1,87.58537,87.64752,2026-05-06 13:09:46.122483
6195,a2,228.0976,227.5161,2026-05-06 13:09:46.375331
6196,a3,168.9024,168.3075,2026-05-06 13:09:46.633796
6197,a6,1022.854,1022.943,2026-05-06 13:09:46.891807
6198,a0,155.9268,155.4629,2026-05-06 13:11:49.390134
6199,a1,87.58537,87.64,2026-05-06 13:11:49.646033
6200,a6,1023.0,1022.929,2026-05-06 13:11:49.952604
6201,a0,155.2439,155.3448,2026-05-06 13:13:52.464649
6202,a1,88.04878,87.87524,2026-05-06 13:13:52.742095
6203,a2,227.0976,227.4288,2026-05-06 13:13:53.034952
6204,a3,168.2439,168.1831,2026-05-06 13:13:53.308778
6205,a6,1022.927,1022.935,2026-05-06 13:13:53.575131
6206,a0,155.3659,155.3671,2026-05-06 13:15:55.960809
6207,a1,87.56097,87.72916,2026-05-06 13:15:56.224599
6208,a2,227.4634,227.299,2026-05-06 13:15:56.480238
6209,a3,168.1707,168.1787,2026-05-06 13:15:56.873878
6210,a6,1022.683,1022.94,2026-05-06 13:15:57.181314
6211,a0,155.4146,155.3406,2026-05-06 13:17:59.341197
6212,a1,87.97561,87.70097,2026-05-06 13:17:59.652084
6213,a2,227.2195,227.0879,2026-05-06 13:17:59.904747
6214,a3,168.1951,168.1707,2026-05-06 13:18:00.227803
6215,a6,1022.927,1022.942,2026-05-06 13:18:00.517918
6216,a0,155.2927,155.327,2026-05-06 13:20:02.608420
6217,a1,87.85366,87.81707,2026-05-06 13:20:02.899703
6218,a2,226.3902,226.7625,2026-05-06 13:20:03.201842
6219,a3,168.0244,168.1598,2026-05-06 13:20:03.469600
6220,a6,1022.854,1022.94,2026-05-06 13:20:03.738954
6221,a0,155.2927,155.4261,2026-05-06 13:22:06.107757
6222,a1,87.7561,87.93816,2026-05-06 13:22:06.445801
6223,a2,226.7073,226.8515,2026-05-06 13:22:06.748671
6224,a3,168.0976,168.2206,2026-05-06 13:22:07.005662
6225,a6,1023.0,1022.943,2026-05-06 13:22:07.254151
6226,a0,155.2195,155.2804,2026-05-06 13:24:09.567328
6227,a1,87.95122,88.00331,2026-05-06 13:24:09.822380
6228,a2,226.5122,226.639,2026-05-06 13:24:10.143964
6229,a3,168.0244,168.1934,2026-05-06 13:24:10.433578
6230,a6,1023.0,1022.927,2026-05-06 13:24:10.746788
6231,a0,155.3415,155.2835,2026-05-06 13:26:13.231350
6232,a1,88.17073,88.01168,2026-05-06 13:26:13.507453
6233,a2,226.3659,226.6254,2026-05-06 13:26:13.770532
6234,a3,168.1463,168.1911,2026-05-06 13:26:14.020947
6235,a6,1023.0,1022.93,2026-05-06 13:26:14.370442
6236,a0,155.1951,155.2791,2026-05-06 13:28:16.860158
6237,a1,88.09756,88.01598,2026-05-06 13:28:17.161723
6238,a2,2.3348,0.0,2026-05-06 13:28:17.432513
6239,a3,168.0732,168.1584,2026-05-06 13:28:17.705805
6240,a6,1023.0,1022.969,2026-05-06 13:28:17.994031
6241,a0,155.1463,155.3423,2026-05-06 13:30:20.711964
6242,a1,87.90244,87.74735,2026-05-06 13:30:21.039815
6243,a2,226.2195,226.3056,2026-05-06 13:30:21.313210
6244,a3,168.0,168.218,2026-05-06 13:30:21.628672
6245,a6,1022.927,1022.965,2026-05-06 13:30:21.898830
6246,a0,155.2927,155.3398,2026-05-06 13:32:24.121661
6247,a1,87.92683,87.75632,2026-05-06 13:32:24.417891
6248,a2,226.1219,226.2964,2026-05-06 13:32:24.727127
6249,a3,168.1463,168.2144,2026-05-06 13:32:25.042445
6250,a6,1023.0,1022.967,2026-05-06 13:32:25.408646
6251,a0,155.2927,155.3375,2026-05-06 13:34:30.129377
6252,a1,88.04878,87.77094,2026-05-06 13:34:30.384741
6253,a2,168.2195,168.1862,2026-05-06 13:34:30.676150
6254,a6,1022.756,1022.942,2026-05-06 13:34:30.957544
6255,a0,155.4146,155.3596,2026-05-06 13:36:35.650754
6256,a1,89.2683,89.1019,2026-05-06 13:36:36.060909
6257,a2,226.0244,226.1274,2026-05-06 13:36:36.351742
6258,a3,168.2439,168.2215,2026-05-06 13:36:36.605687
6259,a6,1023.0,1022.949,2026-05-06 13:36:37.024126
6260,a0,155.3415,155.3587,2026-05-06 13:38:39.717355
6261,a1,89.2683,89.11022,2026-05-06 13:38:40.045535
6262,a2,226.0,226.121,2026-05-06 13:38:40.323852
6263,a3,167.9512,168.208,2026-05-06 13:38:40.609614
6264,a6,1022.976,1022.95,2026-05-06 13:38:40.917032
6265,a0,155.2195,155.4164,2026-05-06 13:40:43.304657
6266,a1,89.0,89.15007,2026-05-06 13:40:43.600217
6267,a2,225.7561,225.907,2026-05-06 13:40:43.866085
6268,a3,168.3902,168.4205,2026-05-06 13:40:44.122057
6269,a6,1023.0,1022.961,2026-05-06 13:40:44.471000
6270,a0,155.6341,155.6006,2026-05-06 13:42:46.930048
6271,a1,89.19512,89.29251,2026-05-06 13:42:47.186558
6272,a2,225.8781,225.899,2026-05-06 13:42:47.465120
6273,a3,168.4878,168.4239,2026-05-06 13:42:47.727080
6274,a6,1023.0,1022.963,2026-05-06 13:42:48.001424
6275,a0,155.7073,155.606,2026-05-06 13:44:50.613742
6276,a1,89.29269,89.29252,2026-05-06 13:44:50.915895
6277,a2,225.1951,225.5377,2026-05-06 13:44:51.180653
6278,a3,168.1463,168.2196,2026-05-06 13:44:51.470181
6279,a6,1022.829,1022.913,2026-05-06 13:44:51.711906
6280,a0,155.3659,155.2705,2026-05-06 13:46:54.418528
6281,a1,89.29269,89.2445,2026-05-06 13:46:54.693429
6282,a2,225.2439,225.3936,2026-05-06 13:46:55.015417
6283,a3,168.1463,168.1695,2026-05-06 13:46:55.294195
6284,a6,1022.902,1022.939,2026-05-06 13:46:55.551913
6285,a0,155.3902,155.3049,2026-05-06 13:48:57.695807
6286,a1,89.14634,89.2233,2026-05-06 13:48:57.971097
6287,a2,225.3171,225.3105,2026-05-06 13:48:58.243419
6288,a3,168.2195,168.1896,2026-05-06 13:48:58.516711
6289,a6,1022.878,1022.945,2026-05-06 13:48:58.959138
6290,a0,155.4634,155.327,2026-05-06 13:51:32.342648
6291,a1,89.09756,89.17715,2026-05-06 13:51:32.601021
6292,a2,224.9024,225.1329,2026-05-06 13:51:32.911183
6293,a3,168.2927,168.1676,2026-05-06 13:51:33.177175
6294,a6,1022.756,1022.924,2026-05-06 13:51:33.472620
6295,a0,155.3415,155.3451,2026-05-06 13:53:37.628620
6296,a1,89.36585,89.20631,2026-05-06 13:53:37.905076
6297,a2,225.2927,225.081,2026-05-06 13:53:38.213203
6298,a3,168.1951,168.1866,2026-05-06 13:53:38.559158
6299,a6,1023.0,1022.948,2026-05-06 13:53:38.958881
6300,a0,155.439,155.3498,2026-05-06 13:55:41.162844
6301,a1,89.34146,89.21307,2026-05-06 13:55:41.486621
6302,a2,224.8781,225.0709,2026-05-06 13:55:42.016253
6303,a3,168.3659,168.1955,2026-05-06 13:55:42.416612
6304,a6,1023.0,1022.951,2026-05-06 13:55:42.765840
6305,a0,155.2683,155.3214,2026-05-06 13:57:49.018123
6306,a1,89.78049,89.63747,2026-05-06 13:57:49.332400
6307,a2,225.0,224.9487,2026-05-06 13:57:49.605021
6308,a3,167.7317,168.1681,2026-05-06 13:57:49.893521
6309,a6,1023.0,1022.921,2026-05-06 13:57:50.163861
6310,a0,155.4146,155.3261,2026-05-06 13:59:52.415637
6311,a1,89.78049,89.64462,2026-05-06 13:59:52.721929
6312,a2,225.0976,224.9562,2026-05-06 13:59:53.046502
6313,a3,168.1951,168.1694,2026-05-06 13:59:53.335191
6314,a6,1023.0,1022.925,2026-05-06 13:59:53.611359
6315,a0,154.9268,155.0501,2026-05-06 14:01:59.965623
6316,a1,90.12195,90.07957,2026-05-06 14:02:00.265182
6317,a2,224.9756,224.8591,2026-05-06 14:02:00.568817
6318,a3,168.1463,168.1922,2026-05-06 14:02:00.839332
6319,a6,1022.756,1022.914,2026-05-06 14:02:01.104192
6320,a0,155.1219,155.0537,2026-05-06 14:04:03.781719
6321,a1,90.19512,90.08535,2026-05-06 14:04:04.088841
6322,a2,225.2439,224.8784,2026-05-06 14:04:04.404825
6323,a3,168.0976,168.1875,2026-05-06 14:04:04.682642
6324,a6,1022.927,1022.914,2026-05-06 14:04:04.934098
6325,a0,155.3415,155.1965,2026-05-06 14:06:08.344194
6326,a1,90.34146,90.23173,2026-05-06 14:06:08.720648
6327,a2,224.9024,224.8919,2026-05-06 14:06:09.121237
6328,a3,168.1463,168.1991,2026-05-06 14:06:09.423550
6329,a6,1022.951,1022.932,2026-05-06 14:06:09.724221
6330,a0,155.2683,155.2001,2026-05-06 14:08:11.839820
6331,a1,90.43903,90.24209,2026-05-06 14:08:12.128792
6332,a2,224.5854,224.8766,2026-05-06 14:08:12.431733
6333,a3,167.9756,168.1879,2026-05-06 14:08:12.710490
6334,a6,1022.976,1022.934,2026-05-06 14:08:12.972802
6335,a0,155.8293,155.4009,2026-05-06 14:10:15.375899
6336,a1,90.60976,90.30833,2026-05-06 14:10:15.752360
6337,a2,224.5366,224.7561,2026-05-06 14:10:16.069828
6338,a3,168.0,168.2118,2026-05-06 14:10:16.565523
6339,a6,1023.0,1022.942,2026-05-06 14:10:17.017137
6340,a0,155.3171,155.2804,2026-05-06 14:12:19.258423
6341,a1,90.63415,90.40779,2026-05-06 14:12:19.559608
6342,a2,224.3902,224.7378,2026-05-06 14:12:19.845771
6343,a3,168.3659,168.2195,2026-05-06 14:12:20.130138
6344,a6,1023.0,1022.945,2026-05-06 14:12:20.594094
6345,a0,155.4878,155.3838,2026-05-06 14:14:26.117598
6346,a1,91.31707,91.24742,2026-05-06 14:14:26.432803
6347,a2,224.4146,224.5472,2026-05-06 14:14:26.686529
6348,a3,168.2683,168.2147,2026-05-06 14:14:27.012560
6349,a6,1023.0,1022.943,2026-05-06 14:14:27.303666
6350,a0,155.3171,155.3805,2026-05-06 14:16:29.651570
6351,a1,91.34146,91.25212,2026-05-06 14:16:29.970843
6352,a2,224.561,224.5479,2026-05-06 14:16:30.252545
6353,a3,168.2195,168.215,2026-05-06 14:16:30.588255
6354,a6,1022.951,1022.943,2026-05-06 14:16:30.892621
6355,a0,155.439,155.4095,2026-05-06 14:18:34.917302
6356,a1,90.48781,90.49783,2026-05-06 14:18:35.221055
6357,a2,224.0732,224.3616,2026-05-06 14:18:35.602243
6358,a3,168.2683,168.2399,2026-05-06 14:18:36.002299
6359,a6,1023.0,1022.936,2026-05-06 14:18:36.309365
6360,a0,155.5366,155.4158,2026-05-06 14:20:39.029166
6361,a1,90.48781,90.49733,2026-05-06 14:20:39.359725
6362,a2,224.0488,224.346,2026-05-06 14:20:39.703327
6363,a3,168.4634,168.2511,2026-05-06 14:20:40.048285
6364,a6,1023.0,1022.939,2026-05-06 14:20:40.380748
6365,a0,155.4878,155.4194,2026-05-06 14:22:43.142346
6366,a1,90.46342,90.49564,2026-05-06 14:22:43.436893
6367,a2,224.5122,224.268,2026-05-06 14:22:43.739006
6368,a3,168.2927,168.2738,2026-05-06 14:22:44.067601
6369,a6,1023.0,1022.903,2026-05-06 14:22:44.409224
6370,a0,155.561,155.5726,2026-05-06 14:24:50.286409
6371,a1,85.7317,85.00341,2026-05-06 14:24:50.615872
6372,a2,224.4634,224.6045,2026-05-06 14:24:50.899902
6373,a3,168.4634,168.2848,2026-05-06 14:24:51.194422
6374,a6,1022.707,1022.917,2026-05-06 14:24:51.500896
6375,a0,155.439,155.5659,2026-05-06 14:26:53.693798
6376,a1,85.85366,85.04593,2026-05-06 14:26:54.029317
6377,a2,224.3902,224.5938,2026-05-06 14:26:54.317957
6378,a3,168.1219,168.2767,2026-05-06 14:26:54.724210
6379,a6,1022.829,1022.913,2026-05-06 14:26:55.030186
6380,a0,155.5366,155.5297,2026-05-06 14:28:57.414094
6381,a1,84.7317,85.89518,2026-05-06 14:28:57.750185
6382,a2,224.7561,224.4633,2026-05-06 14:28:58.050240
6383,a3,168.439,168.3267,2026-05-06 14:28:58.339290
6384,a6,1022.902,1022.935,2026-05-06 14:28:58.626308
6385,a0,155.6341,155.5897,2026-05-06 14:31:00.833279
6386,a1,79.21951,82.16139,2026-05-06 14:31:01.117732
6387,a2,224.8049,224.4804,2026-05-06 14:31:01.473045
6388,a3,168.3171,168.3262,2026-05-06 14:31:01.753285
6389,a6,1022.781,1022.928,2026-05-06 14:31:02.034015
6390,a0,155.7805,155.7222,2026-05-06 14:33:07.319241
6391,a1,74.48781,75.74618,2026-05-06 14:33:07.607910
6392,a2,224.5122,224.5237,2026-05-06 14:33:07.915117
6393,a3,168.3415,168.3032,2026-05-06 14:33:08.169428
6394,a6,1023.0,1022.973,2026-05-06 14:33:08.432146
6395,a0,155.7073,155.7214,2026-05-06 14:35:11.691407
6396,a1,74.53658,75.6857,2026-05-06 14:35:12.102932
6397,a2,224.2683,224.5109,2026-05-06 14:35:12.432076
6398,a3,168.2927,168.3027,2026-05-06 14:35:12.835211
6399,a6,1022.927,1022.97,2026-05-06 14:35:13.165217
6400,a0,155.6341,155.6673,2026-05-06 14:37:16.125912
6401,a1,74.63415,74.96682,2026-05-06 14:37:16.518609
6402,a2,223.8293,223.9205,2026-05-06 14:37:17.017220
6403,a3,168.4146,168.326,2026-05-06 14:37:17.381344
6404,a6,1022.951,1022.958,2026-05-06 14:37:17.689196
6405,a0,155.7073,155.6693,2026-05-06 14:39:20.389656
6406,a1,74.51219,74.94408,2026-05-06 14:39:20.748204
6407,a2,223.6829,223.9086,2026-05-06 14:39:21.042874
6408,a3,168.4146,168.3304,2026-05-06 14:39:21.300799
6409,a6,1023.0,1022.96,2026-05-06 14:39:21.578152
6410,a0,155.7561,155.6923,2026-05-06 14:41:24.768742
6411,a1,73.12195,73.56244,2026-05-06 14:41:25.084642
6412,a2,223.8781,223.7229,2026-05-06 14:41:25.385956
6413,a3,168.4146,168.3484,2026-05-06 14:41:25.682183
6414,a6,1022.854,1022.956,2026-05-06 14:41:25.969691
6415,a0,155.6098,155.6882,2026-05-06 14:43:28.111851
6416,a1,73.09756,73.53919,2026-05-06 14:43:28.433934
6417,a2,224.1219,223.7429,2026-05-06 14:43:28.934970
6418,a3,168.2927,168.3456,2026-05-06 14:43:29.238362
6419,a6,1022.854,1022.951,2026-05-06 14:43:29.579681
6420,a0,155.6829,155.6482,2026-05-06 14:45:31.900941
6421,a1,72.97561,73.19662,2026-05-06 14:45:32.207583
6422,a2,223.4878,223.6334,2026-05-06 14:45:32.485702
6423,a3,168.3902,168.2987,2026-05-06 14:45:32.828902
6424,a6,1022.902,1022.923,2026-05-06 14:45:33.142439
6425,a0,155.5366,155.6306,2026-05-06 14:47:35.310927
6426,a1,73.07317,73.11897,2026-05-06 14:47:35.632566
6427,a2,223.2927,223.3239,2026-05-06 14:47:35.897308
6428,a3,168.2195,168.2947,2026-05-06 14:47:36.192086
6429,a6,1023.0,1022.927,2026-05-06 14:47:36.462737
6430,a0,155.561,155.5605,2026-05-06 14:49:42.316773
6431,a1,74.85366,73.95982,2026-05-06 14:49:42.682449
6432,a2,223.1219,223.1717,2026-05-06 14:49:42.953455
6433,a3,168.2927,168.2918,2026-05-06 14:49:43.210193
6434,a6,1023.0,1022.922,2026-05-06 14:49:43.480020
6435,a0,155.4634,155.5556,2026-05-06 14:51:45.879363
6436,a1,74.68293,73.99598,2026-05-06 14:51:46.187737
6437,a2,222.9024,223.1582,2026-05-06 14:51:46.447448
6438,a3,168.3415,168.2943,2026-05-06 14:51:46.700442
6439,a6,1023.0,1022.926,2026-05-06 14:51:46.975347
6440,a0,155.4634,155.4798,2026-05-06 14:53:50.878722
6441,a1,75.87805,75.75188,2026-05-06 14:53:51.178779
6442,a2,222.9024,222.8546,2026-05-06 14:53:51.532592
6443,a3,168.2439,168.2943,2026-05-06 14:53:51.803233
6444,a6,1022.927,1022.94,2026-05-06 14:53:52.071668
6445,a0,155.439,155.4777,2026-05-06 14:55:54.551062
6446,a1,75.78049,75.7533,2026-05-06 14:55:54.829291
6447,a2,223.0,222.8619,2026-05-06 14:55:55.107381
6448,a3,168.2439,168.2918,2026-05-06 14:55:55.405599
6449,a6,1023.0,1022.943,2026-05-06 14:55:55.675522
6450,a0,155.3171,155.419,2026-05-06 14:57:59.703955
6451,a1,78.31707,77.55002,2026-05-06 14:58:00.040693
6452,a2,222.5366,222.6286,2026-05-06 14:58:00.368111
6453,a3,168.1707,168.2829,2026-05-06 14:58:00.703595
6454,a6,1023.0,1022.934,2026-05-06 14:58:00.994494
6455,a0,155.3659,155.4164,2026-05-06 15:00:03.124202
6456,a1,78.21951,77.58349,2026-05-06 15:00:03.384361
6457,a2,222.4634,222.6204,2026-05-06 15:00:03.691682
6458,a3,168.3415,168.2858,2026-05-06 15:00:03.969314
6459,a6,1022.976,1022.936,2026-05-06 15:00:04.330575
6460,a0,155.3902,155.429,2026-05-06 15:02:08.241352
6461,a1,77.02439,76.94293,2026-05-06 15:02:08.578205
6462,a2,222.3415,222.4363,2026-05-06 15:02:09.070596
6463,a3,168.2683,168.3113,2026-05-06 15:02:09.389836
6464,a6,1023.0,1022.977,2026-05-06 15:02:09.673907
6465,a0,155.561,155.4356,2026-05-06 15:04:12.068358
6466,a1,76.92683,76.94213,2026-05-06 15:04:12.428359
6467,a2,221.9756,222.4133,2026-05-06 15:04:12.708869
6468,a3,168.2927,168.3103,2026-05-06 15:04:13.001169
6469,a6,1022.878,1022.972,2026-05-06 15:04:13.316194
6470,a0,155.4146,155.4366,2026-05-06 15:06:19.952577
6471,a1,76.58537,76.53428,2026-05-06 15:06:20.281243
6472,a2,222.5366,222.3607,2026-05-06 15:06:20.546221
6473,a3,168.2683,168.2872,2026-05-06 15:06:20.842126
6474,a6,1023.0,1022.959,2026-05-06 15:06:21.113767
6475,a0,155.3659,155.4331,2026-05-06 15:08:23.247841
6476,a1,76.58537,76.53683,2026-05-06 15:08:23.555609
6477,a2,222.5854,222.372,2026-05-06 15:08:23.818416
6478,a3,168.1951,168.2826,2026-05-06 15:08:24.072166
6479,a6,1022.878,1022.955,2026-05-06 15:08:24.315065
6480,a0,155.4878,155.4429,2026-05-06 15:10:30.336856
6481,a1,75.92683,76.03407,2026-05-06 15:10:30.638575
6482,a2,222.2439,222.4141,2026-05-06 15:10:30.994111
6483,a3,168.3415,168.3009,2026-05-06 15:10:31.277001
6484,a6,1022.829,1022.95,2026-05-06 15:10:31.551458
6485,a0,155.4146,155.4415,2026-05-06 15:12:34.152897
6486,a1,75.90244,76.02749,2026-05-06 15:12:34.445605
6487,a2,221.7073,222.3787,2026-05-06 15:12:34.741554
6488,a3,168.3171,168.3017,2026-05-06 15:12:35.018587
6489,a6,1023.0,1022.953,2026-05-06 15:12:35.290069
6490,a0,155.4146,155.4401,2026-05-06 15:14:42.315654
6491,a1,75.92683,76.02245,2026-05-06 15:14:42.614356
6492,a2,2.1324,0.0,2026-05-06 15:14:42.891668
6493,a3,168.0976,168.2884,2026-05-06 15:14:43.173954
6494,a6,1023.0,1022.939,2026-05-06 15:14:43.441967
6495,a0,155.3659,155.4078,2026-05-06 15:16:45.732802
6496,a1,76.36585,76.28612,2026-05-06 15:16:46.022543
6497,a2,222.3902,222.1286,2026-05-06 15:16:46.294228
6498,a3,168.3171,168.3096,2026-05-06 15:16:46.548966
6499,a6,1023.0,1022.969,2026-05-06 15:16:46.819002
6500,a0,155.3171,155.4001,2026-05-06 15:18:52.059524
6501,a1,76.60976,76.47919,2026-05-06 15:18:52.331066
6502,a2,222.3902,222.181,2026-05-06 15:18:52.579491
6503,a3,168.1219,168.2601,2026-05-06 15:18:52.831417
6504,a6,1023.0,1022.956,2026-05-06 15:18:53.166428
6505,a0,155.5122,155.4057,2026-05-06 15:20:55.322704
6506,a1,76.63415,76.48694,2026-05-06 15:20:55.607657
6507,a2,222.1463,222.1792,2026-05-06 15:20:55.904213
6508,a3,168.2195,168.2581,2026-05-06 15:20:56.597579
6509,a6,1023.0,1022.958,2026-05-06 15:20:56.916457
6510,a0,155.1463,155.3899,2026-05-06 15:23:01.347221
6511,a1,78.70731,77.81208,2026-05-06 15:23:01.657534
6512,a2,222.0732,222.1594,2026-05-06 15:23:01.928101
6513,a3,168.2195,168.2917,2026-05-06 15:23:02.230162
6514,a6,1023.0,1022.96,2026-05-06 15:23:02.637668
6515,a0,155.4634,155.3936,2026-05-06 15:25:04.838929
6516,a1,78.43903,77.84343,2026-05-06 15:25:05.163652
6517,a2,221.7317,222.138,2026-05-06 15:25:05.466739
6518,a3,168.1463,168.2844,2026-05-06 15:25:05.745505
6519,a6,1023.0,1022.962,2026-05-06 15:25:06.059184
6520,a0,155.6341,155.4933,2026-05-06 15:27:09.864967
6521,a1,71.2683,73.52579,2026-05-06 15:27:10.221324
6522,a2,222.7805,222.7309,2026-05-06 15:27:10.489268
6523,a3,168.4146,168.3109,2026-05-06 15:27:10.758142
6524,a6,1022.707,1022.953,2026-05-06 15:27:11.066454
6525,a0,155.6098,155.4991,2026-05-06 15:29:13.496957
6526,a1,71.21951,73.41047,2026-05-06 15:29:13.819084
6527,a2,222.9268,222.7407,2026-05-06 15:29:14.117762
6528,a3,168.2195,168.3064,2026-05-06 15:29:14.477943
6529,a6,1023.0,1022.956,2026-05-06 15:29:14.751806
6530,a0,155.4146,155.4625,2026-05-06 15:31:18.514457
6531,a1,77.14634,75.06332,2026-05-06 15:31:18.916356
6532,a2,221.4878,222.0087,2026-05-06 15:31:19.186680
6533,a3,168.3902,168.2701,2026-05-06 15:31:19.501219
6534,a6,1022.976,1022.947,2026-05-06 15:31:19.777925
6535,a0,155.4146,155.4601,2026-05-06 15:33:21.914759
6536,a1,77.02439,75.16138,2026-05-06 15:33:22.249264
6537,a2,221.2439,221.9705,2026-05-06 15:33:22.532884
6538,a3,168.2195,168.2676,2026-05-06 15:33:22.792602
6539,a6,1023.0,1022.95,2026-05-06 15:33:23.061452
6540,a0,155.3902,155.4566,2026-05-06 15:35:25.850935
6541,a1,77.31707,75.26916,2026-05-06 15:35:26.108958
6542,a2,21.4743,0.0,2026-05-06 15:35:26.415036
6543,a3,168.2195,168.259,2026-05-06 15:35:26.669684
6544,a6,1022.854,1022.959,2026-05-06 15:35:26.973593
6545,a0,155.3659,155.3374,2026-05-06 15:37:33.468059
6546,a1,80.29269,79.84064,2026-05-06 15:37:33.741371
6547,a2,221.7561,221.5417,2026-05-06 15:37:34.070389
6548,a3,168.2439,168.2522,2026-05-06 15:37:34.345186
6549,a6,1023.0,1022.961,2026-05-06 15:37:34.678670
6550,a0,155.3415,155.3376,2026-05-06 15:39:39.385799
6551,a1,80.39024,79.86812,2026-05-06 15:39:39.670140
6552,a2,221.5366,221.5415,2026-05-06 15:39:39.938697
6553,a3,168.1463,168.2469,2026-05-06 15:39:40.239138
6554,a6,1022.902,1022.958,2026-05-06 15:39:40.512117
6555,a0,155.8049,155.6069,2026-05-06 15:41:46.975740
6556,a1,65.43903,69.0614,2026-05-06 15:41:47.286687
6557,a2,222.3171,222.386,2026-05-06 15:41:47.554957
6558,a3,168.2927,168.2496,2026-05-06 15:41:47.844053
6559,a6,1022.951,1022.952,2026-05-06 15:41:48.110512
6560,a0,155.7561,155.6144,2026-05-06 15:43:50.549851
6561,a1,65.12195,68.86443,2026-05-06 15:43:50.811876
6562,a2,222.1951,222.3764,2026-05-06 15:43:51.148910
6563,a3,168.3902,168.2566,2026-05-06 15:43:51.432951
6564,a6,1022.805,1022.944,2026-05-06 15:43:51.690164
6565,a0,155.6585,155.6166,2026-05-06 15:45:53.847145
6566,a1,65.04878,68.67365,2026-05-06 15:45:54.124182
6567,a2,0.0,168.2842,2026-05-06 15:45:54.463371
6568,a6,1023.0,1022.953,2026-05-06 15:45:54.762831
6569,a0,155.4878,155.6604,2026-05-06 15:47:58.252581
6570,a1,61.68293,62.13594,2026-05-06 15:47:58.573595
6571,a2,221.2683,221.5688,2026-05-06 15:47:59.007154
6572,a3,168.2927,168.2768,2026-05-06 15:47:59.342910
6573,a6,1023.0,1022.963,2026-05-06 15:47:59.629149
6574,a0,155.6341,155.6591,2026-05-06 15:50:01.828852
6575,a1,61.68293,62.11329,2026-05-06 15:50:02.160851
6576,a2,221.8293,221.5818,2026-05-06 15:50:02.506162
6577,a3,168.2927,168.2776,2026-05-06 15:50:02.826997
6578,a6,1022.976,1022.963,2026-05-06 15:50:03.120854
6579,a0,155.561,155.565,2026-05-06 15:52:06.231394
6580,a1,62.34147,62.05953,2026-05-06 15:52:06.590279
6581,a2,220.9756,221.0778,2026-05-06 15:52:06.957027
6582,a3,168.4634,168.2811,2026-05-06 15:52:07.282219
6583,a6,1023.0,1022.976,2026-05-06 15:52:07.597088
6584,a0,155.4878,155.5611,2026-05-06 15:54:10.330170
6585,a1,62.36585,62.07485,2026-05-06 15:54:10.688440
6586,a2,220.8293,221.0654,2026-05-06 15:54:10.978135
6587,a3,168.2683,168.2805,2026-05-06 15:54:11.284687
6588,a6,1023.0,1022.977,2026-05-06 15:54:11.597844
6589,a0,155.5366,155.5113,2026-05-06 15:56:15.214530
6590,a1,62.46341,62.41575,2026-05-06 15:56:15.526136
6591,a2,221.2683,220.9462,2026-05-06 15:56:15.842574
6592,a3,168.2927,168.2776,2026-05-06 15:56:16.256480
6593,a6,1022.854,1022.938,2026-05-06 15:56:16.594538
6594,a0,155.4634,155.5089,2026-05-06 15:58:18.919552
6595,a1,62.56097,62.42301,2026-05-06 15:58:19.274946
6596,a2,221.1219,220.955,2026-05-06 15:58:19.540601
6597,a3,168.2927,168.2784,2026-05-06 15:58:19.805668
6598,a6,1023.0,1022.941,2026-05-06 15:58:20.090486
6599,a0,155.3902,155.5029,2026-05-06 16:00:22.458780
6600,a1,62.56097,62.4299,2026-05-06 16:00:22.798568
6601,a2,22.0,0.0,2026-05-06 16:00:23.139298
6602,a6,1022.902,1022.954,2026-05-06 16:00:23.419219
6603,a0,155.5366,155.5132,2026-05-06 16:02:30.107037
6604,a1,58.31707,59.57652,2026-05-06 16:02:30.497444
6605,a2,221.1707,221.0567,2026-05-06 16:02:30.843907
6606,a3,168.2683,168.2527,2026-05-06 16:02:31.156356
6607,a6,1023.0,1022.962,2026-05-06 16:02:31.479420
6608,a0,155.561,155.5156,2026-05-06 16:04:34.026488
6609,a1,58.21951,59.50867,2026-05-06 16:04:34.322560
6610,a2,220.561,221.0319,2026-05-06 16:04:34.635412
6611,a3,168.3659,168.2583,2026-05-06 16:04:34.974060
6612,a6,1022.854,1022.956,2026-05-06 16:04:35.295136
6613,a0,155.6585,155.5557,2026-05-06 16:06:39.043539
6614,a1,55.95122,56.89338,2026-05-06 16:06:39.348636
6615,a2,220.9756,220.8717,2026-05-06 16:06:39.758303
6616,a3,168.2683,168.3195,2026-05-06 16:06:40.079287
6617,a6,1023.0,1022.984,2026-05-06 16:06:40.421551
6618,a0,155.5854,155.5571,2026-05-06 16:08:42.528825
6619,a1,55.68293,56.83285,2026-05-06 16:08:42.842143
6620,a2,220.3659,220.8464,2026-05-06 16:08:43.144315
6621,a3,168.2927,168.3181,2026-05-06 16:08:43.430662
6622,a6,1023.0,1022.985,2026-05-06 16:08:43.749116
6623,a0,155.5122,155.5246,2026-05-06 16:10:47.413748
6624,a1,53.2439,53.77879,2026-05-06 16:10:47.724495
6625,a2,220.9268,220.9332,2026-05-06 16:10:48.026165
6626,a3,168.3902,168.2991,2026-05-06 16:10:48.313201
6627,a6,1023.0,1022.966,2026-05-06 16:10:48.666605
6628,a0,155.7073,155.5338,2026-05-06 16:12:51.066206
6629,a1,53.26829,53.75327,2026-05-06 16:12:51.441024
6630,a2,221.2195,220.9475,2026-05-06 16:12:51.743526
6631,a3,168.3415,168.3012,2026-05-06 16:12:52.076746
6632,a6,1023.0,1022.968,2026-05-06 16:12:52.395828
6633,a0,155.5122,155.538,2026-05-06 16:15:57.369844
6634,a1,53.31707,53.44178,2026-05-06 16:15:57.666469
6635,a2,220.7805,220.6925,2026-05-06 16:15:57.957707
6636,a3,168.2927,168.2653,2026-05-06 16:15:58.246903
6637,a6,1023.0,1022.958,2026-05-06 16:15:58.530933
6638,a0,155.5122,155.4748,2026-05-06 16:18:01.623711
6639,a1,54.34147,53.94138,2026-05-06 16:18:01.880277
6640,a2,220.1951,220.3801,2026-05-06 16:18:02.192357
6641,a3,168.2683,168.2594,2026-05-06 16:18:02.515557
6642,a6,1023.0,1022.971,2026-05-06 16:18:02.799199
6643,a0,155.4146,155.4718,2026-05-06 16:20:05.350186
6644,a1,54.43903,53.96626,2026-05-06 16:20:05.655150
6645,a2,220.4146,220.3818,2026-05-06 16:20:05.965966
6646,a3,168.2195,168.2574,2026-05-06 16:20:06.232625
6647,a6,1023.0,1022.972,2026-05-06 16:20:06.591448
6648,a0,155.3415,155.4268,2026-05-06 16:22:10.494284
6649,a1,56.78049,56.10789,2026-05-06 16:22:10.816289
6650,a2,220.2195,220.3615,2026-05-06 16:22:11.093020
6651,a3,168.2439,168.286,2026-05-06 16:22:11.360867
6652,a6,1022.976,1022.958,2026-05-06 16:22:11.634327
6653,a0,155.439,155.4274,2026-05-06 16:24:14.340399
6654,a1,56.73171,56.13908,2026-05-06 16:24:14.639809
6655,a2,219.9268,220.3397,2026-05-06 16:24:14.926118
6656,a3,168.2195,168.2827,2026-05-06 16:24:15.312504
6657,a6,1023.0,1022.96,2026-05-06 16:24:15.622290
6658,a0,155.4878,155.4153,2026-05-06 16:26:18.955162
6659,a1,56.85366,56.71327,2026-05-06 16:26:19.239194
6660,a2,220.7805,220.3626,2026-05-06 16:26:19.572029
6661,a3,168.2683,168.2796,2026-05-06 16:26:19.877176
6662,a6,1023.0,1022.969,2026-05-06 16:26:20.192291
6663,a0,155.3902,155.414,2026-05-06 16:28:22.329193
6664,a1,56.87805,56.72151,2026-05-06 16:28:22.607590
6665,a2,220.439,220.3664,2026-05-06 16:28:22.926714
6666,a3,168.3902,168.2851,2026-05-06 16:28:23.220490
6667,a6,1023.0,1022.97,2026-05-06 16:28:23.536792
6668,a0,155.439,155.4173,2026-05-06 16:30:27.658804
6669,a1,57.21951,57.22908,2026-05-06 16:30:27.936517
6670,a2,220.2439,220.3651,2026-05-06 16:30:28.267552
6671,a3,168.3659,168.2598,2026-05-06 16:30:28.690278
6672,a6,1022.878,1022.967,2026-05-06 16:30:29.152411
6673,a0,155.3415,155.4135,2026-05-06 16:32:31.392412
6674,a1,57.41463,57.23836,2026-05-06 16:32:31.700057
6675,a2,220.439,220.3688,2026-05-06 16:32:32.002184
6676,a3,168.1951,168.2566,2026-05-06 16:32:32.298325
6677,a6,1023.0,1022.969,2026-05-06 16:32:32.625482
6678,a0,155.3902,155.4124,2026-05-06 16:34:34.759592
6679,a1,57.19512,57.2362,2026-05-06 16:34:35.086748
6680,a6,1023.0,1022.984,2026-05-06 16:34:35.416862
6681,a0,155.4634,155.4352,2026-05-06 16:36:37.822478
6682,a1,56.60976,56.9706,2026-05-06 16:36:38.095037
6683,a2,220.2927,220.4464,2026-05-06 16:36:38.391619
6684,a3,168.2977,0.0,2026-05-06 16:36:38.838616
6685,a6,1023.0,1022.996,2026-05-06 16:36:39.257303
6686,a0,155.5122,155.4649,2026-05-06 16:38:41.397692
6687,a1,56.46341,56.65581,2026-05-06 16:38:41.813661
6688,a2,220.0,220.6944,2026-05-06 16:38:42.318153
6689,a3,167.9268,168.4439,2026-05-06 16:38:42.672696
6690,a6,1023.0,1022.992,2026-05-06 16:38:42.943686
6691,a0,155.3415,155.5955,2026-05-06 16:40:45.533732
6692,a1,56.63415,56.59697,2026-05-06 16:40:45.820893
6693,a2,220.3171,220.6756,2026-05-06 16:40:46.075962
6694,a3,168.0244,168.4229,2026-05-06 16:40:46.366093
6695,a6,1023.0,1022.993,2026-05-06 16:40:46.633019
6696,a0,155.3902,155.4393,2026-05-06 16:42:53.522588
6697,a1,58.78049,57.90871,2026-05-06 16:42:53.868792
6698,a2,220.2195,220.4003,2026-05-06 16:42:54.139608
6699,a3,168.3415,168.2838,2026-05-06 16:42:54.446652
6700,a6,1023.0,1022.993,2026-05-06 16:42:54.716454
6701,a0,155.3171,155.4332,2026-05-06 16:44:56.805253
6702,a1,58.58537,57.94254,2026-05-06 16:44:57.103952
6703,a2,220.5122,220.4059,2026-05-06 16:44:57.422373
6704,a3,168.3659,168.2879,2026-05-06 16:44:57.705645
6705,a6,1023.0,1022.993,2026-05-06 16:44:57.990458
6706,a0,155.439,155.4155,2026-05-06 16:47:01.895207
6707,a1,59.26829,59.23081,2026-05-06 16:47:02.309702
6708,a2,220.4634,220.4529,2026-05-06 16:47:02.571209
6709,a3,168.2439,168.2923,2026-05-06 16:47:02.953792
6710,a6,1022.976,1022.987,2026-05-06 16:47:03.213232
6711,a0,155.3659,155.413,2026-05-06 16:49:05.568822
6712,a1,59.19512,59.22903,2026-05-06 16:49:05.864000
6713,a2,220.4878,220.4546,2026-05-06 16:49:06.136212
6714,a3,168.1707,168.2862,2026-05-06 16:49:06.417053
6715,a6,1023.0,1022.988,2026-05-06 16:49:06.681087
6716,a0,155.4146,155.4131,2026-05-06 16:51:09.413060
6717,a1,59.12195,59.22367,2026-05-06 16:51:09.949224
6718,a2,2.0,0.0,2026-05-06 16:51:10.228381
6719,a6,1023.0,1022.987,2026-05-06 16:51:10.541023
6720,a0,155.5122,155.4594,2026-05-06 16:53:17.079268
6721,a1,59.29268,59.15941,2026-05-06 16:53:17.394679
6722,a2,220.2927,220.5076,2026-05-06 16:53:17.713025
6723,a3,168.3171,168.2999,2026-05-06 16:53:17.987367
6724,a6,1022.927,1022.989,2026-05-06 16:53:18.268154
6725,a0,155.3902,155.456,2026-05-06 16:55:20.695516
6726,a1,59.09756,59.15632,2026-05-06 16:55:21.015465
6727,a2,220.2927,220.4968,2026-05-06 16:55:21.301184
6728,a3,168.2683,168.2983,2026-05-06 16:55:21.583484
6729,a6,1023.0,1022.99,2026-05-06 16:55:21.854118
6730,a0,155.4146,155.4539,2026-05-06 16:57:24.400781
6731,a1,59.17073,59.15704,2026-05-06 16:57:24.680775
6732,a2,22.0,168.2579,2026-05-06 16:57:24.935241
6733,a6,1023.0,1022.989,2026-05-06 16:57:25.244273
6734,a0,155.4878,155.4579,2026-05-06 16:59:27.667347
6735,a1,60.26829,59.91477,2026-05-06 16:59:27.935427
6736,a2,220.1219,220.3164,2026-05-06 16:59:28.252225
6737,a3,167.3902,167.7287,2026-05-06 16:59:28.525730
6738,a6,1023.0,1022.986,2026-05-06 16:59:29.043298
6739,a0,155.5854,155.4643,2026-05-06 17:01:31.547403
6740,a1,60.04878,59.92147,2026-05-06 17:01:31.895364
6741,a2,220.2927,220.3152,2026-05-06 17:01:32.187486
6742,a3,167.561,167.7203,2026-05-06 17:01:32.466028
6743,a6,1022.902,1022.982,2026-05-06 17:01:32.748968
6744,a0,155.4634,155.448,2026-05-06 17:03:36.320900
6745,a1,60.36585,60.1898,2026-05-06 17:03:36.699851
6746,a2,220.1463,220.282,2026-05-06 17:03:36.978339
6747,a3,168.1219,167.8275,2026-05-06 17:03:37.236651
6748,a6,1023.0,1022.985,2026-05-06 17:03:37.526868
6749,a0,155.5854,155.4549,2026-05-06 17:05:40.023625
6750,a1,60.4878,60.2047,2026-05-06 17:05:40.331452
6751,a2,219.9512,220.2655,2026-05-06 17:05:40.678137
6752,a3,168.1463,167.8434,2026-05-06 17:05:40.982275
6753,a6,1022.976,1022.985,2026-05-06 17:05:41.252620
6754,a0,155.5854,155.4545,2026-05-06 17:07:43.563226
6755,a1,60.58537,60.37494,2026-05-06 17:07:43.870614
6756,a2,220.4878,220.2077,2026-05-06 17:07:44.214021
6757,a3,168.2195,167.9865,2026-05-06 17:07:44.504861
6758,a6,1022.9,0.0,2026-05-06 17:07:44.766943
6759,a0,155.3902,155.4701,2026-05-06 17:09:46.863215
6760,a1,60.7561,60.54578,2026-05-06 17:09:47.158453
6761,a2,220.3902,220.2086,2026-05-06 17:09:47.452205
6762,a3,168.1463,168.0211,2026-05-06 17:09:47.701907
6763,a6,1022.976,1022.986,2026-05-06 17:09:47.990611
6764,a0,155.4634,155.4738,2026-05-06 17:11:53.454779
6765,a1,61.26829,61.02277,2026-05-06 17:11:53.721725
6766,a2,220.3902,220.2218,2026-05-06 17:11:53.980772
6767,a3,168.1951,168.1013,2026-05-06 17:11:54.257668
6768,a6,1023.0,1022.994,2026-05-06 17:11:54.659301
6769,a0,155.6098,155.4806,2026-05-06 17:13:57.044785
6770,a1,61.19512,61.03139,2026-05-06 17:13:57.371775
6771,a2,220.3659,220.229,2026-05-06 17:13:57.649957
6772,a3,168.1951,168.106,2026-05-06 17:13:57.929069
6773,a6,1023.0,1022.994,2026-05-06 17:13:58.228510
6774,a0,155.5854,155.4858,2026-05-06 17:16:00.711368
6775,a1,61.12195,61.03592,2026-05-06 17:16:01.041266
6776,a6,1023.0,1022.986,2026-05-06 17:16:01.449719
6777,a0,155.5366,155.4959,2026-05-06 17:19:06.579316
6778,a1,60.92683,60.90105,2026-05-06 17:19:06.872432
6779,a2,220.3415,220.444,2026-05-06 17:19:07.158230
6780,a3,168.3171,168.1593,2026-05-06 17:19:07.448696
6781,a6,1022.976,1022.994,2026-05-06 17:19:07.738244
6782,a0,155.4634,155.4836,2026-05-06 17:21:14.288663
6783,a1,60.21951,60.71347,2026-05-06 17:21:14.579194
6784,a2,220.4146,220.4333,2026-05-06 17:21:14.895170
6785,a3,168.3171,168.1927,2026-05-06 17:21:15.171544
6786,a6,1023.0,1022.995,2026-05-06 17:21:15.470191
6787,a0,155.5122,155.485,2026-05-06 17:23:17.693211
6788,a1,60.26829,60.69121,2026-05-06 17:23:17.974226
6789,a2,220.5366,220.4384,2026-05-06 17:23:18.273004
6790,a3,168.1707,168.1916,2026-05-06 17:23:18.573780
6791,a6,1023.0,1022.995,2026-05-06 17:23:19.046070
6792,a0,155.5122,155.5336,2026-05-06 17:25:23.225606
6793,a1,57.5122,58.55849,2026-05-06 17:25:23.515000
6794,a2,220.7073,220.6127,2026-05-06 17:25:23.771347
6795,a3,168.2683,168.1774,2026-05-06 17:25:24.035937
6796,a6,1022.878,1022.977,2026-05-06 17:25:24.353011
6797,a0,155.439,155.5289,2026-05-06 17:27:26.527791
6798,a1,57.63415,58.51227,2026-05-06 17:27:26.815487
6799,a2,220.561,220.6101,2026-05-06 17:27:27.237404
6800,a3,168.1463,168.1759,2026-05-06 17:27:27.521518
6801,a6,1023.0,1022.978,2026-05-06 17:27:27.782672
6802,a0,155.7073,155.5816,2026-05-06 17:29:29.924912
6803,a1,56.0,56.87211,2026-05-06 17:29:30.277272
6804,a2,220.5854,220.6216,2026-05-06 17:29:30.576891
6805,a3,168.2927,168.2091,2026-05-06 17:29:30.838467
6806,a6,1023.0,92.0,2026-05-06 17:29:31.108255
6807,a0,155.6585,155.6039,2026-05-06 17:31:33.478218
6808,a1,55.2439,55.88466,2026-05-06 17:31:33.813185
6809,a2,220.4634,220.5705,2026-05-06 17:31:34.102283
6810,a3,168.4146,168.2443,2026-05-06 17:31:34.455092
6811,a6,1023.0,1022.993,2026-05-06 17:31:34.713558
6812,a0,155.5122,155.5873,2026-05-06 17:33:39.809827
6813,a1,54.4878,54.36375,2026-05-06 17:33:40.081181
6814,a2,220.0244,220.4058,2026-05-06 17:33:40.503891
6815,a3,168.3171,168.2355,2026-05-06 17:33:40.803920
6816,a6,1023.0,1022.981,2026-05-06 17:33:41.076163
6817,a0,155.3902,155.5775,2026-05-06 17:35:43.219892
6818,a1,54.29268,54.36019,2026-05-06 17:35:43.511954
6819,a2,220.2927,220.4001,2026-05-06 17:35:43.766892
6820,a3,168.2927,168.2384,2026-05-06 17:35:44.022907
6821,a6,1023.0,1022.982,2026-05-06 17:35:44.280053
6822,a0,155.6341,155.5803,2026-05-06 17:37:46.637346
6823,a1,54.5122,54.36779,2026-05-06 17:37:46.932847
6824,a2,2.2602,0.0,2026-05-06 17:37:47.203074
6825,a6,1023.0,1022.99,2026-05-06 17:37:47.469933
6826,a0,155.6341,155.5447,2026-05-06 17:39:50.444808
6827,a1,57.95122,57.07138,2026-05-06 17:39:50.713154
6828,a2,219.8049,220.1486,2026-05-06 17:39:51.043433
6829,a3,168.2195,168.3082,2026-05-06 17:39:51.336718
6830,a6,1023.0,1022.994,2026-05-06 17:39:51.615522
6831,a0,155.6341,155.5491,2026-05-06 17:41:54.128645
6832,a1,57.80488,57.10806,2026-05-06 17:41:54.524092
6833,a2,220.0976,220.1461,2026-05-06 17:41:54.832403
6834,a3,168.3415,168.3098,2026-05-06 17:41:55.117341
6835,a6,1023.0,1022.994,2026-05-06 17:41:55.424004
6836,a0,155.5366,155.5399,2026-05-06 17:43:57.886905
6837,a1,58.04878,57.85957,2026-05-06 17:43:58.190144
6838,a2,220.1707,220.1712,2026-05-06 17:43:58.501458
6839,a3,168.3171,168.31625,2026-05-06 17:43:58.917407
6840,a0,155.4878,155.5266,2026-05-06 17:46:01.171200
6841,a1,58.09756,58.01292,2026-05-06 17:46:01.482822
6842,a2,220.3415,220.2602,2026-05-06 17:46:01.827162
6843,a3,168.3659,168.3176,2026-05-06 17:46:02.143432
6844,a6,1023.0,1022.995,2026-05-06 17:46:02.460245
6845,a0,155.561,155.546,2026-05-06 17:49:07.678541
6846,a1,55.58537,56.4006,2026-05-06 17:49:08.002877
6847,a2,220.439,220.3787,2026-05-06 17:49:08.287940
6848,a3,168.439,168.2965,2026-05-06 17:49:08.552077
6849,a6,1023.0,1022.992,2026-05-06 17:49:09.119122
6850,a0,155.5122,155.5935,2026-05-06 17:51:12.906480
6851,a1,53.12195,53.92012,2026-05-06 17:51:13.215054
6852,a2,220.6098,220.5544,2026-05-06 17:51:13.584746
6853,a3,168.3415,168.3428,2026-05-06 17:51:13.852692
6854,a6,1023.0,1022.992,2026-05-06 17:51:14.151336
6855,a0,155.6098,155.5943,2026-05-06 17:53:16.249221
6856,a1,53.12195,53.88021,2026-05-06 17:53:16.529313
6857,a2,220.2927,220.5413,2026-05-06 17:53:16.834217
6858,a3,168.3415,168.3428,2026-05-06 17:53:17.098066
6859,a6,1023.0,1022.993,2026-05-06 17:53:17.404862
6860,a0,155.5366,155.5959,2026-05-06 17:55:19.749208
6861,a1,53.34147,53.35435,2026-05-06 17:55:20.055812
6862,a2,220.6341,220.5197,2026-05-06 17:55:20.345462
6864,a0,155.6341,155.5919,2026-05-06 17:57:23.019547
6865,a1,54.46341,53.91984,2026-05-06 17:57:23.342696
6866,a2,220.0732,220.3591,2026-05-06 17:57:23.603489
6867,a3,168.4146,168.3381,2026-05-06 17:57:23.876549
6868,a6,1022.976,1022.997,2026-05-06 17:57:24.141477
6869,a0,155.5366,155.5403,2026-05-06 17:59:30.558194
6870,a1,56.68293,55.77637,2026-05-06 17:59:30.967781
6871,a2,220.1219,220.0461,2026-05-06 17:59:31.252365
6872,a3,168.3902,168.341,2026-05-06 17:59:31.607470
6873,a6,1023.0,1022.995,2026-05-06 17:59:31.964580
6874,a0,155.6585,155.5462,2026-05-06 18:01:34.491810
6875,a1,56.87805,55.83146,2026-05-06 18:01:34.799439
6876,a2,219.5122,220.0194,2026-05-06 18:01:35.084584
6877,a3,168.439,168.3459,2026-05-06 18:01:35.359414
6878,a6,1023.0,1022.995,2026-05-06 18:01:35.670598
6879,a0,155.439,155.4861,2026-05-06 18:03:39.078529
6880,a1,59.5122,58.59564,2026-05-06 18:03:39.342465
6881,a2,220.0732,220.1206,2026-05-06 18:03:39.710015
6882,a3,168.3659,168.3386,2026-05-06 18:03:40.002973
6883,a6,1023.0,1022.992,2026-05-06 18:03:40.272571
6884,a0,155.6585,155.4947,2026-05-06 18:05:42.474122
6885,a1,59.56097,58.64391,2026-05-06 18:05:42.837425
6886,a2,220.2195,220.1255,2026-05-06 18:05:43.197201
6887,a3,168.3902,168.3412,2026-05-06 18:05:43.497326
6888,a6,1023.0,1022.992,2026-05-06 18:05:43.776908
6889,a0,155.6829,155.5265,2026-05-06 18:07:48.092358
6890,a1,58.90244,59.10592,2026-05-06 18:07:48.447605
6891,a2,220.2439,220.1955,2026-05-06 18:07:48.921046
6892,a3,168.3659,168.3856,2026-05-06 18:07:49.277829
6893,a6,1023.0,1022.996,2026-05-06 18:07:49.559667
6894,a0,155.5854,155.5295,2026-05-06 18:09:52.159728
6895,a1,59.07317,59.10428,2026-05-06 18:09:52.535564
6896,a2,220.2683,220.1991,2026-05-06 18:09:52.947562
6897,a3,168.3902,168.3858,2026-05-06 18:09:53.288105
6898,a6,1023.0,1022.996,2026-05-06 18:09:53.728702
6899,a0,155.6098,155.557,2026-05-06 18:12:00.916757
6900,a1,60.60976,60.0448,2026-05-06 18:12:01.368010
6901,a2,220.4146,220.1536,2026-05-06 18:12:01.679686
6902,a3,168.3415,168.3794,2026-05-06 18:12:01.981771
6903,a6,1023.0,1022.993,2026-05-06 18:12:02.319966
6904,a0,155.5366,155.556,2026-05-06 18:14:04.739300
6905,a1,60.80488,60.08281,2026-05-06 18:14:05.046506
6906,a2,220.1707,220.1545,2026-05-06 18:14:05.310379
6907,a3,168.5366,168.3873,2026-05-06 18:14:05.659654
6908,a6,1023.0,1022.993,2026-05-06 18:14:05.955048
6909,a0,155.5122,155.5176,2026-05-06 18:16:09.527227
6910,a1,62.68293,61.91782,2026-05-06 18:16:09.952556
6911,a2,219.9268,220.2083,2026-05-06 18:16:10.248406
6912,a3,168.2439,168.3447,2026-05-06 18:16:10.552695
6913,a6,1023.0,1022.978,2026-05-06 18:16:10.826216
6914,a0,155.4146,155.5125,2026-05-06 18:18:12.964405
6915,a1,62.58537,61.9512,2026-05-06 18:18:13.276074
6916,a2,220.1219,220.204,2026-05-06 18:18:13.608593
6917,a3,168.3171,168.3433,2026-05-06 18:18:13.909516
6918,a6,1023.0,1022.979,2026-05-06 18:18:14.203726
6919,a0,155.5854,155.5161,2026-05-06 18:20:16.564383
6920,a1,62.73171,61.99023,2026-05-06 18:20:16.885068
6921,a0,155.561,155.5467,2026-05-06 18:22:19.680319
6922,a1,64.14634,63.79147,2026-05-06 18:22:19.967254
6923,a2,220.1219,220.2894,2026-05-06 18:22:20.304756
6924,a3,168.3659,168.1471,2026-05-06 18:22:20.649246
6925,a6,1023.0,1022.992,2026-05-06 18:22:20.934278
6926,a0,155.4634,155.5425,2026-05-06 18:24:23.499741
6927,a1,64.17073,63.81044,2026-05-06 18:24:23.790796
6928,a2,220.4878,220.2993,2026-05-06 18:24:24.078321
6929,a3,168.1219,168.1459,2026-05-06 18:24:24.387839
6930,a6,1023.0,1022.993,2026-05-06 18:24:24.677125
6931,a0,155.4146,155.5361,2026-05-06 18:26:27.070566
6932,a1,64.2439,63.83211,2026-05-06 18:26:27.412091
6933,a2,2.3415,168.2284,2026-05-06 18:26:27.727816
6934,a6,1023.0,1022.992,2026-05-06 18:26:28.005802
6935,a0,155.5854,155.5495,2026-05-06 18:28:30.130122
6936,a1,64.43903,64.23558,2026-05-06 18:28:30.451177
6937,a2,220.4146,220.3827,2026-05-06 18:28:30.870000
6938,a6,1023.0,1022.996,2026-05-06 18:28:31.160030
6939,a0,155.439,155.5409,2026-05-06 18:30:33.366448
6940,a1,64.7561,64.51109,2026-05-06 18:30:33.768609
6941,a2,220.1951,20.4139,2026-05-06 18:30:34.039337
6942,a3,168.2927,168.2985,2026-05-06 18:30:34.335156
6943,a6,1023.0,1022.993,2026-05-06 18:30:34.618705
6944,a0,155.6098,155.5625,2026-05-06 18:32:39.250415
6945,a1,66.63415,66.074,2026-05-06 18:32:39.567919
6946,a2,220.6098,220.5648,2026-05-06 18:32:39.889184
6947,a3,168.5366,168.3211,2026-05-06 18:32:40.170372
6948,a6,1022.927,1022.993,2026-05-06 18:32:40.437787
6949,a0,155.5122,155.56,2026-05-06 18:34:42.569908
6950,a1,66.56097,66.09834,2026-05-06 18:34:42.893026
6951,a2,220.6585,220.5695,2026-05-06 18:34:43.203722
6952,a3,168.439,168.327,2026-05-06 18:34:43.446951
6953,a6,1023.0,1022.993,2026-05-06 18:34:43.736180
6954,a0,155.561,155.5685,2026-05-06 18:36:47.576427
6955,a1,67.2683,67.10796,2026-05-06 18:36:47.961469
6956,a2,220.7805,220.6894,2026-05-06 18:36:48.256587
6957,a3,168.3171,168.3456,2026-05-06 18:36:48.518363
6958,a6,1023.0,1022.993,2026-05-06 18:36:48.915347
6959,a0,155.6585,155.573,2026-05-06 18:38:51.597408
6960,a1,67.2439,67.11475,2026-05-06 18:38:51.857856
6961,a2,220.7561,220.6927,2026-05-06 18:38:52.166170
6962,a3,168.439,168.3503,2026-05-06 18:38:52.453574
6963,a6,1022.951,1022.991,2026-05-06 18:38:52.730462
6964,a0,155.5854,155.5441,2026-05-06 18:40:56.222827
6965,a1,67.80488,67.66313,2026-05-06 18:40:56.522276
6966,a2,221.0244,220.6863,2026-05-06 18:40:56.788335
6967,a3,168.3659,168.3484,2026-05-06 18:40:57.061755
6968,a6,1023.0,1022.981,2026-05-06 18:40:57.356683
6969,a0,155.561,155.545,2026-05-06 18:42:59.528651
6970,a1,67.90244,67.67509,2026-05-06 18:42:59.803152
6971,a2,220.7073,220.6873,2026-05-06 18:43:00.097316
6972,a3,168.3659,168.3492,2026-05-06 18:43:00.371148
6973,a6,1023.0,1022.982,2026-05-06 18:43:00.645663
6974,a0,155.5122,155.6008,2026-05-06 18:45:05.056016
6975,a1,68.43903,68.22688,2026-05-06 18:45:05.323473
6976,a2,220.439,220.6415,2026-05-06 18:45:05.659899
6977,a3,168.2927,168.3982,2026-05-06 18:45:05.987190
6978,a6,1023.0,1022.994,2026-05-06 18:45:06.252923
6979,a0,155.6098,155.6012,2026-05-06 18:47:08.341200
6980,a1,68.41463,68.23626,2026-05-06 18:47:08.816401
6981,a2,220.5854,220.6387,2026-05-06 18:47:09.617468
6982,a3,168.2439,168.3905,2026-05-06 18:47:10.054267
6983,a6,1023.0,1022.994,2026-05-06 18:47:10.340082
6984,a0,155.7317,155.6128,2026-05-06 18:49:13.410575
6985,a1,67.90244,67.99242,2026-05-06 18:49:13.711008
6986,a2,220.8781,220.7702,2026-05-06 18:49:13.980071
6987,a3,168.3171,168.4074,2026-05-06 18:49:14.246029
6988,a6,1022.976,1022.992,2026-05-06 18:49:14.502367
6989,a0,155.6829,155.6163,2026-05-06 18:51:16.894157
6990,a1,68.0,67.99281,2026-05-06 18:51:17.176542
6991,a2,220.7805,220.7707,2026-05-06 18:51:17.454300
6992,a3,168.439,168.409,2026-05-06 18:51:17.736965
6993,a6,1023.0,1022.992,2026-05-06 18:51:17.992521
6994,a0,155.4878,155.6087,2026-05-06 18:53:21.976081
6995,a1,68.56097,68.49438,2026-05-06 18:53:22.389485
6996,a2,220.4634,220.6735,2026-05-06 18:53:22.768555
6997,a3,168.439,168.4135,2026-05-06 18:53:23.069938
6998,a6,1023.0,1022.997,2026-05-06 18:53:23.379759
6999,a0,155.5854,155.6075,2026-05-06 18:55:25.502523
7000,a1,68.65854,68.50259,2026-05-06 18:55:25.772777
7001,a2,221.0244,220.691,2026-05-06 18:55:26.147655
7002,a3,168.2683,168.4062,2026-05-06 18:55:26.646053
7003,a6,1023.0,1022.997,2026-05-06 18:55:26.965506
7004,a0,155.6341,155.6301,2026-05-06 18:57:32.818762
7005,a1,69.2439,68.96764,2026-05-06 18:57:33.089617
7006,a2,220.8049,220.6692,2026-05-06 18:57:33.418076
7007,a3,168.5366,168.4395,2026-05-06 18:57:33.723426
7008,a6,1023.0,1022.995,2026-05-06 18:57:34.080615
7009,a0,155.6098,155.6291,2026-05-06 18:59:36.343910
7010,a1,69.29269,68.98389,2026-05-06 18:59:36.624040
7011,a2,220.6341,220.6674,2026-05-06 18:59:36.894926
7012,a3,168.5122,168.4431,2026-05-06 18:59:37.158284
7013,a6,1023.0,1022.995,2026-05-06 18:59:37.454014
7014,a0,155.5854,155.6003,2026-05-06 19:01:43.694227
7015,a1,69.34146,69.32613,2026-05-06 19:01:44.008320
7016,a2,221.0732,220.7467,2026-05-06 19:01:44.305683
7017,a3,168.439,168.4409,2026-05-06 19:01:44.585786
7018,a6,1023.0,1022.998,2026-05-06 19:01:44.875602
7019,a0,155.5366,155.5971,2026-05-06 19:03:47.642900
7020,a1,69.53658,69.33665,2026-05-06 19:03:47.912456
7021,a2,220.8537,220.752,2026-05-06 19:03:48.252073
7022,a3,168.4634,168.442,2026-05-06 19:03:48.514914
7023,a6,1023.0,1022.998,2026-05-06 19:03:48.919063
7024,a0,155.6098,155.5977,2026-05-06 19:05:51.086488
7025,a1,69.56097,69.34786,2026-05-06 19:05:51.369328
7026,a2,22.0,0.0,2026-05-06 19:05:51.639462
7027,a6,1023.0,1022.992,2026-05-06 19:05:51.953243
7028,a0,155.6585,155.6418,2026-05-06 19:07:54.290744
7029,a1,69.53658,69.61594,2026-05-06 19:07:54.605305
7030,a2,221.0732,220.9395,2026-05-06 19:07:54.993027
7031,a3,168.4146,168.4663,2026-05-06 19:07:55.261598
7032,a6,1023.0,1022.992,2026-05-06 19:07:55.545812
7033,a0,155.5366,155.6365,2026-05-06 19:09:58.272612
7034,a1,69.68293,69.61929,2026-05-06 19:09:58.549159
7035,a2,220.9268,220.9388,2026-05-06 19:09:58.945649
7036,a3,168.439,168.465,2026-05-06 19:09:59.232318
7037,a6,1023.0,1022.993,2026-05-06 19:09:59.500669
7038,a0,155.6585,155.6376,2026-05-06 19:12:02.090954
7039,a1,69.56097,69.61637,2026-05-06 19:12:02.379912
7040,a2,228.4592,0.0,2026-05-06 19:12:02.654707
7041,a6,1023.0,1022.989,2026-05-06 19:12:03.145005
7042,a0,155.6341,155.6288,2026-05-06 19:14:05.627268
7043,a1,69.43903,69.51707,2026-05-06 19:14:05.935947
7044,a2,221.0244,220.9591,2026-05-06 19:14:06.194915
7046,a0,155.7561,155.6948,2026-05-06 19:16:11.753776
7047,a1,66.68293,67.25208,2026-05-06 19:16:12.022752
7048,a2,221.1707,221.2118,2026-05-06 19:16:12.311946
7049,a3,168.4634,168.4622,2026-05-06 19:16:12.652704
7050,a6,1023.0,1022.99,2026-05-06 19:16:12.936643
7051,a0,155.7805,155.6991,2026-05-06 19:18:15.153492
7052,a1,66.63415,67.22118,2026-05-06 19:18:15.453744
7053,a2,221.4634,221.2243,2026-05-06 19:18:15.790372
7054,a3,168.561,168.4671,2026-05-06 19:18:16.102561
7055,a6,1023.0,1022.99,2026-05-06 19:18:16.357077
7056,a0,155.6585,155.7106,2026-05-06 19:20:20.084419
7057,a1,65.02439,65.83083,2026-05-06 19:20:20.389824
7058,a2,220.9024,221.266,2026-05-06 19:20:20.649167
7059,a3,168.4878,168.4723,2026-05-06 19:20:21.099386
7060,a6,1023.0,1022.988,2026-05-06 19:20:21.430952
7061,a0,155.7561,155.7129,2026-05-06 19:22:24.254465
7062,a1,65.17073,65.79783,2026-05-06 19:22:24.740999
7063,a2,221.3171,221.2686,2026-05-06 19:22:25.004417
7064,a3,168.6098,168.4792,2026-05-06 19:22:25.287820
7065,a6,1023.0,1022.989,2026-05-06 19:22:25.646791
7066,a0,155.6341,155.7321,2026-05-06 19:25:30.286954
7067,a1,63.90244,64.17554,2026-05-06 19:25:30.680129
7068,a2,221.4634,221.274,2026-05-06 19:25:31.001950
7069,a3,168.4878,168.4831,2026-05-06 19:25:31.306877
7070,a6,1023.0,1022.995,2026-05-06 19:25:31.599615
7071,a0,155.7561,155.7334,2026-05-06 19:27:33.951909
7072,a1,63.97561,64.16554,2026-05-06 19:27:34.274475
7073,a2,220.9024,221.2,2026-05-06 19:27:34.569835
7074,a3,168.5366,168.4897,2026-05-06 19:27:34.863841
7075,a6,1023.0,1022.996,2026-05-06 19:27:35.150996
7076,a0,155.6829,155.7326,2026-05-06 19:29:37.659875
7077,a1,62.82927,63.40636,2026-05-06 19:29:37.913774
7078,a2,221.3415,221.0956,2026-05-06 19:29:38.214705
7079,a3,168.6341,168.4945,2026-05-06 19:29:38.492324
7080,a6,1023.0,1022.992,2026-05-06 19:29:38.916210
7081,a0,155.6829,155.7396,2026-05-06 19:31:41.473779
7082,a1,62.21951,62.66459,2026-05-06 19:31:41.917867
7083,a2,221.0732,221.0945,2026-05-06 19:31:42.821678
7084,a3,168.4146,168.4905,2026-05-06 19:31:43.086726
7085,a6,1023.0,1022.992,2026-05-06 19:31:43.383699
7086,a0,155.7073,155.7379,2026-05-06 19:33:45.800847
7087,a1,62.43903,62.65331,2026-05-06 19:33:46.059007
7088,a2,168.4881,0.0,2026-05-06 19:33:46.309454
7089,a6,1023.0,1022.99,2026-05-06 19:33:46.556937
7090,a0,155.8049,155.7462,2026-05-06 19:35:48.761129
7091,a1,61.63415,221.1559,2026-05-06 19:35:49.212713
7092,a3,168.5366,168.548,2026-05-06 19:35:49.651079
7093,a6,1023.0,1022.993,2026-05-06 19:35:49.940308
7094,a0,155.6585,155.7572,2026-05-06 19:37:52.010147
7095,a1,61.04878,61.43039,2026-05-06 19:37:52.390041
7096,a2,221.3171,221.164,2026-05-06 19:37:52.662482
7097,a3,168.4878,168.545,2026-05-06 19:37:52.941256
7098,a6,1022.951,1022.991,2026-05-06 19:37:53.211567
7099,a0,155.7317,155.7487,2026-05-06 19:39:55.574484
7100,a1,61.56097,61.37144,2026-05-06 19:39:55.848864
7101,a2,221.2927,221.1325,2026-05-06 19:39:56.130602
7102,a3,168.7805,168.5235,2026-05-06 19:39:56.393330
7103,a6,1023.0,1022.99,2026-05-06 19:39:56.686847
7104,a0,155.6829,155.7151,2026-05-06 19:41:59.128147
7105,a1,61.95122,61.81317,2026-05-06 19:41:59.421752
7106,a2,220.7317,221.0418,2026-05-06 19:41:59.794236
7107,a3,168.4634,168.5205,2026-05-06 19:42:00.054070
7108,a6,1022.927,1022.987,2026-05-06 19:42:00.453335
7109,a0,155.6341,155.6862,2026-05-06 19:44:03.991598
7110,a1,62.78049,62.52788,2026-05-06 19:44:04.296734
7111,a2,221.1219,221.0388,2026-05-06 19:44:04.570098
7112,a3,168.561,168.502,2026-05-06 19:44:04.836809
7113,a6,1023.0,1022.995,2026-05-06 19:44:05.135662
7114,a0,155.6829,155.6861,2026-05-06 19:46:07.795193
7115,a1,62.7561,62.53929,2026-05-06 19:46:08.061592
7116,a2,221.2439,221.049,2026-05-06 19:46:08.365860
7117,a3,168.561,168.5049,2026-05-06 19:46:08.695122
7118,a6,1023.0,1022.995,2026-05-06 19:46:09.117862
7119,a0,155.7073,155.6969,2026-05-06 19:48:11.309362
7120,a1,63.02439,62.78808,2026-05-06 19:48:11.598756
7121,a2,221.2195,221.0874,2026-05-06 19:48:11.893484
7122,a3,168.5854,168.5411,2026-05-06 19:48:12.158226
7123,a0,155.5854,155.6812,2026-05-06 19:50:14.346618
7124,a1,63.43903,63.31567,2026-05-06 19:50:14.594414
7125,a2,220.8781,221.0056,2026-05-06 19:50:14.874321
7126,a3,168.5366,168.523,2026-05-06 19:50:15.128968
7127,a6,1022.976,1022.997,2026-05-06 19:50:15.386548
7128,a0,155.6829,155.6465,2026-05-06 19:52:21.314175
7129,a1,63.7561,63.61686,2026-05-06 19:52:21.623054
7130,a2,221.3171,221.1842,2026-05-06 19:52:21.891330
7131,a3,168.3659,168.5138,2026-05-06 19:52:22.155413
7132,a6,1023.0,1022.988,2026-05-06 19:52:22.435372
7133,a0,155.6829,155.6483,2026-05-06 19:54:24.616291
7134,a1,63.63415,63.61773,2026-05-06 19:54:24.987050
7135,a2,221.3171,221.1908,2026-05-06 19:54:25.329556
7136,a3,168.5122,168.5138,2026-05-06 19:54:25.610713
7137,a6,1023.0,1022.989,2026-05-06 19:54:25.880903
7138,a0,155.7073,155.6841,2026-05-06 19:56:29.643588
7139,a1,63.68293,63.71203,2026-05-06 19:56:29.951427
7140,a2,220.9024,221.1057,2026-05-06 19:56:30.213584
7141,a3,168.3171,168.5361,2026-05-06 19:56:30.491360
7142,a6,1023.0,1022.988,2026-05-06 19:56:30.750409
7143,a0,155.6829,155.684,2026-05-06 19:58:33.125552
7144,a1,63.80488,63.71667,2026-05-06 19:58:33.409489
7145,a2,221.0976,221.1053,2026-05-06 19:58:33.678032
7146,a3,168.4878,168.5337,2026-05-06 19:58:33.944062
7147,a6,1023.0,1022.988,2026-05-06 19:58:34.245427
7148,a0,155.7561,155.6876,2026-05-06 20:00:36.723448
7149,a1,63.65854,63.71376,2026-05-06 20:00:36.972956
7151,a0,155.6341,155.694,2026-05-06 20:02:40.315332
7152,a1,63.39024,63.40511,2026-05-06 20:02:40.613487
7153,a2,221.1219,221.1112,2026-05-06 20:02:40.889244
7154,a3,168.6829,168.5165,2026-05-06 20:02:41.186064
7155,a6,1023.0,1022.993,2026-05-06 20:02:41.453721
7156,a0,155.7561,155.6972,2026-05-06 20:04:43.916506
7157,a1,63.68293,63.41899,2026-05-06 20:04:44.215164
7158,a2,221.0,221.1057,2026-05-06 20:04:44.510631
7159,a3,168.4634,168.5139,2026-05-06 20:04:44.813319
7160,a6,1023.0,1022.994,2026-05-06 20:04:45.114288
7161,a0,155.8049,155.7219,2026-05-06 20:06:48.880299
7162,a1,63.19512,63.30287,2026-05-06 20:06:49.221911
7163,a2,221.2195,221.2582,2026-05-06 20:06:49.648153
7164,a3,168.4634,168.5603,2026-05-06 20:06:49.941363
7165,a6,1023.0,1022.997,2026-05-06 20:06:50.245914
7166,a0,155.7317,155.7224,2026-05-06 20:08:52.382086
7167,a1,63.14634,63.29504,2026-05-06 20:08:52.682584
7168,a2,221.2195,221.2563,2026-05-06 20:08:52.997143
7169,a3,168.7073,168.5676,2026-05-06 20:08:53.265575
7170,a6,1023.0,1022.997,2026-05-06 20:08:53.554874
7171,a0,155.7073,155.7217,2026-05-06 20:10:55.952004
7172,a1,63.21951,63.29127,2026-05-06 20:10:56.285741
7173,a2,8.0,0.0,2026-05-06 20:10:56.579371
7174,a6,1023.0,1022.992,2026-05-06 20:10:56.879380
7175,a0,155.7317,155.7072,2026-05-06 20:12:59.835678
7176,a1,64.39024,63.93249,2026-05-06 20:13:00.159562
7177,a2,221.0,220.993,2026-05-06 20:13:00.455462
7178,a3,168.6098,168.5386,2026-05-06 20:13:00.749696
7179,a6,1023.0,1022.998,2026-05-06 20:13:01.079405
7180,a0,155.6341,155.7036,2026-05-06 20:15:03.260940
7181,a1,64.36585,63.95416,2026-05-06 20:15:03.579686
7182,a2,221.1219,220.9994,2026-05-06 20:15:03.858898
7183,a3,168.561,168.5397,2026-05-06 20:15:04.241782
7184,a6,1023.0,1022.998,2026-05-06 20:15:04.513100
7185,a0,155.7073,155.7376,2026-05-06 20:17:08.276139
7186,a1,62.78049,63.32218,2026-05-06 20:17:08.552879
7187,a2,221.439,221.1808,2026-05-06 20:17:09.048316
7188,a3,168.6585,168.5518,2026-05-06 20:17:09.318530
7189,a6,1022.854,1022.986,2026-05-06 20:17:09.587053
7190,a0,155.7073,155.7361,2026-05-06 20:19:12.042427
7191,a1,62.97561,63.30485,2026-05-06 20:19:12.403813
7192,a2,220.9024,221.1668,2026-05-06 20:19:12.700372
7193,a3,168.439,168.5462,2026-05-06 20:19:12.961834
7194,a6,1023.0,1022.987,2026-05-06 20:19:13.260308
7195,a0,155.7561,155.7371,2026-05-06 20:21:15.397069
7196,a1,62.85366,63.28229,2026-05-06 20:21:15.719252
7197,a6,1022.902,1022.975,2026-05-06 20:21:15.996859
7198,a0,155.8537,155.7371,2026-05-06 20:23:18.345248
7199,a1,61.90244,62.28902,2026-05-06 20:23:18.629116
7200,a2,220.9024,221.1712,2026-05-06 20:23:19.131911
7201,a3,168.4146,68.5339,2026-05-06 20:23:19.410114
7202,a6,1023.0,1022.982,2026-05-06 20:23:19.676563
7203,a0,155.8049,155.7507,2026-05-06 20:25:22.247887
7204,a1,61.87805,62.0644,2026-05-06 20:25:22.543200
7205,a2,224.0,0.0,2026-05-06 20:25:22.834858
7206,a3,168.4878,168.5481,2026-05-06 20:25:23.174697
7207,a6,1023.0,1022.991,2026-05-06 20:25:23.461200
7208,a0,155.6829,155.7265,2026-05-06 20:27:25.755564
7209,a1,62.87805,62.46818,2026-05-06 20:27:26.083815
7210,a2,221.0244,220.9833,2026-05-06 20:27:26.374418
7211,a3,168.561,168.5357,2026-05-06 20:27:26.647723
7212,a6,1023.0,1022.991,2026-05-06 20:27:26.912645
7213,a0,155.6585,155.7025,2026-05-06 20:29:29.554117
7214,a1,64.70731,64.21127,2026-05-06 20:29:29.817934
7215,a2,220.7805,220.9294,2026-05-06 20:29:30.085427
7216,a3,168.4878,168.5501,2026-05-06 20:29:30.393040
7217,a6,1023.0,1022.985,2026-05-06 20:29:30.802059
7218,a0,155.7073,155.7027,2026-05-06 20:31:32.997797
7219,a1,64.7317,64.2373,2026-05-06 20:31:33.310732
7220,a2,220.8293,220.9243,2026-05-06 20:31:33.574309
7221,a3,168.6098,168.5531,2026-05-06 20:31:33.822400
7222,a6,1023.0,1022.985,2026-05-06 20:31:34.151730
7223,a0,155.561,155.6758,2026-05-06 20:33:37.943723
7224,a1,65.58537,65.43147,2026-05-06 20:33:38.225831
7225,a2,221.2439,221.1453,2026-05-06 20:33:38.505157
7226,a3,168.5366,168.542,2026-05-06 20:33:38.947724
7227,a6,1023.0,1022.989,2026-05-06 20:33:39.238908
7228,a0,155.5854,155.6712,2026-05-06 20:35:41.617126
7229,a1,65.87805,65.45379,2026-05-06 20:35:42.321261
7230,a2,221.1951,221.1478,2026-05-06 20:35:42.618394
7231,a3,168.4878,168.5393,2026-05-06 20:35:42.919619
7232,a6,1023.0,1022.989,2026-05-06 20:35:43.189612
7233,a0,155.7317,155.6655,2026-05-06 20:38:48.492261
7234,a1,67.14634,66.70571,2026-05-06 20:38:48.946052
7235,a2,221.4634,221.5405,2026-05-06 20:38:49.258507
7236,a3,168.4146,168.5283,2026-05-06 20:38:49.523450
7237,a6,1022.878,1022.988,2026-05-06 20:38:49.794928
7238,a0,155.6585,155.6523,2026-05-06 20:40:56.669347
7239,a1,68.09756,67.42363,2026-05-06 20:40:57.001927
7240,a2,221.7561,221.4348,2026-05-06 20:40:57.308530
7241,a3,168.561,168.5635,2026-05-06 20:40:57.685048
7242,a6,1023.0,1022.995,2026-05-06 20:40:57.962207
7243,a0,155.7561,155.6575,2026-05-06 20:43:00.429379
7244,a1,67.97561,67.45123,2026-05-06 20:43:00.772477
7245,a2,221.5366,221.4399,2026-05-06 20:43:01.084584
7246,a3,168.5854,168.5646,2026-05-06 20:43:01.349272
7247,a6,1023.0,1022.995,2026-05-06 20:43:01.614543
7248,a0,155.7073,155.66,2026-05-06 20:45:03.772494
7249,a1,68.09756,67.48354,2026-05-06 20:45:04.049195
7250,a6,1022.902,1022.99,2026-05-06 20:45:04.465947
7251,a0,155.8293,155.6909,2026-05-06 20:47:07.268952
7252,a1,69.82927,69.50368,2026-05-06 20:47:07.648175
7253,a2,221.561,221.4032,2026-05-06 20:47:07.979219
7254,a3,168.3902,168.5539,2026-05-06 20:47:08.255940
7255,a6,1023.0,1022.99,2026-05-06 20:47:08.540268
7256,a0,155.6341,155.6881,2026-05-06 20:49:10.669803
7257,a1,69.85366,69.52118,2026-05-06 20:49:10.945667
7258,a2,221.5366,221.4099,2026-05-06 20:49:11.247332
7259,a3,168.4146,168.5469,2026-05-06 20:49:11.514496
7260,a6,1023.0,1022.99,2026-05-06 20:49:11.781142
7261,a0,155.4878,155.6781,2026-05-06 20:51:13.949304
7262,a1,69.7317,69.53171,2026-05-06 20:51:14.275496
7263,a2,22.0,168.5521,2026-05-06 20:51:14.612816
7264,a6,1023.0,1022.991,2026-05-06 20:51:14.887923
7265,a0,155.8293,155.6723,2026-05-06 20:53:18.583588
7266,a1,70.29269,70.14421,2026-05-06 20:53:19.055955
7267,a2,221.2195,221.2945,2026-05-06 20:53:19.318084
7268,a3,168.609561,168.5444,2026-05-06 20:53:19.577743
7269,a6,1023.0,1022.988,2026-05-06 20:53:19.859905
7270,a0,155.7317,155.6738,2026-05-06 20:55:24.619449
7271,a1,71.34146,71.31113,2026-05-06 20:55:24.909843
7272,a2,221.4634,221.3781,2026-05-06 20:55:25.234832
7273,a3,168.5122,168.548,2026-05-06 20:55:25.530818
7274,a6,1023.0,1022.999,2026-05-06 20:55:25.868875
7275,a0,155.6341,155.6719,2026-05-06 20:57:28.343042
7276,a1,71.60976,71.32607,2026-05-06 20:57:28.820761
7277,a2,221.561,221.3872,2026-05-06 20:57:29.195178
7278,a3,168.6098,168.5511,2026-05-06 20:57:29.475818
7279,a6,1023.0,1022.999,2026-05-06 20:57:29.741502
7280,a0,155.6829,155.6575,2026-05-06 21:00:35.323727
7281,a1,71.70731,71.7395,2026-05-06 21:00:35.673567
7282,a2,221.6341,221.5751,2026-05-06 21:00:35.953813
7283,a3,168.5854,168.5592,2026-05-06 21:00:36.228272
7284,a6,1023.0,1022.982,2026-05-06 21:00:36.487361
7285,a0,155.6585,155.6575,2026-05-06 21:02:38.955142
7286,a1,71.80488,71.74277,2026-05-06 21:02:39.272436
7287,a2,221.8537,221.5967,2026-05-06 21:02:39.589325
7288,a3,168.6098,168.5618,2026-05-06 21:02:39.998972
7289,a6,1023.0,1022.989,2026-05-06 21:02:40.279595
7290,a0,155.7805,155.6815,2026-05-06 21:04:44.965730
7291,a1,72.39024,72.35155,2026-05-06 21:04:45.473850
7292,a2,221.9024,221.9082,2026-05-06 21:04:45.805263
7293,a3,168.4146,168.586,2026-05-06 21:04:46.068859
7294,a6,1023.0,1022.984,2026-05-06 21:04:46.341453
7295,a0,155.6341,155.6792,2026-05-06 21:06:48.461150
7296,a1,72.29269,72.3486,2026-05-06 21:06:49.017613
7297,a2,221.6829,221.8969,2026-05-06 21:06:49.282062
7298,a3,168.3902,168.5762,2026-05-06 21:06:49.555179
7299,a6,1023.0,1022.985,2026-05-06 21:06:49.830075
7300,a0,155.6098,155.6757,2026-05-06 21:08:51.995313
7301,a1,72.39024,72.35069,2026-05-06 21:08:52.328023
7302,a2,2.5514,0.0,2026-05-06 21:08:52.639526
7303,a6,1023.0,1022.985,2026-05-06 21:08:52.908340
7304,a0,155.7805,155.7116,2026-05-06 21:10:55.598536
7305,a1,72.56097,72.44584,2026-05-06 21:10:55.901635
7306,a2,221.439,221.7224,2026-05-06 21:10:56.167838
7307,a6,1023.0,1022.984,2026-05-06 21:10:56.467504
7308,a0,155.7073,155.6987,2026-05-06 21:12:58.821499
7309,a1,72.85366,72.60349,2026-05-06 21:12:59.138682
7310,a3,168.561,168.6133,2026-05-06 21:12:59.403477
7311,a6,1023.0,1022.99,2026-05-06 21:12:59.695482
7312,a0,155.7073,155.7245,2026-05-06 21:15:01.836712
7313,a1,73.07317,72.90688,2026-05-06 21:15:02.251014
7314,a2,221.8537,221.857,2026-05-06 21:15:02.562946
7315,a3,168.561,168.629,2026-05-06 21:15:02.870281
7316,a6,1022.951,1022.989,2026-05-06 21:15:03.146438
7317,a0,155.8049,155.7433,2026-05-06 21:17:07.380394
7318,a1,72.7317,73.00304,2026-05-06 21:17:07.636122
7319,a2,221.8537,221.8857,2026-05-06 21:17:07.925410
7320,a3,168.6829,168.5988,2026-05-06 21:17:08.182102
7321,a6,1023.0,1022.99,2026-05-06 21:17:08.453222
7322,a0,155.8293,155.7475,2026-05-06 21:19:10.886672
7323,a1,72.70731,72.98825,2026-05-06 21:19:11.153550
7324,a2,221.8049,221.8817,2026-05-06 21:19:11.448709
7325,a3,168.5366,168.5957,2026-05-06 21:19:11.773881
7326,a6,1022.854,1022.983,2026-05-06 21:19:12.043172
7327,a0,155.8049,155.7383,2026-05-06 21:21:14.676503
7328,a1,73.21951,72.88882,2026-05-06 21:21:14.990660
7329,a2,222.2195,221.9227,2026-05-06 21:21:15.373292
7330,a3,168.5854,168.5581,2026-05-06 21:21:15.691322
7331,a6,1023.0,1022.994,2026-05-06 21:21:15.951626
7332,a0,155.8293,155.7428,2026-05-06 21:23:18.512038
7333,a1,73.31707,72.91023,2026-05-06 21:23:19.020851
7334,a2,222.2195,221.9376,2026-05-06 21:23:19.290951
7335,a3,168.7317,168.5668,2026-05-06 21:23:19.579082
7336,a6,1023.0,1022.994,2026-05-06 21:23:19.845842
7337,a0,155.7073,155.736,2026-05-06 21:25:23.297244
7338,a1,73.87805,73.77357,2026-05-06 21:25:23.694023
7339,a2,222.0732,221.952,2026-05-06 21:25:24.117274
7340,a3,168.5854,168.6235,2026-05-06 21:25:24.414424
7341,a6,1023.0,1022.997,2026-05-06 21:25:24.825933
7342,a0,155.7561,155.737,2026-05-06 21:27:26.922832
7343,a1,73.7317,73.77148,2026-05-06 21:27:27.245485
7344,a2,222.0,221.9544,2026-05-06 21:27:27.543606
7345,a3,168.6341,168.624,2026-05-06 21:27:27.822414
7346,a6,1023.0,1022.997,2026-05-06 21:27:28.157176
7347,a0,155.6585,155.7265,2026-05-06 21:29:32.089873
7348,a1,74.02439,73.91012,2026-05-06 21:29:32.365298
7349,a2,222.0976,222.0164,2026-05-06 21:29:32.686677
7350,a3,168.5122,168.5989,2026-05-06 21:29:33.060505
7351,a6,1023.0,1022.995,2026-05-06 21:29:33.345829
7352,a0,155.8049,155.7305,2026-05-06 21:31:35.624187
7353,a1,73.95122,73.91218,2026-05-06 21:31:35.954275
7354,a2,222.0,222.0156,2026-05-06 21:31:36.283218
7355,a3,168.5854,168.5983,2026-05-06 21:31:36.640963
7356,a6,1023.0,1022.995,2026-05-06 21:31:37.095480
7357,a0,155.7805,155.7396,2026-05-06 21:33:40.788805
7358,a1,74.02439,74.07781,2026-05-06 21:33:41.091708
7359,a2,222.0488,221.838,2026-05-06 21:33:41.387400
7360,a3,168.7561,168.6168,2026-05-06 21:33:41.827637
7361,a6,1023.0,1022.987,2026-05-06 21:33:42.342774
7362,a0,155.8049,155.7428,2026-05-06 21:35:44.883944
7363,a1,73.97561,74.07271,2026-05-06 21:35:45.148220
7364,a2,222.0244,221.8473,2026-05-06 21:35:45.407757
7365,a3,168.5122,168.6115,2026-05-06 21:35:45.696292
7366,a6,1023.0,1022.988,2026-05-06 21:35:45.988780
7367,a0,155.7561,155.7545,2026-05-06 21:37:53.507408
7368,a1,74.53658,74.39738,2026-05-06 21:37:53.803619
7369,a2,221.6341,221.8548,2026-05-06 21:37:54.089439
7370,a3,168.4878,168.5996,2026-05-06 21:37:54.345519
7371,a6,1023.0,1022.994,2026-05-06 21:37:54.600884
7372,a0,155.8293,155.7582,2026-05-06 21:39:56.719707
7373,a1,74.68293,74.41165,2026-05-06 21:39:56.987211
7374,a2,222.1951,221.8718,2026-05-06 21:39:57.247069
7375,a3,168.4878,168.594,2026-05-06 21:39:57.575046
7376,a6,1023.0,1022.994,2026-05-06 21:39:57.880612
7377,a0,155.6585,155.7532,2026-05-06 21:42:00.656187
7378,a1,74.56097,74.41912,2026-05-06 21:42:00.987676
7379,a0,155.7317,155.7696,2026-05-06 21:44:04.142315
7380,a1,74.56097,74.29574,2026-05-06 21:44:04.440460
7381,a2,222.0976,221.9182,2026-05-06 21:44:04.713860
7382,a3,168.7561,168.6202,2026-05-06 21:44:04.967935
7383,a6,1023.0,1022.996,2026-05-06 21:44:05.218893
7384,a0,155.7073,155.7665,2026-05-06 21:46:07.724133
7385,a1,74.51219,74.30656,2026-05-06 21:46:08.000354
7386,a2,221.7805,221.9113,2026-05-06 21:46:08.298304
7387,a3,168.6829,168.6234,2026-05-06 21:46:08.620831
7388,a6,1023.0,1022.996,2026-05-06 21:46:09.121128
7389,a0,155.8049,155.7684,2026-05-06 21:48:11.507519
7390,a1,74.31707,74.30708,2026-05-06 21:48:11.798821
7391,a2,27.0,0.0,2026-05-06 21:48:12.089268
7392,a6,1023.0,1022.995,2026-05-06 21:48:12.425746
7393,a0,155.9024,155.7662,2026-05-06 21:50:14.806886
7394,a1,73.63415,73.70293,2026-05-06 21:50:15.097970
7395,a2,221.8049,222.0205,2026-05-06 21:50:15.432543
7396,a3,168.5122,168.6039,2026-05-06 21:50:15.704620
7397,a6,1023.0,1022.998,2026-05-06 21:50:15.957036
7398,a0,155.8049,155.7681,2026-05-06 21:52:18.089602
7399,a1,73.70731,73.70315,2026-05-06 21:52:18.382124
7400,a2,221.8781,222.0134,2026-05-06 21:52:18.819269
7401,a3,168.561,168.6017,2026-05-06 21:52:19.132752
7402,a6,1023.0,1022.998,2026-05-06 21:52:19.416636
7403,a0,155.8781,155.7903,2026-05-06 21:54:23.991044
7404,a1,73.14634,73.364,2026-05-06 21:54:24.306845
7405,a2,222.1951,221.9069,2026-05-06 21:54:24.573788
7406,a3,168.5854,168.6071,2026-05-06 21:54:24.854122
7407,a6,1023.0,1022.989,2026-05-06 21:54:25.174096
7408,a0,155.9024,155.7959,2026-05-06 21:56:27.475679
7409,a1,73.48781,73.37019,2026-05-06 21:56:27.816805
7410,a2,221.9756,221.9103,2026-05-06 21:56:28.119281
7411,a3,168.6341,168.6085,2026-05-06 21:56:28.447114
7412,a6,1023.0,1022.99,2026-05-06 21:56:28.831380
7413,a0,155.9756,155.8049,2026-05-06 21:58:31.537448
7414,a1,73.21951,73.36266,2026-05-06 21:58:31.899339
7415,a0,155.8293,155.7848,2026-05-06 22:00:38.922459
7416,a1,72.2439,72.52858,2026-05-06 22:00:39.305388
7417,a2,221.8049,222.0066,2026-05-06 22:00:39.713659
7418,a3,168.8049,168.6475,2026-05-06 22:00:40.059819
7419,a6,1023.0,1022.989,2026-05-06 22:00:40.383771
7420,a0,155.8293,155.787,2026-05-06 22:02:42.865581
7421,a1,72.36585,72.52045,2026-05-06 22:02:43.168622
7422,a2,222.0,222.0063,2026-05-06 22:02:43.461155
7423,a3,168.561,168.6432,2026-05-06 22:02:43.742166
7424,a6,1023.0,1022.99,2026-05-06 22:02:44.045157
7425,a0,155.8049,155.8671,2026-05-06 22:04:47.153530
7426,a1,71.78049,71.86064,2026-05-06 22:04:47.467077
7427,a2,222.2683,222.1732,2026-05-06 22:04:47.784615
7428,a3,168.6585,168.6515,2026-05-06 22:04:48.065155
7429,a6,1022.976,1022.996,2026-05-06 22:04:48.373346
7430,a0,155.7561,155.8615,2026-05-06 22:06:50.784003
7431,a1,71.65854,71.85053,2026-05-06 22:06:51.103653
7432,a2,222.1951,222.1743,2026-05-06 22:06:51.369261
7433,a3,168.5854,168.6482,2026-05-06 22:06:51.629287
7434,a6,1023.0,1022.996,2026-05-06 22:06:51.946345
7435,a0,155.8293,155.8457,2026-05-06 22:09:59.418490
7436,a1,69.2439,69.7451,2026-05-06 22:09:59.694034
7437,a2,221.9512,222.0775,2026-05-06 22:09:59.982144
7438,a3,168.4634,168.6141,2026-05-06 22:10:00.310476
7439,a6,1023.0,1022.99,2026-05-06 22:10:00.609817
7440,a0,155.9268,155.8498,2026-05-06 22:12:02.972037
7441,a1,69.34146,69.72491,2026-05-06 22:12:03.251341
7442,a2,222.1951,222.0834,2026-05-06 22:12:03.521147
7443,a3,168.6585,168.6163,2026-05-06 22:12:03.863055
7444,a6,1023.0,1022.991,2026-05-06 22:12:04.136762
7445,a0,155.8781,155.8642,2026-05-06 22:14:08.007916
7446,a1,67.7561,68.23273,2026-05-06 22:14:08.294777
7447,a2,222.3415,222.1317,2026-05-06 22:14:08.629589
7448,a3,168.5366,168.6053,2026-05-06 22:14:09.036386
7449,a6,1023.0,1022.99,2026-05-06 22:14:09.401458
7450,a0,155.8049,155.8612,2026-05-06 22:16:11.633377
7451,a1,67.60976,68.20158,2026-05-06 22:16:11.987766
7452,a2,222.1951,222.1349,2026-05-06 22:16:12.298949
7453,a3,168.7317,168.6116,2026-05-06 22:16:12.642777
7454,a6,1023.0,1022.991,2026-05-06 22:16:12.962166
7455,a0,155.9024,155.8749,2026-05-06 22:19:17.771428
7456,a1,66.85366,66.94471,2026-05-06 22:19:18.039826
7457,a2,221.9268,222.0591,2026-05-06 22:19:18.310338
7458,a3,168.6341,168.6281,2026-05-06 22:19:18.634239
7459,a6,1023.0,1022.995,2026-05-06 22:19:19.117855
7460,a0,155.8537,155.8604,2026-05-06 22:21:21.727658
7461,a1,66.43903,66.64659,2026-05-06 22:21:22.342550
7462,a2,222.2927,222.0796,2026-05-06 22:21:22.604933
7463,a3,168.5366,168.6357,2026-05-06 22:21:22.894852
7464,a6,1023.0,1022.992,2026-05-06 22:21:23.193132
7465,a0,155.8781,155.8613,2026-05-06 22:23:25.604415
7466,a1,66.36585,66.63255,2026-05-06 22:23:26.314752
7467,a2,222.0,222.0756,2026-05-06 22:23:26.641552
7468,a3,168.6098,168.6344,2026-05-06 22:23:26.980767
7469,a6,1022.902,1022.987,2026-05-06 22:23:27.397427
7470,a0,155.9512,155.8658,2026-05-06 22:25:29.616503
7471,a1,66.29269,66.61556,2026-05-06 22:25:29.944409
7472,a2,2.5854,168.605,2026-05-06 22:25:30.235026
7473,a6,1023.0,1022.983,2026-05-06 22:25:30.549923
7474,a0,155.6829,155.8282,2026-05-06 22:27:32.724273
7475,a1,66.21951,66.39867,2026-05-06 22:27:33.058404
7476,a2,221.6585,221.9579,2026-05-06 22:27:33.394379
7477,a6,1023.0,1022.995,2026-05-06 22:27:33.696261
7478,a0,155.9512,155.882,2026-05-06 22:29:39.038120
7479,a1,64.14634,64.73814,2026-05-06 22:29:39.375062
7480,a2,222.0244,222.0766,2026-05-06 22:29:39.845837
7481,a3,168.6585,168.5928,2026-05-06 22:29:40.267486
7482,a6,1023.0,1022.999,2026-05-06 22:29:40.558369
7483,a0,155.8049,155.8781,2026-05-06 22:31:43.104368
7484,a1,64.17073,64.70976,2026-05-06 22:31:43.400875
7485,a2,222.0732,222.0764,2026-05-06 22:31:43.702378
7486,a3,168.6341,168.5949,2026-05-06 22:31:44.140906
7487,a6,1023.0,1022.999,2026-05-06 22:31:44.451908
7488,a0,155.6829,155.8846,2026-05-06 22:33:47.690267
7489,a1,62.0,62.81111,2026-05-06 22:33:48.027210
7490,a2,222.0244,222.018,2026-05-06 22:33:48.345197
7491,a3,168.6585,168.6157,2026-05-06 22:33:48.609345
7492,a6,1023.0,1022.982,2026-05-06 22:33:49.079814
7493,a0,155.8537,155.8831,2026-05-06 22:35:51.816679
7494,a1,62.0,62.77055,2026-05-06 22:35:52.086265
7495,a2,222.1707,222.0256,2026-05-06 22:35:52.365763
7496,a3,168.7561,168.6227,2026-05-06 22:35:52.678572
7497,a6,1023.0,1022.983,2026-05-06 22:35:52.951404
7498,a0,155.8293,155.895,2026-05-06 22:37:55.059408
7499,a1,60.43903,61.40423,2026-05-06 22:37:55.348213
7500,a2,222.0,222.0595,2026-05-06 22:37:55.622757
7501,a3,168.6585,168.609,2026-05-06 22:37:55.929716
7502,a6,1023.0,1022.99,2026-05-06 22:37:56.189028
7503,a0,155.9024,155.874,2026-05-06 22:39:58.338149
7504,a1,59.58537,60.3772,2026-05-06 22:39:58.698603
7505,a2,221.6585,221.8978,2026-05-06 22:39:59.123242
7506,a3,168.5854,168.574,2026-05-06 22:39:59.388970
7507,a6,1023.0,1022.991,2026-05-06 22:39:59.662737
7508,a0,156.0732,155.8839,2026-05-06 22:42:01.958968
7509,a1,59.60976,60.33883,2026-05-06 22:42:02.279016
7510,a3,168.3415,168.5693,2026-05-06 22:42:02.546704
7511,a6,1023.0,1022.992,2026-05-06 22:42:02.848520
7512,a0,155.9024,155.8666,2026-05-06 22:44:06.580535
7513,a1,57.31707,57.63479,2026-05-06 22:44:06.892269
7514,a2,221.439,221.6389,2026-05-06 22:44:07.189231
7515,a3,168.6341,168.5758,2026-05-06 22:44:07.438919
7516,a6,1023.0,1022.989,2026-05-06 22:44:07.693391
7517,a0,155.7805,155.8623,2026-05-06 22:46:10.231289
7518,a1,57.36585,57.62135,2026-05-06 22:46:10.522860
7519,a2,221.7805,221.646,2026-05-06 22:46:10.804080
7520,a3,168.561,168.5751,2026-05-06 22:46:11.053039
7521,a6,1022.732,1022.976,2026-05-06 22:46:11.351795
7522,a0,155.7805,155.8582,2026-05-06 22:48:13.638257
7523,a1,57.29268,57.60491,2026-05-06 22:48:13.913278
7524,a2,0.0,0.0,2026-05-06 22:48:14.209880
7525,a6,1023.0,1022.988,2026-05-06 22:48:14.461914
7526,a0,155.7561,155.7975,2026-05-06 22:50:16.917060
7527,a1,57.85366,57.71113,2026-05-06 22:50:17.198796
7528,a3,168.4634,168.554,2026-05-06 22:50:17.473276
7529,a6,1023.0,1022.995,2026-05-06 22:50:17.769597
7530,a0,155.6585,155.7672,2026-05-06 22:52:20.330120
7531,a1,58.87805,58.40188,2026-05-06 22:52:20.625145
7532,a2,221.4146,221.4307,2026-05-06 22:52:20.886202
7533,a3,168.5122,168.5519,2026-05-06 22:52:21.235720
7534,a6,1023.0,1022.995,2026-05-06 22:52:21.506773
7535,a0,155.7561,155.7667,2026-05-06 22:54:23.948452
7536,a1,58.92683,58.42813,2026-05-06 22:54:24.366292
7537,a2,878.0,221.4348,2026-05-06 22:54:24.671476
7538,a3,168.4146,168.5334,2026-05-06 22:54:24.923415
7539,a6,1022.976,1022.994,2026-05-06 22:54:25.220022
7540,a0,155.5854,155.7149,2026-05-06 22:56:27.924702
7541,a1,60.95122,60.55357,2026-05-06 22:56:28.243143
7542,a2,221.6585,221.6037,2026-05-06 22:56:28.521927
7543,a3,168.5366,168.541,2026-05-06 22:56:28.857458
7544,a6,1023.0,1022.999,2026-05-06 22:56:29.321236
7545,a0,155.6341,155.7109,2026-05-06 22:58:31.495663
7546,a1,61.14634,60.58321,2026-05-06 22:58:32.007877
7547,a2,221.9512,221.6211,2026-05-06 22:58:32.346335
7548,a3,168.7073,168.5493,2026-05-06 22:58:32.673867
7549,a6,1023.0,1022.999,2026-05-06 22:58:32.990404
7550,a0,155.8293,155.7168,2026-05-06 23:00:35.767735
7551,a1,60.97561,60.60283,2026-05-06 23:00:36.174848
7552,a2,68.6585,168.5471,2026-05-06 23:00:36.545108
7553,a6,1023.0,1022.992,2026-05-06 23:00:36.840636
7554,a0,155.6829,155.7177,2026-05-06 23:02:38.988479
7555,a1,61.14634,61.0204,2026-05-06 23:02:39.308672
7556,a2,221.3659,221.6024,2026-05-06 23:02:39.655035
7557,a6,1023.0,1022.995,2026-05-06 23:02:39.972524
7558,a0,155.7317,155.6839,2026-05-06 23:04:45.137169
7559,a1,62.56097,62.14191,2026-05-06 23:04:45.392617
7560,a2,221.5854,221.5018,2026-05-06 23:04:45.706111
7561,a3,168.6098,168.5225,2026-05-06 23:04:46.036581
7562,a6,1023.0,1022.991,2026-05-06 23:04:46.308950
7563,a0,155.6829,155.6839,2026-05-06 23:06:49.014796
7564,a1,62.78049,62.17384,2026-05-06 23:06:49.316612
7565,a2,221.6829,221.5109,2026-05-06 23:06:49.605398
7566,a3,168.4634,168.5195,2026-05-06 23:06:49.872150
7567,a6,1023.0,1022.991,2026-05-06 23:06:50.143364
7568,a0,155.6829,155.6503,2026-05-06 23:08:53.731585
7569,a1,63.36585,63.27106,2026-05-06 23:08:53.984972
7570,a2,221.6098,221.5554,2026-05-06 23:08:54.234382
7571,a3,168.439,168.5311,2026-05-06 23:08:54.513121
7572,a6,1023.0,1022.991,2026-05-06 23:08:54.770077
7573,a0,155.6341,155.6495,2026-05-06 23:10:56.952187
7574,a1,63.41463,63.27824,2026-05-06 23:10:57.228039
7575,a2,221.4878,221.552,2026-05-06 23:10:57.513283
7576,a3,168.4878,168.5289,2026-05-06 23:10:57.817141
7577,a6,1023.0,1022.991,2026-05-06 23:10:58.075951
7578,a0,155.7073,155.6524,2026-05-06 23:13:00.772159
7579,a1,63.31707,63.28018,2026-05-06 23:13:01.047499
7580,a2,22.0,0.0,2026-05-06 23:13:01.311025
7581,a6,1023.0,1022.993,2026-05-06 23:13:01.611668
7582,a0,155.561,155.6806,2026-05-06 23:15:04.435293
7583,a1,64.29269,64.02854,2026-05-06 23:15:04.743863
7584,a2,221.6585,221.4958,2026-05-06 23:15:05.047176
7585,a3,168.4878,168.5274,2026-05-06 23:15:05.330146
7586,a6,1023.0,1022.978,2026-05-06 23:15:05.613725
7587,a0,155.6585,155.6795,2026-05-06 23:17:07.881625
7588,a1,64.21951,64.03809,2026-05-06 23:17:08.194834
7589,a2,221.5854,221.5003,2026-05-06 23:17:08.494311
7590,a3,168.5366,168.5278,2026-05-06 23:17:08.955272
7591,a6,1023.0,1022.979,2026-05-06 23:17:09.289292
7592,a0,155.7073,155.7176,2026-05-06 23:19:13.280109
7593,a1,64.41463,64.52995,2026-05-06 23:19:13.568335
7594,a2,221.4146,221.4475,2026-05-06 23:19:13.832356
7595,a3,168.5122,168.5263,2026-05-06 23:19:14.124574
7596,a6,1023.0,1022.991,2026-05-06 23:19:14.377478
7597,a0,155.6341,155.7134,2026-05-06 23:21:16.855379
7598,a1,64.39024,64.52296,2026-05-06 23:21:17.152188
7599,a2,221.3659,221.4434,2026-05-06 23:21:17.427425
7600,a3,168.7073,168.5353,2026-05-06 23:21:17.714723
7601,a6,1023.0,1022.992,2026-05-06 23:21:18.010614
7602,a0,155.8537,155.7204,2026-05-06 23:23:20.549538
7603,a1,64.36585,64.51511,2026-05-06 23:23:20.820057
7604,a2,8.5383,0.0,2026-05-06 23:23:21.086495
7605,a6,1023.0,1022.994,2026-05-06 23:23:21.349473
7606,a0,155.7805,155.7295,2026-05-06 23:25:23.944391
7607,a1,65.14634,64.97089,2026-05-06 23:25:24.189264
7608,a2,221.4146,221.4517,2026-05-06 23:25:24.445121
7609,a3,168.6829,168.5339,2026-05-06 23:25:24.728950
7610,a6,1023.0,1022.981,2026-05-06 23:25:25.118086
7611,a0,155.7561,155.7308,2026-05-06 23:27:27.287424
7612,a1,65.09756,64.97723,2026-05-06 23:27:27.582828
7613,a2,221.6341,221.4608,2026-05-06 23:27:27.932774
7614,a3,168.5366,168.534,2026-05-06 23:27:28.235662
7615,a6,1023.0,1022.982,2026-05-06 23:27:28.512704
7616,a0,155.8781,155.7382,2026-05-06 23:29:30.996875
7617,a1,65.17073,64.9869,2026-05-06 23:29:31.266136
7618,a2,223.0,0.0,2026-05-06 23:29:31.595648
7619,a6,1023.0,1022.987,2026-05-06 23:29:31.887477
7620,a0,155.7561,155.7357,2026-05-06 23:31:34.604786
7621,a1,65.7317,65.31368,2026-05-06 23:31:35.001073
7622,a2,221.5366,221.5185,2026-05-06 23:31:35.272712
7623,a3,168.5854,168.514081,2026-05-06 23:31:35.621189
7624,a6,1023.0,1022.993,2026-05-06 23:31:35.952947
7625,a0,155.6585,155.7012,2026-05-06 23:33:41.299047
7626,a1,65.70731,65.61379,2026-05-06 23:33:41.840877
7627,a2,221.4634,221.4009,2026-05-06 23:33:42.353031
7628,a3,168.6341,168.5401,2026-05-06 23:33:42.676148
7629,a6,1023.0,1022.987,2026-05-06 23:33:42.979713
7630,a0,155.5122,155.6917,2026-05-06 23:35:45.525202
7631,a1,65.58537,65.61237,2026-05-06 23:35:45.835931
7632,a2,221.3659,221.3991,2026-05-06 23:35:46.167365
7633,a3,168.5366,168.54,2026-05-06 23:35:46.476658
7634,a6,1023.0,1022.988,2026-05-06 23:35:46.755121
7635,a0,155.6585,155.6901,2026-05-06 23:37:49.141561
7636,a1,65.70731,65.61712,2026-05-06 23:37:49.414367
7637,a6,1023.0,1022.989,2026-05-06 23:37:49.710406
7638,a0,155.6829,155.6943,2026-05-06 23:39:51.834775
7639,a1,66.07317,65.63379,2026-05-06 23:39:52.116905
7640,a0,155.6829,155.6628,2026-05-06 23:41:54.280629
7641,a1,66.53658,66.29474,2026-05-06 23:41:54.609056
7642,a2,221.0488,220.9851,2026-05-06 23:41:55.171569
7643,a3,168.4634,168.5015,2026-05-06 23:41:55.445701
7644,a6,1023.0,1022.98,2026-05-06 23:41:55.736751
7645,a0,155.4634,155.6523,2026-05-06 23:44:00.772482
7646,a1,67.87805,67.26211,2026-05-06 23:44:01.073134
7647,a2,221.4634,221.0416,2026-05-06 23:44:01.355308
7648,a3,168.5122,168.5246,2026-05-06 23:44:01.622507
7649,a6,1022.951,1022.981,2026-05-06 23:44:01.889831
7650,a0,155.5854,155.6489,2026-05-06 23:46:04.037170
7651,a1,67.70731,67.28437,2026-05-06 23:46:04.328834
7652,a2,221.0732,221.0432,2026-05-06 23:46:04.629410
7653,a3,168.3902,168.5178,2026-05-06 23:46:04.903319
7654,a6,1023.0,1022.982,2026-05-06 23:46:05.315775
7655,a0,155.7805,155.6606,2026-05-06 23:48:07.485913
7656,a1,68.0,67.80963,2026-05-06 23:48:07.769141
7657,a2,221.6585,221.1371,2026-05-06 23:48:08.049382
7658,a3,178.0,168.519,2026-05-06 23:48:08.350514
7659,a6,1022.854,1022.975,2026-05-06 23:48:08.609244
7660,a0,155.5366,155.6606,2026-05-06 23:50:11.382108
7661,a1,67.80488,67.83246,2026-05-06 23:50:11.646438
7662,a2,221.3659,221.3749,2026-05-06 23:50:11.956188
7663,a3,168.439,168.515,2026-05-06 23:50:12.227795
7664,a6,1023.0,1022.977,2026-05-06 23:50:12.482644
7665,a0,155.6341,155.6593,2026-05-06 23:52:14.980608
7666,a1,67.65854,67.82376,2026-05-06 23:52:15.270760
7667,a6,1022.902,1022.976,2026-05-06 23:52:15.568693
7668,a0,155.9024,155.6728,2026-05-06 23:54:17.712690
7669,a1,67.70731,67.72478,2026-05-06 23:54:17.990366
7670,a2,221.1951,221.4366,2026-05-06 23:54:18.240389
7671,a3,168.5854,168.5138,2026-05-06 23:54:18.491804
7672,a6,1023.0,1022.978,2026-05-06 23:54:18.920352
7673,a0,155.6098,155.7024,2026-05-06 23:56:22.175787
7674,a1,67.95122,68.0524,2026-05-06 23:56:22.448503
7675,a2,221.439,221.4156,2026-05-06 23:56:22.715851
7676,a3,168.6098,168.5117,2026-05-06 23:56:23.046578
7677,a6,1023.0,1022.995,2026-05-06 23:56:23.361126
7678,a0,155.6341,155.699,2026-05-06 23:58:25.632215
7679,a1,68.09756,68.05466,2026-05-06 23:58:25.909068
7680,a2,221.7317,221.4314,2026-05-06 23:58:26.215608
7681,a3,168.5366,168.513,2026-05-06 23:58:26.459196
7682,a6,1023.0,1022.995,2026-05-06 23:58:26.744203
7683,a0,155.7805,155.7031,2026-05-07 00:00:29.291693
7684,a1,68.36585,68.07021,2026-05-07 00:00:29.626613
7685,a6,1023.0,1022.989,2026-05-07 00:00:29.922504
7686,a0,155.6585,155.696,2026-05-07 00:02:32.765919
7687,a1,68.36585,68.2647,2026-05-07 00:02:33.046795
7688,a2,221.0488,221.2435,2026-05-07 00:02:33.343784
7689,a3,168.4634,168.4763,2026-05-07 00:02:33.642143
7690,a6,1023.0,1022.992,2026-05-07 00:02:33.915706
7691,a0,155.8781,155.7028,2026-05-07 00:04:36.028131
7692,a1,66.65854,67.60526,2026-05-07 00:04:36.348081
7693,a2,220.9512,221.2289,2026-05-07 00:04:36.615576
7694,a3,168.6098,168.483,2026-05-07 00:04:36.892843
7695,a6,1023.0,1022.993,2026-05-07 00:04:37.171961
7696,a0,155.8781,155.762,2026-05-07 00:06:40.796645
7697,a1,65.48781,65.83032,2026-05-07 00:06:41.066620
7698,a2,221.8781,221.5561,2026-05-07 00:06:41.365270
7699,a3,168.4634,168.499,2026-05-07 00:06:41.749595
7700,a6,1023.0,1022.997,2026-05-07 00:06:42.350363
7701,a0,155.7561,155.7617,2026-05-07 00:08:44.750192
7702,a1,65.36585,65.8071,2026-05-07 00:08:45.075840
7703,a2,221.6585,221.5613,2026-05-07 00:08:45.361153
7704,a3,168.4634,168.4972,2026-05-07 00:08:45.620291
7705,a6,1023.0,1022.997,2026-05-07 00:08:45.923148
7706,a0,155.8293,155.7651,2026-05-07 00:10:48.049405
7707,a1,65.48781,65.79113,2026-05-07 00:10:48.335240
7708,a2,28.4895,0.0,2026-05-07 00:10:48.615914
7709,a6,1022.976,1022.988,2026-05-07 00:10:49.044412
7710,a0,155.6585,155.7768,2026-05-07 00:12:51.468561
7711,a1,64.56097,64.44515,2026-05-07 00:12:51.783004
7712,a2,221.6829,221.5828,2026-05-07 00:12:52.052715
7713,a3,168.4146,168.4669,2026-05-07 00:12:52.332672
7714,a6,1023.0,1022.981,2026-05-07 00:12:52.627226
7715,a0,155.9024,155.7831,2026-05-07 00:14:54.925893
7716,a1,64.41463,64.44363,2026-05-07 00:14:55.181616
7717,a2,221.7317,221.5903,2026-05-07 00:14:55.477152
7718,a3,168.4634,168.4667,2026-05-07 00:14:55.742167
7719,a6,1023.0,1022.982,2026-05-07 00:14:56.021942
7720,a0,155.7561,155.7237,2026-05-07 00:16:58.482682
7721,a1,64.36585,64.48756,2026-05-07 00:16:58.947759
7722,a2,221.6585,221.5301,2026-05-07 00:16:59.234880
7723,a3,168.439,168.4643,2026-05-07 00:16:59.549423
7724,a6,1023.0,1022.987,2026-05-07 00:16:59.806264
7725,a0,155.7073,155.6892,2026-05-07 00:19:02.231325
7726,a1,64.48781,64.40257,2026-05-07 00:19:02.538106
7727,a2,221.3415,221.2634,2026-05-07 00:19:02.805872
7728,a3,168.3659,168.4593,2026-05-07 00:19:03.113543
7729,a6,1023.0,1022.988,2026-05-07 00:19:03.379317
7730,a0,155.8049,155.7745,2026-05-07 00:21:11.288496
7731,a1,61.60976,62.23491,2026-05-07 00:21:11.574513
7732,a2,221.561,221.6646,2026-05-07 00:21:11.871845
7733,a3,168.2683,168.4776,2026-05-07 00:21:12.153386
7734,a6,1022.951,1022.991,2026-05-07 00:21:12.509083
7735,a0,155.7073,155.7712,2026-05-07 00:23:15.054599
7736,a1,61.78049,62.21219,2026-05-07 00:23:15.360426
7737,a2,221.6585,221.6643,2026-05-07 00:23:15.646745
7738,a3,168.3415,168.4708,2026-05-07 00:23:15.940722
7739,a6,1023.0,1022.992,2026-05-07 00:23:16.201484
7740,a0,155.7805,155.7443,2026-05-07 00:25:18.337481
7741,a1,60.68293,61.39784,2026-05-07 00:25:18.610078
7742,a2,221.6341,221.5639,2026-05-07 00:25:19.104641
7743,a3,168.3902,168.4447,2026-05-07 00:25:19.401728
7744,a6,1023.0,1022.99,2026-05-07 00:25:19.668811
7745,a0,155.8293,155.781,2026-05-07 00:27:22.145649
7746,a1,60.14634,60.57851,2026-05-07 00:27:22.472027
7747,a2,221.6341,221.5674,2026-05-07 00:27:22.728388
7748,a3,168.4146,168.4432,2026-05-07 00:27:23.034184
7749,a6,1023.0,1022.99,2026-05-07 00:27:23.298684
7750,a0,155.8537,155.7752,2026-05-07 00:29:25.452603
7751,a1,59.39024,60.0353,2026-05-07 00:29:25.771484
7752,a2,221.4146,221.4921,2026-05-07 00:29:26.014897
7753,a3,168.4874764,0.0,2026-05-07 00:29:26.292157
7754,a6,1023.0,1022.991,2026-05-07 00:29:26.586190
7755,a0,155.6829,155.772,2026-05-07 00:31:28.818257
7756,a1,58.17073,59.12538,2026-05-07 00:31:29.202022
7757,a2,221.4878,221.5751,2026-05-07 00:31:29.484764
7758,a3,168.4146,168.4733,2026-05-07 00:31:29.766069
7759,a6,1023.0,1022.991,2026-05-07 00:31:30.089498
7760,a0,156.0,155.7834,2026-05-07 00:33:32.829294
7761,a1,58.12195,59.07521,2026-05-07 00:33:33.165324
7762,a2,221.564,221.572,2026-05-07 00:33:33.491747
7763,a3,168.7073,168.4833,2026-05-07 00:33:33.769767
7764,a6,1023.0,1022.99,2026-05-07 00:33:34.083719
7765,a0,155.8781,155.8172,2026-05-07 00:35:36.605801
7766,a1,52.65854,54.80567,2026-05-07 00:35:36.925826
7767,a2,221.80496229,0.0,2026-05-07 00:35:37.213192
7768,a3,168.5122,168.4793,2026-05-07 00:35:37.511314
7769,a6,1023.0,1022.993,2026-05-07 00:35:37.814043
7770,a0,155.8781,155.8459,2026-05-07 00:37:40.340226
7771,a1,50.85366,52.21025,2026-05-07 00:37:40.681764
7772,a2,221.6829,221.6259,2026-05-07 00:37:40.969176
7773,a3,168.4634,168.4785,2026-05-07 00:37:41.295635
7774,a6,1023.0,1022.994,2026-05-07 00:37:41.615778
7775,a0,155.9268,155.85,2026-05-07 00:39:44.064256
7776,a1,50.82927,52.1412,2026-05-07 00:39:44.409141
7777,a3,168.4878,168.4697,2026-05-07 00:39:44.701772
7778,a6,1023.0,1022.99,2026-05-07 00:39:44.994619
7779,a0,156.0,155.8756,2026-05-07 00:41:47.500895
7780,a1,50.92683,51.27083,2026-05-07 00:41:47.886607
7781,a2,221.1219,221.3055,2026-05-07 00:41:48.247309
7782,a3,168.4146,168.4574,2026-05-07 00:41:48.507032
7783,a6,1023.0,1022.976,2026-05-07 00:41:48.953867
7784,a0,155.7805,155.7409,2026-05-07 00:43:53.848793
7785,a1,53.09756,52.64084,2026-05-07 00:43:54.151509
7786,a2,220.9756,221.0667,2026-05-07 00:43:54.477206
7787,a3,168.439,168.4558,2026-05-07 00:43:54.760620
7788,a6,1023.0,1022.98,2026-05-07 00:43:55.040864
7789,a0,155.7561,155.7416,2026-05-07 00:45:57.401551
7790,a1,53.5122,52.68441,2026-05-07 00:45:57.690172
7791,a2,221.2195,221.0744,2026-05-07 00:45:57.955059
7792,a3,168.6341,168.4647,2026-05-07 00:45:58.222282
7793,a6,1023.0,1022.981,2026-05-07 00:45:58.526218
7794,a0,155.7317,155.7411,2026-05-07 00:48:01.160327
7795,a1,53.2439,52.71238,2026-05-07 00:48:01.487109
7796,a6,1023.0,1022.982,2026-05-07 00:48:01.768037
7797,a0,155.561,155.6798,2026-05-07 00:50:04.523102
7798,a1,55.5122,54.92655,2026-05-07 00:50:04.773919
7799,a2,221.3902,220.9115,2026-05-07 00:50:05.078119
7800,a3,168.5854,168.476,2026-05-07 00:50:05.381585
7801,a6,1023.0,1022.989,2026-05-07 00:50:05.687335
7802,a0,155.8049,155.686,2026-05-07 00:52:08.149139
7803,a1,55.43903,54.95218,2026-05-07 00:52:08.434753
7804,a2,221.3902,220.9355,2026-05-07 00:52:08.918627
7805,a3,168.3902,168.4717,2026-05-07 00:52:09.185873
7806,a6,1023.0,1022.99,2026-05-07 00:52:09.446738
7807,a0,155.8293,155.6932,2026-05-07 00:54:11.672454
7808,a1,55.56097,54.98262,2026-05-07 00:54:11.950922
7809,a2,22.0,0.0,2026-05-07 00:54:12.231275
7810,a6,1023.0,1022.99,2026-05-07 00:54:12.855196
7811,a0,155.8781,155.7061,2026-05-07 00:57:18.035544
7812,a1,55.31707,55.50601,2026-05-07 00:57:18.346264
7813,a2,220.9756,221.2053,2026-05-07 00:57:18.726205
7814,a3,168.4878,168.4664,2026-05-07 00:57:19.060570
7815,a6,1023.0,1022.992,2026-05-07 00:57:19.344103
7816,a0,155.8049,155.7124,2026-05-07 00:59:25.370841
7817,a1,54.78049,54.78779,2026-05-07 00:59:25.695619
7818,a2,221.439,221.214,2026-05-07 00:59:26.013180
7819,a3,168.5366,168.4449,2026-05-07 00:59:26.309590
7820,a6,1023.0,1022.992,2026-05-07 00:59:26.591206
7821,a0,155.6341,155.7085,2026-05-07 01:01:29.079265
7822,a1,55.0,54.7984,2026-05-07 01:01:29.347962
7823,a2,220.9268,221.1997,2026-05-07 01:01:29.627235
7824,a3,168.4634,168.4458,2026-05-07 01:01:29.947324
7825,a6,1023.0,1022.992,2026-05-07 01:01:30.241134
7826,a0,155.8049,155.6793,2026-05-07 01:03:34.201776
7827,a1,56.14634,55.98928,2026-05-07 01:03:34.511854
7828,a2,220.1951,220.9281,2026-05-07 01:03:34.806299
7829,a3,168.4634,168.4575,2026-05-07 01:03:35.070393
7830,a6,1023.0,1022.991,2026-05-07 01:03:35.330972
7831,a0,155.6585,155.6783,2026-05-07 01:05:37.493903
7832,a1,56.09756,55.99469,2026-05-07 01:05:37.795069
7833,a2,220.4634,220.9049,2026-05-07 01:05:38.075181
7834,a3,168.4146,168.4553,2026-05-07 01:05:38.341496
7835,a6,1023.0,1022.992,2026-05-07 01:05:38.717616
7836,a0,155.8781,155.7392,2026-05-07 01:07:42.356215
7837,a1,46.41463,50.4497,2026-05-07 01:07:42.662935
7838,a2,221.5366,221.0643,2026-05-07 01:07:42.952704
7839,a3,168.4146,168.423,2026-05-07 01:07:43.268549
7840,a6,1023.0,1022.99,2026-05-07 01:07:43.554310
7841,a0,155.8537,155.7449,2026-05-07 01:09:46.268846
7842,a1,46.2439,50.23941,2026-05-07 01:09:46.589063
7843,a2,221.6341,221.0928,2026-05-07 01:09:46.872486
7844,a3,168.4146,168.4226,2026-05-07 01:09:47.159860
7845,a6,1023.0,1022.991,2026-05-07 01:09:47.460690
7846,a0,155.7317,155.7443,2026-05-07 01:11:49.617637
7847,a1,46.04878,50.02988,2026-05-07 01:11:49.922483
7848,a2,24.0,0.0,2026-05-07 01:11:50.256319
7849,a6,1022.781,1022.978,2026-05-07 01:11:50.511408
7850,a0,155.8293,155.8699,2026-05-07 01:13:52.962260
7851,a1,43.31707,44.05072,2026-05-07 01:13:53.263864
7852,a2,221.0732,168.4503,2026-05-07 01:13:53.545768
7853,a6,1023.0,1022.998,2026-05-07 01:13:53.854571
7854,a0,155.8293,155.8524,2026-05-07 01:15:56.187495
7855,a1,43.34147,43.57668,2026-05-07 01:15:56.485460
7856,a2,220.8293,220.997,2026-05-07 01:15:56.751208
7857,a3,168.3415,168.4448,2026-05-07 01:15:57.013242
7858,a6,1023.0,1022.998,2026-05-07 01:15:57.306740
7859,a0,155.7561,155.8023,2026-05-07 01:17:59.505412
7860,a1,43.118285,0.0,2026-05-07 01:17:59.810832
7861,a2,220.9756,220.9326,2026-05-07 01:18:00.140962
7862,a3,168.439,168.4256,2026-05-07 01:18:00.424484
7863,a6,1023.0,1022.987,2026-05-07 01:18:00.692656
7864,a0,155.7317,155.7639,2026-05-07 01:20:03.120432
7865,a1,43.2439,43.1859,2026-05-07 01:20:03.385953
7866,a2,220.9268,220.9324,2026-05-07 01:20:03.712016
7867,a3,168.3902,168.4238,2026-05-07 01:20:03.999202
7868,a6,1023.0,1022.988,2026-05-07 01:20:04.262936
7869,a0,155.7317,155.7359,2026-05-07 01:22:10.366611
7870,a1,44.7561,44.23656,2026-05-07 01:22:10.625238
7871,a2,220.3659,220.6661,2026-05-07 01:22:10.934135
7872,a3,168.3659,168.4392,2026-05-07 01:22:11.211815
7873,a6,1023.0,1022.993,2026-05-07 01:22:11.463403
7874,a0,155.6098,155.7296,2026-05-07 01:24:13.607489
7875,a1,44.7561,44.26254,2026-05-07 01:24:13.906297
7876,a2,220.7073,220.6681,2026-05-07 01:24:14.230858
7877,a3,168.4634,168.4404,2026-05-07 01:24:14.556084
7878,a6,1023.0,1022.993,2026-05-07 01:24:14.851336
7879,a0,155.7805,155.7322,2026-05-07 01:26:17.359529
7880,a1,44.65854,44.28234,2026-05-07 01:26:17.680266
7881,a2,2.0,0.0,2026-05-07 01:26:17.964557
7882,a6,1022.781,1022.982,2026-05-07 01:26:18.257529
7883,a0,155.7805,155.6996,2026-05-07 01:28:20.670390
7884,a1,46.2439,45.84777,2026-05-07 01:28:21.046874
7885,a2,220.8537,0.0,2026-05-07 01:28:21.357132
7886,a3,168.3415,168.4182,2026-05-07 01:28:21.923517
7887,a6,1023.0,1022.994,2026-05-07 01:28:22.365314
7888,a0,155.6829,155.6967,2026-05-07 01:30:24.495508
7889,a1,47.58537,46.70071,2026-05-07 01:30:24.771922
7890,a2,220.439,220.6442,2026-05-07 01:30:25.097549
7891,a3,168.4146,168.4181,2026-05-07 01:30:25.386850
7892,a6,1022.927,1022.991,2026-05-07 01:30:25.657930
7893,a0,155.5854,155.6446,2026-05-07 01:32:29.413363
7894,a1,49.65854,49.14111,2026-05-07 01:32:29.715434
7895,a2,221.0732,220.8239,2026-05-07 01:32:30.016085
7896,a3,168.4634,168.4297,2026-05-07 01:32:30.305152
7897,a6,1023.0,1022.984,2026-05-07 01:32:30.594160
7898,a0,155.6829,155.6465,2026-05-07 01:34:33.261703
7899,a1,49.5122,49.15966,2026-05-07 01:34:33.545575
7900,a2,220.6585,220.8157,2026-05-07 01:34:33.848360
7901,a3,168.5122,168.4338,2026-05-07 01:34:34.214127
7902,a6,1023.0,1022.985,2026-05-07 01:34:34.475358
7903,a0,155.6341,155.6498,2026-05-07 01:36:36.893040
7904,a1,50.12195,49.7393,2026-05-07 01:36:37.160302
7905,a2,220.1463,220.7,2026-05-07 01:36:37.422073
7906,a3,168.439,168.4469,2026-05-07 01:36:37.675652
7907,a6,0.0,1022.991,2026-05-07 01:36:37.961388
7908,a0,155.6098,155.6503,2026-05-07 01:38:40.450805
7909,a1,50.7561,50.38853,2026-05-07 01:38:40.704259
7910,a2,220.4146,220.4683,2026-05-07 01:38:40.997200
7911,a3,168.3415,168.4325,2026-05-07 01:38:41.267877
7912,a6,1023.0,1022.992,2026-05-07 01:38:41.543282
7913,a0,155.7073,155.688,2026-05-07 01:40:46.836184
7914,a1,51.60976,51.14802,2026-05-07 01:40:47.131493
7915,a2,219.9268,220.4945,2026-05-07 01:40:47.452421
7916,a3,168.3902,168.4128,2026-05-07 01:40:47.712671
7917,a6,1023.0,1022.981,2026-05-07 01:40:47.992342
7918,a0,155.6341,155.6853,2026-05-07 01:42:50.141934
7919,a1,51.5122,51.16623,2026-05-07 01:42:50.425575
7920,a2,220.7805,220.5088,2026-05-07 01:42:50.690364
7921,a3,168.2683,168.4055,2026-05-07 01:42:50.954302
7922,a6,1023.0,1022.982,2026-05-07 01:42:51.250421
7923,a0,155.7073,155.6634,2026-05-07 01:45:30.837184
7924,a1,52.29268,52.06348,2026-05-07 01:45:31.183922
7925,a2,221.1219,220.9284,2026-05-07 01:45:31.476843
7926,a3,168.4146,168.4469,2026-05-07 01:45:31.791885
7927,a6,1022.951,1022.99,2026-05-07 01:45:32.074137
7928,a0,155.7073,155.6656,2026-05-07 01:47:34.417490
7929,a1,52.09756,52.06518,2026-05-07 01:47:34.838163
7930,a2,221.1707,220.9405,2026-05-07 01:47:35.087040
7931,a3,168.3415,168.4416,2026-05-07 01:47:35.355177
7932,a6,1023.0,1022.99,2026-05-07 01:47:35.661968
7933,a0,155.6585,155.6652,2026-05-07 01:49:37.790671
7934,a1,52.26829,52.07534,2026-05-07 01:49:38.049795
7935,a2,2.0,0.0,2026-05-07 01:49:38.349168
7936,a0,155.7805,155.7089,2026-05-07 01:52:11.932751
7937,a1,50.85366,52.20441,2026-05-07 01:52:12.196895
7938,a2,221.1219,220.7831,2026-05-07 01:52:12.496119
7939,a3,168.4878,168.439,2026-05-07 01:52:12.758131
7940,a6,1023.0,1022.985,2026-05-07 01:52:13.068874
7941,a0,155.4634,155.7299,2026-05-07 01:54:16.165038
7942,a1,54.5122,53.11407,2026-05-07 01:54:16.450936
7943,a2,221.1219,220.9064,2026-05-07 01:54:16.749721
7944,a3,168.4146,168.4351,2026-05-07 01:54:17.022864
7945,a6,1023.0,1022.99,2026-05-07 01:54:17.288570
7946,a0,155.6829,155.7276,2026-05-07 01:56:19.413605
7947,a1,54.63415,53.19008,2026-05-07 01:56:19.738313
7948,a2,220.3171,220.8769,2026-05-07 01:56:20.026703
7949,a3,168.4634,168.4365,2026-05-07 01:56:20.307841
7950,a6,1022.902,1022.985,2026-05-07 01:56:20.601082
7951,a0,155.6341,155.7021,2026-05-07 01:58:22.739637
7952,a1,55.7561,54.89248,2026-05-07 01:58:23.049306
7953,a2,221.0976,220.9087,2026-05-07 01:58:23.329957
7954,a3,168.2927,168.26,2026-05-07 01:58:23.586386
7955,a6,1023.0,1022.993,2026-05-07 01:58:23.860618
7956,a0,155.7561,155.6779,2026-05-07 02:00:26.195532
7957,a1,56.70732,56.02941,2026-05-07 02:00:26.467153
7958,a2,220.8781,220.8529,2026-05-07 02:00:26.787425
7959,a3,168.4878,168.4164,2026-05-07 02:00:27.107072
7960,a6,1023.0,1022.993,2026-05-07 02:00:27.396241
7961,a0,155.6341,155.6758,2026-05-07 02:02:29.497473
7962,a1,56.78049,56.06696,2026-05-07 02:02:29.782972
7963,a2,7.0,0.0,2026-05-07 02:02:30.052898
7964,a6,1022.902,1022.972,2026-05-07 02:02:30.343790
7965,a0,155.561,155.636,2026-05-07 02:04:35.263016
7966,a1,58.26829,57.8973,2026-05-07 02:04:35.551308
7967,a2,220.561,220.7916,2026-05-07 02:04:36.892164
7968,a3,168.1707,168.3914,2026-05-07 02:04:37.158896
7969,a6,1023.0,1022.98,2026-05-07 02:04:37.427299
7970,a0,155.6585,155.6372,2026-05-07 02:06:40.128663
7971,a1,58.60976,57.93293,2026-05-07 02:06:40.437872
7972,a2,220.8781,220.7959,2026-05-07 02:06:40.701081
7973,a3,168.4878,168.3962,2026-05-07 02:06:40.974596
7974,a6,1022.902,1022.976,2026-05-07 02:06:41.269757
7975,a0,155.5122,155.6526,2026-05-07 02:08:48.389439
7976,a1,59.5122,59.20568,2026-05-07 02:08:48.725870
7977,a2,221.1219,220.9759,2026-05-07 02:08:49.380035
7978,a3,168.3171,168.4048,2026-05-07 02:08:49.628184
7979,a6,1023.0,1022.99,2026-05-07 02:08:49.925551
7980,a0,155.5854,155.6492,2026-05-07 02:10:52.475640
7981,a1,59.58537,59.22466,2026-05-07 02:10:52.791884
7982,a2,221.0,220.9771,2026-05-07 02:10:53.056769
7983,a3,168.3171,168.4004,2026-05-07 02:10:53.352386
7984,a6,1023.0,1022.99,2026-05-07 02:10:53.668007
7985,a0,155.6341,155.6606,2026-05-07 02:12:56.936806
7986,a1,60.5122,60.17065,2026-05-07 02:12:57.231097
7987,a2,221.1951,220.8663,2026-05-07 02:12:57.516404
7988,a3,168.3902,168.4008,2026-05-07 02:12:57.777100
7989,a6,1022.976,1022.978,2026-05-07 02:12:58.016192
7990,a0,155.6585,155.6605,2026-05-07 02:15:00.165715
7991,a1,60.43903,60.18407,2026-05-07 02:15:00.540018
7992,a2,220.6341,220.8547,2026-05-07 02:15:00.850934
7993,a3,168.2927,168.3954,2026-05-07 02:15:01.162521
7994,a6,1023.0,1022.979,2026-05-07 02:15:01.577724
7995,a0,155.6585,155.6608,2026-05-07 02:17:04.065739
7996,a1,59.34147,60.35949,2026-05-07 02:17:04.370679
7997,a2,220.9756,220.8642,2026-05-07 02:17:04.673101
7998,a3,168.4634,168.4195,2026-05-07 02:17:04.954552
8000,a0,155.7561,155.7142,2026-05-07 02:19:07.650437
8001,a1,60.09756,59.52675,2026-05-07 02:19:07.968161
8002,a2,221.2683,221.0564,2026-05-07 02:19:08.308199
8003,a3,168.4146,168.396,2026-05-07 02:19:08.627878
8004,a6,1022.951,1022.98,2026-05-07 02:19:09.024076
8005,a0,155.6341,155.6753,2026-05-07 02:21:16.946370
8006,a1,58.92683,59.30846,2026-05-07 02:21:17.245402
8007,a2,221.7073,221.3634,2026-05-07 02:21:17.593859
8008,a3,168.3659,168.4093,2026-05-07 02:21:17.884089
8009,a6,1023.0,1022.981,2026-05-07 02:21:18.207126
8010,a0,155.7561,155.6793,2026-05-07 02:23:20.442774
8011,a1,58.78049,59.28207,2026-05-07 02:23:20.713764
8012,a2,221.5854,221.3745,2026-05-07 02:23:21.030225
8013,a3,168.2683,168.4023,2026-05-07 02:23:21.365454
8014,a6,1023.0,1022.982,2026-05-07 02:23:21.827790
8015,a0,155.7317,155.682,2026-05-07 02:25:24.164480
8016,a1,58.80488,59.25821,2026-05-07 02:25:24.425061
8017,a2,268.3768,0.0,2026-05-07 02:25:24.685847
8018,a6,1023.0,1022.983,2026-05-07 02:25:24.968939
8019,a0,155.7561,155.7084,2026-05-07 02:27:27.541845
8020,a1,59.60976,59.26994,2026-05-07 02:27:27.856568
8021,a2,221.1707,221.2124,2026-05-07 02:27:28.116654
8022,a3,168.2439,168.3954,2026-05-07 02:27:28.357300
8023,a6,1023.0,1022.993,2026-05-07 02:27:28.718944
8024,a0,155.6585,155.7035,2026-05-07 02:29:31.517945
8025,a1,60.5122,59.97542,2026-05-07 02:29:31.767952
8026,a2,220.7561,220.6707,2026-05-07 02:29:32.035733
8027,a3,168.4146,168.4288,2026-05-07 02:29:32.356674
8028,a6,1023.0,1022.985,2026-05-07 02:29:32.669631
8029,a0,155.5854,155.6826,2026-05-07 02:31:35.037728
8030,a1,60.80488,60.54427,2026-05-07 02:31:35.336634
8031,a2,220.7073,220.6725,2026-05-07 02:31:35.663679
8032,a3,168.2927,168.422,2026-05-07 02:31:35.934845
8033,a6,1022.951,1022.984,2026-05-07 02:31:36.202113
8034,a0,155.7317,155.6759,2026-05-07 02:33:39.743174
8035,a1,61.78049,61.66531,2026-05-07 02:33:40.038847
8036,a2,220.5366,220.6601,2026-05-07 02:33:40.330964
8037,a3,168.3415,168.4158,2026-05-07 02:33:40.598785
8038,a6,1022.854,1022.984,2026-05-07 02:33:40.865202
8039,a0,155.6829,155.6763,2026-05-07 02:35:43.275660
8040,a1,61.95122,61.67961,2026-05-07 02:35:43.647558
8041,a2,220.7073,220.6625,2026-05-07 02:35:43.935562
8042,a3,168.2439,168.4072,2026-05-07 02:35:44.228910
8043,a6,1023.0,1022.985,2026-05-07 02:35:44.507325
8044,a0,155.6341,155.6931,2026-05-07 02:37:48.594312
8045,a1,62.56097,62.37731,2026-05-07 02:37:49.018941
8046,a2,220.8293,220.7969,2026-05-07 02:37:49.279744
8047,a3,167.9024,167.8333,2026-05-07 02:37:49.654120
8048,a6,1022.976,1022.978,2026-05-07 02:37:49.917702
8049,a0,155.6341,155.6902,2026-05-07 02:39:52.105822
8050,a1,62.46341,62.38161,2026-05-07 02:39:52.397726
8051,a2,221.0976,220.812,2026-05-07 02:39:52.681349
8052,a3,168.0,167.8416,2026-05-07 02:39:52.928665
8053,a6,1023.0,1022.979,2026-05-07 02:39:53.185636
8054,a0,155.6829,155.6898,2026-05-07 02:41:55.278473
8055,a1,62.5122,62.38815,2026-05-07 02:41:55.577103
8056,a2,220.6582,0.0,2026-05-07 02:41:55.875198
8057,a0,155.561,155.6753,2026-05-07 02:43:59.517825
8058,a1,63.95122,63.65314,2026-05-07 02:43:59.808241
8059,a2,220.3415,220.6419,2026-05-07 02:44:00.112487
8060,a3,168.0976,168.1051,2026-05-07 02:44:00.386803
8061,a6,1023.0,1022.991,2026-05-07 02:44:00.664548
8062,a0,155.6585,155.6745,2026-05-07 02:46:03.119452
8063,a1,63.87805,63.66438,2026-05-07 02:46:03.394669
8064,a2,220.8537,220.6525,2026-05-07 02:46:03.683202
8065,a3,168.3902,168.1194,2026-05-07 02:46:04.002165
8066,a6,1023.0,1022.991,2026-05-07 02:46:04.287938
8067,a0,155.6098,155.6712,2026-05-07 02:48:06.483007
8068,a1,63.95122,63.67872,2026-05-07 02:48:06.805028
8069,a2,8.1721,0.0,2026-05-07 02:48:07.110833
8070,a6,1023.0,1022.99,2026-05-07 02:48:07.422803
8071,a0,155.7073,155.6651,2026-05-07 02:50:14.377951
8072,a1,64.97561,64.72182,2026-05-07 02:50:14.699187
8073,a2,220.5366,220.9088,2026-05-07 02:50:15.048513
8074,a3,168.2927,168.1997,2026-05-07 02:50:15.360339
8075,a6,1023.0,1022.982,2026-05-07 02:50:15.681484
8076,a0,155.561,155.6599,2026-05-07 02:52:18.247452
8077,a1,64.92683,64.73206,2026-05-07 02:52:18.618885
8078,a2,220.6585,220.8963,2026-05-07 02:52:19.074420
8079,a3,168.3415,168.2068,2026-05-07 02:52:19.398023
8080,a6,1023.0,1022.983,2026-05-07 02:52:19.691573
8081,a0,155.6341,155.6586,2026-05-07 02:54:22.020423
8082,a1,65.12195,64.75156,2026-05-07 02:54:22.407798
8083,a6,1023.0,1022.992,2026-05-07 02:54:22.749634
8084,a0,155.6829,155.7036,2026-05-07 02:56:29.574563
8085,a1,66.14634,65.82346,2026-05-07 02:56:29.832087
8086,a2,221.2683,221.126,2026-05-07 02:56:30.112820
8087,a3,168.3902,168.2696,2026-05-07 02:56:30.397733
8088,a6,1023.0,1022.995,2026-05-07 02:56:30.664696
8089,a0,155.6585,155.7013,2026-05-07 02:58:33.128748
8090,a1,66.14634,65.8396,2026-05-07 02:58:33.447698
8091,a2,221.3171,221.1355,2026-05-07 02:58:33.720561
8092,a3,168.4634,168.2793,2026-05-07 02:58:34.016371
8093,a6,1023.0,1022.996,2026-05-07 02:58:34.282109
8094,a0,155.6829,155.7026,2026-05-07 03:00:37.927997
8095,a1,66.82927,66.65492,2026-05-07 03:00:38.199106
8096,a2,221.3659,221.0892,2026-05-07 03:00:38.500240
8097,a3,168.2195,168.2874,2026-05-07 03:00:38.921971
8098,a6,1023.0,1022.996,2026-05-07 03:00:39.244223
8099,a0,155.561,155.6955,2026-05-07 03:02:41.625105
8100,a1,66.92683,66.66852,2026-05-07 03:02:42.119213
8101,a2,220.9512,221.0823,2026-05-07 03:02:42.620139
8102,a3,168.2927,168.2876,2026-05-07 03:02:42.955629
8103,a6,1023.0,1022.996,2026-05-07 03:02:43.235520
8104,a0,155.7317,155.6973,2026-05-07 03:04:45.379821
8105,a1,66.80488,66.67533,2026-05-07 03:04:45.674327
8106,a2,28.2195,168.2821,2026-05-07 03:04:45.931925
8107,a6,1023.0,1022.994,2026-05-07 03:04:46.196571
8108,a0,155.7805,155.7141,2026-05-07 03:06:48.591134
8109,a1,67.7561,67.50446,2026-05-07 03:06:49.055755
8110,a2,220.561,221.0771,2026-05-07 03:06:49.327147
8111,a3,168.1707,168.2897,2026-05-07 03:06:49.600268
8112,a6,1023.0,1022.998,2026-05-07 03:06:49.905441
8113,a0,155.8781,155.7223,2026-05-07 03:08:52.189611
8114,a1,67.70731,67.5146,2026-05-07 03:08:52.536516
8115,a2,221.2439,221.0854,2026-05-07 03:08:52.813460
8116,a3,168.2683,168.2886,2026-05-07 03:08:53.121661
8117,a6,1023.0,1022.998,2026-05-07 03:08:53.398189
8118,a0,155.8293,155.7167,2026-05-07 03:10:57.192904
8119,a1,68.90244,68.54095,2026-05-07 03:10:57.455563
8120,a2,221.0488,221.1285,2026-05-07 03:10:57.714864
8121,a3,168.1463,168.3105,2026-05-07 03:10:57.972050
8122,a6,1023.0,1022.982,2026-05-07 03:10:58.287253
8123,a0,155.7317,155.7175,2026-05-07 03:13:00.741590
8124,a1,68.92683,68.56025,2026-05-07 03:13:01.033718
8125,a2,221.2439,221.1343,2026-05-07 03:13:01.351508
8126,a3,168.3171,168.3109,2026-05-07 03:13:01.623490
8127,a6,1023.0,1022.983,2026-05-07 03:13:01.911369
8128,a0,155.7561,155.7188,2026-05-07 03:15:06.079752
8129,a1,69.53658,69.23163,2026-05-07 03:15:06.417695
8130,a2,221.3902,221.3212,2026-05-07 03:15:06.722289
8131,a3,168.3415,168.2973,2026-05-07 03:15:06.986109
8132,a6,1023.0,1022.993,2026-05-07 03:15:07.242857
8133,a0,155.6098,155.7133,2026-05-07 03:17:09.378135
8134,a1,69.65854,69.25297,2026-05-07 03:17:09.658300
8135,a2,221.2927,221.3198,2026-05-07 03:17:09.928688
8136,a3,168.2927,168.2971,2026-05-07 03:17:10.202121
8137,a6,1023.0,1022.993,2026-05-07 03:17:10.459418
8138,a0,155.7805,155.7246,2026-05-07 03:19:14.414601
8139,a1,69.7317,69.72174,2026-05-07 03:19:14.706102
8140,a2,221.2439,221.3669,2026-05-07 03:19:15.012231
8141,a3,168.2927,168.2939,2026-05-07 03:19:15.266165
8142,a6,1023.0,1022.992,2026-05-07 03:19:15.535787
8143,a0,155.7561,155.7262,2026-05-07 03:22:06.938829
8144,a1,69.7317,69.72224,2026-05-07 03:22:07.257440
8145,a2,221.5854,221.3778,2026-05-07 03:22:07.565081
8146,a3,168.2439,168.2914,2026-05-07 03:22:07.829642
8147,a6,1022.878,1022.986,2026-05-07 03:22:08.091058
8148,a0,155.561,155.7202,2026-05-07 03:24:12.779654
8149,a1,70.43903,70.14944,2026-05-07 03:24:13.071458
8150,a2,221.6341,221.4734,2026-05-07 03:24:13.359759
8151,a3,168.2439,168.3378,2026-05-07 03:24:13.612009
8152,a6,1023.0,1022.985,2026-05-07 03:24:13.870159
8153,a0,155.7073,155.7195,2026-05-07 03:26:16.330490
8154,a1,70.41463,70.1627,2026-05-07 03:26:16.657198
8155,a2,221.439,221.4717,2026-05-07 03:26:16.919962
8156,a3,168.2927,168.3355,2026-05-07 03:26:17.201408
8157,a6,1023.0,1022.986,2026-05-07 03:26:17.470435
8158,a0,155.7073,155.7189,2026-05-07 03:28:20.096698
8159,a1,70.36585,70.17286,2026-05-07 03:28:20.400379
8160,a6,1023.0,1022.989,2026-05-07 03:28:20.697327
8161,a0,155.5854,155.7246,2026-05-07 03:30:22.967802
8162,a1,70.46342,70.28939,2026-05-07 03:30:23.277634
8163,a2,221.2683,221.4319,2026-05-07 03:30:23.578707
8164,a6,1023.0,1022.996,2026-05-07 03:30:23.845589
8165,a0,155.7317,155.7281,2026-05-07 03:32:25.980690
8166,a1,70.58537,70.51529,2026-05-07 03:32:26.296326
8167,a2,221.4,221.4193,2026-05-07 03:32:26.598634
8168,a3,168.2195,168.3039,2026-05-07 03:32:26.909215
8169,a6,1022.951,1022.994,2026-05-07 03:32:27.224153
8170,a0,155.8049,155.7452,2026-05-07 03:34:29.897590
8171,a1,711.43903,71.29588,2026-05-07 03:34:30.222897
8172,a2,221.0244,221.5197,2026-05-07 03:34:30.502360
8173,a3,168.3415,168.3161,2026-05-07 03:34:30.796697
8174,a6,1023.0,1022.998,2026-05-07 03:34:31.074315
8175,a0,155.7073,155.7607,2026-05-07 03:36:33.268299
8176,a1,71.53658,71.30791,2026-05-07 03:36:33.583546
8177,a2,221.7317,221.5303,2026-05-07 03:36:33.889366
8178,a3,168.2195,168.3112,2026-05-07 03:36:34.190294
8179,a6,1023.0,1022.999,2026-05-07 03:36:34.505684
8180,a0,155.6829,155.7254,2026-05-07 03:38:40.992748
8181,a1,71.68293,71.60301,2026-05-07 03:38:41.276448
8182,a2,221.5122,221.7151,2026-05-07 03:38:41.556181
8183,a3,168.4146,168.3401,2026-05-07 03:38:42.246789
8184,a6,1023.0,1022.982,2026-05-07 03:38:42.662479
8185,a0,155.7805,155.7282,2026-05-07 03:40:45.359476
8186,a1,71.63415,71.60457,2026-05-07 03:40:45.659290
8187,a2,222.0244,221.7306,2026-05-07 03:40:45.923101
8188,a3,168.3902,168.3426,2026-05-07 03:40:46.238374
8189,a6,1023.0,1022.983,2026-05-07 03:40:46.536758
8190,a0,155.5854,155.7211,2026-05-07 03:42:48.644737
8191,a1,71.60976,71.60483,2026-05-07 03:42:48.982577
8192,a2,8.3447,0.0,2026-05-07 03:42:49.302758
8193,a6,1023.0,1022.983,2026-05-07 03:42:49.578796
8194,a0,155.7317,155.7412,2026-05-07 03:44:52.122336
8195,a1,72.04878,71.85171,2026-05-07 03:44:52.378071
8196,a2,221.5854,221.6149,2026-05-07 03:44:52.656844
8197,a3,168.5122,164.0,2026-05-07 03:44:52.906373
8198,a6,1023.0,1022.99,2026-05-07 03:44:53.195923
8199,a0,155.7317,155.7252,2026-05-07 03:46:55.543090
8200,a1,72.21951,72.04276,2026-05-07 03:46:55.827176
8201,a2,221.6585,221.839,2026-05-07 03:46:56.104160
8202,a3,168.5366,168.3649,2026-05-07 03:46:56.417595
8203,a6,1023.0,1022.991,2026-05-07 03:46:56.673676
8204,a0,155.7073,155.7214,2026-05-07 03:48:59.153608
8205,a1,72.48781,72.43555,2026-05-07 03:48:59.435493
8206,a2,222.0488,221.8466,2026-05-07 03:48:59.713582
8207,a3,168.3415,168.3226,2026-05-07 03:48:59.965475
8208,a6,1023.0,1022.986,2026-05-07 03:49:00.226729
8209,a0,155.7561,155.7497,2026-05-07 03:51:07.131397
8210,a1,72.92683,72.67332,2026-05-07 03:51:07.437695
8211,a2,222.2927,221.962,2026-05-07 03:51:07.696926
8212,a3,168.1707,168.3472,2026-05-07 03:51:07.947072
8213,a6,1023.0,1022.995,2026-05-07 03:51:08.237183
8214,a0,155.7317,155.7488,2026-05-07 03:53:10.681183
8215,a1,73.19512,72.69942,2026-05-07 03:53:10.938827
8216,a2,221.9024,221.959,2026-05-07 03:53:11.192794
8217,a3,168.2927,168.3445,2026-05-07 03:53:11.472795
8218,a6,1023.0,1022.995,2026-05-07 03:53:11.753125
8219,a0,155.7317,155.7336,2026-05-07 03:55:15.150280
8220,a1,73.29269,73.20226,2026-05-07 03:55:15.435927
8221,a2,221.6098,221.9329,2026-05-07 03:55:15.763220
8222,a3,168.2927,168.2967,2026-05-07 03:55:16.092001
8223,a6,1023.0,1022.987,2026-05-07 03:55:16.430210
8224,a0,155.7073,155.7323,2026-05-07 03:57:18.978532
8225,a1,73.2683,73.20557,2026-05-07 03:57:19.668446
8226,a2,221.5122,221.9119,2026-05-07 03:57:20.016225
8227,a3,168.1707,168.2904,2026-05-07 03:57:20.325704
8228,a6,1023.0,1022.987,2026-05-07 03:57:20.689548
8229,a0,155.7073,155.731,2026-05-07 03:59:23.077408
8230,a1,73.41463,73.21602,2026-05-07 03:59:23.421920
8231,a6,1023.0,1022.991,2026-05-07 03:59:23.774621
8232,a0,155.7073,155.7591,2026-05-07 04:01:30.806631
8233,a1,73.60976,73.48983,2026-05-07 04:01:31.109294
8234,a2,221.9024,221.9568,2026-05-07 04:01:31.408071
8235,a3,168.0488,168.2568,2026-05-07 04:01:31.693353
8236,a6,1023.0,1022.981,2026-05-07 04:01:31.988909
8237,a0,155.7317,155.7577,2026-05-07 04:03:34.198080
8238,a1,73.48781,73.48973,2026-05-07 04:03:34.508843
8239,a2,221.8049,221.9492,2026-05-07 04:03:34.795925
8240,a3,168.3659,168.2623,2026-05-07 04:03:35.101927
8241,a6,1023.0,1022.982,2026-05-07 04:03:35.376132
8242,a0,155.7561,155.7577,2026-05-07 04:05:38.035592
8243,a1,73.53658,73.49207,2026-05-07 04:05:38.346847
8244,a2,7.0,168.3055,2026-05-07 04:05:38.612824
8245,a6,1023.0,1022.992,2026-05-07 04:05:39.020377
8246,a0,155.7561,155.7428,2026-05-07 04:07:41.297098
8247,a1,73.53658,73.62827,2026-05-07 04:07:41.618867
8248,a2,222.0,221.9468,2026-05-07 04:07:42.326790
8249,a3,168.3171,168.334,2026-05-07 04:07:42.678617
8250,a6,1022.976,1022.991,2026-05-07 04:07:42.955713
8251,a0,155.7073,155.7378,2026-05-07 04:09:45.033782
8252,a1,74.09756,73.82357,2026-05-07 04:09:45.316127
8253,a2,221.6829,221.9336,2026-05-07 04:09:45.609221
8254,a3,168.3902,168.3369,2026-05-07 04:09:45.892633
8255,a6,1023.0,1022.992,2026-05-07 04:09:46.187041
8256,a0,155.7805,155.7581,2026-05-07 04:11:49.890188
8257,a1,74.17073,73.97427,2026-05-07 04:11:50.198264
8258,a2,222.5122,222.062,2026-05-07 04:11:50.524712
8259,a3,168.3902,168.3391,2026-05-07 04:11:50.785403
8260,a6,1023.0,1022.996,2026-05-07 04:11:51.054332
8261,a0,155.6829,155.7544,2026-05-07 04:13:53.178251
8262,a1,74.2439,73.98775,2026-05-07 04:13:53.439181
8263,a2,222.0732,222.0625,2026-05-07 04:13:53.736511
8264,a3,168.2683,168.3355,2026-05-07 04:13:54.009117
8265,a6,1023.0,1022.996,2026-05-07 04:13:54.275425
8266,a0,155.8049,155.7569,2026-05-07 04:15:56.369814
8267,a1,74.02439,73.98959,2026-05-07 04:15:56.688097
8268,a6,1023.0,1022.982,2026-05-07 04:15:57.212616
8269,a0,155.7317,155.7487,2026-05-07 04:18:00.945388
8270,a1,74.31707,74.29648,2026-05-07 04:18:01.223759
8271,a2,222.1951,222.1591,2026-05-07 04:18:01.623311
8272,a3,168.3171,168.33,2026-05-07 04:18:01.931854
8273,a6,1023.0,1022.997,2026-05-07 04:18:02.231415
8274,a0,155.8781,155.7551,2026-05-07 04:20:04.752888
8275,a1,74.21951,74.29263,2026-05-07 04:20:05.060720
8276,a2,222.2927,222.1658,2026-05-07 04:20:05.356188
8277,a3,168.3415,168.3305,2026-05-07 04:20:05.646671
8278,a6,1023.0,1022.998,2026-05-07 04:20:05.923437
8279,a0,155.8537,155.76,2026-05-07 04:22:08.110277
8280,a1,74.29269,74.29263,2026-05-07 04:22:08.440665
8281,a6,1023.0,1022.995,2026-05-07 04:22:08.921805
8282,a0,155.7073,155.7466,2026-05-07 04:24:11.393116
8283,a1,73.95122,74.20448,2026-05-07 04:24:11.679696
8284,a2,222.0488,222.1594,2026-05-07 04:24:11.994503
8285,a3,168.3171,168.3379,2026-05-07 04:24:12.298021
8286,a6,1023.0,1022.998,2026-05-07 04:24:12.624084
8287,a0,155.8293,155.7931,2026-05-07 04:26:14.779583
8288,a1,74.46342,74.27596,2026-05-07 04:26:15.107839
8289,a2,221.7805,222.1404,2026-05-07 04:26:15.395756
8290,a3,168.3415,168.3381,2026-05-07 04:26:15.733317
8291,a6,1023.0,1022.998,2026-05-07 04:26:16.042443
8292,a0,155.8049,155.7937,2026-05-07 04:28:18.523297
8293,a1,74.36585,74.28046,2026-05-07 04:28:18.930957
8294,a2,195.0,168.3021,2026-05-07 04:28:19.248725
8295,a6,1023.0,1022.995,2026-05-07 04:28:19.541315
8296,a0,155.8293,155.784,2026-05-07 04:30:26.385965
8297,a1,74.90244,74.71719,2026-05-07 04:30:26.670890
8298,a2,221.9024,221.9191,2026-05-07 04:30:27.041121
8299,a3,168.3171,168.3457,2026-05-07 04:30:27.361450
8300,a6,1022.976,1022.994,2026-05-07 04:30:27.735178
8301,a0,155.7073,155.7802,2026-05-07 04:32:29.857054
8302,a1,74.85366,74.72401,2026-05-07 04:32:30.192685
8303,a2,221.6585,221.9061,2026-05-07 04:32:30.474285
8304,a3,168.2195,168.3394,2026-05-07 04:32:30.767628
8305,a6,1023.0,1022.995,2026-05-07 04:32:31.051580
8306,a0,155.7561,155.7683,2026-05-07 04:34:34.799160
8307,a1,74.7561,74.76396,2026-05-07 04:34:35.072289
8308,a2,221.4878,221.9375,2026-05-07 04:34:35.356850
8309,a3,168.3171,168.338,2026-05-07 04:34:35.671112
8310,a6,1023.0,1022.988,2026-05-07 04:34:35.933756
8311,a0,155.6341,155.7616,2026-05-07 04:36:38.298220
8312,a1,74.82927,74.76723,2026-05-07 04:36:38.567242
8313,a2,221.9756,221.9394,2026-05-07 04:36:39.017140
8314,a3,168.4634,168.3443,2026-05-07 04:36:39.309094
8315,a6,1023.0,1022.989,2026-05-07 04:36:39.597278
8316,a0,155.7805,155.7625,2026-05-07 04:38:42.222432
8317,a1,74.7317,74.76545,2026-05-07 04:38:42.577420
8318,a2,2.0,0.0,2026-05-07 04:38:42.876768
8319,a6,1023.0,1022.988,2026-05-07 04:38:43.142286
8320,a0,155.8049,155.8143,2026-05-07 04:40:45.275241
8321,a1,74.14634,74.51601,2026-05-07 04:40:45.548278
8322,a2,222.1463,222.0307,2026-05-07 04:40:45.911644
8323,a3,168.3171,168.3307,2026-05-07 04:40:46.166650
8324,a6,1022.976,1022.994,2026-05-07 04:40:46.471606
8325,a0,155.8537,155.8165,2026-05-07 04:42:49.149310
8326,a1,74.17073,74.38538,2026-05-07 04:42:49.650811
8327,a2,0.0,0.0,2026-05-07 04:42:49.910483
8328,a3,168.3659,168.336,2026-05-07 04:42:50.216019
8329,a6,1023.0,1022.996,2026-05-07 04:42:50.482957
8330,a0,155.8537,155.7761,2026-05-07 04:45:23.842232
8331,a1,74.65854,74.49476,2026-05-07 04:45:24.149883
8332,a2,222.0976,222.0274,2026-05-07 04:45:24.420214
8333,a3,168.3902,168.3452,2026-05-07 04:45:24.676236
8334,a6,1022.976,1022.995,2026-05-07 04:45:24.974911
8335,a0,155.7805,155.7764,2026-05-07 04:47:27.144002
8337,a3,168.3415,168.347,2026-05-07 04:47:27.719705
8338,a6,1023.0,1022.99,2026-05-07 04:47:28.007915
8339,a0,155.6585,155.7945,2026-05-07 04:49:34.984524
8340,a1,74.04878,74.14463,2026-05-07 04:49:35.259219
8341,a2,222.0244,222.0777,2026-05-07 04:49:35.565603
8342,a3,168.2927,168.3503,2026-05-07 04:49:35.927089
8343,a6,1022.829,1022.988,2026-05-07 04:49:36.197896
8344,a0,155.8537,155.7975,2026-05-07 04:51:38.396597
8345,a1,74.0,74.1374,2026-05-07 04:51:38.819187
8346,a2,222.0488,222.0762,2026-05-07 04:51:39.153843
8347,a3,168.2683,168.3462,2026-05-07 04:51:39.436717
8348,a6,1023.0,1022.989,2026-05-07 04:51:39.711330
8349,a0,155.7317,155.7942,2026-05-07 04:53:41.925417
8350,a1,73.92683,74.12687,2026-05-07 04:53:42.453166
8352,a0,155.8781,155.859,2026-05-07 04:55:50.173938
8353,a1,69.2439,70.44817,2026-05-07 04:55:50.440279
8354,a2,222.0732,222.3127,2026-05-07 04:55:50.754217
8355,a3,168.3659,168.3486,2026-05-07 04:55:51.057656
8356,a6,1023.0,1022.996,2026-05-07 04:55:51.339068
8357,a0,155.8781,155.8599,2026-05-07 04:57:53.501755
8358,a1,69.19512,70.38552,2026-05-07 04:57:53.808232
8359,a2,222.5122,222.3227,2026-05-07 04:57:54.089624
8360,a3,168.439,168.3531,2026-05-07 04:57:54.361383
8361,a6,1023.0,1022.996,2026-05-07 04:57:54.646900
8362,a0,155.9268,155.8633,2026-05-07 04:59:56.792910
8363,a1,69.12195,70.32234,2026-05-07 04:59:57.123479
8364,a2,269.0,0.0,2026-05-07 04:59:57.435114
8365,a6,1023.0,1022.999,2026-05-07 04:59:57.730809
8366,a0,155.9268,155.9189,2026-05-07 05:02:00.475927
8367,a1,68.7317,68.62227,2026-05-07 05:02:00.793799
8368,a2,221.9512,222.1077,2026-05-07 05:02:01.079997
8369,a3,168.2195,168.1724,2026-05-07 05:02:01.374423
8370,a6,1023.0,1022.993,2026-05-07 05:02:01.694530
8371,a0,155.8781,155.9168,2026-05-07 05:04:03.923186
8372,a1,68.63415,68.62286,2026-05-07 05:04:04.227290
8373,a2,221.9024,222.0974,2026-05-07 05:04:04.528042
8374,a3,168.1707,168.1723,2026-05-07 05:04:04.822113
8375,a6,1023.0,1022.993,2026-05-07 05:04:05.115493
8376,a0,155.7317,155.8668,2026-05-07 05:06:12.220260
8377,a1,69.39024,69.21716,2026-05-07 05:06:12.519832
8378,a2,221.6341,221.7746,2026-05-07 05:06:12.787945
8379,a3,168.2683,168.2347,2026-05-07 05:06:13.093965
8380,a6,1023.0,1022.994,2026-05-07 05:06:13.358021
8381,a0,155.9024,155.8686,2026-05-07 05:08:15.722262
8382,a1,69.48781,69.23069,2026-05-07 05:08:16.008409
8383,a2,222.1707,221.7944,2026-05-07 05:08:16.295416
8384,a3,168.0976,168.2278,2026-05-07 05:08:16.539576
8385,a6,1023.0,1022.994,2026-05-07 05:08:16.794639
8386,a0,156.1219,155.9919,2026-05-07 05:10:22.022574
8387,a1,59.85366,62.82404,2026-05-07 05:10:22.429926
8388,a2,222.2195,222.3183,2026-05-07 05:10:22.705723
8389,a3,168.4146,168.2738,2026-05-07 05:10:23.007086
8390,a6,1023.0,1022.992,2026-05-07 05:10:23.266970
8391,a0,156.1463,155.9996,2026-05-07 05:12:25.452084
8392,a1,59.7561,62.67064,2026-05-07 05:12:25.711849
8393,a2,222.2683,222.3158,2026-05-07 05:12:25.999538
8394,a3,168.2683,168.2736,2026-05-07 05:12:26.283636
8395,a6,1023.0,1022.993,2026-05-07 05:12:26.539839
8396,a0,156.1463,156.0777,2026-05-07 05:14:30.901433
8397,a1,58.19512,58.68369,2026-05-07 05:14:31.154352
8398,a2,221.8781,221.9337,2026-05-07 05:14:31.451600
8399,a3,168.3171,168.2719,2026-05-07 05:14:31.722904
8400,a6,1023.0,1022.996,2026-05-07 05:14:31.978194
8401,a0,155.9756,156.0726,2026-05-07 05:16:34.185680
8402,a1,57.92683,58.64585,2026-05-07 05:16:34.450614
8403,a2,221.7561,221.9248,2026-05-07 05:16:34.731241
8404,a3,168.2683,168.2717,2026-05-07 05:16:35.041565
8405,a6,1023.0,1022.996,2026-05-07 05:16:35.327725
8406,a0,156.0976,155.9762,2026-05-07 05:18:39.020193
8407,a1,57.60976,57.71251,2026-05-07 05:18:39.322365
8408,a2,222.0,221.7141,2026-05-07 05:18:39.636484
8409,a3,168.3415,168.2809,2026-05-07 05:18:39.899313
8410,a6,1023.0,1022.992,2026-05-07 05:18:40.197371
8411,a0,155.9024,155.9725,2026-05-07 05:20:42.486690
8412,a1,57.56097,57.70493,2026-05-07 05:20:42.788105
8413,a2,221.9024,221.7235,2026-05-07 05:20:43.044932
8414,a3,168.2439,168.2791,2026-05-07 05:20:43.285508
8415,a6,1023.0,1022.993,2026-05-07 05:20:43.528431
8416,a0,156.0244,155.9253,2026-05-07 05:22:47.540079
8417,a1,57.31707,57.5419,2026-05-07 05:22:47.836288
8418,a2,221.7317,221.6357,2026-05-07 05:22:48.147968
8419,a3,168.2439,168.291,2026-05-07 05:22:48.421889
8420,a6,1022.951,1022.996,2026-05-07 05:22:48.918473
8421,a0,155.7805,155.9181,2026-05-07 05:24:51.118135
8422,a1,57.26829,57.52822,2026-05-07 05:24:51.372556
8423,a2,221.3902,221.6235,2026-05-07 05:24:51.676045
8424,a3,168.0,168.2764,2026-05-07 05:24:51.935188
8425,a6,1022.951,1022.993,2026-05-07 05:24:52.239502
8426,a0,155.9756,155.867,2026-05-07 05:26:56.437444
8427,a1,57.5122,57.48813,2026-05-07 05:26:56.775919
8428,a2,221.0976,221.5192,2026-05-07 05:26:57.114363
8429,a3,168.2195,168.2712,2026-05-07 05:26:57.447129
8430,a6,1023.0,1022.986,2026-05-07 05:26:57.758284
8431,a0,155.7073,155.859,2026-05-07 05:28:59.903321
8432,a1,57.5122,57.48933,2026-05-07 05:29:00.200031
8433,a2,221.5122,221.5189,2026-05-07 05:29:00.499192
8434,a3,168.2195,168.2686,2026-05-07 05:29:00.812477
8435,a6,1023.0,1022.987,2026-05-07 05:29:01.117325
8436,a0,155.8537,155.8587,2026-05-07 05:31:03.254565
8437,a1,57.43903,57.48682,2026-05-07 05:31:03.582343
8438,a2,22.2747,0.0,2026-05-07 05:31:03.867271
8439,a6,1023.0,1022.992,2026-05-07 05:31:04.171245
8440,a0,155.8781,155.8662,2026-05-07 05:33:06.614714
8441,a1,57.68293,57.48396,2026-05-07 05:33:06.926683
8442,a2,221.3659,221.6249,2026-05-07 05:33:07.228687
8443,a3,168.2927,168.2975,2026-05-07 05:33:07.512100
8444,a6,1023.0,1022.996,2026-05-07 05:33:07.818833
8445,a0,155.8049,155.857,2026-05-07 05:35:10.314532
8446,a1,57.5122,57.52763,2026-05-07 05:35:10.658289
8447,a2,221.7317,221.6302,2026-05-07 05:35:10.942656
8448,a3,168.2927,168.2973,2026-05-07 05:35:11.226820
8449,a6,1023.0,1022.996,2026-05-07 05:35:11.519149
8450,a0,155.7805,155.8538,2026-05-07 05:37:13.692936
8451,a1,57.53659,57.61555,2026-05-07 05:37:13.966718
8452,a3,168.2195,168.2799,2026-05-07 05:37:14.229123
8453,a6,1022.976,1022.997,2026-05-07 05:37:14.496811
8454,a0,155.7561,155.841,2026-05-07 05:39:17.127374
8455,a1,57.90244,57.77812,2026-05-07 05:39:17.413179
8456,a2,221.0244,221.5747,2026-05-07 05:39:17.681589
8457,a3,168.1219,168.272,2026-05-07 05:39:17.963226
8458,a6,1023.0,1022.997,2026-05-07 05:39:18.229410
8459,a0,155.9024,155.852,2026-05-07 05:41:24.069249
8460,a1,58.04878,58.1044,2026-05-07 05:41:24.368622
8461,a2,221.9268,221.4722,2026-05-07 05:41:24.636476
8462,a3,168.1707,168.2891,2026-05-07 05:41:24.903000
8463,a6,1023.0,1022.99,2026-05-07 05:41:25.192888
8464,a0,155.8049,155.8496,2026-05-07 05:43:27.389850
8465,a1,58.19512,58.10893,2026-05-07 05:43:27.665087
8466,a2,221.6585,221.4816,2026-05-07 05:43:27.950471
8467,a3,168.1463,168.2819,2026-05-07 05:43:28.235248
8468,a6,1023.0,1022.991,2026-05-07 05:43:28.497278
8469,a0,155.7805,155.7887,2026-05-07 05:45:33.309773
8470,a1,58.41463,58.31939,2026-05-07 05:45:33.579670
8471,a2,221.439,221.3882,2026-05-07 05:45:33.875365
8472,a3,168.1707,168.1536,2026-05-07 05:45:34.191168
8473,a6,1023.0,1022.978,2026-05-07 05:45:34.462139
8474,a0,155.6829,155.7834,2026-05-07 05:47:36.615781
8475,a1,58.5122,58.32903,2026-05-07 05:47:36.888379
8476,a2,221.561,221.3969,2026-05-07 05:47:37.192932
8477,a3,168.0244,168.1471,2026-05-07 05:47:37.442186
8478,a6,1023.0,1022.98,2026-05-07 05:47:37.701414
8479,a0,155.8049,155.7845,2026-05-07 05:49:39.815457
8480,a1,58.5122,58.33819,2026-05-07 05:49:40.107013
8481,a2,221.9024,168.126,2026-05-07 05:49:40.354356
8482,a6,1022.976,1022.987,2026-05-07 05:49:40.596110
8483,a0,155.6829,155.5818,2026-05-07 05:51:43.603566
8484,a1,59.31707,59.02455,2026-05-07 05:51:43.893552
8485,a2,221.6829,221.4297,2026-05-07 05:51:44.158066
8486,a3,168.2195,168.1281,2026-05-07 05:51:44.460339
8487,a6,1023.0,1022.986,2026-05-07 05:51:44.722822
8488,a0,155.7317,155.5893,2026-05-07 05:53:46.842486
8489,a1,59.43903,59.04527,2026-05-07 05:53:47.140780
8490,a2,221.2439,221.4204,2026-05-07 05:53:47.403300
8491,a3,168.1951,168.1314,2026-05-07 05:53:47.667457
8492,a6,1023.0,1022.987,2026-05-07 05:53:47.951430
8493,a0,155.6829,155.6404,2026-05-07 05:55:50.122687
8494,a1,59.82927,59.36936,2026-05-07 05:55:50.437544
8495,a2,221.5854,221.3843,2026-05-07 05:55:50.710336
8496,a3,168.1463,168.1713,2026-05-07 05:55:50.993619
8497,a6,1023.0,1022.979,2026-05-07 05:55:51.317711
8498,a0,155.7561,155.695,2026-05-07 05:57:53.694951
8499,a1,59.87805,59.74723,2026-05-07 05:57:54.001833
8500,a2,221.7317,221.4193,2026-05-07 05:57:54.374481
8501,a3,168.1463,168.1701,2026-05-07 05:57:54.673834
8502,a6,1023.0,1022.98,2026-05-07 05:57:54.948853
8503,a0,155.7317,155.6968,2026-05-07 05:59:57.101852
8504,a1,60.02439,59.76109,2026-05-07 05:59:57.486170
8505,a6,1023.0,1022.983,2026-05-07 05:59:57.782611
8506,a0,155.5122,155.7498,2026-05-07 06:02:02.675967
8507,a1,61.21951,60.81068,2026-05-07 06:02:03.011817
8508,a2,221.439,221.4736,2026-05-07 06:02:03.301737
8509,a3,168.0488,168.1868,2026-05-07 06:02:03.581961
8510,a6,1023.0,1022.993,2026-05-07 06:02:03.901254
8511,a0,155.6341,155.744,2026-05-07 06:04:06.229336
8512,a1,61.04878,60.82259,2026-05-07 06:04:06.526652
8513,a2,221.7317,221.4865,2026-05-07 06:04:06.810201
8514,a3,168.2195,168.1884,2026-05-07 06:04:07.192399
8515,a6,1023.0,1022.993,2026-05-07 06:04:07.485315
8516,a0,155.8537,155.7495,2026-05-07 06:06:09.690139
8517,a1,61.14634,60.83877,2026-05-07 06:06:10.010819
8518,a2,202.0,168.2084,2026-05-07 06:06:10.292902
8519,a6,1023.0,1022.989,2026-05-07 06:06:10.598056
8520,a0,155.7317,155.7321,2026-05-07 06:08:13.743178
8521,a1,61.85366,61.63533,2026-05-07 06:08:14.004276
8522,a2,221.4634,221.3014,2026-05-07 06:08:14.327503
8523,a3,168.1707,168.2017,2026-05-07 06:08:14.655853
8524,a6,1023.0,1022.982,2026-05-07 06:08:14.950018
8525,a0,155.8293,155.7369,2026-05-07 06:10:17.316618
8526,a1,61.7561,61.64137,2026-05-07 06:10:17.594517
8527,a2,221.6829,221.3205,2026-05-07 06:10:17.881608
8528,a3,168.0,168.1916,2026-05-07 06:10:18.219429
8529,a6,1023.0,1022.983,2026-05-07 06:10:18.537287
8530,a0,155.6585,155.7549,2026-05-07 06:12:22.318190
8531,a1,62.56097,62.25763,2026-05-07 06:12:22.605781
8532,a2,221.7073,221.4646,2026-05-07 06:12:22.879416
8533,a3,168.0488,168.1897,2026-05-07 06:12:23.180683
8534,a6,1023.0,1022.988,2026-05-07 06:12:23.491058
8535,a0,155.5854,155.7464,2026-05-07 06:14:25.663667
8536,a1,62.41463,62.26548,2026-05-07 06:14:25.921107
8537,a2,221.6829,221.4755,2026-05-07 06:14:26.218947
8538,a3,168.1707,168.1888,2026-05-07 06:14:26.536000
8539,a6,1023.0,1022.989,2026-05-07 06:14:26.813114
8540,a0,155.6341,155.7075,2026-05-07 06:16:31.260567
8541,a1,63.04878,62.83522,2026-05-07 06:16:31.547119
8542,a2,221.7805,221.5098,2026-05-07 06:16:31.813635
8543,a3,168.2683,168.1674,2026-05-07 06:16:32.178328
8544,a6,1022.976,1022.985,2026-05-07 06:16:32.463595
8545,a0,155.7073,155.7075,2026-05-07 06:18:34.600554
8546,a1,62.92683,62.83981,2026-05-07 06:18:34.874213
8547,a2,221.7561,221.5221,2026-05-07 06:18:35.156193
8548,a3,168.1951,168.1688,2026-05-07 06:18:35.421736
8549,a6,1023.0,1022.986,2026-05-07 06:18:35.740692
8550,a0,155.7561,155.7099,2026-05-07 06:20:37.889911
8551,a1,62.87805,62.84172,2026-05-07 06:20:38.233403
8552,a2,168.1806,0.0,2026-05-07 06:20:38.503599
8553,a6,1023.0,1022.991,2026-05-07 06:20:39.014378
8554,a0,155.8537,155.7373,2026-05-07 06:22:41.218149
8555,a1,63.4878,63.18507,2026-05-07 06:22:41.522143
8556,a2,221.2927,221.5098,2026-05-07 06:22:42.020839
8557,a3,168.2195,168.1814,2026-05-07 06:22:42.470856
8558,a6,1023.0,1022.989,2026-05-07 06:22:42.804085
8559,a0,155.7317,155.7375,2026-05-07 06:24:47.936110
8560,a1,64.2439,64.05813,2026-05-07 06:24:48.220826
8561,a2,221.5122,221.5464,2026-05-07 06:24:48.514000
8562,a3,168.3415,168.1841,2026-05-07 06:24:48.941363
8563,a6,1023.0,1022.995,2026-05-07 06:24:49.213137
8564,a0,155.7805,155.7397,2026-05-07 06:26:51.640720
8565,a1,64.2683,64.06863,2026-05-07 06:26:51.933503
8566,a2,221.6098,221.5496,2026-05-07 06:26:52.191724
8567,a3,168.2683,168.1883,2026-05-07 06:26:52.505013
8568,a6,1023.0,1022.995,2026-05-07 06:26:52.778225
8569,a0,155.7561,155.7405,2026-05-07 06:28:54.960000
8570,a1,64.2439,64.07739,2026-05-07 06:28:55.277731
8571,a2,228.2683,168.1752,2026-05-07 06:28:55.596041
8572,a6,1023.0,1022.994,2026-05-07 06:28:55.905385
8573,a0,155.7317,155.7682,2026-05-07 06:30:58.547660
8574,a1,64.78049,64.48532,2026-05-07 06:30:58.935152
8575,a2,221.8049,221.6667,2026-05-07 06:30:59.257359
8576,a3,168.0488,168.1655,2026-05-07 06:30:59.572791
8577,a6,1023.0,1022.982,2026-05-07 06:30:59.885226
8578,a0,155.7073,155.7282,2026-05-07 06:33:05.532441
8579,a1,65.70731,65.54221,2026-05-07 06:33:05.855920
8580,a2,222.1951,221.8358,2026-05-07 06:33:06.190573
8581,a3,168.1951,168.161,2026-05-07 06:33:06.497588
8582,a6,1023.0,1022.985,2026-05-07 06:33:06.796430
8583,a0,155.6098,155.7223,2026-05-07 06:35:08.978949
8584,a1,65.7561,65.55291,2026-05-07 06:35:09.384143
8585,a2,221.9756,221.8428,2026-05-07 06:35:09.730652
8586,a3,168.2195,168.1639,2026-05-07 06:35:10.031711
8587,a6,1022.927,1022.982,2026-05-07 06:35:10.328786
8588,a0,155.6829,155.7489,2026-05-07 06:37:13.882039
8589,a1,66.58537,66.17802,2026-05-07 06:37:14.205290
8590,a2,222.2195,222.0846,2026-05-07 06:37:14.521958
8591,a3,168.2195,168.2178,2026-05-07 06:37:14.801202
8592,a6,1023.0,1022.997,2026-05-07 06:37:15.088130
8593,a0,155.7561,155.7493,2026-05-07 06:39:17.778492
8594,a1,66.39024,66.18864,2026-05-07 06:39:18.112965
8595,a2,222.4878,222.1048,2026-05-07 06:39:18.430016
8596,a3,168.3902,168.2265,2026-05-07 06:39:18.772124
8597,a6,1023.0,1022.997,2026-05-07 06:39:19.156147
8598,a0,155.7805,155.7249,2026-05-07 06:41:22.564771
8599,a1,67.2683,66.88908,2026-05-07 06:41:22.866537
8600,a2,222.1951,222.0898,2026-05-07 06:41:23.227888
8601,a3,168.2683,168.1848,2026-05-07 06:41:23.575782
8602,a6,1023.0,1022.985,2026-05-07 06:41:23.922137
8603,a0,155.6829,155.7228,2026-05-07 06:43:26.398266
8604,a1,67.2683,66.90804,2026-05-07 06:43:26.672882
8605,a2,222.1219,222.0914,2026-05-07 06:43:26.960783
8606,a3,168.1951,168.1853,2026-05-07 06:43:27.235842
8607,a6,1023.0,1022.986,2026-05-07 06:43:27.506348
8608,a0,155.8049,155.7269,2026-05-07 06:45:29.809739
8609,a1,67.2439,66.92483,2026-05-07 06:45:30.089781
8610,a6,1022.878,1022.982,2026-05-07 06:45:30.398105
8611,a0,155.8537,155.7811,2026-05-07 06:47:33.253314
8612,a1,67.92683,67.6443,2026-05-07 06:47:33.537353
8613,a2,222.4634,222.3932,2026-05-07 06:47:33.812335
8614,a3,168.2927,168.1857,2026-05-07 06:47:34.123973
8615,a6,1023.0,1022.99,2026-05-07 06:47:34.475239
8616,a0,155.9756,155.7908,2026-05-07 06:49:36.842591
8617,a1,68.04878,67.66452,2026-05-07 06:49:37.128907
8618,a2,222.4878,222.398,2026-05-07 06:49:37.391066
8619,a3,168.1463,168.1838,2026-05-07 06:49:37.653102
8620,a6,1023.0,1022.991,2026-05-07 06:49:37.918247
8621,a0,155.6829,155.7854,2026-05-07 06:51:40.424308
8622,a1,67.7561,67.6691,2026-05-07 06:51:40.723888
8623,a6,1023.0,1022.986,2026-05-07 06:51:41.013525
8624,a0,155.7805,155.7966,2026-05-07 06:53:43.172407
8625,a1,68.39024,68.25491,2026-05-07 06:53:43.459736
8626,a2,222.4634,222.513,2026-05-07 06:53:43.731833
8627,a3,168.2439,168.1927,2026-05-07 06:53:44.037067
8628,a6,1023.0,1022.988,2026-05-07 06:53:44.377484
8629,a0,155.8293,155.821,2026-05-07 06:55:46.539579
8630,a1,68.48781,68.40456,2026-05-07 06:55:46.806331
8631,a2,222.7317,222.524,2026-05-07 06:55:47.111084
8632,a3,168.1951,168.1928,2026-05-07 06:55:47.376100
8633,a6,1023.0,1022.989,2026-05-07 06:55:47.654188
8634,a0,155.8537,155.8226,2026-05-07 06:57:50.162572
8635,a1,68.7317,68.42092,2026-05-07 06:57:50.457416
8636,a2,222.2195,222.5381,2026-05-07 06:57:50.729265
8637,a3,168.1707,168.1752,2026-05-07 06:57:51.008267
8638,a6,1023.0,1022.977,2026-05-07 06:57:51.279099
8639,a0,155.6341,155.7887,2026-05-07 06:59:54.904416
8640,a1,69.41463,69.10027,2026-05-07 06:59:55.226130
8641,a2,222.3902,222.6844,2026-05-07 06:59:55.524799
8642,a3,168.1951,168.1965,2026-05-07 06:59:55.791750
8643,a6,1023.0,1022.975,2026-05-07 06:59:56.049152
8644,a0,155.8049,155.7895,2026-05-07 07:01:58.245126
8645,a1,69.29269,69.10989,2026-05-07 07:01:58.541899
8646,a2,222.561,222.6782,2026-05-07 07:01:59.016157
8647,a3,168.1707,168.1952,2026-05-07 07:01:59.338252
8648,a6,1023.0,1022.976,2026-05-07 07:01:59.633937
8649,a0,155.8293,155.7915,2026-05-07 07:04:02.083219
8650,a1,69.31707,69.12025,2026-05-07 07:04:02.360525
8651,a2,268.2087,0.0,2026-05-07 07:04:02.700553
8652,a6,1023.0,1022.99,2026-05-07 07:04:02.984338
8653,a0,155.9024,155.8428,2026-05-07 07:06:05.321670
8654,a1,69.41463,69.45049,2026-05-07 07:06:05.572570
8655,a2,223.1951,223.0399,2026-05-07 07:06:05.875246
8656,a3,168.1219,168.1594,2026-05-07 07:06:06.143623
8657,a6,1023.0,1022.989,2026-05-07 07:06:06.394145
8658,a0,155.9512,155.8691,2026-05-07 07:09:20.705399
8659,a1,69.70731,69.73757,2026-05-07 07:09:20.962580
8660,a2,223.1219,223.1172,2026-05-07 07:09:21.233286
8661,a3,168.1707,168.1978,2026-05-07 07:09:21.719249
8662,a6,1023.0,1022.997,2026-05-07 07:09:22.324436
8663,a0,155.9024,155.8708,2026-05-07 07:11:24.621880
8664,a1,69.80488,69.74094,2026-05-07 07:11:24.944029
8665,a2,223.1219,223.1175,2026-05-07 07:11:25.216583
8666,a3,168.0976,168.1928,2026-05-07 07:11:25.562486
8667,a6,1023.0,1022.997,2026-05-07 07:11:25.885504
8668,a0,155.9512,155.9241,2026-05-07 07:13:28.199385
8669,a1,69.43903,69.529,2026-05-07 07:13:28.486917
8670,a2,223.0,223.1212,2026-05-07 07:13:29.022348
8671,a3,168.0732,168.225,2026-05-07 07:13:29.338805
8672,a6,1023.0,1022.995,2026-05-07 07:13:29.680373
8673,a0,155.9512,155.9255,2026-05-07 07:15:31.842242
8674,a1,69.43903,69.52451,2026-05-07 07:15:32.128359
8675,a2,223.0488,223.1175,2026-05-07 07:15:32.420702
8676,a3,168.2683,168.2272,2026-05-07 07:15:32.683754
8677,a6,1023.0,1022.995,2026-05-07 07:15:32.950728
8678,a0,155.9512,155.9268,2026-05-07 07:17:35.201263
8679,a1,69.56097,69.52633,2026-05-07 07:17:35.474446
8680,a2,8.2105,0.0,2026-05-07 07:17:35.750446
8681,a6,1022.951,1022.989,2026-05-07 07:17:36.063068
8682,a0,155.9756,155.9563,2026-05-07 07:19:38.958816
8683,a1,68.36585,68.6874,2026-05-07 07:19:39.270354
8684,a2,222.8537,222.9499,2026-05-07 07:19:39.532683
8685,a3,168.2195,168.2375,2026-05-07 07:19:39.811120
8686,a6,1023.0,1022.993,2026-05-07 07:19:40.096113
8687,a0,155.9512,155.956,2026-05-07 07:21:42.566858
8688,a1,68.21951,68.664,2026-05-07 07:21:42.955684
8689,a2,223.1219,222.9585,2026-05-07 07:21:43.217996
8690,a3,168.2195,168.2366,2026-05-07 07:21:43.470748
8691,a6,1023.0,1022.994,2026-05-07 07:21:43.764294
8692,a0,155.9756,155.957,2026-05-07 07:23:45.917398
8693,a1,68.17073,68.63934,2026-05-07 07:23:46.220724
8695,a0,155.9268,155.9627,2026-05-07 07:25:49.433573
8696,a1,67.02439,67.23537,2026-05-07 07:25:49.695992
8697,a2,222.7561,222.9657,2026-05-07 07:25:49.987962
8698,a3,168.3415,168.2502,2026-05-07 07:25:50.283687
8699,a6,1023.0,1022.998,2026-05-07 07:25:50.545951
8700,a0,156.0,155.9646,2026-05-07 07:27:52.730888
8701,a1,67.12195,67.2297,2026-05-07 07:27:53.061176
8702,a2,223.3415,222.9845,2026-05-07 07:27:53.353147
8703,a3,168.3171,168.2536,2026-05-07 07:27:53.638803
8704,a6,1023.0,1022.998,2026-05-07 07:27:53.907588
8705,a0,156.0244,155.9983,2026-05-07 07:29:58.291953
8706,a1,66.07317,66.51116,2026-05-07 07:29:58.680378
8707,a2,223.2195,223.1624,2026-05-07 07:29:59.028852
8708,a3,168.3659,168.2605,2026-05-07 07:29:59.473935
8709,a6,1023.0,1022.996,2026-05-07 07:29:59.793671
8710,a0,155.9756,155.9972,2026-05-07 07:32:06.558390
8711,a1,65.92683,66.48195,2026-05-07 07:32:06.863407
8712,a2,223.5366,223.1811,2026-05-07 07:32:07.161524
8713,a3,168.2439,168.2597,2026-05-07 07:32:07.503040
8714,a6,1023.0,1022.996,2026-05-07 07:32:07.796118
8715,a0,155.9512,155.9955,2026-05-07 07:34:11.516231
8716,a1,65.68293,65.62225,2026-05-07 07:34:11.837584
8717,a2,223.0244,223.0198,2026-05-07 07:34:12.201616
8718,a3,168.1951,168.2367,2026-05-07 07:34:12.506886
8719,a6,1023.0,1022.981,2026-05-07 07:34:12.793478
8720,a0,155.8781,155.9897,2026-05-07 07:36:14.933683
8721,a1,65.53658,65.61797,2026-05-07 07:36:15.220353
8722,a2,223.0732,223.0225,2026-05-07 07:36:15.521745
8723,a3,168.3902,168.2444,2026-05-07 07:36:15.866844
8724,a6,1023.0,1022.982,2026-05-07 07:36:16.164785
8725,a0,155.8049,155.9346,2026-05-07 07:38:18.297861
8726,a1,65.78049,65.7805,2026-05-07 07:38:18.585616
8727,a2,222.4878,222.9749,2026-05-07 07:38:19.041451
8728,a3,168.1951,168.1754,2026-05-07 07:38:19.333014
8729,a6,1023.0,1022.95,2026-05-07 07:38:19.646975
8730,a0,156.0,155.9147,2026-05-07 07:40:22.276487
8731,a1,65.90244,65.75886,2026-05-07 07:40:22.604716
8732,a2,222.6585,222.959,2026-05-07 07:40:22.881463
8733,a3,168.1951,168.1764,2026-05-07 07:40:23.183888
8734,a6,1022.951,1022.95,2026-05-07 07:40:23.475997
8735,a0,155.9756,155.9178,2026-05-07 07:42:25.812488
8736,a1,65.80488,65.76115,2026-05-07 07:42:26.190091
8737,a6,1023.0,1022.966,2026-05-07 07:42:26.529480
8738,a0,155.8049,155.8736,2026-05-07 07:44:30.577621
8739,a1,67.04878,66.62681,2026-05-07 07:44:30.871348
8740,a2,222.8537,223.0127,2026-05-07 07:44:31.140474
8741,a3,168.2927,168.2038,2026-05-07 07:44:31.456165
8742,a6,1023.0,1022.969,2026-05-07 07:44:31.718691
8743,a0,156.0,155.8799,2026-05-07 07:46:34.182067
8744,a1,67.02439,66.64669,2026-05-07 07:46:34.491119
8745,a2,223.0488,223.0145,2026-05-07 07:46:34.764961
8746,a3,168.2683,168.2071,2026-05-07 07:46:35.080577
8747,a6,1023.0,1022.971,2026-05-07 07:46:35.425522
8748,a0,155.8781,155.8798,2026-05-07 07:48:37.823998
8749,a1,66.95122,66.66191,2026-05-07 07:48:38.138464
8750,a2,223.1102,0.0,2026-05-07 07:48:38.424436
8751,a3,168.1707,168.2262,2026-05-07 07:48:38.921855
8752,a6,1022.951,1022.962,2026-05-07 07:48:39.325552
8753,a0,155.8537,155.883,2026-05-07 07:50:42.358970
8754,a1,67.7317,67.26443,2026-05-07 07:50:42.649053
8755,a2,223.1707,222.9754,2026-05-07 07:50:42.907627
8756,a3,167.9512,168.2139,2026-05-07 07:50:43.160411
8757,a6,1022.902,1022.954,2026-05-07 07:50:43.418548
8758,a0,155.7073,155.8408,2026-05-07 07:52:48.309200
8759,a1,68.95122,68.6326,2026-05-07 07:52:48.609114
8760,a2,223.0244,223.0106,2026-05-07 07:52:49.028052
8761,a3,168.1707,168.1941,2026-05-07 07:52:49.332944
8762,a6,1023.0,1022.951,2026-05-07 07:52:49.591501
8763,a0,155.8293,155.8402,2026-05-07 07:54:51.922746
8764,a1,68.92683,68.64731,2026-05-07 07:54:52.204798
8765,a2,223.4634,223.0332,2026-05-07 07:54:52.488584
8766,a3,168.2195,168.1954,2026-05-07 07:54:52.787672
8767,a6,1023.0,1022.954,2026-05-07 07:54:53.042085
8768,a0,155.7317,155.8348,2026-05-07 07:56:55.303445
8769,a1,68.85366,68.65762,2026-05-07 07:56:55.631674
8770,a2,3.0,168.1932,2026-05-07 07:56:55.901239
8771,a6,1023.0,1022.964,2026-05-07 07:56:56.172128
8772,a0,155.7317,155.8466,2026-05-07 07:59:03.280485
8773,a1,70.02439,69.78198,2026-05-07 07:59:03.560029
8774,a2,223.2927,223.2371,2026-05-07 07:59:03.850994
8775,a3,168.0732,168.1843,2026-05-07 07:59:04.111220
8776,a6,1022.927,1022.956,2026-05-07 07:59:04.445056
8777,a0,155.7317,155.8409,2026-05-07 08:01:06.641058
8778,a1,69.95122,69.79044,2026-05-07 08:01:06.951967
8779,a2,223.5122,223.2509,2026-05-07 08:01:07.205644
8780,a3,168.1463,168.1824,2026-05-07 08:01:07.517308
8781,a6,1022.927,1022.954,2026-05-07 08:01:07.786953
8782,a0,155.6585,155.817,2026-05-07 08:03:12.008346
8783,a1,70.70731,70.48723,2026-05-07 08:03:12.356650
8784,a2,223.2195,223.1893,2026-05-07 08:03:12.657030
8785,a3,168.1219,168.2047,2026-05-07 08:03:12.902099
8786,a6,1022.878,1022.951,2026-05-07 08:03:13.156021
8787,a0,155.8049,155.8164,2026-05-07 08:05:15.653735
8788,a1,70.68293,70.49702,2026-05-07 08:05:15.972446
8789,a2,223.0,223.1798,2026-05-07 08:05:16.285770
8790,a3,168.1463,168.2018,2026-05-07 08:05:16.587224
8791,a6,1023.0,1022.954,2026-05-07 08:05:16.892563
8792,a0,155.8049,155.8261,2026-05-07 08:07:20.735210
8793,a1,71.56097,71.23439,2026-05-07 08:07:21.074507
8794,a2,223.2683,223.2522,2026-05-07 08:07:21.362145
8795,a3,168.0488,168.16,2026-05-07 08:07:21.705634
8796,a6,1023.0,1022.952,2026-05-07 08:07:22.226632
8797,a0,155.8537,155.8275,2026-05-07 08:09:24.582485
8798,a1,71.7317,71.25925,2026-05-07 08:09:24.968451
8799,a2,223.4878,223.2639,2026-05-07 08:09:25.291595
8800,a3,168.1951,168.1618,2026-05-07 08:09:25.593540
8801,a6,1023.0,1022.954,2026-05-07 08:09:25.881117
8802,a0,155.8049,155.8264,2026-05-07 08:11:28.292038
8803,a1,71.56097,71.27434,2026-05-07 08:11:28.623080
8804,a2,2.0,168.1839,2026-05-07 08:11:29.026214
8805,a6,1022.878,1022.94,2026-05-07 08:11:29.320893
8806,a0,155.8049,155.816,2026-05-07 08:13:31.441321
8807,a1,71.92683,71.70065,2026-05-07 08:13:31.761901
8808,a2,223.1707,223.2534,2026-05-07 08:13:32.070065
8809,a3,168.0244,168.1606,2026-05-07 08:13:32.398174
8810,a6,1023.0,1022.955,2026-05-07 08:13:32.691956
8811,a0,155.8293,155.8111,2026-05-07 08:15:35.673006
8812,a1,728.1853,0.0,2026-05-07 08:15:36.048091
8813,a6,1022.951,1022.96,2026-05-07 08:15:36.405798
8814,a0,155.8781,155.8324,2026-05-07 08:17:38.876586
8815,a1,72.92683,72.62644,2026-05-07 08:17:39.235600
8816,a2,223.6585,223.4995,2026-05-07 08:17:39.506793
8817,a3,168.1707,168.1846,2026-05-07 08:17:39.801372
8818,a6,1023.0,1022.965,2026-05-07 08:17:40.097578
8819,a0,155.7317,155.8109,2026-05-07 08:19:42.571958
8820,a1,73.34146,73.07085,2026-05-07 08:19:42.851491
8821,a2,223.8049,223.7072,2026-05-07 08:19:43.163204
8822,a3,168.1463,168.2022,2026-05-07 08:19:43.466907
8823,a6,1023.0,1022.978,2026-05-07 08:19:43.724704
8824,a0,155.8049,155.8497,2026-05-07 08:22:52.700322
8825,a1,73.90244,73.77182,2026-05-07 08:22:52.981475
8826,a2,223.6341,223.6993,2026-05-07 08:22:53.244421
8827,a3,167.9024,167.9983,2026-05-07 08:22:53.557907
8828,a6,1023.0,1022.964,2026-05-07 08:22:53.856185
8829,a0,155.6829,155.8414,2026-05-07 08:24:56.020027
8830,a1,73.90244,73.77835,2026-05-07 08:24:56.323584
8831,a2,223.3171,223.6801,2026-05-07 08:24:56.665681
8832,a3,168.439,168.0203,2026-05-07 08:24:57.063433
8833,a6,1023.0,1022.966,2026-05-07 08:24:57.398851
8834,a0,155.9024,155.8374,2026-05-07 08:27:01.122076
8835,a1,73.85366,73.78259,2026-05-07 08:27:01.428774
8836,a2,223.561,223.763,2026-05-07 08:27:01.747180
8837,a3,168.1951,168.0725,2026-05-07 08:27:02.053539
8838,a6,1023.0,1022.956,2026-05-07 08:27:02.362006
8839,a0,155.8781,155.8395,2026-05-07 08:29:04.739716
8840,a1,74.07317,73.79711,2026-05-07 08:29:05.044797
8841,a2,223.7317,223.7614,2026-05-07 08:29:05.354927
8842,a3,168.1219,168.075,2026-05-07 08:29:05.673365
8843,a6,1022.976,1022.957,2026-05-07 08:29:05.970960
8844,a0,155.7317,155.8454,2026-05-07 08:31:09.453180
8845,a1,73.46342,73.47214,2026-05-07 08:31:09.916207
8846,a2,224.0244,223.8185,2026-05-07 08:31:10.243609
8847,a3,168.1219,168.096,2026-05-07 08:31:10.566424
8848,a6,1022.951,1022.939,2026-05-07 08:31:10.860458
8849,a0,155.8293,155.8446,2026-05-07 08:33:13.085686
8850,a1,73.36585,73.46682,2026-05-07 08:33:13.404420
8851,a2,223.9512,223.8251,2026-05-07 08:33:13.696203
8852,a3,168.0732,168.0948,2026-05-07 08:33:13.983932
8853,a6,1022.902,1022.937,2026-05-07 08:33:14.321420
8854,a0,155.8293,155.8441,2026-05-07 08:35:18.291353
8855,a1,73.68293,73.57755,2026-05-07 08:35:18.645028
8856,a2,223.9756,223.832,2026-05-07 08:35:19.039004
8857,a3,168.0488,168.069,2026-05-07 08:35:19.348622
8858,a6,1022.902,1022.955,2026-05-07 08:35:19.643352
8859,a0,155.9024,155.847,2026-05-07 08:37:22.118764
8860,a1,73.68293,73.58282,2026-05-07 08:37:22.466566
8861,a2,224.0976,223.8452,2026-05-07 08:37:22.753338
8862,a3,168.0488,168.068,2026-05-07 08:37:23.049153
8863,a6,1022.951,1022.955,2026-05-07 08:37:23.321619
8864,a0,155.8537,155.8188,2026-05-07 08:39:26.824151
8865,a1,73.58537,73.62192,2026-05-07 08:39:27.086480
8866,a2,224.1707,223.9329,2026-05-07 08:39:27.373180
8867,a3,168.0,168.05,2026-05-07 08:39:27.641382
8868,a6,1023.0,1022.948,2026-05-07 08:39:27.928329
8869,a0,155.8537,155.8205,2026-05-07 08:41:30.289043
8870,a1,73.82927,73.63228,2026-05-07 08:41:30.541599
8871,a2,224.3659,223.9545,2026-05-07 08:41:30.794909
8872,a3,168.1707,168.0561,2026-05-07 08:41:31.101882
8873,a6,1023.0,1022.951,2026-05-07 08:41:31.357653
8874,a0,155.8537,155.8656,2026-05-07 08:43:35.524393
8875,a1,73.95122,73.68446,2026-05-07 08:43:35.885863
8876,a2,224.0488,224.0426,2026-05-07 08:43:36.155147
8877,a3,168.0976,168.0689,2026-05-07 08:43:36.417866
8878,a6,1022.976,1022.948,2026-05-07 08:43:36.692209
8879,a0,155.7317,155.8589,2026-05-07 08:45:39.054778
8880,a1,73.85366,73.69292,2026-05-07 08:45:39.352574
8881,a2,224.3415,224.0575,2026-05-07 08:45:39.693411
8882,a3,168.1951,168.0753,2026-05-07 08:45:40.022175
8883,a6,1023.0,1022.951,2026-05-07 08:45:40.277127
8884,a0,155.8537,155.8587,2026-05-07 08:47:42.513889
8885,a1,74.07317,73.71193,2026-05-07 08:47:42.774157
8886,a2,68.0,168.0915,2026-05-07 08:47:43.067796
8887,a6,1022.927,1022.963,2026-05-07 08:47:43.316664
8888,a0,155.8049,155.8704,2026-05-07 08:49:45.776452
8889,a1,74.0,73.96166,2026-05-07 08:49:46.038170
8890,a2,224.2195,224.0394,2026-05-07 08:49:46.325888
8891,a3,167.9756,168.0996,2026-05-07 08:49:46.592236
8892,a6,1022.927,1022.95,2026-05-07 08:49:46.880709
8893,a0,155.9268,155.9079,2026-05-07 08:51:53.194580
8894,a1,72.65854,73.48583,2026-05-07 08:51:53.465284
8895,a2,223.9512,224.0245,2026-05-07 08:51:53.752675
8896,a3,168.1707,168.115,2026-05-07 08:51:54.060948
8897,a6,1023.0,1022.974,2026-05-07 08:51:54.344552
8898,a0,155.8781,155.9064,2026-05-07 08:53:56.850129
8899,a1,72.63415,73.44324,2026-05-07 08:53:57.131288
8900,a2,224.5122,224.0489,2026-05-07 08:53:57.426391
8901,a3,168.1219,168.1153,2026-05-07 08:53:57.723087
8902,a6,1022.878,1022.969,2026-05-07 08:53:57.967528
8903,a0,156.2195,156.0558,2026-05-07 08:56:05.233186
8904,a1,61.70732,66.06359,2026-05-07 08:56:05.538615
8905,a2,224.6341,224.4184,2026-05-07 08:56:05.904428
8906,a3,168.0488,168.0628,2026-05-07 08:56:06.148367
8907,a6,1023.0,1022.952,2026-05-07 08:56:06.507774
8908,a0,156.0732,156.0567,2026-05-07 08:58:08.944695
8909,a1,61.58537,65.83968,2026-05-07 08:58:09.293311
8910,a2,224.7317,224.4341,2026-05-07 08:58:09.559265
8911,a3,167.9512,168.0572,2026-05-07 08:58:09.859380
8912,a6,1023.0,1022.954,2026-05-07 08:58:10.114864
8913,a0,156.0732,156.0575,2026-05-07 09:00:12.572792
8914,a1,61.31707,65.61355,2026-05-07 09:00:12.840690
8915,a2,224.5854,224.4056,2026-05-07 09:00:13.134136
8916,a3,168.0732,168.0763,2026-05-07 09:00:13.476919
8917,a6,1022.854,1022.926,2026-05-07 09:00:13.787149
8918,a0,156.2683,156.2655,2026-05-07 09:02:16.284712
8919,a1,53.70732,56.19121,2026-05-07 09:02:16.566251
8920,a2,223.8049,224.0484,2026-05-07 09:02:16.838990
8921,a3,167.9756,168.0673,2026-05-07 09:02:17.095011
8922,a6,1023.0,1022.951,2026-05-07 09:02:17.390372
8923,a0,156.0976,156.222,2026-05-07 09:04:19.723016
8924,a1,51.90244,53.3888,2026-05-07 09:04:20.065053
8925,a2,223.6341,224.0277,2026-05-07 09:04:20.371409
8926,a3,168.2195,168.0749,2026-05-07 09:04:20.785497
8927,a6,1023.0,1022.953,2026-05-07 09:04:21.074095
8928,a0,156.1219,156.102,2026-05-07 09:06:26.620743
8929,a1,52.14634,51.94691,2026-05-07 09:06:26.982056
8930,a2,223.6585,223.6739,2026-05-07 09:06:27.272591
8931,a3,168.0,168.0897,2026-05-07 09:06:27.565996
8932,a6,1022.976,1022.963,2026-05-07 09:06:27.849794
8933,a0,156.0,156.0969,2026-05-07 09:08:30.022692
8934,a1,52.04878,51.95201,2026-05-07 09:08:30.398082
8935,a2,223.5366,223.667,2026-05-07 09:08:30.732722
8936,a3,168.0976,168.0901,2026-05-07 09:08:31.035713
8937,a6,1023.0,1022.964,2026-05-07 09:08:31.361994
8938,a0,156.0488,156.0127,2026-05-07 09:10:34.703321
8939,a1,57.65854,55.6104,2026-05-07 09:10:35.016483
8940,a2,223.3659,223.3742,2026-05-07 09:10:35.383084
8941,a3,168.2195,168.1164,2026-05-07 09:10:35.692302
8942,a6,1023.0,1022.982,2026-05-07 09:10:35.970017
8943,a0,155.8293,156.0035,2026-05-07 09:12:42.602327
8944,a1,57.43903,55.70183,2026-05-07 09:12:42.921976
8945,a2,223.2195,223.3665,2026-05-07 09:12:43.210630
8946,a3,168.2439,168.1228,2026-05-07 09:12:43.498185
8947,a6,1023.0,1022.983,2026-05-07 09:12:43.775995
8948,a0,155.7805,155.9924,2026-05-07 09:14:46.242388
8949,a1,57.70732,55.8021,2026-05-07 09:14:46.544528
8950,a2,24.0,168.1048,2026-05-07 09:14:46.835108
8951,a6,1022.829,1022.961,2026-05-07 09:14:47.099037
8952,a0,155.7805,155.8798,2026-05-07 09:16:49.331352
8953,a1,60.36585,58.40608,2026-05-07 09:16:49.642568
8954,a2,262.6097,241.6734,2026-05-07 09:16:49.904541
8955,a3,168.1219,168.0718,2026-05-07 09:16:50.173062
8956,a6,1023.0,1022.969,2026-05-07 09:16:50.477704
8957,a0,155.561,155.725,2026-05-07 09:18:52.605802
8958,a1,66.65854,64.64494,2026-05-07 09:18:52.894663
8959,a2,203.4634,224.9651,2026-05-07 09:18:53.152648
8960,a3,168.1463,168.0821,2026-05-07 09:18:53.408089
8961,a6,1022.927,1022.955,2026-05-07 09:18:53.678468
8962,a0,155.4878,155.5899,2026-05-07 09:20:55.810017
8963,a1,65.51219,66.18683,2026-05-07 09:20:56.123591
8964,a2,205.9512,225.0893,2026-05-07 09:20:56.399887
8965,a3,167.9756,168.0607,2026-05-07 09:20:56.703968
8966,a6,1022.951,1022.951,2026-05-07 09:20:56.990755
8967,a0,155.2195,17.0,2026-05-07 09:22:59.379505
8968,a0,156.2439,155.8673,2026-05-07 09:25:01.545032
8969,a1,71.68293,68.80003,2026-05-07 09:25:01.897890
8970,a2,285.2683,254.9781,2026-05-07 09:25:02.230736
8971,a3,167.9024,168.0578,2026-05-07 09:25:02.515881
8972,a6,1022.951,1022.918,2026-05-07 09:25:02.786988
8973,a0,156.2195,156.3252,2026-05-07 09:27:08.948046
8974,a1,75.85366,75.17699,2026-05-07 09:27:09.270159
8975,a2,280.6829,280.9699,2026-05-07 09:27:09.567495
8976,a3,167.9024,168.0488,2026-05-07 09:27:09.820072
8977,a6,1022.976,1022.94,2026-05-07 09:27:10.081984
8978,a0,156.1707,156.3175,2026-05-07 09:29:12.726459
8979,a1,75.70731,75.2035,2026-05-07 09:29:13.028607
8980,a2,280.7317,280.958,2026-05-07 09:29:13.293293
8981,a3,167.9756,168.0451,2026-05-07 09:29:13.569253
8982,a6,1023.0,1022.943,2026-05-07 09:29:13.874682
8983,a0,156.2439,156.3138,2026-05-07 09:31:16.035589
8984,a1,75.80488,75.23357,2026-05-07 09:31:16.334412
8985,a2,28.0,0.0,2026-05-07 09:31:16.678053
8986,a3,167.9512,168.0439,2026-05-07 09:31:16.938993
8987,a6,1023.0,1022.94,2026-05-07 09:31:17.203911
8988,a0,156.0,155.9565,2026-05-07 09:34:23.105325
8989,a1,78.19512,77.71919,2026-05-07 09:34:23.461855
8990,a2,279.8781,280.2676,2026-05-07 09:34:23.772134
8991,a3,167.9268,168.0497,2026-05-07 09:34:24.065807
8992,a6,1023.0,1022.928,2026-05-07 09:34:24.359517
8993,a0,155.9024,155.9538,2026-05-07 09:36:26.837470
8994,a1,78.19512,77.74299,2026-05-07 09:36:27.103984
8995,a2,280.2683,280.2677,2026-05-07 09:36:27.413356
8996,a3,168.2927,168.0619,2026-05-07 09:36:27.671347
8997,a6,1022.805,1022.922,2026-05-07 09:36:27.967702
8998,a0,155.9024,155.8963,2026-05-07 09:38:30.141685
8999,a1,78.43903,78.28803,2026-05-07 09:38:30.435992
9000,a2,279.9756,280.2072293,2026-05-07 09:38:30.761949
9001,a3,167.9268,168.0384,2026-05-07 09:38:31.026773
9002,a6,1022.878,1022.909,2026-05-07 09:38:31.296142
9003,a0,155.7561,155.8758,2026-05-07 09:40:33.695860
9004,a1,79.36585,78.94249,2026-05-07 09:40:33.994936
9005,a2,280.3171,280.2336,2026-05-07 09:40:34.261782
9006,a3,167.9268,168.0328,2026-05-07 09:40:34.550185
9007,a6,1022.781,1022.902,2026-05-07 09:40:34.846050
9008,a0,155.7805,155.8297,2026-05-07 09:42:36.991942
9009,a1,79.70731,79.40815,2026-05-07 09:42:37.302126
9010,a2,280.2195,280.1953,2026-05-07 09:42:37.582483
9011,a3,167.8293,168.0423,2026-05-07 09:42:37.850994
9012,a6,1023.0,1022.929,2026-05-07 09:42:38.158466
9013,a0,155.7561,155.8639,2026-05-07 09:44:40.624099
9014,a1,79.97561,79.69939,2026-05-07 09:44:40.885340
9015,a2,280.1219,280.1917,2026-05-07 09:44:41.191127
9016,a3,167.9512,168.0378,2026-05-07 09:44:41.457360
9017,a6,1023.0,1022.932,2026-05-07 09:44:41.915708
9018,a0,155.6341,155.7988,2026-05-07 09:46:45.025574
9019,a1,80.53658,80.41599,2026-05-07 09:46:45.356265
9020,a2,280.1951,280.1891,2026-05-07 09:46:45.666286
9021,a3,168.0244,168.0541,2026-05-07 09:46:45.984904
9022,a6,1023.0,1022.95,2026-05-07 09:46:46.253449
9023,a0,155.9512,155.8065,2026-05-07 09:48:48.438997
9024,a1,80.63415,80.4269,2026-05-07 09:48:48.813923
9025,a2,280.1707,280.1882,2026-05-07 09:48:49.142478
9026,a3,168.0732,168.0551,2026-05-07 09:48:49.394049
9027,a6,1023.0,1022.953,2026-05-07 09:48:49.683077
9028,a0,155.9268,155.8,2026-05-07 09:50:53.571201
9029,a1,81.29269,81.1479,2026-05-07 09:50:53.866885
9030,a2,280.439,280.1545,2026-05-07 09:50:54.132313
9031,a3,168.0488,168.0544,2026-05-07 09:50:54.437260
9032,a6,1023.0,1022.939,2026-05-07 09:50:54.716532
9033,a0,155.9024,155.8051,2026-05-07 09:52:57.192505
9034,a1,81.46342,81.16367,2026-05-07 09:52:57.477364
9035,a2,280.3171,280.1627,2026-05-07 09:52:57.770016
9036,a3,168.0244,168.0529,2026-05-07 09:52:58.022131
9037,a6,1022.976,1022.941,2026-05-07 09:52:58.299008
9038,a0,155.7561,155.772,2026-05-07 09:55:02.421869
9039,a1,82.29269,81.83002,2026-05-07 09:55:02.742412
9040,a2,279.9756,280.1851,2026-05-07 09:55:03.029598
9041,a3,168.0488,168.0471,2026-05-07 09:55:03.332731
9042,a6,1023.0,1022.953,2026-05-07 09:55:03.648209
9043,a0,155.8781,155.7773,2026-05-07 09:57:06.073222
9044,a1,82.12195,81.84462,2026-05-07 09:57:06.364606
9045,a2,279.9024,280.1709,2026-05-07 09:57:06.628465
9046,a3,168.1219,168.0509,2026-05-07 09:57:06.917792
9047,a6,1023.0,1022.956,2026-05-07 09:57:07.178257
9048,a0,155.8049,155.7787,2026-05-07 09:59:09.645201
9049,a1,82.12195,81.85848,2026-05-07 09:59:09.974252
9050,a3,168.1219,168.0554,2026-05-07 09:59:10.261633
9051,a6,1023.0,1022.958,2026-05-07 09:59:10.718354
9052,a0,155.8537,155.7757,2026-05-07 10:01:12.963988
9053,a1,82.42,168.0647,2026-05-07 10:01:13.308705
9054,a6,1022.951,1022.951,2026-05-07 10:01:13.652434
9055,a0,155.8293,155.8044,2026-05-07 10:03:16.179100
9056,a1,82.65854,82.61588,2026-05-07 10:03:16.471938
9057,a2,280.3415,280.182,2026-05-07 10:03:16.758582
9058,a3,168.0,168.0614,2026-05-07 10:03:17.057765
9059,a6,1022.854,1022.946,2026-05-07 10:03:17.410683
9060,a0,155.7317,155.8008,2026-05-07 10:05:19.571902
9061,a1,82.46342,82.60825,2026-05-07 10:05:19.905564
9062,a6,1022.805,1022.947,2026-05-07 10:05:20.199750
9063,a0,155.9512,155.8059,2026-05-07 10:07:24.178922
9064,a1,83.36585,83.28312,2026-05-07 10:07:24.578920
9065,a2,280.439,280.3807,2026-05-07 10:07:24.851366
9066,a3,168.0732,168.0428,2026-05-07 10:07:25.111622
9067,a6,1022.976,1022.945,2026-05-07 10:07:25.401520
9068,a0,155.8781,155.8095,2026-05-07 10:10:02.922345
9069,a1,83.34146,83.28604,2026-05-07 10:10:03.255281
9070,a2,280.561,280.3897,2026-05-07 10:10:03.548028
9071,a3,168.1707,168.0492,2026-05-07 10:10:03.894377
9072,a6,1023.0,1022.948,2026-05-07 10:10:04.207683
9073,a0,155.9024,155.8141,2026-05-07 10:12:06.400442
9074,a1,83.39024,83.29124,2026-05-07 10:12:06.683944
9075,a2,20.4428,0.0,2026-05-07 10:12:07.002863
9076,a3,167.9024,168.0486,2026-05-07 10:12:07.322929
9077,a6,1022.927,1022.952,2026-05-07 10:12:07.622232
9078,a0,155.7317,155.783,2026-05-07 10:14:10.717314
9079,a1,84.09756,83.82656,2026-05-07 10:14:11.062576
9080,a2,280.4634,280.5325,2026-05-07 10:14:11.350085
9081,a3,168.0,168.0508,2026-05-07 10:14:11.794876
9082,a6,1022.951,1022.925,2026-05-07 10:14:12.106531
9083,a0,155.7073,155.7792,2026-05-07 10:16:14.207544
9084,a1,84.29269,83.84987,2026-05-07 10:16:14.478243
9085,a2,280.561,280.5339,2026-05-07 10:16:14.777244
9086,a3,168.0488,168.0507,2026-05-07 10:16:15.091124
9087,a6,1022.781,1022.918,2026-05-07 10:16:15.369493
9088,a0,155.8049,155.8248,2026-05-07 10:18:19.237248
9089,a1,84.56097,84.34356,2026-05-07 10:18:19.538642
9090,a2,280.6097,280.7509,2026-05-07 10:18:19.843777
9091,a3,167.9512,168.0835,2026-05-07 10:18:20.159896
9092,a6,1023.0,1022.955,2026-05-07 10:18:20.448992
9093,a0,155.8293,155.825,2026-05-07 10:20:23.112709
9094,a1,84.48781,84.35077,2026-05-07 10:20:23.356644
9095,a2,280.6097,280.7439,2026-05-07 10:20:23.599982
9096,a3,168.0,168.0793,2026-05-07 10:20:23.889539
9097,a6,1022.951,1022.955,2026-05-07 10:20:24.176695
9098,a0,155.8293,155.8252,2026-05-07 10:22:26.385571
9099,a1,84.60976,84.36372,2026-05-07 10:22:26.683707
9100,a2,280.8593,0.0,2026-05-07 10:22:26.971636
9101,a3,168.1463,168.0603,2026-05-07 10:22:27.249600
9102,a6,1023.0,1022.956,2026-05-07 10:22:27.509120
9103,a0,155.8537,155.8211,2026-05-07 10:24:29.724780
9104,a1,85.12195,85.29576,2026-05-07 10:24:30.003891
9105,a2,281.0488,281.0518,2026-05-07 10:24:30.310819
9106,a3,168.0732,168.0805,2026-05-07 10:24:30.640120
9107,a6,1022.878,1022.966,2026-05-07 10:24:30.940648
9108,a0,155.7317,155.8436,2026-05-07 10:26:33.608529
9109,a1,85.48781,85.30537,2026-05-07 10:26:33.898774
9110,a2,281.4878,281.0737,2026-05-07 10:26:34.164934
9111,a3,168.1463,168.0838,2026-05-07 10:26:34.466582
9112,a6,1022.829,1022.959,2026-05-07 10:26:34.720019
9113,a0,156.0,155.8598,2026-05-07 10:28:39.112381
9114,a1,85.65854,85.64758,2026-05-07 10:28:39.370917
9115,a2,281.2927,281.2496,2026-05-07 10:28:39.672000
9116,a3,168.0976,168.0758,2026-05-07 10:28:39.964633
9117,a6,1023.0,1022.966,2026-05-07 10:28:40.229452
9118,a0,155.9756,155.8656,2026-05-07 10:30:42.341967
9119,a1,85.82927,85.65666,2026-05-07 10:30:42.613391
9120,a2,281.439,281.2591,2026-05-07 10:30:42.875633
9121,a3,168.0732,168.0756,2026-05-07 10:30:43.168524
9122,a6,1023.0,1022.968,2026-05-07 10:30:43.453271
9123,a0,155.8293,155.8638,2026-05-07 10:32:45.823530
9124,a1,85.7561,85.66163,2026-05-07 10:32:46.074080
9125,a6,1022.854,1022.971,2026-05-07 10:32:46.346746
9126,a0,155.9756,155.909,2026-05-07 10:34:49.419766
9127,a1,86.17073,86.11974,2026-05-07 10:34:49.675478
9128,a2,281.7805,281.6987,2026-05-07 10:34:49.927094
9129,a3,168.0976,168.1087,2026-05-07 10:34:50.236228
9130,a6,1023.0,1022.959,2026-05-07 10:34:50.530911
9131,a0,156.0,155.9136,2026-05-07 10:36:52.894798
9132,a1,86.19512,86.1235,2026-05-07 10:36:53.157563
9133,a2,281.561,281.6918,2026-05-07 10:36:53.420423
9134,a3,168.0488,168.1057,2026-05-07 10:36:53.710813
9135,a6,1022.902,1022.956,2026-05-07 10:36:53.991610
9136,a0,155.9512,155.9076,2026-05-07 10:38:58.912105
9137,a1,86.48781,86.39595,2026-05-07 10:38:59.237562
9138,a2,282.0488,281.8445,2026-05-07 10:38:59.523569
9139,a3,168.2439,168.1,2026-05-07 10:38:59.774925
9140,a6,1022.927,1022.959,2026-05-07 10:39:00.029062
9141,a0,155.8781,155.9061,2026-05-07 10:41:02.587590
9142,a1,86.34146,86.39322,2026-05-07 10:41:02.869796
9143,a2,281.8781,281.8462,2026-05-07 10:41:03.147087
9144,a3,168.1219,168.1011,2026-05-07 10:41:03.456942
9145,a6,1022.902,1022.956,2026-05-07 10:41:03.712511
9146,a0,155.9512,155.9034,2026-05-07 10:43:05.894939
9147,a1,87.02439,86.61639,2026-05-07 10:43:06.206127
9148,a2,281.7073,281.9151,2026-05-07 10:43:06.496976
9149,a3,168.0976,1.0,2026-05-07 10:43:06.784353
9150,a6,1022.902,1022.95,2026-05-07 10:43:07.111659
9151,a0,156.0976,155.9216,2026-05-07 10:45:09.335331
9152,a1,87.12195,86.81408,2026-05-07 10:45:09.765918
9153,a2,282.2195,282.0182,2026-05-07 10:45:10.162049
9154,a3,168.2683,168.1587,2026-05-07 10:45:10.585918
9155,a6,1022.854,1022.945,2026-05-07 10:45:10.908044
9156,a0,155.8781,155.9194,2026-05-07 10:47:15.710901
9157,a1,87.02439,86.82459,2026-05-07 10:47:15.999657
9158,a2,0.0,282.1204,2026-05-07 10:47:16.282379
9159,a3,168.2439,168.1576,2026-05-07 10:47:16.542257
9160,a6,1023.0,1022.958,2026-05-07 10:47:16.789068
9161,a0,155.9024,155.9439,2026-05-07 10:49:18.949140
9162,a1,86.97561,86.96183,2026-05-07 10:49:19.227643
9163,a2,282.2439,282.3022,2026-05-07 10:49:19.509226
9164,a3,168.0976,168.1485,2026-05-07 10:49:19.764967
9165,a6,1023.0,1022.932,2026-05-07 10:49:20.033504
9166,a0,155.9268,155.9274,2026-05-07 10:51:22.746310
9167,a1,87.41463,168.1408,2026-05-07 10:51:23.052519
9168,a6,1022.976,1022.952,2026-05-07 10:51:23.346055
9169,a0,156.0488,155.9607,2026-05-07 10:54:02.079584
9170,a1,87.80488,87.66891,2026-05-07 10:54:02.378390
9171,a2,283.0244,282.7524,2026-05-07 10:54:02.687070
9172,a3,168.2439,168.1683,2026-05-07 10:54:02.975694
9173,a6,1023.0,1022.938,2026-05-07 10:54:03.246139
9174,a0,155.9024,155.9734,2026-05-07 10:56:09.588163
9175,a1,87.7561,87.64977,2026-05-07 10:56:09.855293
9176,a2,283.0,282.8401,2026-05-07 10:56:10.179271
9177,a3,168.1219,168.1586,2026-05-07 10:56:10.474479
9178,a6,1023.0,1022.948,2026-05-07 10:56:10.718803
9179,a0,156.0732,155.9784,2026-05-07 10:58:13.526129
9180,a1,87.70731,87.65265,2026-05-07 10:58:13.787723
9181,a2,283.0976,282.853,2026-05-07 10:58:14.071531
9182,a3,168.2927,168.1653,2026-05-07 10:58:14.374738
9183,a6,1023.0,1022.95,2026-05-07 10:58:14.652202
9184,a0,156.0244,155.9807,2026-05-07 11:00:17.256506
9185,a1,87.63415,87.65172,2026-05-07 11:00:17.579621
9186,a2,28.0,0.0,2026-05-07 11:00:17.878108
9187,a3,168.1463,168.1454,2026-05-07 11:00:18.132856
9188,a6,1023.0,1022.947,2026-05-07 11:00:18.382293
9189,a0,155.8781,155.9562,2026-05-07 11:02:20.551728
9190,a1,87.85366,87.80101,2026-05-07 11:02:20.811611
9191,a2,282.9512,283.0626,2026-05-07 11:02:21.191285
9192,a3,167.9512,168.1322,2026-05-07 11:02:21.472987
9193,a6,1022.927,1022.923,2026-05-07 11:02:22.014162
9194,a0,156.0488,155.9623,2026-05-07 11:04:26.611250
9195,a1,87.87805,87.86309,2026-05-07 11:04:26.866988
9196,a2,283.2927,283.2853,2026-05-07 11:04:27.162879
9197,a3,168.1951,168.1866,2026-05-07 11:04:27.468598
9198,a6,1022.878,1022.958,2026-05-07 11:04:27.724079
9199,a0,155.9024,155.9593,2026-05-07 11:06:30.388200
9200,a1,88.02439,87.87115,2026-05-07 11:06:30.669927
9201,a2,283.1707,283.2796,2026-05-07 11:06:30.958424
9202,a3,168.1219,168.1834,2026-05-07 11:06:31.222306
9203,a6,1023.0,1022.96,2026-05-07 11:06:31.485811
9204,a0,156.0976,155.9662,2026-05-07 11:08:33.592256
9205,a1,87.68293,87.86174,2026-05-07 11:08:33.860980
9206,a2,2.2112,0.0,2026-05-07 11:08:34.178918
9207,a6,1023.0,1022.948,2026-05-07 11:08:34.506332
9208,a0,156.0244,155.9747,2026-05-07 11:10:36.920777
9209,a1,87.80488,87.79436,2026-05-07 11:10:37.207252
9210,a2,283.5366,283.451,2026-05-07 11:10:37.486024
9211,a6,1023.0,1022.968,2026-05-07 11:10:37.757967
9212,a0,156.1219,156.022,2026-05-07 11:12:40.079363
9213,a1,87.29269,87.58797,2026-05-07 11:12:40.342949
9214,a2,24.0732,283.7723,2026-05-07 11:12:40.604576
9215,a3,168.1219,168.2157,2026-05-07 11:12:40.911126
9216,a6,1022.878,1022.966,2026-05-07 11:12:41.197570
9217,a0,156.0,156.0741,2026-05-07 11:14:45.769279
9218,a1,87.04878,87.16896,2026-05-07 11:14:46.064777
9219,a2,283.7073,283.8803,2026-05-07 11:14:46.318175
9220,a3,168.2439,168.2198,2026-05-07 11:14:46.578863
9221,a6,1023.0,1022.98,2026-05-07 11:14:46.868703
9222,a0,156.1463,156.0777,2026-05-07 11:16:49.217859
9223,a1,87.14634,87.16782,2026-05-07 11:16:49.530878
9224,a2,283.9268,283.8826,2026-05-07 11:16:49.797479
9225,a3,168.2927,168.2235,2026-05-07 11:16:50.054637
9226,a6,1023.0,1022.981,2026-05-07 11:16:50.328034
9227,a0,156.0244,156.0751,2026-05-07 11:18:52.851877
9228,a1,87.04878,87.16187,2026-05-07 11:18:53.162299
9229,a2,168.2439,168.2337,2026-05-07 11:18:53.456862
9230,a6,1023.0,1022.928,2026-05-07 11:18:53.744134
9231,a0,156.0488,156.0523,2026-05-07 11:20:55.958454
9232,a1,87.36585,87.26333,2026-05-07 11:20:56.282603
9233,a2,284.0244,283.9554,2026-05-07 11:20:56.606759
9234,a3,168.3171,168.2147,2026-05-07 11:20:56.900006
9235,a6,1023.0,1022.965,2026-05-07 11:20:57.190398
9236,a0,156.1951,156.0705,2026-05-07 11:22:59.848142
9238,a0,156.0244,156.015,2026-05-07 11:25:02.880206
9239,a1,87.43903,87.4089,2026-05-07 11:25:03.176927
9240,a2,283.9756,284.0597,2026-05-07 11:25:03.451873
9241,a3,168.1951,168.1985,2026-05-07 11:25:03.722946
9242,a6,1023.0,1022.943,2026-05-07 11:25:03.985220
9243,a0,155.9268,156.008,2026-05-07 11:27:06.462386
9244,a1,871.0,0.0,2026-05-07 11:27:06.758987
9245,a0,156.1463,156.0415,2026-05-07 11:29:09.562379
9246,a1,86.53658,86.87839,2026-05-07 11:29:09.866729
9247,a2,284.5854,284.2953,2026-05-07 11:29:10.131894
9248,a3,168.3171,168.2423,2026-05-07 11:29:10.409287
9249,a6,1023.0,1022.942,2026-05-07 11:29:10.685215
9250,a0,156.1463,156.0902,2026-05-07 11:31:16.034403
9251,a1,80.46342,82.68943,2026-05-07 11:31:16.329361
9252,a2,284.8537,284.7443,2026-05-07 11:31:16.605213
9253,a3,168.2927,168.2454,2026-05-07 11:31:16.875459
9254,a6,1022.854,1022.924,2026-05-07 11:31:17.134214
9255,a0,156.1463,156.093,2026-05-07 11:33:19.618156
9256,a1,80.29269,82.56959,2026-05-07 11:33:19.874488
9257,a2,285.1707,284.7656,2026-05-07 11:33:20.194952
9258,a3,168.2439,168.2453,2026-05-07 11:33:20.454360
9259,a6,1023.0,1022.928,2026-05-07 11:33:20.711020
9260,a0,156.2439,156.1005,2026-05-07 11:35:23.147672
9261,a1,80.04878,82.44355,2026-05-07 11:35:23.450575
9262,a2,2.0984,0.0,2026-05-07 11:35:23.705582
9263,a3,168.1463,168.2204,2026-05-07 11:35:23.966059
9264,a6,1022.805,1022.928,2026-05-07 11:35:24.225006
9265,a0,156.3415,156.3317,2026-05-07 11:38:02.335940
9266,a1,67.56097,67.62515,2026-05-07 11:38:02.642474
9267,a2,285.0,285.2214,2026-05-07 11:38:02.914395
9268,a3,168.2439,168.2167,2026-05-07 11:38:03.179190
9269,a6,1022.854,1022.911,2026-05-07 11:38:03.448217
9270,a0,156.2195,156.3261,2026-05-07 11:40:05.904638
9271,a1,67.60976,67.62438,2026-05-07 11:40:06.190010
9272,a2,284.6829,285.1945,2026-05-07 11:40:06.525775
9273,a3,168.2439,168.218,2026-05-07 11:40:06.806364
9274,a6,1022.805,1022.906,2026-05-07 11:40:07.091398
9275,a0,156.1463,156.1782,2026-05-07 11:42:12.038891
9276,a1,70.19512,69.85884,2026-05-07 11:42:12.291581
9277,a2,284.6097,284.5523,2026-05-07 11:42:12.596019
9278,a3,168.2195,168.2494,2026-05-07 11:42:12.849059
9279,a6,1023.0,1022.949,2026-05-07 11:42:13.115056
9280,a0,156.1463,156.1766,2026-05-07 11:44:15.225433
9281,a1,70.17073,69.87444,2026-05-07 11:44:15.513803
9282,a2,284.561,284.5527,2026-05-07 11:44:15.788409
9283,a3,168.3171,168.2528,2026-05-07 11:44:16.062254
9284,a6,1022.756,1022.94,2026-05-07 11:44:16.328932
9285,a0,156.0488,156.129,2026-05-07 11:46:20.526085
9286,a1,69.92683,69.32236,2026-05-07 11:46:20.799815
9287,a2,284.4634,284.5639,2026-05-07 11:46:21.150972
9288,a3,168.3171,168.2395,2026-05-07 11:46:21.716419
9289,a6,1023.0,1022.953,2026-05-07 11:46:22.366459
9290,a0,156.0976,156.1274,2026-05-07 11:48:24.723798
9291,a1,70.02439,69.35746,2026-05-07 11:48:25.042379
9292,a2,284.2927,284.5504,2026-05-07 11:48:25.299537
9293,a3,168.2439,168.2397,2026-05-07 11:48:25.568579
9294,a6,1023.0,1022.956,2026-05-07 11:48:25.846057
9295,a0,156.1707,156.1296,2026-05-07 11:50:28.011548
9296,a1,70.2439,69.40178,2026-05-07 11:50:28.325509
9297,a3,168.3171,168.2188,2026-05-07 11:50:28.566929
9298,a6,1023.0,1022.944,2026-05-07 11:50:29.039491
9299,a0,156.0488,156.0219,2026-05-07 11:53:02.908762
9300,a1,72.87805,72.80711,2026-05-07 11:53:03.184285
9301,a2,284.9512,284.3253,2026-05-07 11:53:03.431198
9302,a3,168.2683,168.2397,2026-05-07 11:53:03.685894
9303,a6,1023.0,1022.954,2026-05-07 11:53:03.999019
9304,a0,156.1707,156.0293,2026-05-07 11:55:07.199190
9305,a1,72.95122,72.81431,2026-05-07 11:55:07.471682
9306,a2,284.4878,284.3334,2026-05-07 11:55:07.736996
9307,a3,168.1219,168.2339,2026-05-07 11:55:07.992794
9308,a6,1023.0,1022.957,2026-05-07 11:55:08.260815
9309,a0,155.9268,156.0272,2026-05-07 11:57:11.993571
9310,a1,74.63415,74.05787,2026-05-07 11:57:12.281397
9311,a2,284.0,284.3886,2026-05-07 11:57:12.538668
9312,a3,168.1707,168.2332,2026-05-07 11:57:12.805551
9313,a6,1023.0,1022.947,2026-05-07 11:57:13.070536
9314,a0,156.1219,156.0319,2026-05-07 11:59:15.769136
9315,a1,74.58537,74.08424,2026-05-07 11:59:16.092084
9316,a2,284.2439,284.3814,2026-05-07 11:59:16.357302
9317,a3,168.2683,168.2349,2026-05-07 11:59:16.630388
9318,a6,1023.0,1022.949,2026-05-07 11:59:16.942384
9319,a0,156.4146,156.2091,2026-05-07 12:01:19.592142
9320,a1,74.7561,74.57693,2026-05-07 12:01:19.923605
9321,a2,285.0,284.5925,2026-05-07 12:01:20.216046
9322,a3,168.0732,168.2096,2026-05-07 12:01:20.592170
9323,a6,1022.756,1022.939,2026-05-07 12:01:20.876737
9324,a0,155.9512,155.9869,2026-05-07 12:03:23.023778
9325,a1,74.12195,74.36139,2026-05-07 12:03:23.364927
9326,a2,284.4634,284.5634,2026-05-07 12:03:23.648970
9327,a3,168.1951,168.2088,2026-05-07 12:03:23.960609
9328,a6,1023.0,1022.942,2026-05-07 12:03:24.250042
9329,a0,156.0976,156.025,2026-05-07 12:06:29.411365
9330,a1,73.65854,73.93992,2026-05-07 12:06:29.684125
9331,a2,284.3415,284.7272,2026-05-07 12:06:29.933917
9332,a3,168.1463,168.194,2026-05-07 12:06:30.248088
9333,a6,1022.805,1022.942,2026-05-07 12:06:30.638875
9334,a0,156.0732,156.0484,2026-05-07 12:08:32.921335
9335,a1,73.70731,73.84299,2026-05-07 12:08:33.198431
9336,a22,284.9512,284.841,2026-05-07 12:08:33.498539
9337,a3,168.2683,168.2338,2026-05-07 12:08:33.752926
9338,a6,1023.0,1022.958,2026-05-07 12:08:34.003291
