41257,825586.38,11634.22,21944.37,20189.33,24210.54,56788.70,18073.60,20318.16
41257,825761.38,11509.60,22319.45,20037.41,24317.03,57334.25,18136.55,20163.50
41260,825158.88,8314.30,17642.38,16776.43,20534.63,57007.39,16143.42,17468.79
41260,825175.25,8252.00,17651.17,16807.21,20584.47,57035.57,16178.09,17355.81
41260,825024.94,8343.99,17754.31,16494.32,20442.17,57078.24,16110.10,17138.15
113878,824580.88,8363.71,17794.68,16278.90,20316.03,57091.75,16063.11,16988.88
185530,824605.38,8375.99,17824.90,16215.54,20284.52,57110.55,16039.81,16917.13
41261,825091.88,8285.10,17725.05,16065.86,20181.56,57123.58,15973.30,16848.94
94053,824389.19,8309.50,17755.93,16019.69,20146.17,57133.48,15962.52,16796.54
145881,824531.13,8327.95,17774.61,15993.80,20142.07,57146.02,15952.28,16815.21
197711,823678.56,8431.08,17957.96,16111.15,20297.38,57152.05,16060.07,16814.28
41261,824932.63,8160.29,17982.02,16209.47,20333.73,57156.64,16030.48,16677.67
94053,825024.94,8413.63,18014.80,16140.66,20298.22,57162.93,16036.92,16773.90
145881,824940.81,8455.21,17992.50,16108.24,20271.79,57167.03,16017.59,16773.23
197711,824104.63,8462.56,17999.70,16095.08,20260.06,57176.68,15999.84,16758.99
249541,824238.38,8459.68,18006.23,16096.67,20264.31,57181.02,16001.16,16751.78
301370,823804.75,8474.16,18003.64,16067.44,20252.86,57187.54,15981.32,16732.75
41260,824648.63,8444.86,17964.35,16064.29,20237.61,57186.34,15949.01,16711.06
94053,824297.06,8470.37,17998.20,16071.91,20245.23,57187.77,15961.08,16705.47
145881,824480.56,8459.11,17987.59,16054.94,20228.71,57202.28,15942.96,16688.84
197711,824338.56,8449.35,17962.18,16026.65,20207.82,57200.82,15927.73,16658.93
41259,824966.13,11037.11,20443.73,19241.12,23559.53,59040.36,18280.97,18784.11
94066,824940.81,11303.52,20980.95,19124.27,23527.63,58962.05,18461.09,18844.92
145893,824957.94,11352.91,21065.93,19065.68,23484.11,58880.59,18447.94,18795.82
197723,824949.00,11356.78,21084.26,19047.54,23468.32,58856.43,18440.53,18765.50
249553,824916.31,11356.30,21086.98,19043.11,23463.41,58852.23,18436.28,18746.22
301382,824916.31,11356.91,21091.57,19041.31,23459.53,58853.22,18433.28,18733.41
353212,824907.38,11355.20,21091.84,19038.94,23457.74,58854.69,18431.21,18725.70
405041,824949.00,11353.75,21088.84,19036.47,23457.15,58861.12,18429.15,18721.57
456872,824940.81,11353.27,21090.85,19035.36,23457.30,58865.06,18425.87,18717.17
508704,824949.00,11352.07,21090.55,19035.49,23457.01,58866.29,18423.68,18713.45
41254,825141.75,7493.16,11226.98,12888.17,15966.47,34946.45,10744.76,19596.21
94080,824974.31,7765.95,11347.22,12697.43,15454.19,35217.27,10729.55,19337.44
145903,825041.19,7805.20,11325.06,12444.54,15252.33,35398.84,10685.62,19184.61
197728,825049.44,7799.30,11313.44,12309.85,15159.51,35521.27,10654.28,19082.99
249553,825091.88,7790.34,11302.42,12236.71,15106.04,35599.74,10628.56,19009.34
301378,825100.06,7781.49,11295.54,12191.08,15070.46,35646.47,10605.63,18955.26
353204,825049.44,7775.02,11291.06,12161.71,15045.77,35676.14,10584.12,18911.47
405027,825049.44,7768.78,11285.49,12142.42,15027.01,35674.70,10564.53,18875.15
456854,825049.44,7762.21,11281.14,12125.72,15011.77,35672.90,10546.87,18846.86
508680,824983.31,7757.43,11277.02,12112.58,15001.17,35677.58,10535.17,18821.33
560506,825033.13,7752.90,11272.19,12102.15,14987.49,35680.09,10519.18,18799.83
612331,825033.13,7748.37,11267.71,12094.54,14978.19,35678.84,10507.25,18783.97
664156,825024.94,7744.39,11267.96,12088.16,14971.47,35681.00,10496.28,18767.16
715982,825057.63,7742.81,11265.05,12084.11,14963.47,35681.53,10487.69,18757.65
767809,825007.75,7738.62,11261.42,12078.71,14958.17,35682.07,10476.60,18744.84
819634,825033.13,7735.10,11258.51,12074.29,14954.31,35678.84,10466.83,18730.79
871459,824974.31,7731.47,11257.68,12067.91,14947.20,35681.18,10458.97,18726.66
923285,825033.13,7728.30,11254.89,12067.54,14943.72,35679.91,10452.30,18716.76
975111,825007.75,7725.58,11252.83,12062.52,14937.52,35675.97,10446.33,18709.86
1026936,825015.94,7724.00,11251.75,12060.67,14934.94,35673.80,10440.14,18702.85
1078762,824983.31,7721.61,11248.84,12057.00,14928.62,35673.43,10433.59,18698.04
1130588,825057.63,7719.69,11248.50,12054.17,14926.04,35669.67,10427.27,18690.32
1182414,825074.75,7716.41,11245.46,12050.49,14921.92,35668.95,10420.85,18684.96
1234242,825024.94,7714.92,11244.87,12048.52,14918.29,35666.97,10414.42,18679.03
1286070,825041.19,7712.44,11241.23,12046.82,14915.97,35663.73,10410.01,18670.79
1337894,824991.50,7708.36,11240.14,12044.25,14912.23,35662.82,10404.65,18666.80
1389722,824957.94,7707.00,11238.83,12042.28,14911.08,35659.77,10397.50,18662.39
1441547,825024.94,7705.87,11237.73,12038.47,14905.78,35655.82,10392.03,18659.64
1493373,824949.00,7703.48,11235.92,12038.10,14902.43,35653.13,10387.26,18652.35
1545200,825033.13,7700.88,11235.08,12035.28,14900.12,35647.73,10384.66,18647.27
1597027,824949.00,7699.40,11235.42,12032.96,14897.92,35645.02,10382.27,18643.42
1648852,825041.19,7697.48,11233.62,12030.99,14893.14,35646.29,10381.20,18638.05
1700677,825007.75,7697.70,11234.22,12031.24,14892.37,35646.29,10376.93,18636.25
1752504,825024.94,7695.43,11232.66,12029.28,14891.73,35648.80,10376.32,18632.14
1804331,824999.56,7695.67,11231.56,12027.56,14888.51,35647.73,10373.46,18632.56
1856158,825015.94,7693.97,11231.80,12026.82,14888.12,35645.94,10370.97,18631.04
1907983,824983.31,7691.24,11229.62,12025.36,14883.47,35642.34,10369.42,18628.02
1959809,824966.13,7690.00,11229.50,12023.76,14884.38,35639.99,10365.97,18624.44
2011636,825033.13,7687.73,11228.91,12021.43,14880.77,35640.35,10365.73,18621.83
2063464,824940.81,7687.17,11227.71,12019.73,14878.20,35638.39,10364.66,18620.46
2115289,825024.94,7686.26,11226.12,12019.59,14877.80,35638.39,10362.04,18619.91
2167112,824983.31,7685.70,11228.79,12018.00,14874.59,35637.48,10358.84,18618.66
2218938,825007.75,7684.91,11226.73,12016.53,14874.20,35637.66,10358.00,18618.13
2270763,825007.75,7682.31,11226.49,12016.78,14873.30,35636.59,10354.55,18614.83
2322590,825007.75,7681.62,11226.73,12015.31,14871.61,35634.24,10350.62,18608.77
2374414,824999.56,7680.37,11224.44,12014.08,14868.91,35636.75,10350.27,18606.17
2426238,824940.81,7680.26,11224.56,12012.60,14869.43,35635.32,10348.96,18604.10
2478064,824949.00,7679.70,11223.60,12011.38,14866.85,35632.81,10346.22,18603.68
2529890,825024.94,7678.34,11223.48,12012.12,14866.21,35632.62,10345.05,18602.73
2581714,824991.50,7677.09,11221.77,12009.06,14865.18,35630.64,10342.53,18599.99
2633540,824974.31,7676.08,11221.29,12009.06,14862.73,35631.73,10339.57,18598.87
2685365,824991.50,7674.49,11220.93,12007.96,14861.31,35628.31,10339.67,18596.27
2737190,824991.50,7673.81,11220.45,12008.57,14860.41,35629.21,10338.50,18593.25
2789015,825024.94,7672.45,11219.73,12006.23,14858.73,35628.13,10338.14,18592.01
2840842,824999.56,7673.69,11221.42,12006.48,14860.41,35629.74,10337.30,18589.54
2892668,825007.75,7670.97,11219.73,12005.14,14858.87,35629.57,10335.64,18588.71
2944496,825033.13,7672.33,11219.85,12003.17,14858.21,35627.06,10334.70,18587.34
2996322,824983.31,7669.84,11218.27,12002.92,14856.15,35626.87,10334.58,18584.45
3048150,824940.81,7670.29,11218.64,12002.43,14853.19,35628.50,10332.43,18584.32
3099976,824974.31,7668.38,11219.49,12000.11,14853.71,35627.06,10332.79,18580.89
3151803,824991.50,7667.13,11217.80,11999.86,14853.19,35626.52,10329.93,18579.23
3203629,824966.13,7665.66,11217.80,11998.77,14850.35,35627.06,10328.15,18578.41
3255455,824940.81,7665.09,11217.43,11998.16,14849.71,35626.34,10327.67,18576.08
3307283,825015.94,7664.76,11216.46,11997.17,14847.14,35623.64,10324.59,18573.74
3359109,824916.31,7664.41,11216.23,11996.80,14847.90,35624.18,10321.49,18572.91
3410934,824940.81,7661.80,11215.74,11993.25,14846.35,35621.31,10321.01,18570.44
3462762,824916.31,7661.24,11215.26,11992.63,14843.40,35620.05,10317.33,18569.07
3514589,824957.94,7661.14,11214.05,11993.98,14841.98,35621.49,10316.50,18570.72
3566415,824999.56,7660.23,11213.44,11993.25,14841.85,35621.12,10317.57,18565.50
3618242,824957.94,7657.96,11214.40,11992.39,14841.72,35620.77,10315.43,18564.12
3670069,824974.31,7657.28,11214.17,11991.66,14840.05,35617.36,10315.19,18563.44
3721894,824957.94,7656.48,11213.68,11991.79,14837.72,35617.36,10315.90,18560.83
3773722,824949.00,7657.50,11213.93,11990.43,14837.86,35618.62,10313.65,18560.42
3825549,824916.31,7656.27,11212.35,11990.18,14836.56,35618.44,10313.30,18557.95
3877374,824974.31,7656.37,11214.52,11989.33,14837.99,35617.71,10313.18,18558.22
3929200,824924.50,7654.46,11211.63,11988.23,14834.38,35614.66,10309.25,18553.42
3981027,824974.31,7654.23,11210.43,11986.87,14834.50,35614.13,10308.07,18555.20
4032854,824966.13,7652.63,11210.54,11988.11,14833.23,35612.67,10304.73,18552.73
4084680,824966.13,7651.39,11210.06,11985.65,14832.71,35609.45,10305.45,18553.01
4136507,824999.56,7650.14,11209.21,11987.12,14831.17,35611.05,10304.26,18548.33
4188331,824999.56,7650.72,11208.85,11984.80,14830.26,35613.03,10302.84,18549.84
4240159,824999.56,7650.49,11208.97,11984.56,14829.74,35614.29,10302.72,18547.65
4291984,825007.75,7649.81,11208.85,11983.81,14828.83,35610.71,10303.20,18546.83
4343812,824932.63,7649.47,11207.64,11982.96,14827.68,35609.82,10301.77,18545.31
4395636,824966.13,7648.23,11208.62,11982.22,14826.26,35606.40,10299.39,18545.73
4447463,824966.13,7647.77,11208.13,11980.64,14825.50,35606.93,10299.74,18544.50
4499291,824957.94,7646.75,11209.34,11981.01,14824.59,35607.11,10298.55,18542.58
4551116,824907.38,7646.08,11208.72,11979.28,14823.69,35610.34,10298.45,18539.82
4602945,824974.31,7645.39,11208.85,11978.79,14822.54,35607.83,10295.46,18536.12
4654770,824999.56,7646.52,11209.70,11978.79,14820.59,35610.88,10294.28,18535.43
4706595,824916.31,7644.94,11209.21,11977.94,14821.12,35607.66,10292.13,18533.79
4758421,824983.31,7643.13,11209.21,11978.31,14822.54,35610.34,10291.54,18534.06
4810247,824983.31,7644.26,11208.13,11978.79,14822.27,35608.72,10288.33,18531.32
4862071,824916.31,7641.88,11206.92,11978.07,14819.32,35604.41,10286.43,18527.88
4913898,824899.19,7641.43,11207.28,11977.33,14820.47,35606.03,10286.43,18527.75
4965723,824966.13,7641.09,11209.09,11976.71,14820.08,35604.96,10285.13,18527.33
5017548,824957.94,7640.31,11207.53,11976.96,14818.93,35605.67,10285.13,18523.08
5069373,824924.50,7640.52,11207.28,11975.25,14818.28,35604.41,10282.51,18521.03
5121199,824949.00,7639.74,11208.13,11975.85,14819.83,35609.45,10282.40,18518.69
5173025,824940.81,7639.62,11206.79,11975.48,14819.44,35607.66,10282.40,18517.45
5224851,824983.31,7638.95,11208.97,11974.76,14819.18,35608.90,10285.48,18517.32
5276676,824924.50,7639.96,11208.72,11974.39,14819.70,35609.27,10287.62,18517.87
5328500,824916.31,7640.31,11208.97,11974.76,14817.89,35608.00,10287.62,18519.38
5380327,824916.31,7640.31,11210.18,11975.00,14817.63,35613.21,10288.57,18518.97
5432153,824966.13,7639.51,11208.62,11974.64,14818.80,35612.14,10287.99,18518.55
5483978,824932.63,7638.60,11209.34,11973.90,14818.02,35612.32,10288.81,18518.28
5535806,824907.38,7638.04,11209.09,11973.41,14817.77,35610.34,10286.31,18517.05
5587633,824966.13,7638.50,11208.62,11973.53,14817.63,35610.53,10286.08,18517.59
5639459,824974.31,7636.90,11208.37,11973.53,14818.28,35612.14,10285.48,18515.96
5691287,824974.31,7635.89,11209.09,11971.82,14817.51,35611.25,10284.30,18514.29
5743112,824949.00,7635.89,11209.83,11971.33,14818.02,35611.77,10281.93,18511.83
5794940,824966.13,7637.14,11209.21,11973.15,14817.00,35609.82,10277.53,18510.60
5846767,824974.31,7634.76,11207.16,11972.19,14817.00,35605.31,10272.17,18508.83
5898593,824940.81,7632.61,11206.56,11972.79,14816.87,35604.78,10270.76,18506.35
5950419,824907.38,7632.61,11206.20,11971.45,14814.16,35601.00,10266.60,18501.95
6002246,824899.19,7632.83,11206.92,11970.35,14814.94,35602.43,10265.66,18497.70
6054072,824974.31,7631.59,11207.16,11971.94,14815.32,35602.98,10263.75,18492.76
6105897,824949.00,7630.23,11206.32,11972.67,14813.14,35603.15,10262.09,18490.29
6157724,824966.13,7629.33,11206.79,11970.47,14812.23,35598.66,10261.73,18490.29
6209551,824940.81,7629.10,11207.16,11969.98,14813.77,35598.66,10261.61,18488.37
6261377,824924.50,7630.01,11209.34,11970.10,14813.00,35599.92,10262.92,18485.50
6313204,824957.94,7627.97,11210.66,11970.59,14813.90,35599.74,10262.33,18487.96
6365029,824957.94,7628.76,11208.50,11969.98,14814.03,35599.20,10265.18,18486.59
6416854,824957.94,7627.40,11209.09,11969.98,14814.41,35600.10,10269.33,18489.88
6468682,824949.00,7628.99,11210.43,11971.45,14814.29,35602.43,10269.80,18489.47
6520508,824940.81,7628.99,11210.43,11970.47,14814.29,35608.00,10274.08,18491.94
6572335,824957.94,7630.46,11210.29,11970.72,14814.67,35609.63,10277.53,18492.63
6624160,824957.94,7629.45,11209.94,11970.10,14816.09,35610.71,10277.53,18490.84
6675988,824966.13,7629.66,11209.46,11970.23,14814.94,35612.67,10276.70,18494.14
6727815,824949.00,7630.80,11212.00,11969.74,14813.14,35608.18,10277.06,18495.11
6779641,824924.50,7629.21,11212.72,11969.86,14814.94,35611.96,10274.91,18493.31
6831469,824916.31,7630.11,11210.91,11969.11,14814.81,35610.88,10276.10,18492.76
6883293,824957.94,7629.55,11214.05,11969.74,14814.41,35612.67,10275.39,18491.53
6935120,824932.63,7628.20,11212.10,11967.41,14813.65,35609.63,10273.26,18489.47
6986948,824907.38,7628.20,11213.20,11969.11,14813.65,35611.77,10270.16,18489.88
7038774,824957.94,7626.61,11212.35,11967.65,14813.77,35608.90,10268.85,18487.69
7090599,824966.13,7626.39,11212.72,11966.92,14811.84,35606.57,10264.23,18484.66
7142426,824957.94,7626.49,11211.51,11966.55,14812.88,35606.40,10260.18,18484.95
7194253,824966.13,7626.16,11210.66,11967.04,14812.50,35605.85,10253.18,18480.15
7246080,824957.94,7626.28,11210.91,11965.56,14811.46,35603.70,10252.23,18477.81
7298869,824949.00,7634.76,11220.10,11975.73,14821.76,35606.40,10247.61,18470.82
7350694,824999.56,7624.80,11210.18,11969.86,14812.75,35599.38,10243.33,18474.40
7402519,824924.50,7621.75,11208.85,11966.80,14810.44,35593.99,10241.91,18469.73
7454346,824957.94,7622.21,11208.62,11965.95,14809.40,35595.79,10242.14,18470.00
7506171,824932.63,7621.06,11210.06,11965.95,14809.02,35596.34,10241.19,18468.36
7557996,824957.94,7621.75,11208.85,11965.56,14807.86,35592.19,10243.21,18468.36
7609821,824949.00,7621.52,11209.46,11964.22,14808.23,35592.02,10242.02,18467.53
7661646,824940.81,7621.75,11209.83,11964.71,14807.72,35590.58,10245.82,18466.71
7713473,824949.00,7620.96,11208.72,11964.84,14807.60,35592.92,10249.14,18469.59
7765298,824932.63,7622.09,11210.18,11964.59,14807.86,35593.82,10256.38,18470.00
7817122,824957.94,7622.09,11209.34,11964.59,14806.05,35595.79,10260.18,18473.16
7868949,824957.94,7622.77,11210.79,11964.47,14807.47,35595.61,10265.53,18475.49
7920775,824949.00,7623.67,11210.66,11965.08,14807.08,35595.43,10268.63,18481.10
7972601,824949.00,7623.90,11210.29,11965.08,14807.47,35595.98,10267.90,18478.65
8024427,824932.63,7622.54,11210.91,11963.86,14805.02,35598.66,10270.64,18482.34
8076253,824957.94,7622.42,11212.47,11963.00,14806.70,35595.98,10273.13,18482.48
8128079,824907.38,7622.66,11212.00,11963.49,14805.66,35594.35,10272.65,18480.84
8179907,824940.81,7623.56,11211.02,11962.03,14806.31,35595.61,10272.17,18481.10
8231732,824932.63,7622.09,11212.72,11963.49,14807.60,35599.56,10271.47,18478.36
8283558,824949.00,7621.97,11215.01,11963.00,14809.27,35597.94,10269.94,18477.55
8335386,824940.81,7622.09,11214.40,11964.22,14808.49,35598.84,10266.96,18476.59
8387213,824974.31,7622.42,11213.93,11961.90,14807.08,35592.37,10263.40,18475.08
8439036,824932.63,7622.42,11214.40,11962.52,14808.63,35593.99,10263.62,18473.85
8490864,824899.19,7621.06,11213.81,11960.55,14806.31,35589.50,10261.02,18472.88
8542690,824957.94,7621.63,11213.81,11961.90,14805.54,35586.62,10255.55,18472.34
8594516,824966.13,7621.18,11214.40,11960.18,14804.50,35577.28,10257.46,18470.55
8646344,824974.31,7619.15,11213.68,11959.08,14805.54,35574.96,10256.50,18468.21
8698169,824974.31,7618.69,11212.96,11958.60,14805.54,35571.36,10253.54,18468.07
8749995,824957.94,7619.04,11213.08,11958.83,14805.15,35571.54,10252.11,18469.31
8801821,824974.31,7618.13,11213.32,11960.30,14805.54,35569.38,10251.41,18466.58
8853647,824949.00,7619.25,11214.89,11957.73,14806.31,35569.03,10250.09,18465.49
8905473,824983.31,7617.33,11213.93,11958.11,14805.92,35565.09,10246.89,18463.43
8957299,824966.13,7616.88,11215.26,11958.35,14807.21,35568.13,10247.13,18462.19
9009128,824916.31,7617.33,11214.52,11958.83,14807.60,35563.82,10244.04,18459.58
9060954,824966.13,7615.30,11214.17,11958.11,14805.15,35562.92,10243.09,18458.49
9112779,824907.38,7615.75,11212.84,11958.60,14805.79,35564.89,10241.91,18457.81
9164607,824966.13,7615.42,11212.47,11955.77,14806.70,35563.46,10242.85,18456.71
9216434,824991.50,7615.75,11213.20,11957.12,14804.90,35559.87,10241.08,18457.66
9268260,824983.31,7616.22,11213.68,11957.12,14804.75,35562.20,10241.08,18456.01
9320088,824940.81,7615.98,11215.26,11956.87,14806.31,35561.68,10241.91,18454.37
9371914,824916.31,7614.17,11215.38,11959.32,14807.98,35561.31,10241.54,18454.91
9423741,824974.31,7614.39,11215.13,11957.73,14806.57,35560.95,10241.31,18453.14
9475567,824966.13,7614.51,11213.20,11956.02,14804.64,35557.71,10243.57,18453.42
9527394,824940.81,7613.49,11213.68,11957.36,14806.96,35553.76,10244.51,18452.59
9579222,824882.88,7612.92,11215.01,11957.36,14804.75,35552.14,10239.65,18454.10
9631048,824949.00,7613.04,11214.40,11956.14,14802.58,35552.34,10240.83,18450.82
9682875,824882.88,7613.82,11216.59,11957.00,14801.17,35545.85,10237.64,18451.63
9734699,824916.31,7612.70,11214.05,11957.00,14801.17,35545.85,10235.26,18450.95
9786526,824940.81,7611.69,11215.74,11957.73,14802.33,35548.93,10232.65,18446.42
9838353,824924.50,7610.32,11215.01,11955.54,14802.58,35544.79,10233.13,18442.59
9890179,824957.94,7611.45,11216.09,11952.83,14802.05,35542.28,10233.59,18441.36
9942006,824940.81,7612.46,11217.19,11956.51,14803.09,35542.09,10235.50,18443.68
9993830,824999.56,7612.01,11217.19,11953.08,14802.69,35540.66,10235.14,18442.31
10045655,824974.31,7612.46,11217.90,11953.81,14804.64,35542.82,10236.21,18442.17
10097482,824924.50,7610.44,11217.68,11953.81,14803.99,35541.38,10237.98,18444.78
10149307,824949.00,7612.58,11219.61,11956.14,14802.19,35543.71,10242.85,18445.18
10201134,824907.38,7612.25,11221.18,11956.26,14803.86,35543.17,10244.63,18447.39
10252960,824924.50,7612.81,11219.12,11954.43,14802.96,35543.01,10243.57,18451.63
10304788,824949.00,7613.15,11220.10,11954.55,14802.84,35548.38,10244.63,18452.33
10356615,824983.31,7613.61,11219.36,11953.57,14801.54,35542.09,10242.14,18451.50
10408441,824949.00,7613.37,11219.49,11953.69,14804.11,35541.38,10240.83,18451.22
10460269,824957.94,7613.49,11219.36,11953.57,14800.90,35541.20,10238.70,18451.37
10512093,824940.81,7612.70,11217.80,11953.08,14800.26,35539.23,10235.61,18450.82
10563919,824891.00,7612.13,11218.99,11953.08,14800.52,35534.38,10233.01,18449.72
10615747,824949.00,7611.23,11218.39,11951.74,14798.72,35529.54,10232.89,18446.42
10667573,824924.50,7611.90,11218.88,11953.81,14799.11,35525.95,10232.05,18444.92
10719399,824949.00,7609.75,11218.88,11952.83,14796.53,35526.12,10229.91,18444.37
10771226,824949.00,7609.64,11219.36,11951.98,14796.53,35520.75,10230.52,18441.36
10823053,824957.94,7608.74,11218.52,11951.74,14795.11,35518.40,10230.27,18438.88
10874881,824932.63,7609.19,11220.32,11952.59,14797.30,35519.66,10228.25,18435.05
10926708,824932.63,7610.65,11220.20,11952.59,14797.05,35517.33,10227.06,18433.41
10978537,824882.88,7610.32,11221.54,11952.23,14797.68,35515.00,10224.93,18433.28
11030363,824949.00,7608.28,11221.66,11951.25,14798.57,35514.64,10223.87,18431.63
11082190,824957.94,7608.74,11220.32,11950.64,14799.48,35513.75,10224.81,18429.57
11134019,824916.31,7608.28,11222.14,11951.98,14800.26,35508.35,10221.61,18427.11
11185847,824932.63,7607.05,11220.81,11952.59,14799.61,35505.85,10221.25,18429.44
11237673,824957.94,7607.50,11218.99,11951.37,14798.72,35503.88,10220.67,18428.20
11289500,824966.13,7608.06,11221.29,11951.13,14797.56,35503.32,10219.12,18428.20
11341327,824966.13,7606.47,11220.69,11950.27,14798.21,35506.93,10220.07,18427.51
11393156,824991.50,7608.51,11221.89,11950.76,14798.46,35502.80,10219.36,18425.32
11444982,824940.81,7607.05,11222.39,11951.00,14798.84,35504.05,10216.98,18424.77
11496812,824974.31,7607.05,11222.74,11950.39,14799.23,35496.87,10217.23,18425.87
11548638,824999.56,7606.82,11222.39,11950.88,14798.32,35500.46,10216.39,18426.28
11600465,824949.00,7607.72,11223.70,11950.27,14798.84,35499.57,10215.92,18424.37
11652295,824940.81,7606.59,11224.68,11951.00,14800.78,35498.85,10215.92,18423.40
11704121,824916.31,7606.59,11222.99,11948.19,14799.48,35496.70,10216.51,18424.91
11755950,824966.13,7607.38,11224.32,11950.76,14799.61,35495.44,10215.32,18424.51
11807776,824932.63,7606.82,11223.11,11949.90,14799.11,35497.24,10212.47,18425.19
11859605,824966.13,7606.47,11222.62,11949.90,14798.32,35494.73,10209.27,18423.95
11911433,824940.81,7606.37,11222.62,11948.19,14797.30,35492.57,10210.81,18422.58
11963259,824957.94,7605.69,11224.56,11948.92,14798.32,35492.76,10207.96,18421.35
12015088,824949.00,7606.37,11222.87,11948.92,14798.97,35493.46,10205.83,18422.45
12066915,824899.19,7605.24,11222.99,11949.17,14797.56,35491.13,10204.17,18419.29
12118742,824966.13,7605.35,11221.77,11947.82,14798.72,35489.70,10204.17,18419.02
12170571,824957.94,7605.24,11222.26,11948.06,14798.84,35487.37,10204.17,18416.83
12222397,824932.63,7604.33,11222.50,11949.17,14799.99,35487.90,10203.94,18418.07
12274225,824932.63,7604.89,11224.44,11948.06,14798.32,35485.94,10204.28,18416.28
12326052,824940.81,7605.69,11224.44,11947.57,14799.48,35485.22,10205.00,18417.25
12377882,824899.19,7605.24,11223.48,11947.94,14798.57,35487.20,10206.07,18417.38
12429709,824891.00,7604.44,11224.32,11947.57,14798.72,35487.02,10205.71,18417.65
12481536,824949.00,7605.24,11224.68,11946.84,14798.97,35487.02,10207.38,18415.33
12533363,824916.31,7603.88,11225.16,11948.06,14801.17,35488.45,10208.21,18417.38
12585190,824924.50,7604.78,11224.92,11947.08,14800.90,35489.18,10209.39,18415.33
12637017,824940.81,7606.14,11225.76,11948.31,14801.93,35486.65,10208.91,18416.69
12688843,824957.94,7604.33,11226.37,11946.71,14800.65,35488.63,10208.21,18418.20
12740670,824924.50,7605.46,11227.34,11946.10,14803.09,35488.45,10209.39,18418.62
12792497,824957.94,7605.46,11227.10,11945.87,14802.05,35489.89,10208.44,18419.02
12844323,824957.94,7606.47,11225.29,11946.10,14802.33,35490.24,10208.56,18419.44
12896150,824916.31,7606.14,11227.10,11947.57,14802.96,35488.45,10208.09,18416.69
12947977,824899.19,7603.54,11226.00,11945.99,14800.90,35486.83,10206.54,18415.19
12999801,824940.81,7603.98,11225.16,11945.12,14802.33,35487.02,10206.54,18414.36
13051630,824932.63,7603.08,11226.49,11946.59,14801.67,35487.72,10205.59,18412.99
13103456,824932.63,7603.98,11225.65,11945.25,14800.26,35486.47,10205.12,18412.86
13155282,824957.94,7604.89,11226.00,11944.63,14801.03,35485.76,10207.02,18414.78
13207110,824940.81,7604.33,11227.71,11945.25,14800.26,35486.12,10208.69,18415.88
13258935,824882.88,7603.76,11229.50,11945.12,14801.67,35485.05,10208.56,18416.97
13310761,824932.63,7604.66,11229.28,11946.47,14801.29,35484.69,10208.32,18416.97
13362588,824924.50,7604.33,11228.54,11944.27,14799.36,35482.89,10207.26,18416.97
13414415,824949.00,7605.46,11229.75,11945.12,14798.21,35480.91,10205.95,18418.89
13466244,824949.00,7602.52,11227.82,11943.77,14798.57,35482.89,10204.28,18419.02
13518070,824949.00,7604.10,11227.34,11944.88,14799.87,35481.09,10206.31,18418.75
13569899,824899.19,7604.44,11227.46,11944.63,14798.32,35476.79,10204.76,18416.55
13621726,824949.00,7602.85,11226.37,11943.90,14797.56,35476.61,10203.34,18418.20
13673553,824899.19,7603.98,11224.92,11944.76,14796.78,35475.90,10200.96,18420.12
13725381,824932.63,7603.08,11226.00,11944.63,14797.05,35476.61,10200.61,18419.16
13777207,824932.63,7603.08,11225.65,11945.25,14795.24,35473.92,10200.85,18420.39
13829035,824932.63,7604.21,11226.86,11945.12,14796.26,35472.30,10203.34,18419.97
13880862,824957.94,7603.20,11227.71,11944.14,14796.14,35469.27,10201.21,18419.71
13932692,824891.00,7603.65,11225.90,11944.88,14794.20,35473.03,10199.30,18422.85
13984520,824957.94,7603.76,11226.73,11945.00,14794.85,35468.72,10197.29,18420.26
14036345,824949.00,7603.20,11224.19,11943.65,14795.62,35462.98,10194.44,18423.40
14088175,824907.38,7603.54,11223.95,11942.81,14793.30,35463.35,10190.66,18422.58
14140002,824940.81,7602.63,11224.32,11943.41,14794.20,35463.35,10191.36,18421.08
14191830,824882.88,7603.08,11223.95,11944.02,14793.82,35459.75,10192.42,18420.66
14243657,824957.94,7601.51,11223.23,11943.90,14792.67,35457.25,10191.94,18419.97
14295484,824899.19,7603.08,11223.11,11943.04,14792.14,35457.79,10190.30,18423.00
14347311,824907.38,7602.63,11222.87,11945.00,14790.61,35454.74,10190.18,18422.85
14399138,824957.94,7602.52,11223.70,11942.44,14790.34,35454.91,10191.94,18423.00
14450966,824966.13,7603.65,11222.87,11942.56,14791.63,35450.44,10189.57,18424.22
14503762,824949.00,7613.94,11235.32,11952.83,14798.72,35451.51,10189.57,18419.84
14555590,824891.00,7601.62,11223.60,11945.12,14792.02,35445.77,10187.33,18423.40
14607418,824957.94,7602.63,11221.66,11944.27,14789.96,35444.16,10187.20,18421.35
14659243,824940.81,7600.48,11222.74,11941.95,14789.32,35439.86,10188.04,18422.45
14711072,824940.81,7600.15,11222.62,11943.41,14786.49,35437.35,10186.14,18423.40
14762901,824891.00,7600.48,11221.29,11943.16,14786.61,35433.77,10186.50,18419.84
14814728,824957.94,7599.80,11221.42,11941.83,14784.54,35430.71,10183.18,18419.02
14866556,824924.50,7599.91,11219.85,11940.35,14784.94,35424.99,10181.39,18420.12
14918382,824949.00,7600.71,11221.06,11941.21,14784.29,35426.06,10178.32,18420.81
14970210,824957.94,7599.80,11219.85,11938.89,14784.29,35425.88,10178.32,18423.00
15022039,824966.13,7599.13,11218.76,11938.89,14783.01,35419.08,10177.25,18421.35
15073865,824891.00,7597.54,11217.68,11939.50,14781.85,35417.46,10177.72,18421.48
15125695,824957.94,7598.34,11217.90,11939.38,14782.23,35417.28,10176.77,18421.35
15177521,824940.81,7598.90,11218.76,11939.61,14782.88,35412.97,10175.00,18420.81
15229348,824932.63,7599.58,11216.46,11940.10,14783.01,35412.27,10175.95,18423.40
15281177,824891.00,7599.91,11218.27,11939.25,14781.85,35410.83,10175.34,18424.91
15333002,824940.81,7597.99,11217.80,11939.98,14781.34,35408.33,10178.67,18422.58
15384828,824924.50,7598.34,11217.31,11939.73,14780.95,35407.07,10177.37,18423.00
15436654,824966.13,7597.54,11217.43,11939.50,14780.57,35405.81,10176.29,18425.45
15488480,824940.81,7598.79,11218.52,11939.01,14780.44,35403.31,10174.88,18422.85
15540306,824949.00,7598.55,11217.80,11938.03,14778.38,35400.79,10175.47,18424.64
15592134,824932.63,7599.02,11218.02,11938.52,14777.73,35400.79,10171.08,18423.54
15643961,824983.31,7596.98,11215.98,11938.52,14779.40,35400.07,10170.26,18425.61
15695785,824957.94,7598.10,11215.62,11939.25,14779.03,35399.55,10171.69,18427.64
15747612,824882.88,7596.98,11216.34,11938.15,14777.48,35396.50,10171.44,18426.28
15799439,824891.00,7598.55,11216.23,11939.01,14779.15,35396.86,10168.01,18427.64
15851265,824957.94,7598.34,11216.94,11939.01,14779.15,35393.81,10167.17,18425.45
15903092,824882.88,7596.98,11215.50,11938.15,14776.19,35392.19,10166.47,18426.15
15954918,824957.94,7598.34,11217.31,11935.82,14776.45,35390.06,10164.10,18424.22
16006745,824949.00,7597.21,11214.65,11938.27,14776.83,35386.83,10161.00,18425.87
16058573,824957.94,7597.99,11214.17,11937.66,14775.28,35388.62,10158.51,18425.45
16110399,824907.38,7597.65,11215.62,11934.23,14775.28,35381.64,10159.83,18427.80
16162228,824940.81,7597.21,11212.96,11936.07,14774.13,35383.96,10156.62,18426.15
16214054,824949.00,7596.86,11214.40,11936.57,14773.86,35385.40,10155.32,18427.64
16265884,824924.50,7597.09,11214.05,11936.30,14773.49,35382.88,10152.83,18425.32
16317711,824949.00,7596.53,11212.47,11935.09,14775.16,35383.61,10150.69,18427.38
16369537,824949.00,7596.74,11213.56,11935.09,14774.65,35378.41,10151.17,18427.93
16421366,824932.63,7597.21,11212.35,11933.62,14772.59,35375.72,10150.57,18426.83
16473194,824924.50,7595.96,11212.10,11935.21,14771.43,35375.90,10149.04,18427.51
16525021,824966.13,7595.28,11211.76,11934.60,14772.97,35375.72,10148.20,18428.20
16576849,824874.69,7596.41,11211.26,11934.72,14771.43,35372.68,10147.62,18429.02
16628676,824974.31,7595.96,11212.35,11933.99,14771.83,35373.22,10147.50,18430.39
16680503,824957.94,7595.73,11211.51,11933.62,14770.28,35370.71,10147.14,18430.39
16732331,824940.81,7595.63,11211.14,11934.60,14769.77,35367.85,10144.30,18428.61
16784158,824974.31,7594.93,11211.39,11932.89,14768.86,35365.87,10146.67,18428.74
16835988,824924.50,7595.73,11212.22,11933.50,14768.47,35364.99,10146.08,18428.74
16887813,824932.63,7595.63,11212.47,11932.89,14766.92,35365.52,10144.53,18428.74
16939641,824949.00,7595.28,11212.22,11933.25,14767.19,35363.37,10145.95,18428.20
16991469,824957.94,7595.06,11211.76,11932.28,14768.08,35364.09,10145.83,18430.67
17043296,824916.31,7595.73,11211.14,11931.66,14768.35,35364.44,10143.71,18430.80
17095124,824907.38,7595.17,11210.43,11932.04,14766.66,35357.64,10144.53,18430.25
17146950,824932.63,7594.27,11209.70,11931.04,14766.80,35356.04,10143.71,18429.44
17198778,824940.81,7594.83,11211.39,11929.83,14764.23,35354.43,10141.82,18432.44
17250605,824899.19,7594.03,11207.64,11931.91,14762.93,35354.06,10142.04,18429.99
17302433,824957.94,7592.46,11206.92,11930.92,14762.81,35351.02,10139.45,18431.89
17354261,824957.94,7593.02,11207.89,11930.08,14761.66,35347.27,10140.15,18431.35
17406087,824949.00,7593.71,11208.72,11929.22,14762.30,35347.61,10140.63,18430.25
17457914,824907.38,7592.68,11208.97,11929.83,14762.55,35347.09,10141.46,18432.99
17509743,824949.00,7592.80,11207.76,11929.34,14761.78,35344.93,10140.39,18430.93
17561570,824940.81,7592.91,11207.40,11928.61,14761.66,35341.89,10139.09,18432.60
17613398,824957.94,7592.68,11206.32,11929.59,14759.71,35337.96,10137.54,18432.31
17665224,824940.81,7592.80,11205.96,11926.88,14760.62,35338.68,10136.72,18429.02
17717052,824940.81,7592.00,11205.46,11927.75,14760.62,35335.80,10135.29,18430.93
17768879,824924.50,7591.66,11205.00,11926.51,14758.95,35334.73,10134.58,18431.08
17820707,824966.13,7591.78,11204.15,11927.99,14759.20,35336.16,10130.31,18430.25
17872534,824940.81,7592.22,11204.15,11925.91,14755.87,35330.61,10128.66,18429.44
17924360,824899.19,7592.22,11204.15,11926.16,14755.87,35331.88,10127.12,18428.34
17976186,824949.00,7591.66,11202.45,11926.16,14756.51,35327.23,10125.35,18429.44
18028014,824966.13,7590.65,11201.85,11925.54,14755.48,35324.71,10123.56,18429.70
18079841,824949.00,7590.87,11201.85,11924.56,14754.19,35323.11,10123.21,18431.35
18131667,824966.13,7591.78,11201.13,11924.07,14755.61,35327.41,10118.71,18432.18
18183493,824924.50,7589.74,11200.52,11924.07,14753.68,35320.96,10118.00,18430.80
18235319,824940.81,7590.42,11200.40,11924.81,14753.03,35318.27,10119.42,18432.73
18287145,824957.94,7589.63,11199.79,11924.32,14750.21,35313.26,10118.46,18433.14
18338972,824949.00,7590.30,11199.67,11922.86,14750.58,35312.54,10113.50,18428.61
18390799,824974.31,7589.06,11200.52,11923.47,14750.84,35310.77,10110.65,18430.54
18442624,824991.50,7589.40,11199.31,11921.75,14750.72,35309.34,10111.83,18428.34
18494451,824949.00,7589.18,11198.70,11921.87,14749.95,35310.58,10112.92,18429.57
18546276,824924.50,7589.85,11201.36,11922.12,14747.64,35307.90,10112.19,18431.50
18598103,824924.50,7589.40,11199.43,11920.89,14747.76,35307.90,10109.47,18430.25
18649930,824924.50,7589.06,11200.28,11920.29,14746.60,35304.86,10110.29,18430.25
18701756,824891.00,7588.16,11199.91,11920.41,14745.70,35300.38,10107.34,18432.44
18753584,824966.13,7588.84,11199.31,11919.30,14745.05,35301.81,10107.10,18431.08
18805410,824966.13,7587.25,11199.55,11919.67,14743.26,35302.35,10104.97,18430.25
18857238,824966.13,7587.71,11196.77,11920.16,14742.74,35294.85,10104.61,18431.50
18909067,824940.81,7587.48,11198.23,11918.82,14742.35,35294.30,10103.78,18431.63
18960893,824916.31,7587.25,11197.61,11918.57,14740.04,35292.51,10100.71,18433.14
19012721,824974.31,7587.71,11197.98,11918.57,14741.08,35289.30,10099.77,18429.85
19064548,824949.00,7588.16,11196.77,11917.59,14739.92,35290.90,10099.99,18431.08
19116376,824932.63,7587.37,11196.65,11917.84,14739.14,35287.87,10098.93,18433.41
19168204,824957.94,7587.37,11196.53,11916.12,14738.62,35286.62,10099.17,18431.76
19220032,824916.31,7586.80,11196.77,11918.45,14738.62,35287.15,10099.05,18432.44
19271859,824916.31,7588.16,11196.53,11916.36,14739.66,35283.93,10098.46,18433.41
19323686,824932.63,7587.25,11195.31,11915.26,14736.44,35281.25,10097.40,18434.63
19375514,824882.88,7586.47,11193.15,11916.36,14736.05,35280.89,10097.75,18433.82
19427342,824924.50,7586.12,11193.63,11916.49,14738.11,35280.18,10097.52,18431.50
19479169,824924.50,7585.90,11193.63,11915.26,14735.54,35274.99,10096.09,18432.86
19530996,824957.94,7587.25,11193.51,11915.88,14735.93,35274.82,10096.34,18433.54
19582823,824891.00,7586.24,11194.72,11914.53,14734.38,35269.10,10096.92,18432.60
19634651,824949.00,7585.56,11192.18,11913.80,14733.10,35269.28,10095.03,18432.99
19686479,824949.00,7585.90,11192.06,11913.93,14732.32,35266.05,10095.03,18431.63
19738307,824882.88,7585.67,11192.43,11913.07,14733.48,35266.41,10094.67,18431.50
19790134,824940.81,7583.98,11191.22,11913.68,14732.32,35263.91,10094.44,18431.35
19841960,824966.13,7584.43,11190.13,11912.46,14732.85,35263.55,10094.44,18432.99
19893788,824957.94,7586.01,11190.25,11912.58,14730.28,35260.87,10095.25,18431.63
19945615,824899.19,7585.56,11188.57,11912.58,14728.61,35256.75,10093.84,18432.73
19997443,824899.19,7584.54,11189.76,11911.84,14730.39,35255.32,10095.73,18431.89
20049270,824916.31,7583.64,11189.04,11911.60,14728.22,35253.54,10092.07,18432.86
20101098,824891.00,7583.64,11188.20,11911.34,14730.14,35256.04,10093.36,18433.54
20152926,824940.81,7583.30,11187.95,11911.97,14727.44,35252.30,10092.42,18434.92
20204754,824899.19,7583.53,11186.87,11912.09,14728.86,35252.12,10091.94,18433.69
20256582,824966.13,7583.98,11187.71,11910.01,14725.89,35248.54,10091.60,18433.14
20308410,824949.00,7581.72,11187.36,11909.52,14726.80,35246.57,10093.72,18434.50
20360237,824949.00,7583.18,11188.07,11909.03,14724.87,35241.74,10091.12,18433.14
20412064,824932.63,7582.85,11187.36,11908.90,14725.89,35242.28,10091.12,18434.79
20463893,824907.38,7581.61,11184.82,11909.15,14725.89,35244.07,10089.71,18436.01
20515719,824957.94,7582.39,11185.31,11908.29,14725.52,35239.77,10088.29,18433.14
20567547,824932.63,7581.04,11183.98,11905.59,14723.83,35235.13,10086.86,18432.60
20619375,824924.50,7582.06,11185.54,11906.46,14724.23,35230.85,10086.26,18432.31
20671202,824932.63,7580.58,11184.94,11905.73,14722.30,35229.42,10084.37,18431.63
20723031,824966.13,7581.16,11183.61,11906.34,14721.14,35228.87,10082.13,18432.73
20774856,824940.81,7581.04,11182.77,11905.11,14721.40,35228.16,10076.45,18432.73
20826686,824949.00,7580.92,11183.01,11904.63,14720.12,35222.09,10077.63,18433.41
20878513,824891.00,7580.58,11183.24,11904.38,14719.99,35227.27,10077.87,18434.24
20930340,824932.63,7580.36,11182.40,11904.63,14721.01,35223.33,10074.31,18432.60
20982169,824949.00,7580.92,11179.63,11903.52,14719.08,35221.90,10068.40,18434.50
21033995,824907.38,7578.55,11179.99,11902.79,14719.08,35221.01,10070.64,18433.14
21085822,824916.31,7580.02,11180.34,11902.67,14717.66,35218.87,10067.10,18434.92
21137651,824916.31,7580.02,11178.29,11901.21,14718.45,35216.37,10064.61,18433.28
21189478,824940.81,7578.65,11179.38,11901.82,14716.00,35217.08,10062.72,18434.24
21241306,824966.13,7579.45,11177.70,11901.45,14717.54,35217.44,10064.85,18432.05
21293134,824957.94,7579.80,11176.84,11900.96,14715.62,35213.33,10064.73,18434.08
21344964,824957.94,7579.69,11177.58,11899.86,14716.90,35211.55,10066.51,18433.28
21396792,824949.00,7577.88,11176.49,11899.60,14714.97,35210.84,10062.36,18432.99
21448620,824966.13,7577.75,11175.16,11899.73,14715.88,35210.65,10060.59,18433.95
21500449,824966.13,7579.00,11173.47,11899.60,14715.23,35207.80,10057.99,18435.47
21552277,824949.00,7576.74,11172.86,11897.16,14711.89,35203.15,10058.11,18433.28
21604107,824949.00,7577.43,11173.23,11898.02,14712.66,35202.61,10059.53,18433.82
21655934,824957.94,7576.74,11172.39,11898.27,14711.38,35201.18,10059.05,18432.60
21708728,824907.38,7588.84,11184.57,11907.44,14719.87,35204.57,10059.75,18430.54
21760557,824916.31,7578.44,11173.35,11899.60,14713.31,35199.59,10057.63,18436.28
21812384,824966.13,7576.86,11171.90,11897.53,14712.79,35201.55,10057.51,18432.60
21864213,824966.13,7576.40,11171.65,11898.87,14712.53,35199.77,10057.74,18433.14
21916042,824924.50,7576.07,11170.22,11896.31,14712.01,35196.01,10056.32,18435.60
21967870,824924.50,7577.43,11171.30,11897.16,14708.16,35192.26,10055.38,18434.92
22019701,824907.38,7577.75,11170.94,11896.79,14707.90,35191.18,10055.14,18435.60
22071529,824940.81,7576.74,11169.48,11896.79,14707.39,35186.90,10054.32,18435.47
22123358,824916.31,7575.27,11168.16,11895.21,14706.49,35185.83,10054.68,18434.79
22175186,824891.00,7577.08,11167.67,11893.74,14704.93,35184.58,10054.07,18433.41
22227016,824949.00,7576.52,11166.71,11894.60,14704.81,35183.69,10052.18,18436.56
22278847,824957.94,7575.17,11166.96,11893.99,14704.81,35181.72,10052.31,18436.01
22330674,824957.94,7574.82,11166.96,11892.39,14702.63,35179.58,10052.89,18436.56
22382503,824974.31,7574.47,11165.99,11891.29,14703.02,35178.15,10053.49,18434.63
22434332,824966.13,7575.95,11166.71,11892.03,14701.48,35176.91,10054.20,18436.69
22486161,824924.50,7574.59,11166.47,11890.56,14700.97,35174.04,10052.07,18435.88
22537991,824891.00,7573.58,11163.21,11889.21,14697.88,35169.04,10053.37,18434.79
22589819,824924.50,7573.35,11162.97,11888.00,14697.37,35167.98,10054.07,18438.07
22641649,824940.81,7573.91,11162.36,11887.38,14696.47,35165.48,10052.31,18437.24
22693476,824924.50,7573.81,11162.36,11886.77,14695.69,35164.94,10051.24,18436.28
22745305,824949.00,7573.35,11160.31,11883.59,14693.89,35161.91,10050.64,18436.56
22797134,824932.63,7572.10,11159.82,11884.69,14692.48,35157.99,10051.37,18435.73
22848962,824957.94,7573.46,11162.49,11885.06,14694.02,35158.16,10048.52,18437.92
22900792,824899.19,7571.88,11161.53,11886.02,14693.89,35161.01,10045.69,18437.92
22952620,824940.81,7573.58,11161.77,11886.02,14693.38,35159.58,10044.27,18437.92
23004449,824940.81,7573.01,11161.65,11886.27,14694.29,35156.73,10045.21,18439.30
23056280,824924.50,7572.33,11159.35,11884.81,14692.23,35155.84,10046.97,18440.27
23108109,824957.94,7573.01,11162.36,11882.97,14690.30,35151.56,10048.29,18438.21
23159938,824957.94,7572.22,11161.53,11883.95,14690.81,35150.13,10046.75,18439.02
23211766,824974.31,7572.90,11162.36,11884.08,14689.79,35147.45,10047.33,18439.17
23263594,824940.81,7571.09,11162.49,11885.30,14688.88,35146.02,10043.66,18440.12
23315423,824940.81,7571.43,11161.04,11882.37,14687.86,35143.34,10046.97,18441.36
23367250,824924.50,7571.54,11161.04,11882.25,14686.70,35145.66,10042.72,18439.85
23419079,824899.19,7571.77,11158.86,11882.49,14687.72,35146.57,10040.59,18439.98
23470907,824907.38,7571.54,11158.98,11882.97,14686.45,35143.17,10041.07,18439.85
23522734,824966.13,7570.31,11159.10,11881.51,14686.82,35139.97,10038.71,18437.66
23574562,824940.81,7570.87,11157.78,11881.39,14685.40,35139.78,10037.88,18442.17
23626390,824899.19,7571.20,11158.01,11881.64,14684.52,35136.93,10037.64,18439.85
23678219,824966.13,7569.73,11157.42,11878.94,14684.26,35134.43,10038.71,18440.12
23730046,824974.31,7569.40,11156.93,11879.19,14682.34,35131.57,10038.12,18439.98
23781874,824957.94,7568.83,11156.33,11878.45,14682.71,35132.29,10036.82,18441.49
23833718,824949.00,7569.06,11156.20,11877.23,14682.97,35129.79,10032.45,18441.77
23885547,824924.50,7568.71,11155.73,11879.06,14681.04,35126.58,10032.08,18441.62
23937375,824957.94,7568.04,11154.88,11878.08,14681.56,35126.04,10033.39,18441.62
23989202,824907.38,7567.81,11156.08,11876.98,14680.02,35125.16,10033.15,18441.22
24041031,824932.63,7568.38,11156.45,11877.47,14678.60,35121.58,10028.18,18440.80
24092860,824949.00,7567.92,11154.76,11877.35,14678.60,35118.90,10029.60,18442.72
24144688,824957.94,7568.04,11154.88,11876.87,14677.33,35117.12,10029.48,18440.53
24196518,824949.00,7567.03,11154.52,11876.75,14676.80,35116.94,10027.59,18442.46
24248347,824899.19,7566.34,11154.04,11875.89,14676.80,35116.94,10026.63,18443.27
24300175,824957.94,7567.36,11153.56,11874.31,14678.21,35115.88,10023.46,18441.22
24352005,824949.00,7567.25,11151.74,11874.17,14677.45,35118.02,10022.50,18441.36
24403832,824949.00,7567.36,11152.58,11873.57,14676.80,35111.23,10019.31,18440.94
24455662,824957.94,7567.70,11150.77,11872.84,14676.03,35110.71,10019.91,18441.77
24507490,824924.50,7566.13,11150.42,11872.96,14673.08,35105.00,10019.79,18442.46
24559318,824940.81,7567.03,11150.90,11871.38,14675.15,35104.81,10017.89,18441.07
24611147,824949.00,7565.89,11152.11,11871.11,14673.47,35102.13,10017.42,18442.99
24662975,824907.38,7565.89,11150.06,11872.47,14671.67,35102.49,10019.07,18440.40
24714805,824899.19,7565.89,11149.94,11870.74,14672.83,35100.54,10015.89,18442.72
24766632,824932.63,7564.42,11149.21,11870.63,14672.58,35098.38,10016.59,18443.96
24818460,824907.38,7565.44,11149.33,11870.51,14670.90,35092.51,10016.83,18440.94
24870291,824957.94,7564.65,11148.72,11870.26,14671.67,35094.82,10016.59,18442.31
24922117,824957.94,7564.98,11148.13,11869.65,14669.10,35092.68,10015.06,18441.36
24973947,824924.50,7564.08,11147.40,11868.55,14671.02,35092.33,10015.76,18443.81
25025776,824891.00,7564.53,11147.40,11867.70,14669.35,35086.09,10016.48,18442.59
25077605,824957.94,7564.32,11147.40,11867.58,14668.72,35086.99,10016.83,18442.99
25129435,824899.19,7564.42,11147.51,11867.95,14668.47,35085.38,10016.70,18444.65
25181263,824899.19,7563.97,11147.88,11867.58,14665.38,35083.23,10017.54,18443.68
25233094,824966.13,7563.52,11148.13,11867.70,14667.30,35081.64,10015.76,18442.46
25284922,824966.13,7563.07,11147.64,11866.35,14665.75,35080.55,10016.95,18442.72
25336750,824957.94,7563.52,11148.61,11866.97,14665.24,35077.36,10014.81,18442.59
25388579,824957.94,7563.74,11149.21,11865.99,14666.41,35077.01,10015.18,18445.74
25440409,824949.00,7563.86,11147.64,11866.84,14665.63,35074.14,10013.17,18443.13
25492237,824940.81,7563.29,11146.80,11864.77,14666.03,35071.83,10014.46,18442.04
25544066,824932.63,7562.51,11147.76,11864.40,14663.45,35074.50,10014.00,18442.99
25595894,824907.38,7563.17,11146.80,11864.04,14664.48,35072.91,10012.45,18444.37
25647725,824907.38,7563.29,11147.51,11863.91,14666.03,35071.29,10010.33,18446.15
25699553,824957.94,7561.71,11145.12,11863.30,14665.12,35070.05,10010.92,18443.13
25751380,824932.63,7561.93,11145.24,11862.93,14662.55,35068.80,10008.44,18443.81
25803208,824957.94,7560.47,11144.75,11864.77,14663.19,35065.95,10007.38,18443.27
25855035,824957.94,7561.71,11144.99,11861.57,14662.30,35062.21,10006.07,18444.78
25906864,824957.94,7560.58,11144.50,11862.07,14661.13,35064.53,10004.41,18444.51
25958691,824966.13,7560.02,11144.02,11861.71,14660.11,35061.31,10002.53,18442.99
26010520,824924.50,7560.58,11143.19,11859.87,14660.11,35059.17,9999.57,18444.92
26062345,824891.00,7561.15,11142.09,11860.24,14659.46,35061.67,9997.21,18443.41
26114170,824949.00,7561.26,11142.33,11858.64,14659.35,35059.00,9994.02,18442.86
26165997,824932.63,7560.58,11142.09,11859.26,14658.31,35059.00,9993.54,18444.51
26217822,824983.31,7559.00,11141.37,11859.87,14658.95,35053.65,9992.00,18444.65
26269648,824949.00,7559.79,11141.25,11859.26,14658.44,35054.36,9993.31,18445.33
26321474,824949.00,7558.43,11142.09,11858.53,14656.90,35054.55,9991.18,18444.78
26373300,824940.81,7559.00,11140.76,11858.89,14656.90,35050.08,9990.94,18442.99
26425126,824899.19,7559.56,11140.89,11858.29,14654.59,35049.72,9990.00,18442.31
26476951,824940.81,7559.56,11140.04,11856.69,14654.45,35048.13,9988.23,18445.47
26528777,824932.63,7559.56,11138.96,11857.80,14653.82,35045.09,9986.33,18444.23
26580603,824932.63,7558.89,11138.23,11856.57,14652.02,35045.63,9985.86,18443.68
26632431,824891.00,7558.33,11138.59,11856.22,14654.20,35046.34,9986.92,18442.72
26684257,824949.00,7558.77,11137.75,11855.96,14652.40,35044.03,9987.28,18443.41
26736082,824924.50,7558.43,11137.27,11854.26,14652.80,35043.32,9985.75,18443.68
26787909,824891.00,7556.40,11137.27,11855.24,14652.27,35040.82,9983.27,18443.55
26839735,824940.81,7558.66,11137.03,11855.11,14651.50,35038.68,9985.50,18443.81
26891561,824957.94,7557.09,11134.85,11854.87,14650.87,35035.47,9981.96,18442.59
26943389,824957.94,7557.75,11135.22,11854.26,14648.69,35030.13,9981.96,18444.37
26995215,824966.13,7557.99,11135.22,11854.87,14649.20,35036.90,9979.96,18445.47
27047041,824949.00,7558.33,11136.29,11852.92,14648.41,35029.95,9981.61,18444.51
27098868,824891.00,7556.85,11135.58,11854.74,14648.04,35028.88,9980.90,18443.55
27150694,824916.31,7557.41,11133.77,11852.80,14646.37,35023.19,9978.42,18443.96
27202521,824966.13,7557.99,11133.89,11853.64,14647.65,35026.56,9979.96,18446.15
27254347,824949.00,7556.96,11132.92,11851.19,14646.23,35023.71,9979.37,18444.51
27306174,824957.94,7557.65,11133.53,11851.93,14645.34,35018.55,9981.61,18445.05
27358000,824916.31,7557.19,11133.28,11852.05,14645.34,35020.88,9980.55,18444.78
27409827,824899.19,7557.86,11132.80,11850.70,14645.47,35019.08,9977.71,18444.78
27461655,824957.94,7557.19,11132.21,11850.70,14643.29,35014.45,9975.94,18442.99
27513481,824957.94,7556.63,11131.60,11850.46,14642.65,35013.55,9976.52,18446.15
27565307,824949.00,7554.93,11131.60,11849.49,14642.65,35013.39,9976.77,18446.56
27617133,824932.63,7555.28,11132.56,11848.14,14640.22,35011.08,9979.72,18446.84
27668960,824957.94,7555.61,11131.47,11849.97,14639.70,35006.97,9978.77,18446.42
27720786,824949.00,7555.16,11130.38,11846.93,14638.15,35006.97,9979.83,18447.39
27772613,824932.63,7554.48,11130.38,11847.65,14638.54,35004.84,9974.64,18446.97
27824438,824949.00,7554.25,11128.22,11847.53,14637.78,35004.13,9974.04,18447.11
27876263,824916.31,7554.82,11129.67,11847.28,14636.48,35000.56,9973.94,18446.02
27928091,824924.50,7554.93,11128.83,11846.56,14636.87,34999.85,9970.98,18448.08
27979918,824940.81,7553.57,11127.01,11845.94,14635.46,34999.13,9970.39,18449.98
28031744,824899.19,7554.71,11127.01,11845.46,14636.10,34997.89,9969.21,18447.52
28083569,824940.81,7554.93,11126.28,11844.97,14635.46,34994.51,9969.57,18444.65
28135395,824957.94,7554.25,11126.53,11846.19,14634.30,34992.73,9971.33,18444.65
28187222,824957.94,7553.35,11125.09,11845.09,14633.16,34993.81,9970.39,18446.56
28239049,824916.31,7555.16,11125.81,11845.09,14634.94,34990.76,9968.27,18449.30
28290873,824949.00,7553.47,11125.21,11844.84,14634.94,34990.42,9969.33,18449.03
28342700,824949.00,7553.35,11125.44,11844.12,14633.54,34986.68,9968.27,18449.98
28394526,824966.13,7553.81,11123.88,11843.75,14632.51,34986.14,9966.73,18451.50
28446353,824932.63,7552.90,11124.97,11843.63,14631.99,34984.37,9968.97,18451.22
28498177,824907.38,7552.79,11124.12,11842.53,14630.59,34980.80,9968.38,18450.13
28550001,824924.50,7552.44,11123.28,11843.63,14628.79,34978.84,9966.02,18449.85
28601825,824940.81,7552.34,11121.70,11842.04,14629.93,34980.80,9965.54,18449.44
28653649,824940.81,7552.44,11122.07,11842.40,14628.39,34975.29,9966.02,18451.22
28705474,824940.81,7553.57,11121.35,11841.91,14629.43,34973.86,9964.84,18450.95
28757299,824966.13,7552.11,11119.66,11841.91,14627.63,34971.73,9964.48,18451.37
28809122,824874.69,7553.57,11120.02,11840.58,14625.32,34971.55,9962.83,18452.72
28860948,824966.13,7552.79,11120.26,11840.58,14624.30,34966.21,9961.54,18452.17
28913735,824966.13,7564.77,11129.54,11849.49,14635.06,34971.91,9962.83,18449.17
28965559,824949.00,7551.76,11117.96,11843.51,14628.66,34969.05,9960.47,18450.27
29017383,824949.00,7552.34,11117.59,11840.58,14625.45,34963.19,9959.17,18451.50
29069208,824899.19,7550.07,11115.20,11838.48,14624.80,34959.09,9961.29,18453.01
29121032,824932.63,7551.43,11117.96,11837.76,14622.25,34957.49,9962.60,18451.91
29172856,824940.81,7550.87,11117.96,11837.88,14622.11,34958.74,9961.29,18452.17
29224681,824949.00,7552.34,11117.13,11836.78,14621.08,34956.24,9962.83,18452.85
29276506,824949.00,7549.85,11116.29,11837.51,14619.81,34954.82,9960.35,18452.59
29328331,824891.00,7550.19,11115.67,11838.36,14619.55,34950.54,9958.35,18451.50
29380158,824957.94,7550.87,11116.04,11838.73,14617.49,34946.28,9958.57,18452.85
29431983,824932.63,7550.87,11113.74,11835.43,14618.26,34946.63,9957.75,18452.33
29483807,824882.88,7550.87,11114.58,11835.92,14618.26,34945.75,9957.99,18453.96
29535633,824882.88,7549.06,11113.62,11834.21,14616.21,34940.59,9956.22,18452.46
29587457,824957.94,7549.73,11112.31,11834.83,14614.02,34938.80,9955.87,18451.08
29639284,824940.81,7547.81,11111.81,11833.97,14613.77,34939.52,9956.46,18452.85
29691109,824957.94,7548.82,11110.38,11832.99,14615.06,34937.38,9956.10,18452.46
29742932,824932.63,7549.06,11112.18,11830.92,14613.13,34937.03,9956.93,18454.23
29794759,824907.38,7549.17,11111.58,11831.41,14614.54,34935.60,9956.46,18452.59
29846583,824949.00,7547.70,11108.91,11830.55,14612.87,34932.05,9957.75,18452.85
29898409,824940.81,7548.05,11110.72,11831.90,14613.13,34932.93,9955.98,18452.59
29950233,824966.13,7547.70,11108.20,11830.67,14611.84,34929.20,9953.26,18451.91
30002060,824907.38,7548.05,11108.32,11831.53,14611.72,34930.98,9953.50,18452.46
30053885,824957.94,7547.48,11106.52,11829.09,14610.42,34927.77,9951.62,18452.72
30105711,824949.00,7548.61,11107.48,11829.58,14611.21,34923.86,9950.79,18454.91
30157536,824966.13,7546.00,11107.12,11829.46,14610.82,34925.11,9949.59,18453.56
30209361,824949.00,7546.45,11107.35,11827.87,14609.54,34928.31,9948.54,18451.50
30261188,824957.94,7547.02,11104.83,11827.87,14610.30,34926.89,9949.25,18455.07
30313013,824949.00,7545.68,11104.09,11828.36,14610.42,34922.80,9950.07,18453.42
30364838,824899.19,7545.79,11104.09,11827.87,14609.28,34920.30,9947.59,18454.37
30416663,824932.63,7546.00,11103.63,11826.90,14609.15,34918.54,9944.76,18454.91
30468489,824907.38,7546.91,11104.34,11827.87,14609.40,34919.95,9946.30,18454.78
30520315,824957.94,7546.35,11101.33,11827.62,14607.35,34917.82,9945.12,18454.37
30572141,824916.31,7546.00,11102.78,11827.37,14608.52,34920.13,9946.18,18456.15
30623967,824949.00,7545.33,11100.97,11824.81,14607.88,34920.13,9944.06,18456.15
30675792,824949.00,7545.56,11102.04,11824.69,14608.13,34917.28,9943.93,18456.97
30727617,824932.63,7546.12,11102.29,11825.43,14608.39,34914.97,9945.34,18458.34
30779444,824940.81,7545.33,11102.16,11823.83,14607.61,34919.06,9945.70,18458.07
30831268,824882.88,7545.79,11101.33,11822.00,14607.88,34915.32,9945.70,18457.81
30883094,824891.00,7546.24,11100.48,11823.97,14607.48,34915.32,9943.82,18456.57
30934920,824932.63,7544.43,11096.03,11822.73,14607.22,34914.60,9940.15,18456.29
30986745,824966.13,7544.43,11101.45,11822.24,14608.13,34911.59,9940.28,18454.10
31038570,824974.31,7544.88,11101.45,11822.00,14607.61,34913.90,9939.21,18457.52
31090397,824957.94,7544.88,11101.20,11822.12,14606.46,34910.88,9939.45,18455.62
31142221,824957.94,7545.79,11101.45,11823.10,14605.83,34910.00,9936.85,18456.15
31194046,824974.31,7545.68,11101.70,11822.00,14605.83,34907.86,9936.73,18458.62
31245869,824957.94,7545.56,11099.89,11821.02,14605.68,34910.16,9937.57,18457.94
31297694,824957.94,7544.54,11099.15,11820.54,14606.59,34910.00,9935.20,18459.72
31349518,824899.19,7544.65,11099.27,11820.89,14606.08,34910.35,9935.55,18456.43
31401342,824949.00,7544.08,11098.80,11820.54,14606.20,34910.70,9933.78,18459.72
31453167,824940.81,7545.56,11097.34,11820.41,14606.08,34911.05,9933.07,18459.72
31504991,824899.19,7544.65,11096.62,11820.41,14607.10,34911.76,9930.96,18459.31
31556816,824949.00,7545.44,11097.34,11820.89,14607.99,34914.97,9929.77,18459.58
31608641,824924.50,7544.31,11096.74,11819.31,14609.54,34912.30,9929.18,18458.62
31660466,824966.13,7544.76,11095.41,11819.92,14607.99,34911.95,9928.35,18458.49
31712289,824957.94,7543.75,11094.58,11818.33,14606.97,34908.21,9926.93,18460.27
31764114,824916.31,7543.75,11094.58,11816.99,14606.08,34906.43,9927.29,18460.82
31815940,824907.38,7543.75,11093.73,11816.14,14606.85,34906.08,9926.23,18461.92
31867765,824949.00,7544.88,11094.10,11816.26,14606.20,34907.67,9926.81,18458.07
31919590,824932.63,7543.52,11093.85,11815.17,14606.46,34906.08,9926.59,18462.46
31971415,824940.81,7544.43,11092.51,11815.52,14606.08,34904.13,9926.23,18461.09
32023239,824957.94,7542.84,11091.92,11814.06,14603.39,34902.34,9925.99,18462.33
32075065,824957.94,7542.95,11090.72,11815.03,14604.53,34900.04,9923.99,18462.59
32126892,824949.00,7541.94,11089.75,11814.31,14602.87,34900.74,9922.45,18462.33
32178717,824940.81,7542.28,11089.63,11814.92,14604.15,34897.89,9923.51,18461.63
32230542,824957.94,7540.82,11090.58,11813.45,14602.99,34899.32,9920.56,18463.14
32282366,824966.13,7543.07,11088.06,11814.06,14603.39,34899.49,9920.56,18461.50
32334193,824924.50,7542.17,11088.55,11812.71,14602.87,34898.97,9919.50,18461.37
32386018,824966.13,7542.28,11087.70,11811.99,14602.22,34900.56,9919.26,18462.46
32437843,824916.31,7541.49,11088.06,11812.84,14602.73,34897.89,9919.62,18461.77
32489670,824957.94,7542.95,11088.43,11812.35,14604.41,34901.80,9918.91,18463.43
32541495,824949.00,7539.12,11086.38,11812.24,14606.46,34904.66,9918.91,18464.38
32593320,824891.00,7540.93,11086.50,11810.28,14604.15,34897.00,9917.38,18463.01
32645147,824932.63,7541.59,11086.38,11810.64,14603.39,34898.79,9917.96,18464.93
32696971,824932.63,7540.13,11087.70,11811.50,14604.02,34897.71,9916.43,18463.56
32748797,824899.19,7540.13,11086.86,11811.38,14602.99,34898.25,9916.32,18467.26
32800623,824966.13,7540.37,11084.94,11808.57,14602.73,34900.92,9915.73,18464.65
32852448,824949.00,7540.37,11085.30,11809.42,14604.79,34901.99,9917.49,18465.20
32904273,824974.31,7540.13,11085.77,11809.66,14606.08,34902.52,9916.91,18466.85
32956099,824907.38,7540.58,11084.32,11808.69,14605.83,34902.88,9914.79,18465.75
33007925,824940.81,7538.66,11084.45,11809.06,14602.99,34899.14,9914.43,18465.62
33059750,824966.13,7539.80,11083.37,11808.33,14604.41,34902.34,9915.01,18466.01
33111576,824924.50,7539.68,11083.49,11809.06,14604.79,34901.46,9915.13,18466.01
33163400,824957.94,7539.01,11083.49,11807.84,14604.92,34901.28,9914.32,18466.17
33215225,824940.81,7539.22,11084.32,11805.88,14604.79,34903.77,9914.43,18469.04
33267052,824899.19,7539.46,11083.73,11806.73,14606.71,34904.66,9914.67,18466.98
33318877,824891.00,7538.21,11082.64,11806.13,14605.17,34907.49,9913.71,18466.71
33370702,824874.69,7540.02,11084.20,11806.01,14605.68,34906.78,9914.19,18468.36
33422529,824882.88,7537.76,11081.80,11805.76,14605.95,34903.95,9914.32,18466.01
33474353,824916.31,7539.57,11083.24,11803.68,14604.53,34904.66,9913.84,18467.26
33526179,824940.81,7538.10,11082.40,11803.45,14604.92,34902.71,9911.49,18467.53
33578004,824974.31,7537.65,11082.88,11802.22,14604.02,34904.30,9909.35,18469.31
33629829,824916.31,7537.43,11081.80,11803.08,14602.60,34902.34,9909.71,18468.49
33681653,824957.94,7536.52,11082.17,11801.61,14604.53,34904.66,9909.47,18468.07
33733476,824940.81,7535.72,11080.47,11801.97,14603.64,34902.71,9908.52,18468.36
33785300,824932.63,7536.52,11080.59,11801.49,14603.77,34903.95,9907.46,18467.53
33837125,824891.00,7535.84,11080.71,11801.85,14603.50,34899.68,9906.64,18470.42
33888949,824882.88,7536.40,11079.15,11800.64,14601.58,34901.28,9904.88,18471.50
33940772,824924.50,7535.51,11079.39,11800.27,14602.35,34903.23,9903.46,18472.60
33992598,824957.94,7535.96,11076.97,11800.75,14602.48,34904.66,9900.63,18471.79
34044423,824974.31,7536.75,11075.77,11799.41,14604.66,34906.25,9902.27,18472.06
34096246,824940.81,7535.16,11076.74,11799.41,14603.12,34901.99,9901.10,18473.85
34148071,824966.13,7535.06,11076.01,11798.92,14603.50,34901.46,9901.45,18474.11
34199896,824932.63,7534.48,11075.77,11797.94,14602.60,34895.60,9898.74,18472.60
34251719,824949.00,7533.91,11075.89,11798.08,14602.35,34897.19,9898.85,18472.19
34303544,824966.13,7534.83,11074.08,11798.56,14601.72,34898.07,9898.27,18476.30
34355367,824916.31,7533.46,11073.96,11798.92,14602.35,34897.00,9898.03,18472.74
34407195,824940.81,7532.90,11072.64,11797.46,14601.58,34900.38,9897.55,18473.69
34459020,824949.00,7531.10,11072.77,11797.46,14600.94,34898.97,9898.03,18475.75
34510845,824891.00,7532.11,11072.89,11796.85,14602.35,34897.36,9898.85,18474.11
34562671,824957.94,7531.89,11072.40,11795.63,14601.97,34895.76,9898.15,18474.11
34614495,824949.00,7531.54,11071.92,11796.61,14599.79,34893.98,9899.55,18472.74
34666321,824957.94,7531.54,11071.30,11795.87,14599.92,34896.11,9896.61,18472.19
34718147,824916.31,7532.00,11071.08,11794.78,14600.69,34894.17,9897.55,18469.46
34769972,824957.94,7532.34,11071.19,11795.99,14599.65,34895.06,9894.84,18470.82
34821798,824907.38,7532.00,11072.27,11794.78,14598.76,34890.61,9895.43,18469.59
34873623,824940.81,7530.65,11069.63,11794.29,14598.76,34889.54,9893.55,18469.87
34925450,824899.19,7530.30,11068.18,11792.94,14598.12,34889.19,9892.61,18471.10
34977274,824966.13,7530.88,11068.54,11793.43,14599.53,34889.54,9888.60,18471.37
35029100,824916.31,7531.78,11067.93,11792.20,14598.37,34889.37,9891.54,18470.55
35080927,824899.19,7530.98,11068.18,11792.45,14600.69,34889.89,9889.90,18469.18
35132751,824940.81,7532.00,11067.58,11791.60,14599.01,34890.43,9889.18,18469.18
35184577,824949.00,7531.21,11069.15,11791.85,14597.23,34887.58,9889.90,18472.06
35236404,824957.94,7529.97,11067.70,11791.36,14595.93,34884.39,9890.00,18470.28
35288228,824966.13,7529.29,11067.46,11792.34,14596.83,34884.02,9890.36,18470.42
35340055,824957.94,7529.18,11066.98,11789.89,14595.17,34884.91,9886.58,18471.50
35391880,824957.94,7529.85,11065.29,11790.13,14594.66,34882.08,9885.41,18471.93
35443705,824907.38,7529.85,11064.45,11789.16,14593.88,34879.77,9883.17,18473.02
35495532,824966.13,7529.97,11062.99,11788.92,14592.86,34877.63,9883.29,18473.69
35547358,824957.94,7527.37,11064.09,11789.04,14591.32,34874.27,9884.58,18472.34
35599184,824983.31,7529.74,11062.88,11790.38,14590.17,34873.55,9881.51,18475.21
35651007,824983.31,7527.72,11062.28,11789.53,14590.68,34873.02,9883.41,18473.56
35702833,824974.31,7529.40,11062.99,11788.80,14590.43,34872.84,9882.23,18475.21
35754659,824899.19,7527.59,11062.40,11788.55,14588.50,34868.75,9886.00,18474.66
35806485,824957.94,7527.14,11061.92,11787.57,14588.88,34865.73,9885.76,18474.94
35858310,824949.00,7528.28,11063.24,11787.94,14588.12,34865.19,9883.64,18475.08
35910134,824983.31,7526.36,11061.80,11787.57,14585.43,34862.52,9885.06,18474.25
35961961,824957.94,7526.92,11062.63,11787.45,14585.30,34858.80,9884.93,18477.40
36013787,824966.13,7526.12,11062.16,11786.60,14584.52,34855.59,9885.54,18476.17
36065611,824932.63,7526.02,11062.52,11785.87,14584.13,34857.01,9886.70,18476.59
36118445,824966.13,7539.46,11073.60,11797.09,14594.91,34863.78,9886.82,18474.53
36170270,824940.81,7525.79,11061.67,11788.67,14586.32,34853.64,9884.46,18477.55
36222095,824966.13,7526.36,11060.96,11786.35,14584.65,34851.33,9883.41,18477.55
36273920,824907.38,7526.24,11060.96,11785.25,14583.10,34849.38,9881.40,18477.68
36325743,824966.13,7525.91,11060.84,11786.11,14581.57,34845.29,9879.87,18478.23
36377569,824949.00,7526.24,11059.38,11787.08,14581.45,34842.63,9878.80,18476.17
36429391,824916.31,7525.34,11058.78,11784.40,14579.39,34841.21,9877.51,18478.10
36481217,824949.00,7525.00,11058.91,11783.55,14579.14,34837.65,9877.86,18479.46
36533041,824957.94,7526.12,11058.54,11783.67,14578.25,34834.63,9876.57,18477.27
36584865,824907.38,7525.22,11057.22,11781.46,14577.22,34834.46,9875.02,18479.04
36636690,824957.94,7523.75,11056.25,11782.32,14577.22,34829.48,9873.73,18480.55
36688514,824949.00,7525.00,11055.66,11782.20,14576.44,34825.93,9872.32,18480.01
36740339,824983.31,7522.97,11056.62,11782.32,14575.29,34823.62,9871.26,18480.15
36792164,824949.00,7524.55,11055.54,11782.45,14576.07,34824.86,9872.56,18479.33
36843985,824974.31,7524.55,11054.69,11782.69,14575.54,34822.73,9872.44,18481.52
36895811,824966.13,7523.42,11055.54,11779.76,14575.80,34823.80,9872.79,18481.38
36947635,824957.94,7522.06,11053.24,11780.86,14576.70,34825.75,9870.30,18481.38
36999460,824949.00,7523.19,11054.32,11781.22,14577.09,34818.46,9872.08,18482.76
37051286,824924.50,7523.75,11053.85,11779.03,14575.80,34819.71,9872.32,18481.79
37103111,824966.13,7523.42,11052.88,11779.64,14574.01,34814.38,9869.36,18481.79
37154937,824957.94,7522.97,11052.27,11779.64,14574.52,34812.78,9869.61,18481.79
37206764,824966.13,7522.52,11050.83,11781.11,14574.27,34814.91,9869.61,18482.07
37258588,824882.88,7523.08,11051.07,11779.15,14573.36,34812.08,9869.61,18483.44
37310413,824957.94,7522.52,11049.39,11779.52,14573.48,34809.07,9869.36,18483.85
37362239,824940.81,7521.28,11050.83,11779.52,14572.85,34808.35,9868.30,18484.95
37414065,824924.50,7521.96,11049.87,11778.29,14572.85,34808.70,9868.30,18485.91
37465889,824974.31,7522.86,11049.75,11777.20,14571.43,34807.64,9869.02,18485.78
37517716,824966.13,7520.60,11049.51,11776.34,14570.55,34802.14,9868.42,18486.04
37569541,824940.81,7521.84,11048.67,11777.20,14571.18,34803.03,9867.60,18486.33
37621366,824949.00,7519.59,11048.06,11776.71,14571.18,34803.03,9865.36,18486.17
37673192,824932.63,7520.49,11046.38,11777.08,14570.16,34800.36,9865.36,18485.91
37725017,824966.13,7521.16,11046.25,11776.22,14571.96,34802.84,9864.42,18486.87
37776843,824949.00,7518.90,11044.94,11774.02,14572.34,34800.89,9865.95,18487.82
37828669,824907.38,7519.13,11046.50,11776.71,14572.98,34801.96,9865.36,18486.59
37880493,824957.94,7520.60,11045.28,11774.88,14572.09,34796.99,9865.48,18487.27
37932319,824974.31,7519.01,11045.90,11775.73,14572.72,34798.23,9865.48,18487.69
37984144,824966.13,7519.35,11046.86,11775.62,14572.09,34798.75,9866.30,18486.72
38035970,824891.00,7519.69,11046.62,11774.63,14571.96,34797.69,9866.20,18487.14
38087794,824957.94,7518.45,11046.50,11774.27,14573.36,34798.04,9865.84,18484.95
38139620,824974.31,7519.47,11044.57,11775.13,14572.72,34795.74,9864.54,18487.43
38191444,824907.38,7518.34,11041.44,11773.53,14572.47,34793.61,9863.95,18487.69
38243271,824907.38,7518.90,11043.13,11774.15,14573.11,34795.56,9862.06,18485.91
38295095,824916.31,7518.90,11042.16,11774.27,14572.47,34790.42,9862.18,18484.95
38346920,824957.94,7519.47,11043.49,11774.88,14572.60,34791.48,9862.06,18485.08
38398746,824974.31,7517.66,11043.01,11772.32,14572.21,34792.91,9861.35,18484.40
38450572,824932.63,7519.01,11043.13,11772.20,14571.70,34792.55,9860.06,18484.95
38502396,824957.94,7518.34,11042.04,11772.80,14572.21,34792.91,9858.65,18484.66
38554223,824966.13,7517.55,11040.23,11771.22,14570.16,34789.70,9855.35,18485.37
38606049,824966.13,7517.10,11040.00,11772.55,14571.70,34787.05,9854.05,18486.87
38657873,824891.00,7517.66,11039.51,11771.22,14571.83,34788.11,9855.69,18486.59
38709699,824940.81,7516.87,11039.64,11770.73,14571.58,34789.00,9856.87,18485.63
38761524,824966.13,7516.99,11037.83,11771.58,14570.16,34786.87,9854.41,18487.14
38813349,824966.13,7517.43,11040.00,11769.27,14570.16,34790.06,9855.69,18485.91
38865175,824983.31,7517.10,11039.76,11770.48,14571.83,34790.06,9853.93,18485.91
38916999,824891.00,7518.56,11038.19,11769.63,14570.80,34789.00,9854.05,18486.72
38968824,824974.31,7516.64,11037.11,11768.29,14571.43,34785.09,9853.93,18490.02
39020648,824949.00,7516.87,11037.34,11769.63,14572.60,34790.06,9854.51,18487.27
39072473,824949.00,7515.63,11037.95,11769.02,14573.11,34789.70,9854.17,18488.65
39124297,824949.00,7515.74,11037.11,11768.04,14572.60,34788.81,9854.17,18489.47
39176121,824949.00,7516.19,11038.19,11768.90,14572.09,34792.01,9854.28,18490.57
39227945,824891.00,7516.08,11037.58,11767.80,14572.34,34790.95,9853.93,18491.53
39279769,824966.13,7515.29,11036.14,11766.81,14571.18,34785.63,9851.92,18492.63
39331594,824899.19,7515.07,11036.61,11767.06,14571.96,34786.51,9853.93,18495.24
39383418,824932.63,7515.07,11034.93,11767.18,14569.91,34783.66,9853.22,18495.24
39435244,824957.94,7513.93,11035.18,11766.95,14570.80,34785.45,9851.81,18495.92
39487068,824966.13,7513.37,11033.61,11766.09,14570.55,34784.02,9851.33,18497.30
39538890,824949.00,7514.27,11031.56,11765.60,14570.93,34785.26,9849.33,18497.01
39590715,824949.00,7513.82,11032.77,11765.72,14569.53,34785.09,9849.56,18496.46
39642541,824949.00,7513.37,11030.72,11764.99,14570.04,34781.54,9848.39,18496.05
39694366,824940.81,7512.46,11030.24,11764.38,14568.37,34782.62,9845.68,18496.75
39746191,824983.31,7513.26,11031.33,11763.28,14570.41,34785.63,9844.62,18493.05
39798014,824932.63,7511.79,11031.45,11764.50,14570.93,34787.93,9845.80,18495.24
39849842,824974.31,7512.13,11030.35,11765.11,14570.04,34783.48,9843.80,18494.69
39901667,824957.94,7512.58,11028.67,11763.28,14570.04,34782.25,9842.62,18492.90
39953490,824891.00,7512.36,11028.91,11762.79,14567.21,34780.30,9842.02,18494.56
40005317,824891.00,7512.13,11028.55,11761.94,14568.49,34778.70,9840.50,18496.61
40057141,824957.94,7510.67,11028.31,11763.04,14568.23,34775.52,9842.38,18494.69
40108966,824974.31,7511.23,11027.48,11762.92,14567.86,34779.58,9841.44,18496.20
40160792,824949.00,7511.12,11026.38,11761.57,14567.98,34780.65,9840.74,18495.50
40212617,824932.63,7511.57,11026.75,11760.96,14568.88,34776.03,9838.02,18495.79
40264444,824916.31,7510.21,11026.26,11761.46,14568.11,34779.77,9837.78,18497.56
40316268,824974.31,7510.21,11025.42,11760.35,14568.88,34777.64,9835.20,18496.61
40368093,824949.00,7509.53,11023.49,11760.48,14569.00,34778.88,9836.02,18496.05
40419919,824924.50,7510.55,11022.64,11760.96,14566.84,34776.75,9833.66,18498.39
40471745,824932.63,7509.98,11023.26,11759.98,14567.98,34775.86,9832.72,18496.20
40523572,824949.00,7509.98,11024.34,11759.62,14568.23,34777.82,9831.18,18496.75
40575394,824949.00,7509.53,11023.74,11758.66,14564.51,34771.43,9828.12,18497.56
40627221,824932.63,7509.76,11023.13,11757.56,14566.69,34772.14,9828.12,18492.08
40679047,824916.31,7509.53,11023.98,11756.33,14566.84,34774.79,9828.48,18488.93
40730872,824916.31,7509.87,11022.89,11757.56,14568.88,34774.98,9826.24,18488.65
40782698,824949.00,7507.74,11022.53,11756.08,14569.00,34774.79,9825.41,18489.62
40834523,824924.50,7509.08,11021.69,11756.58,14568.49,34771.96,9823.30,18490.99
40886349,824949.00,7509.20,11021.20,11756.58,14566.57,34773.02,9824.47,18491.53
40938176,824932.63,7509.20,11021.69,11756.70,14567.47,34769.30,9822.82,18493.18
40990001,824916.31,7509.76,11021.20,11755.61,14566.18,34767.71,9823.30,18493.05
41041827,824949.00,7508.06,11021.33,11755.24,14565.81,34769.11,9823.41,18492.50
41093653,824974.31,7508.40,11019.41,11754.38,14564.65,34767.34,9822.69,18494.01
41145479,824891.00,7507.95,11019.89,11756.08,14565.93,34770.00,9822.11,18493.59
41197305,824932.63,7508.30,11020.00,11755.24,14565.93,34770.00,9822.35,18494.01
41249130,824949.00,7508.51,11018.31,11755.12,14566.57,34771.60,9822.11,18494.27
41300956,824966.13,7506.26,11017.24,11754.13,14568.49,34769.47,9820.35,18494.40
41352781,824907.38,7507.95,11018.44,11754.63,14566.32,34768.93,9820.35,18495.79
41404609,824957.94,7507.62,11016.87,11754.63,14566.32,34770.18,9818.58,18497.43
41456433,824916.31,7507.62,11017.00,11752.92,14567.60,34770.00,9818.45,18494.82
41508256,824957.94,7506.03,11016.27,11752.19,14567.72,34766.10,9818.23,18494.56
41560082,824899.19,7505.91,11018.31,11753.29,14567.86,34769.30,9819.06,18494.56
41611906,824949.00,7507.84,11015.79,11751.94,14567.72,34767.52,9817.99,18495.24
41663731,824924.50,7506.82,11013.38,11751.08,14566.44,34764.16,9816.11,18494.01
41715556,824940.81,7507.16,11014.00,11753.52,14567.72,34768.77,9815.99,18494.82
41767377,824907.38,7506.49,11015.19,11750.96,14567.72,34765.92,9815.87,18494.69
41819203,824899.19,7506.82,11013.03,11750.96,14566.69,34766.10,9814.46,18494.95
41871028,824949.00,7506.82,11012.78,11751.20,14567.60,34768.77,9815.29,18497.85
41922852,824949.00,7505.81,11013.63,11750.36,14566.18,34766.10,9812.81,18493.45
41974678,824949.00,7506.03,11011.57,11749.99,14566.18,34769.30,9813.27,18497.01
42026501,824932.63,7506.26,11012.90,11749.50,14567.21,34768.93,9812.81,18497.01
42078326,824932.63,7504.79,11013.15,11748.77,14566.44,34764.50,9813.63,18495.92
42130151,824966.13,7506.03,11011.70,11750.36,14566.96,34768.05,9812.46,18497.56
42181993,824949.00,7505.35,11009.16,11749.26,14565.16,34764.32,9811.75,18498.25
42233818,824966.13,7505.01,11010.14,11747.80,14566.96,34764.68,9809.75,18500.44
42285642,824940.81,7505.01,11009.77,11747.30,14565.67,34758.66,9810.81,18500.99
42337469,824957.94,7505.13,11010.97,11747.43,14565.67,34766.46,9811.27,18499.62
42389294,824916.31,7505.13,11010.62,11749.01,14564.51,34763.27,9807.87,18499.21
42441120,824932.63,7505.01,11009.89,11747.43,14562.86,34763.09,9808.69,18497.70
42492947,824983.31,7503.54,11008.69,11746.94,14563.11,34759.18,9807.51,18497.15
42544770,824899.19,7504.69,11007.85,11747.55,14564.00,34758.12,9807.15,18498.25
42596596,824974.31,7505.01,11008.82,11746.82,14562.47,34756.69,9805.73,18498.67
42648421,824957.94,7504.45,11009.29,11747.30,14559.91,34754.39,9805.97,18500.31
42700248,824924.50,7504.00,11008.57,11745.59,14560.29,34754.75,9806.81,18500.73
42752072,824957.94,7504.69,11007.37,11746.32,14560.93,34755.11,9807.03,18500.86
42803896,824899.19,7504.34,11008.33,11747.30,14563.75,34755.99,9807.39,18503.05
42855721,824932.63,7504.34,11007.85,11745.71,14562.47,34755.63,9807.51,18499.49
42907547,824974.31,7503.09,11006.89,11746.20,14560.54,34753.51,9804.92,18504.98
42959372,824932.63,7503.44,11005.45,11744.74,14562.47,34750.48,9803.73,18506.48
43011197,824957.94,7502.20,11004.60,11744.38,14561.70,34750.48,9802.69,18507.17
43063022,824949.00,7502.76,11002.92,11743.27,14563.11,34750.14,9802.91,18507.03
43114848,824957.94,7501.29,11002.92,11745.47,14561.44,34749.77,9801.97,18507.57
43166673,824983.31,7501.52,11002.55,11744.38,14562.20,34749.25,9799.39,18506.48
43218499,824957.94,7501.07,11001.95,11742.42,14562.08,34749.25,9799.85,18506.90
43270325,824940.81,7500.39,11001.83,11742.56,14560.67,34747.64,9799.61,18506.90
43323114,824957.94,7513.04,11013.15,11752.06,14572.98,34752.80,9802.44,18501.69
43374939,824949.00,7500.95,11001.59,11745.22,14563.62,34744.09,9799.49,18506.35
43426763,824891.00,7500.04,11001.71,11741.95,14561.57,34745.52,9799.49,18505.93
43478590,824949.00,7500.16,11000.27,11742.19,14561.44,34745.00,9797.03,18506.21
43530416,824932.63,7499.94,11000.63,11740.00,14561.32,34743.92,9795.97,18505.53
43582241,824957.94,7499.94,10998.10,11740.60,14561.95,34745.34,9795.85,18507.31
43634068,824932.63,7498.92,10999.55,11742.31,14561.05,34743.04,9793.15,18507.31
43685892,824949.00,7498.58,10997.14,11738.65,14559.26,34741.43,9793.15,18508.12
43737718,824907.38,7498.47,10997.98,11738.77,14561.32,34743.04,9794.21,18509.63
43789546,824957.94,7497.34,10996.17,11739.26,14559.39,34739.13,9795.03,18506.61
43841370,824983.31,7498.47,10995.46,11738.65,14559.66,34742.15,9793.96,18507.17
43893195,824932.63,7496.90,10996.66,11738.89,14561.18,34740.38,9793.62,18509.63
43945019,824924.50,7497.11,10996.42,11738.04,14559.51,34741.27,9792.07,18507.57
43996845,824983.31,7497.79,10995.09,11736.45,14560.42,34738.78,9793.15,18506.90
44048670,824874.69,7496.90,10995.21,11736.33,14560.02,34736.82,9792.79,18506.61
44100495,824940.81,7498.13,10994.12,11736.33,14557.46,34734.87,9792.21,18506.61
44152318,824940.81,7497.23,10995.21,11736.70,14556.44,34732.92,9791.85,18505.66
44204142,824891.00,7497.79,10994.12,11735.47,14558.12,34733.99,9790.32,18505.11
44255967,824966.13,7497.34,10992.93,11737.91,14556.83,34732.39,9789.73,18506.21
44307793,824957.94,7497.11,10993.16,11736.33,14557.46,34734.35,9789.03,18507.31
44359617,824940.81,7497.01,10991.72,11735.72,14555.55,34729.56,9787.49,18503.47
44411442,824949.00,7495.99,10990.87,11736.45,14556.70,34729.73,9783.85,18504.01
44463266,824916.31,7495.42,10991.00,11734.49,14555.29,34728.31,9782.07,18504.43
44515146,824974.31,7495.88,10991.72,11735.60,14556.58,34724.59,9783.26,18505.11
44566973,824940.81,7495.08,10990.75,11734.00,14554.90,34727.61,9781.96,18504.56
44618797,824932.63,7495.65,10990.87,11733.03,14554.01,34727.43,9781.84,18503.18
44670623,824891.00,7495.53,10990.28,11733.40,14555.93,34726.89,9779.96,18502.08
44722448,824949.00,7495.53,10993.41,11734.00,14555.68,34723.18,9778.55,18505.38
44774274,824949.00,7496.78,10989.07,11731.93,14555.55,34721.40,9776.66,18503.73
44826099,824957.94,7494.52,10990.64,11733.52,14555.80,34722.46,9775.84,18505.66
44877924,824940.81,7494.41,10988.95,11732.91,14556.83,34723.34,9772.90,18505.24
44929748,824983.31,7495.08,10989.68,11733.52,14558.24,34724.23,9772.19,18504.84
44981575,824932.63,7495.08,10989.07,11731.93,14557.34,34723.34,9770.30,18506.21
45033400,824916.31,7493.61,10988.95,11730.85,14557.46,34723.18,9771.83,18503.88
45085225,824974.31,7494.97,10987.50,11732.18,14556.44,34719.97,9767.84,18506.21
45137050,824949.00,7494.52,10984.50,11730.36,14554.39,34719.63,9767.01,18506.35
45188876,824957.94,7493.50,10984.50,11730.60,14554.01,34719.80,9766.54,18508.27
45240700,824966.13,7492.95,10984.98,11730.11,14553.24,34717.86,9766.07,18508.12
45292527,824974.31,7493.50,10983.79,11731.33,14553.75,34715.20,9766.30,18506.90
45344353,824983.31,7493.73,10983.90,11730.11,14555.80,34716.43,9765.24,18506.75
45396177,824940.81,7494.62,10984.75,11729.50,14556.58,34721.05,9769.01,18505.93
45448005,824891.00,7492.49,10984.87,11729.75,14555.93,34718.21,9768.42,18507.99
45499828,824957.94,7492.71,10983.30,11729.75,14554.65,34714.84,9769.36,18508.41
45551654,824949.00,7493.61,10983.06,11729.99,14553.63,34714.66,9767.01,18509.50
45603481,824932.63,7491.81,10980.77,11729.27,14555.17,34716.08,9766.42,18510.05
45655306,824966.13,7491.47,10982.82,11729.13,14555.80,34713.95,9766.65,18509.92
45707130,824949.00,7492.60,10980.89,11729.87,14554.52,34711.65,9765.71,18509.63
45758956,824924.50,7493.05,10979.94,11728.04,14555.29,34714.13,9765.96,18507.86
45810782,824974.31,7491.69,10978.97,11728.04,14555.80,34716.08,9762.77,18507.17
45862609,824974.31,7491.69,10980.05,11727.31,14554.26,34712.53,9762.66,18507.44
45914432,824924.50,7491.36,10980.65,11728.04,14555.80,34710.94,9763.12,18508.27
45966258,824983.31,7491.14,10979.69,11725.72,14554.65,34709.88,9761.00,18508.41
46018084,824932.63,7490.68,10979.09,11725.84,14553.88,34709.34,9761.36,18508.67
46069910,824949.00,7490.91,10979.94,11726.21,14553.63,34710.76,9760.19,18506.61
46121735,824940.81,7490.11,10977.28,11725.36,14553.88,34707.39,9759.00,18509.09
46173559,824899.19,7489.66,10975.47,11725.23,14553.50,34708.28,9757.12,18507.99
46225386,824932.63,7489.90,10975.72,11724.50,14554.77,34708.46,9755.48,18510.47
46277211,824949.00,7489.55,10974.03,11724.13,14553.50,34704.56,9755.82,18509.50
46329036,824899.19,7488.77,10976.32,11724.50,14552.86,34702.78,9754.54,18508.96
46380863,824916.31,7488.31,10972.23,11723.64,14552.09,34703.84,9753.36,18509.92
46432687,824974.31,7489.66,10971.88,11723.41,14552.34,34700.82,9751.95,18507.86
46484513,824974.31,7487.98,10969.10,11722.91,14550.28,34700.48,9749.48,18510.31
46536338,824924.50,7486.29,10969.47,11721.69,14550.03,34700.12,9747.83,18509.37
46588164,824957.94,7487.98,10969.71,11723.04,14550.54,34702.42,9749.60,18507.86
46639990,824957.94,7487.75,10969.47,11721.69,14551.57,34701.00,9749.71,18509.63
46691816,824924.50,7487.07,10967.42,11722.91,14550.68,34697.11,9751.36,18508.67
46743641,824966.13,7487.07,10966.95,11720.83,14551.19,34697.28,9750.31,18511.28
46795465,824907.38,7485.38,10966.83,11721.45,14552.86,34697.11,9747.49,18511.42
46847290,824940.81,7485.60,10968.14,11721.20,14553.12,34699.95,9749.48,18509.37
46899115,824957.94,7488.09,10968.14,11721.32,14550.94,34699.77,9750.06,18511.28
46950938,824957.94,7485.60,10966.70,11720.24,14551.82,34696.05,9749.95,18508.83
47002763,824966.13,7486.62,10968.14,11720.36,14549.90,34695.51,9750.77,18510.86
47054588,824899.19,7486.06,10966.22,11719.75,14550.94,34695.69,9749.37,18511.83
47106413,824899.19,7484.93,10966.95,11718.77,14551.45,34692.86,9748.43,18511.00
47158237,824983.31,7485.49,10966.58,11719.63,14549.52,34693.39,9749.83,18510.73
47210061,824899.19,7486.06,10965.37,11717.31,14551.70,34689.84,9750.31,18510.60
47261887,824949.00,7485.49,10967.29,11718.77,14549.77,34688.25,9749.71,18509.63
47313711,824974.31,7484.48,10965.73,11717.80,14546.70,34687.01,9749.71,18510.47
47365535,824899.19,7483.80,10964.05,11719.26,14549.26,34687.36,9749.01,18509.22
47417360,824932.63,7484.13,10963.21,11718.04,14547.47,34685.22,9748.07,18507.72
47469184,824966.13,7484.48,10964.05,11718.65,14547.47,34684.52,9746.77,18508.41
47521009,824899.19,7483.24,10962.73,11718.40,14549.52,34683.28,9747.13,18508.96
47572834,824899.19,7484.37,10961.29,11718.40,14548.23,34683.11,9745.47,18508.67
47624657,824916.31,7483.92,10962.98,11717.43,14548.23,34677.79,9746.30,18510.05
47676484,824916.31,7482.79,10962.98,11717.43,14549.40,34681.15,9746.07,18510.47
47728309,824957.94,7482.89,10963.81,11717.56,14549.14,34676.90,9745.36,18509.09
47780134,824907.38,7483.47,10962.73,11715.36,14548.75,34680.63,9744.06,18509.09
47831961,824957.94,7483.12,10960.56,11715.61,14549.77,34677.61,9742.18,18507.72
47883786,824932.63,7482.33,10961.41,11715.47,14549.40,34671.77,9740.07,18507.86
47935611,824966.13,7483.36,10961.29,11715.11,14548.23,34673.54,9740.65,18508.83
47987436,824940.81,7483.36,10960.44,11716.70,14548.63,34674.42,9739.01,18507.17
48039263,824949.00,7483.68,10960.21,11715.11,14549.26,34675.13,9739.60,18509.37
48091087,824924.50,7481.77,10960.32,11715.24,14547.60,34675.84,9740.19,18508.27
48142913,824966.13,7482.44,10961.41,11715.36,14547.47,34674.42,9736.30,18508.67
48194738,824949.00,7482.23,10958.29,11715.72,14547.72,34674.42,9736.53,18510.47
48246564,824940.81,7481.08,10958.51,11714.13,14545.79,34667.68,9734.18,18511.83
48298390,824974.31,7482.23,10958.04,11713.65,14546.70,34664.32,9733.84,18512.66
48350215,824916.31,7481.43,10957.80,11715.36,14546.82,34666.98,9735.01,18512.52
48402040,824949.00,7481.77,10954.67,11713.89,14545.54,34666.28,9732.42,18514.03
48453867,824940.81,7480.19,10955.88,11712.43,14547.35,34666.28,9732.54,18511.15
48505692,824907.38,7479.96,10955.04,11712.68,14544.27,34665.20,9731.02,18514.85
48557518,824983.31,7479.75,10955.39,11712.68,14545.16,34663.25,9734.65,18512.79
48609344,824949.00,7480.76,10956.48,11712.31,14543.25,34660.07,9734.78,18512.38
48661168,824957.94,7480.63,10955.88,11713.65,14542.09,34656.88,9734.54,18513.76
48712994,824974.31,7480.87,10955.75,11712.54,14543.11,34656.88,9734.65,18514.16
48764820,824924.50,7479.86,10955.16,11712.79,14542.60,34659.54,9732.66,18515.13
48816646,824932.63,7479.17,10953.60,11712.43,14542.98,34655.11,9732.54,18515.26
48868470,824907.38,7478.50,10953.82,11712.18,14542.72,34653.51,9732.54,18516.77
48920296,824966.13,7478.61,10952.63,11711.83,14542.35,34651.39,9731.36,18514.99
48972122,824957.94,7479.29,10951.67,11710.48,14541.70,34648.73,9730.78,18515.96
49023947,824940.81,7477.59,10952.51,11711.22,14542.60,34648.38,9733.13,18516.35
49075773,824940.81,7478.05,10952.04,11710.60,14542.72,34647.48,9731.72,18515.26
49127598,824949.00,7478.27,10950.94,11711.83,14543.11,34649.97,9729.36,18516.09
49179423,824924.50,7478.73,10950.70,11710.60,14542.35,34644.83,9728.19,18516.64
49231250,824899.19,7478.15,10950.11,11710.12,14543.89,34647.48,9725.01,18515.96
49283074,824932.63,7479.40,10950.34,11709.51,14542.22,34646.08,9723.49,18515.39
49334900,824932.63,7478.61,10950.11,11709.14,14541.84,34645.90,9724.55,18519.52
49386725,824974.31,7477.26,10950.94,11709.51,14541.20,34642.36,9726.18,18519.25
49438550,824974.31,7477.82,10950.34,11709.02,14539.78,34634.74,9726.43,18517.73
49490375,824907.38,7476.81,10950.82,11707.81,14540.29,34640.95,9725.84,18517.73
49542198,824899.19,7477.93,10950.70,11708.04,14540.42,34638.82,9725.60,18515.54
49594022,824966.13,7477.82,10950.59,11709.63,14540.80,34637.04,9725.72,18514.71
49645847,824949.00,7477.26,10948.90,11708.29,14540.29,34639.70,9725.96,18514.58
49697671,824949.00,7477.02,10950.46,11708.78,14542.22,34634.03,9727.37,18514.85
49749496,824966.13,7477.26,10949.14,11707.44,14541.58,34636.70,9725.49,18513.34
49801322,824949.00,7477.26,10949.75,11708.04,14540.80,34635.62,9725.13,18515.96
49853146,824966.13,7476.25,10949.38,11706.83,14540.29,34635.62,9723.96,18517.32
49904969,824924.50,7476.25,10949.02,11706.46,14541.05,34632.44,9723.13,18515.80
49956794,824957.94,7476.57,10947.22,11706.34,14539.15,34633.67,9722.19,18515.67
50008619,824924.50,7476.25,10947.82,11707.81,14541.33,34633.67,9721.73,18517.45
50060443,824966.13,7477.48,10946.13,11706.34,14539.66,34630.84,9719.85,18516.90
50112268,824891.00,7475.90,10946.13,11707.07,14541.33,34632.25,9720.67,18517.05
50164092,824974.31,7475.56,10946.38,11706.83,14541.20,34635.45,9718.79,18518.41
50215917,824907.38,7475.80,10946.50,11705.85,14540.93,34633.49,9718.31,18517.87
50267743,824983.31,7476.57,10945.16,11706.70,14542.72,34630.84,9718.43,18519.10
50319568,824949.00,7476.70,10945.78,11706.09,14541.20,34632.07,9717.13,18518.41
50371394,824957.94,7475.80,10943.85,11706.34,14541.05,34631.73,9713.95,18521.58
50423220,824949.00,7476.25,10945.29,11704.75,14540.29,34630.31,9715.83,18521.16
50475045,824974.31,7475.22,10945.29,11705.00,14540.68,34628.89,9716.43,18521.44
50527834,824974.31,7488.54,10955.88,11713.89,14547.09,34633.14,9717.13,18519.79
50579658,824891.00,7475.90,10944.34,11707.56,14541.70,34625.71,9715.02,18522.13
50631485,824957.94,7473.99,10943.01,11705.97,14538.24,34625.71,9715.50,18524.04
50683310,824983.31,7474.89,10942.41,11705.48,14537.35,34625.71,9715.14,18522.26
50735135,824891.00,7473.99,10941.82,11704.63,14538.12,34624.29,9713.62,18524.45
50786962,824966.13,7473.76,10940.48,11703.91,14539.52,34627.12,9713.73,18524.74
50838787,824916.31,7474.77,10942.16,11704.02,14538.62,34624.11,9713.49,18525.28
50890613,824974.31,7475.00,10941.69,11704.75,14537.86,34620.57,9713.26,18524.74
50942437,824966.13,7472.85,10939.65,11702.80,14537.98,34621.63,9714.67,18523.90
50994262,824882.88,7472.85,10942.65,11703.29,14538.89,34620.21,9713.26,18526.79
51046088,824974.31,7474.09,10940.60,11703.05,14537.61,34616.86,9712.43,18526.37
51097913,824966.13,7472.64,10940.72,11703.17,14539.15,34617.91,9711.38,18526.37
51149737,824940.81,7473.20,10940.60,11702.32,14537.22,34621.29,9707.84,18527.47
51201563,824891.00,7473.76,10940.01,11703.05,14537.61,34618.45,9707.72,18527.07
51253388,824949.00,7473.20,10938.94,11701.46,14537.47,34617.39,9708.44,18525.96
51305213,824907.38,7472.75,10939.76,11702.80,14539.27,34618.80,9705.38,18526.93
51357038,824974.31,7473.20,10938.09,11701.96,14539.52,34619.51,9706.67,18526.37
51408864,824899.19,7472.85,10938.20,11701.34,14539.40,34617.20,9708.56,18527.07
51460689,824899.19,7471.74,10938.57,11701.96,14538.89,34615.08,9708.56,18527.62
51512515,824957.94,7472.40,10938.94,11700.98,14537.98,34617.20,9706.79,18527.07
51564341,824949.00,7470.94,10937.60,11699.39,14537.47,34610.83,9706.79,18528.58
51616166,824949.00,7470.72,10935.20,11698.78,14536.96,34609.41,9704.32,18528.97
51667993,824983.31,7470.03,10934.47,11699.64,14535.17,34607.99,9703.73,18526.11
51719818,824957.94,7469.35,10935.80,11699.03,14533.88,34603.22,9706.56,18528.17
51771644,824916.31,7469.59,10935.43,11698.66,14533.49,34604.11,9707.03,18527.62
51823469,824932.63,7469.93,10936.16,11697.43,14533.88,34601.98,9707.03,18526.93
51875294,824957.94,7469.93,10934.47,11700.24,14533.63,34601.62,9708.91,18527.47
51927120,824949.00,7469.02,10935.20,11698.78,14532.61,34602.70,9706.09,18525.56
51978946,824907.38,7470.60,10936.53,11697.08,14532.99,34602.86,9705.38,18526.93
52030770,824974.31,7469.14,10934.72,11697.08,14531.84,34602.86,9704.08,18527.88
52082596,824974.31,7470.03,10936.04,11696.47,14532.73,34601.10,9706.56,18529.52
52134422,824991.50,7468.00,10934.84,11696.35,14532.61,34597.20,9703.61,18526.93
52186248,824957.94,7469.14,10933.88,11695.98,14530.17,34593.30,9699.27,18529.13
52238072,824957.94,7469.14,10932.43,11696.11,14530.68,34592.42,9698.33,18528.84
52289898,824949.00,7469.14,10931.47,11696.11,14529.41,34590.30,9694.80,18527.75
52341724,824924.50,7468.13,10930.03,11695.86,14529.14,34587.64,9695.62,18527.62
52393549,824957.94,7468.13,10929.06,11695.74,14527.35,34586.58,9692.58,18530.49
52445375,824983.31,7466.98,10927.86,11693.54,14527.61,34582.16,9694.34,18528.71
52497200,824966.13,7467.67,10928.71,11695.86,14526.85,34580.21,9693.27,18531.05
52549025,824957.94,7467.89,10927.50,11693.91,14525.56,34580.58,9692.58,18530.49
52600852,824966.13,7467.22,10927.26,11695.13,14525.68,34573.67,9690.11,18531.32
52652676,824966.13,7466.65,10925.82,11693.91,14526.58,34578.45,9693.40,18530.90
52704502,824916.31,7466.32,10924.86,11693.42,14527.10,34575.79,9693.74,18529.26
52756328,824999.56,7466.42,10924.98,11694.88,14525.17,34574.90,9694.10,18533.53
52808153,824966.13,7467.11,10923.66,11693.79,14524.02,34572.25,9692.33,18532.69
52859979,824916.31,7464.96,10922.45,11693.91,14523.51,34568.36,9692.10,18533.53
52911806,824974.31,7466.42,10921.01,11694.28,14521.20,34564.82,9691.63,18533.92
52963634,824940.81,7466.54,10920.77,11692.56,14523.00,34565.69,9692.92,18533.66
53015460,824932.63,7465.41,10920.30,11692.32,14521.20,34559.69,9692.80,18533.66
53067287,824916.31,7465.41,10919.93,11691.10,14521.20,34559.35,9695.50,18536.12
53119113,824966.13,7464.63,10919.10,11692.56,14521.20,34556.86,9694.34,18534.20
53170939,824932.63,7465.29,10919.20,11691.35,14520.95,34555.98,9694.34,18536.54
53222767,824957.94,7465.19,10917.29,11688.55,14520.70,34551.73,9694.92,18535.17
53274593,824957.94,7463.94,10918.86,11690.12,14518.89,34546.95,9696.22,18534.46
53326418,824957.94,7464.07,10919.82,11689.53,14518.00,34544.47,9696.68,18534.75
53378247,824891.00,7464.17,10917.89,11687.81,14515.82,34543.77,9694.56,18534.33
53430072,824999.56,7463.38,10918.01,11690.37,14517.35,34544.13,9694.80,18536.39
53481897,824932.63,7463.72,10916.09,11688.55,14518.12,34543.41,9690.44,18534.88
53533724,824983.31,7463.61,10915.13,11687.45,14517.75,34544.47,9690.80,18534.88
53585551,824932.63,7463.38,10916.20,11688.18,14519.68,34545.36,9690.44,18534.33
53637377,824957.94,7464.17,10915.98,11689.16,14518.64,34540.05,9690.44,18536.54
53689203,824999.56,7461.47,10915.37,11686.83,14518.00,34535.64,9692.68,18537.49
53741029,824991.50,7462.03,10914.17,11687.45,14513.90,34534.05,9692.58,18536.26
53792854,824991.50,7463.04,10912.84,11688.06,14515.82,34535.80,9691.63,18533.92
53844681,824924.50,7461.91,10913.44,11686.23,14516.84,34535.80,9692.58,18535.72
53896509,824916.31,7461.68,10912.84,11689.04,14516.21,34533.52,9691.51,18534.33
53948335,824949.00,7463.27,10913.44,11686.23,14516.46,34534.75,9691.28,18537.49
54000161,824983.31,7462.03,10913.69,11686.83,14516.33,34533.52,9691.16,18535.30
54051988,824974.31,7462.48,10913.09,11684.88,14515.31,34527.85,9693.16,18536.67
54103815,824966.13,7461.02,10913.44,11687.81,14514.28,34522.73,9693.04,18540.92
54155642,824932.63,7461.23,10912.72,11685.50,14513.00,34519.02,9692.22,18542.30
54207469,824940.81,7460.56,10912.84,11684.40,14510.58,34516.90,9693.62,18541.74
54259294,824940.81,7461.02,10912.01,11685.50,14511.72,34521.13,9691.63,18542.30
54311120,825015.94,7461.91,10911.28,11683.31,14512.50,34520.44,9689.86,18541.88
54362948,824974.31,7460.46,10910.81,11682.82,14511.47,34515.83,9690.11,18541.47
54414775,824940.81,7460.33,10910.20,11683.90,14508.65,34511.41,9687.87,18539.15
54466601,824966.13,7460.22,10910.81,11682.33,14509.29,34509.83,9688.81,18544.50
54518427,824940.81,7460.56,10911.40,11683.79,14509.67,34509.64,9687.75,18542.03
54570253,824940.81,7458.75,10910.08,11683.19,14507.74,34507.71,9687.16,18543.80
54622080,824957.94,7458.75,10909.84,11683.31,14508.40,34509.29,9687.63,18544.09
54673908,824916.31,7459.77,10908.88,11683.31,14509.80,34507.71,9684.33,18543.80
54725731,824940.81,7460.00,10909.72,11684.76,14510.83,34508.22,9686.57,18545.18
54777555,824916.31,7459.66,10908.40,11683.07,14511.60,34509.47,9685.05,18545.45
54829381,824949.00,7458.53,10907.81,11682.82,14511.47,34505.58,9684.81,18544.35
54881207,824916.31,7457.74,10907.67,11683.19,14510.95,34506.82,9680.70,18544.90
54933031,824924.50,7458.65,10907.08,11681.72,14512.23,34505.22,9678.36,18544.64
54984857,824999.56,7458.98,10906.71,11681.49,14512.50,34501.86,9676.82,18544.22
55036682,824949.00,7457.62,10906.59,11682.82,14511.09,34501.86,9675.18,18545.31
55088507,824991.50,7458.19,10905.03,11681.61,14509.67,34501.34,9676.47,18546.01
55140333,824924.50,7458.19,10906.59,11681.72,14507.63,34497.44,9677.64,18546.97
55192159,824924.50,7457.52,10903.71,11681.49,14507.63,34496.92,9677.18,18548.33
55243984,824974.31,7457.17,10905.28,11680.63,14507.38,34494.80,9680.11,18548.20
55295810,824907.38,7457.41,10903.83,11682.09,14507.23,34491.44,9678.82,18547.24
55347634,824966.13,7456.40,10903.23,11681.49,14505.70,34491.96,9677.06,18549.03
55399460,824957.94,7457.29,10903.83,11681.00,14506.09,34492.86,9677.53,18546.28
55451287,824957.94,7456.16,10904.32,11679.89,14506.98,34491.96,9676.94,18548.89
55503113,824949.00,7457.06,10904.08,11681.24,14506.85,34490.55,9674.35,18549.16
55554938,824916.31,7455.94,10902.86,11681.00,14506.85,34489.14,9675.18,18549.42
55606765,824907.38,7457.29,10901.20,11679.28,14506.85,34491.25,9674.82,18548.07
55658592,824957.94,7456.16,10901.30,11680.26,14506.72,34487.91,9672.01,18547.10
55710418,824983.31,7457.86,10904.44,11680.14,14506.35,34485.61,9673.41,18549.03
55762245,824916.31,7455.15,10902.74,11679.16,14505.96,34484.37,9674.82,18549.58
55814071,824991.50,7455.83,10902.39,11679.53,14506.35,34487.01,9672.12,18549.29
55865896,824991.50,7456.61,10898.67,11678.31,14505.70,34485.26,9672.59,18550.39
55917724,824991.50,7455.94,10899.86,11678.56,14505.45,34483.31,9671.77,18548.89
55969551,824924.50,7455.25,10899.39,11676.85,14503.53,34478.36,9672.35,18549.71
56021376,824907.38,7455.49,10899.86,11677.82,14506.09,34479.96,9673.29,18547.94
56073203,824916.31,7454.92,10898.67,11677.46,14506.21,34481.02,9673.06,18549.16
56125029,824974.31,7454.69,10897.83,11675.51,14505.45,34477.29,9670.13,18548.33
56176856,824974.31,7454.81,10896.50,11675.88,14503.40,34473.95,9669.65,18546.70
56228682,824957.94,7453.00,10896.27,11676.37,14504.30,34476.07,9668.71,18547.94
56280509,824949.00,7452.66,10894.83,11675.39,14503.78,34477.83,9666.14,18546.97
56332336,824907.38,7454.36,10894.47,11675.27,14505.70,34476.07,9663.54,18546.97
56384162,824983.31,7453.24,10894.47,11676.00,14505.70,34474.29,9662.49,18548.61
56435990,824949.00,7452.10,10893.50,11675.39,14504.55,34475.01,9664.84,18548.20
56487815,825007.75,7453.35,10895.18,11676.00,14504.55,34472.71,9665.78,18551.09
56539641,824991.50,7452.55,10892.30,11674.16,14503.91,34469.00,9665.20,18549.16
56591469,824949.00,7453.46,10893.98,11673.55,14503.78,34470.06,9665.20,18548.89
56643295,824974.31,7453.35,10891.34,11673.55,14500.97,34467.59,9663.90,18549.16
56695121,824940.81,7452.22,10891.34,11672.46,14500.84,34466.70,9665.66,18549.29
56746948,824932.63,7451.43,10890.37,11671.97,14502.11,34469.88,9666.14,18548.48
56798774,824924.50,7452.34,10892.18,11673.32,14502.75,34470.95,9665.78,18550.39
56850600,824966.13,7450.75,10890.37,11672.71,14503.91,34470.06,9664.96,18549.29
56902427,824974.31,7452.44,10891.82,11673.44,14502.37,34468.12,9665.20,18547.52
56954253,824916.31,7452.10,10890.62,11672.46,14504.67,34466.53,9665.07,18551.09
57006078,824924.50,7452.44,10889.91,11673.20,14503.14,34466.53,9663.08,18549.71
57057905,824932.63,7450.98,10889.06,11671.86,14502.11,34463.52,9663.54,18550.67
57109732,824966.13,7450.19,10888.81,11672.09,14502.50,34463.69,9664.14,18552.88
57161556,824949.00,7451.09,10890.14,11670.89,14502.75,34462.99,9663.31,18551.09
57213384,824957.94,7451.20,10888.22,11671.38,14501.60,34464.77,9661.43,18551.77
57265210,824966.13,7451.43,10889.54,11671.13,14503.40,34461.93,9664.37,18551.22
57317035,824957.94,7450.98,10888.70,11671.86,14502.25,34462.11,9663.54,18553.42
57368861,824983.31,7452.10,10889.06,11671.86,14500.72,34460.87,9663.43,18551.50
57420686,824932.63,7450.41,10888.58,11669.79,14499.18,34459.45,9662.14,18554.52
57472512,824974.31,7451.54,10888.10,11670.89,14500.46,34462.45,9662.61,18553.42
57524337,824999.56,7449.18,10887.37,11669.05,14501.60,34460.87,9659.56,18554.10
57576163,824957.94,7449.63,10887.99,11670.77,14500.33,34461.05,9657.91,18556.16
57627987,824983.31,7449.74,10887.37,11671.01,14500.72,34457.51,9656.15,18557.40
57679813,824966.13,7449.74,10886.77,11670.89,14500.97,34453.99,9656.38,18556.58
57732603,824966.13,7461.91,10896.38,11680.63,14510.95,34463.52,9656.97,18555.62
57784430,824974.31,7449.18,10885.82,11672.71,14504.16,34453.63,9655.92,18558.37
57836254,824999.56,7448.83,10884.74,11670.03,14500.46,34451.68,9654.74,18558.37
57888079,824983.31,7448.38,10885.45,11667.96,14498.53,34446.39,9655.33,18557.53
57939905,824916.31,7448.73,10884.86,11668.45,14498.92,34445.15,9655.67,18556.85
57991731,824932.63,7448.04,10885.33,11668.08,14496.48,34443.03,9655.08,18558.78
58043556,824999.56,7447.04,10884.98,11666.73,14496.61,34445.32,9654.74,18557.53
58095384,824924.50,7446.58,10884.38,11667.84,14496.87,34444.09,9654.86,18557.26
58147210,824966.13,7445.68,10883.42,11665.90,14496.99,34443.57,9652.51,18559.33
58199035,824991.50,7446.02,10883.17,11665.77,14494.82,34441.79,9653.68,18557.68
58250863,824983.31,7445.33,10883.30,11665.16,14496.36,34441.09,9652.86,18557.82
58302690,824991.50,7445.68,10882.09,11665.53,14493.80,34438.43,9652.51,18557.95
58354515,824924.50,7445.79,10881.98,11665.65,14494.94,34438.61,9653.92,18558.50
58406343,824940.81,7445.45,10881.86,11664.92,14493.16,34438.09,9651.11,18558.63
58458168,824999.56,7444.09,10881.98,11665.28,14495.08,34438.79,9651.44,18557.40
58509993,824924.50,7445.79,10881.38,11663.81,14494.06,34433.85,9648.51,18559.46
58561821,824999.56,7443.64,10880.30,11664.92,14494.18,34436.67,9649.09,18558.37
58613647,824932.63,7441.84,10879.09,11661.49,14492.01,34436.85,9647.46,18557.40
58665473,824983.31,7444.67,10879.69,11661.86,14493.29,34433.68,9647.81,18561.25
58717298,824924.50,7443.31,10880.06,11663.94,14496.23,34434.21,9648.87,18560.29
58769125,824916.31,7443.76,10881.26,11661.49,14493.92,34432.27,9648.87,18559.46
58820952,824940.81,7444.32,10881.38,11665.16,14495.08,34432.61,9649.57,18558.08
58872778,824974.31,7444.67,10879.81,11663.09,14493.67,34430.85,9651.11,18555.20
58924605,824983.31,7443.31,10880.06,11664.79,14494.18,34430.31,9650.51,18557.68
58976430,824957.94,7444.09,10880.53,11661.62,14493.92,34428.38,9649.09,18555.33
59028257,824974.31,7443.54,10881.26,11662.84,14495.33,34431.73,9649.81,18556.85
59080085,825007.75,7444.32,10879.81,11661.49,14492.89,34426.61,9650.51,18556.85
59131911,824949.00,7443.64,10879.45,11661.99,14492.01,34424.50,9647.81,18556.29
59183736,824932.63,7443.99,10878.62,11660.66,14491.49,34425.37,9646.28,18557.40
59235563,824966.13,7442.18,10878.97,11662.35,14490.99,34423.08,9645.11,18558.37
59287390,824991.50,7442.28,10876.57,11660.90,14490.21,34419.55,9643.46,18559.04
59339217,825041.19,7442.63,10877.89,11661.86,14489.44,34419.02,9642.76,18560.29
59391044,824940.81,7441.51,10874.53,11660.05,14487.26,34418.14,9641.82,18559.72
59442870,824940.81,7441.51,10875.13,11659.68,14487.39,34413.20,9640.29,18560.01
59494695,824924.50,7440.83,10875.13,11659.43,14487.92,34413.54,9640.29,18558.63
59546523,824924.50,7441.62,10874.04,11658.58,14487.01,34413.20,9637.83,18559.88
59598350,824991.50,7441.06,10873.69,11658.70,14488.55,34411.78,9637.83,18560.01
59650174,824991.50,7441.06,10873.58,11658.94,14487.39,34410.54,9636.08,18559.18
59702002,824957.94,7440.26,10872.85,11659.07,14488.04,34408.60,9635.36,18559.46
59753828,824949.00,7439.93,10871.89,11658.94,14486.12,34405.25,9633.72,18561.65
59805656,824999.56,7440.15,10872.01,11658.22,14486.75,34402.24,9635.60,18561.38
59857481,824940.81,7440.03,10871.04,11657.85,14486.75,34400.13,9635.14,18562.21
59909307,824966.13,7439.93,10871.16,11657.36,14486.12,34399.07,9635.01,18563.02
59961134,824916.31,7438.81,10870.20,11658.82,14483.82,34394.48,9635.36,18561.52
60012958,824991.50,7439.37,10870.08,11657.12,14484.32,34391.67,9639.37,18563.71
60064783,824974.31,7438.81,10867.21,11656.03,14482.65,34388.31,9634.66,18563.57
60116606,824957.94,7438.81,10868.28,11657.24,14482.65,34384.96,9633.84,18564.27
60168431,824983.31,7438.12,10866.97,11656.03,14481.00,34382.30,9633.02,18565.37
60220256,824991.50,7437.56,10866.97,11655.91,14481.38,34384.43,9633.48,18563.31
60272081,824991.50,7437.33,10866.72,11654.56,14479.97,34379.32,9633.60,18564.95
60323906,824924.50,7438.57,10865.40,11654.32,14480.75,34376.84,9632.08,18562.76
60375730,825015.94,7436.54,10865.16,11655.79,14480.48,34376.66,9632.54,18563.02
60427554,824940.81,7435.87,10863.84,11654.07,14479.72,34373.67,9631.96,18562.47
60479380,824991.50,7435.97,10865.53,11654.20,14478.82,34372.78,9633.60,18563.18
60531212,824991.50,7437.56,10863.97,11652.98,14480.09,34370.48,9634.30,18563.99
60583036,824991.50,7437.00,10863.84,11653.95,14477.92,34370.48,9633.60,18565.50
60634861,824940.81,7436.54,10865.87,11654.07,14479.33,34373.14,9636.08,18565.37
60686685,824991.50,7437.33,10866.85,11654.56,14478.95,34368.03,9634.66,18565.23
60738509,824983.31,7435.97,10865.40,11654.20,14478.70,34368.36,9634.07,18566.61
60790335,824983.31,7436.21,10865.65,11655.18,14479.58,34368.20,9631.85,18567.42
60842161,825007.75,7435.87,10864.21,11652.98,14479.07,34364.13,9632.08,18565.37
60893986,824957.94,7436.32,10864.80,11653.71,14477.28,34360.09,9631.26,18567.01
60945811,824966.13,7435.41,10863.24,11651.75,14477.92,34360.26,9628.21,18566.46
60997637,824974.31,7435.52,10862.88,11653.46,14479.33,34358.14,9630.43,18567.16
61049462,824966.13,7435.08,10861.92,11653.10,14478.04,34360.26,9629.03,18567.16
61101289,824957.94,7434.51,10861.21,11652.25,14478.55,34358.50,9627.15,18566.46
61153113,824974.31,7434.29,10861.33,11652.86,14477.41,34354.26,9625.03,18568.38
61204938,824932.63,7433.95,10860.60,11652.49,14475.48,34352.33,9627.15,18567.83
61256765,825049.44,7433.61,10859.16,11652.25,14475.36,34350.91,9624.92,18567.83
61308590,824983.31,7433.16,10860.24,11652.37,14473.95,34349.86,9623.26,18567.83
61360415,824957.94,7432.71,10860.84,11651.15,14474.85,34345.45,9621.05,18568.25
61412240,824974.31,7432.60,10857.72,11650.79,14473.58,34345.61,9620.45,18569.48
61464065,825007.75,7433.06,10859.29,11650.18,14472.92,34343.33,9620.33,18570.31
61515891,824949.00,7433.39,10859.51,11650.18,14474.08,34340.51,9619.75,18567.42
61567715,824957.94,7433.27,10857.85,11650.55,14473.58,34341.55,9619.87,18569.89
61619540,825015.94,7432.94,10857.60,11649.33,14472.80,34338.92,9619.51,18569.22
61671367,824966.13,7432.60,10857.24,11649.57,14471.78,34334.34,9620.11,18570.44
61723191,824932.63,7432.26,10857.24,11649.81,14471.52,34337.68,9619.17,18569.07
61775015,824966.13,7431.91,10854.97,11647.99,14470.75,34331.34,9619.75,18568.25
61826841,824974.31,7431.14,10855.80,11648.96,14473.05,34334.16,9618.70,18568.25
61878667,824949.00,7431.80,10856.04,11648.71,14473.70,34335.57,9620.92,18570.04
61930492,824983.31,7430.69,10855.56,11647.74,14471.27,34330.29,9621.16,18569.07
61982317,824974.31,7430.79,10854.60,11647.74,14471.90,34328.53,9619.17,18570.04
62034144,824924.50,7431.02,10854.49,11647.74,14471.00,34323.05,9618.57,18572.78
62085968,825007.75,7431.35,10853.16,11646.28,14469.85,34320.41,9617.88,18571.41
62137795,824932.63,7431.70,10854.49,11646.77,14470.50,34317.76,9617.88,18572.36
62189621,824966.13,7430.01,10853.05,11646.28,14468.58,34316.37,9618.35,18572.23
62241446,824949.00,7430.46,10853.16,11646.16,14467.80,34314.94,9617.52,18573.32
62293273,824991.50,7429.45,10851.71,11644.33,14467.93,34313.01,9616.70,18572.36
62345097,825007.75,7430.11,10851.00,11646.16,14468.83,34313.35,9617.99,18573.19
62396924,824974.31,7430.11,10851.49,11647.01,14468.19,34312.47,9617.17,18574.43
62448749,824957.94,7429.10,10849.80,11646.16,14466.41,34307.54,9617.05,18577.86
62500574,824999.56,7429.21,10850.39,11645.44,14464.48,34305.78,9616.11,18575.25
62552400,824999.56,7430.01,10849.07,11644.94,14465.63,34301.03,9617.99,18580.18
62604225,825024.94,7430.23,10850.04,11644.33,14465.38,34301.37,9617.05,18579.23
62656050,824983.31,7428.65,10850.76,11645.68,14464.10,34298.37,9616.36,18576.75
62707876,824957.94,7428.43,10849.57,11644.21,14464.99,34301.73,9615.52,18577.72
62759700,824974.31,7428.65,10850.29,11644.94,14467.55,34304.18,9618.11,18579.51
62811525,824932.63,7428.65,10849.44,11644.46,14466.01,34298.03,9617.52,18578.27
62863347,824957.94,7429.55,10848.95,11644.70,14465.38,34300.49,9617.52,18580.18
62915172,824924.50,7427.98,10847.88,11644.21,14466.15,34297.13,9615.76,18578.68
62966996,824949.00,7427.86,10847.76,11644.46,14462.56,34293.44,9616.58,18580.18
63018821,824957.94,7427.76,10848.36,11643.72,14462.05,34290.62,9619.05,18579.51
63070647,825007.75,7427.64,10847.03,11643.48,14461.54,34291.69,9614.94,18580.89
63122469,824991.50,7427.53,10846.08,11642.98,14462.94,34289.39,9614.59,18580.05
63174295,824966.13,7427.08,10845.00,11643.23,14460.63,34288.15,9612.71,18580.89
63226120,824983.31,7427.76,10844.15,11642.87,14461.14,34284.98,9614.12,18581.44
63277945,825007.75,7427.64,10843.56,11642.75,14458.85,34284.45,9609.89,18579.51
63329770,824991.50,7426.74,10844.64,11641.54,14459.74,34283.05,9610.95,18579.51
63381593,824957.94,7426.74,10843.20,11640.32,14459.87,34279.00,9608.71,18581.30
63433417,824991.50,7426.17,10843.44,11640.92,14458.58,34276.17,9608.38,18578.01
63485243,824949.00,7426.85,10842.84,11640.44,14457.83,34274.07,9607.66,18578.55
63537068,824991.50,7427.64,10843.44,11641.41,14458.46,34271.96,9608.60,18579.51
63588894,824974.31,7426.85,10842.12,11639.59,14459.10,34273.89,9608.84,18580.47
63640718,824940.81,7425.84,10841.16,11640.44,14457.06,34271.96,9608.60,18580.18
63692544,825007.75,7426.29,10839.72,11639.34,14458.98,34271.77,9607.66,18581.30
63744370,824940.81,7425.84,10840.67,11640.08,14456.55,34265.43,9610.72,18581.15
63796195,824966.13,7426.05,10840.92,11639.09,14456.81,34262.79,9609.43,18583.22
63848020,824999.56,7425.95,10839.72,11638.48,14455.14,34261.38,9609.19,18582.26
63899845,825015.94,7426.74,10839.47,11639.83,14454.88,34262.09,9608.84,18582.26
63951671,824949.00,7425.60,10839.60,11638.36,14455.01,34260.68,9608.25,18582.39
64003496,825007.75,7424.83,10839.60,11637.28,14454.63,34258.38,9608.84,18582.95
64055322,824957.94,7426.62,10838.40,11639.22,14454.50,34257.86,9609.78,18585.15
64107148,825033.13,7425.04,10839.47,11639.34,14453.47,34255.56,9609.54,18584.45
64158972,824907.38,7424.03,10839.60,11637.40,14452.57,34252.75,9610.47,18584.45
64210799,824974.31,7424.83,10838.40,11636.79,14452.71,34253.09,9609.31,18586.38
64262625,824957.94,7424.15,10836.36,11636.42,14454.50,34251.16,9608.49,18584.87
64314449,824924.50,7424.48,10838.52,11637.03,14453.74,34248.52,9610.37,18586.52
64366276,825007.75,7424.03,10838.52,11636.05,14453.86,34250.29,9610.37,18587.07
64418101,824957.94,7423.59,10839.00,11636.54,14454.25,34252.24,9609.89,18585.96
64469926,824966.13,7424.03,10838.88,11636.67,14454.76,34248.00,9609.65,18586.79
64521752,824916.31,7424.03,10840.92,11635.45,14454.12,34247.82,9609.31,18586.79
64573578,824983.31,7423.47,10839.35,11635.82,14455.01,34243.59,9609.43,18588.71
64625403,824966.13,7423.80,10838.52,11636.54,14455.39,34244.83,9609.31,18590.64
64677229,825024.94,7422.58,10838.04,11636.30,14455.01,34247.47,9608.38,18590.64
64729054,824999.56,7423.47,10836.13,11635.21,14455.39,34245.53,9607.31,18588.45
64780881,824940.81,7422.90,10838.40,11634.84,14456.30,34246.40,9607.31,18588.84
64832705,824957.94,7423.59,10836.84,11635.08,14454.12,34243.41,9608.49,18588.71
64884531,824907.38,7423.35,10836.96,11636.79,14455.14,34243.08,9608.71,18589.68
64937319,824916.31,7435.20,10848.12,11644.94,14462.68,34249.76,9609.54,18586.65
64989145,824957.94,7422.68,10836.84,11637.65,14457.32,34243.41,9607.90,18589.39
65040970,825049.44,7421.67,10835.64,11635.93,14453.74,34241.66,9608.96,18588.29
65092795,824966.13,7421.88,10835.77,11635.45,14452.45,34239.20,9607.66,18589.81
65144621,824983.31,7421.44,10836.59,11634.10,14451.18,34239.02,9607.31,18589.00
65196445,824974.31,7420.87,10835.88,11632.90,14451.18,34235.31,9605.09,18590.37
65248270,824966.13,7421.44,10835.64,11633.02,14450.78,34234.61,9605.67,18588.71
65300096,824966.13,7420.99,10837.44,11632.28,14450.27,34236.73,9604.73,18588.16
65351919,824966.13,7421.32,10837.91,11632.65,14451.30,34235.14,9605.20,18589.39
65403744,824916.31,7421.10,10836.84,11633.39,14451.81,34236.55,9604.27,18589.00
65455568,824991.50,7421.78,10839.00,11632.90,14452.32,34236.73,9602.03,18590.37
65507394,824949.00,7421.55,10837.32,11633.74,14453.59,34233.92,9601.09,18590.91
65559219,824983.31,7422.58,10837.80,11633.39,14452.07,34232.32,9599.92,18589.39
65611043,824966.13,7421.44,10836.36,11631.67,14450.78,34231.28,9599.57,18590.64
65662869,824983.31,7422.12,10837.44,11631.43,14450.91,34227.57,9599.92,18589.39
65714692,824983.31,7421.78,10837.20,11630.69,14451.04,34228.98,9598.39,18590.91
65766516,824932.63,7420.54,10837.32,11631.43,14450.52,34232.85,9600.27,18589.54
65818341,824974.31,7421.55,10836.13,11630.34,14452.20,34229.34,9597.34,18590.50
65870164,825015.94,7420.65,10835.99,11630.46,14450.91,34228.29,9597.58,18589.26
65921990,824924.50,7420.43,10834.20,11630.21,14451.18,34231.44,9595.11,18589.68
65973813,824991.50,7419.74,10832.52,11628.63,14450.27,34226.69,9594.77,18590.91
66025638,824983.31,7420.21,10833.11,11629.97,14450.40,34225.64,9593.83,18594.34
66077465,825015.94,7419.42,10832.52,11629.12,14449.76,34224.58,9594.17,18593.11
66129290,824940.81,7418.85,10832.04,11629.49,14447.45,34217.71,9593.69,18596.14
66181115,824991.50,7419.87,10830.84,11629.60,14445.41,34212.78,9592.29,18596.54
66232940,825033.13,7419.74,10831.20,11629.00,14442.98,34209.79,9593.11,18596.27
66284766,824957.94,7418.17,10830.84,11627.78,14442.60,34203.81,9593.00,18595.18
66336592,825015.94,7417.94,10831.33,11629.24,14441.70,34203.29,9592.18,18597.24
66388417,825007.75,7418.62,10831.56,11629.60,14439.27,34199.41,9591.82,18597.10
66440243,824999.56,7419.29,10829.87,11628.63,14437.36,34196.25,9587.49,18597.64
66492067,824999.56,7417.28,10827.48,11627.17,14436.08,34194.84,9585.97,18596.68
66543894,825041.19,7417.38,10828.43,11628.15,14436.08,34190.62,9585.25,18597.92
66595720,825015.94,7417.72,10827.12,11627.17,14434.54,34189.74,9584.56,18596.14
66647545,825015.94,7417.38,10827.84,11627.42,14433.78,34188.33,9582.21,18596.27
66699372,825033.13,7416.82,10826.65,11627.78,14433.27,34184.82,9580.33,18598.19
66751196,825015.94,7415.36,10825.07,11628.63,14433.12,34181.47,9580.45,18597.64
66803022,825015.94,7416.93,10825.07,11627.54,14433.38,34179.71,9581.96,18596.82
66854849,824999.56,7415.81,10824.61,11626.93,14432.24,34173.90,9582.56,18596.95
66906674,825015.94,7415.24,10824.48,11627.05,14431.47,34173.73,9580.45,18599.16
66958500,825015.94,7415.47,10824.00,11627.05,14428.39,34170.39,9581.63,18599.70
67010325,825057.63,7416.82,10823.41,11625.71,14427.51,34168.10,9578.93,18598.87
67062150,825033.13,7415.36,10821.85,11627.17,14427.12,34163.53,9578.34,18598.33
67113976,824983.31,7415.92,10822.92,11627.05,14427.37,34160.54,9579.51,18599.02
67165802,825049.44,7414.91,10822.92,11626.56,14425.71,34157.55,9579.15,18599.83
67217628,825049.44,7415.24,10823.04,11626.31,14427.63,34155.61,9579.51,18601.35
67269451,825057.63,7414.57,10821.12,11625.82,14425.33,34154.74,9576.81,18601.63
67321278,825082.94,7414.91,10821.60,11627.17,14424.31,34150.69,9575.53,18600.94
67373105,824999.56,7414.68,10820.05,11625.23,14423.29,34151.75,9576.12,18603.26
67424929,825049.44,7413.43,10818.36,11624.74,14423.42,34147.36,9575.64,18601.63
67476755,824999.56,7413.67,10817.64,11623.88,14424.44,34145.25,9575.53,18599.99
67528579,824932.63,7413.11,10817.05,11624.86,14424.18,34141.72,9573.65,18599.16
67580405,824991.50,7413.77,10815.73,11624.37,14423.80,34143.13,9573.88,18600.12
67632232,825049.44,7412.76,10815.98,11623.64,14424.18,34143.13,9573.77,18598.06
67684057,825007.75,7412.43,10815.37,11624.99,14424.57,34141.02,9573.19,18600.54
67735882,824991.50,7411.42,10813.09,11621.57,14422.90,34133.63,9570.13,18599.83
67787707,824974.31,7411.52,10813.81,11621.45,14421.62,34129.95,9569.19,18598.61
67839533,824999.56,7411.75,10812.37,11621.21,14420.47,34129.77,9570.36,18596.82
67891358,824966.13,7411.42,10812.84,11621.81,14420.59,34125.56,9568.14,18597.64
67943181,824924.50,7411.30,10811.89,11620.24,14418.56,34118.87,9569.30,18598.87
67995005,824991.50,7411.63,10810.57,11620.36,14419.70,34117.82,9570.84,18598.74
68046830,824991.50,7410.40,10810.57,11619.75,14418.31,34114.83,9569.66,18597.64
68098654,825007.75,7410.17,10811.52,11620.24,14417.53,34114.65,9569.54,18597.64
68150479,824957.94,7409.83,10808.65,11620.12,14417.78,34111.50,9568.50,18595.86
68202303,824983.31,7409.83,10809.26,11618.52,14416.12,34106.76,9568.02,18598.06
68254128,824957.94,7409.83,10808.04,11618.77,14418.05,34107.28,9569.08,18596.68
68305951,825024.94,7409.50,10808.76,11617.44,14416.38,34109.73,9567.09,18597.79
68357776,824974.31,7409.15,10807.69,11617.56,14416.00,34107.28,9568.36,18598.33
68409601,824999.56,7409.83,10805.77,11616.58,14415.35,34101.12,9567.78,18597.92
68461424,824966.13,7410.06,10807.33,11617.07,14416.12,34103.24,9567.90,18599.29
68513248,825007.75,7409.83,10805.89,11618.04,14415.60,34099.54,9567.90,18598.06
68565072,824991.50,7410.17,10807.21,11618.04,14414.21,34096.20,9570.01,18598.74
68616898,825007.75,7408.37,10804.80,11617.20,14414.21,34095.14,9570.25,18599.57
68668724,824966.13,7408.37,10805.65,11614.88,14413.32,34092.34,9573.41,18601.35
68720547,824991.50,7409.05,10805.05,11616.95,14414.21,34093.04,9571.07,18598.46
68772374,824991.50,7407.25,10803.26,11614.88,14412.03,34089.70,9571.42,18600.12
68824199,825007.75,7407.01,10804.80,11614.51,14415.49,34091.46,9571.65,18600.94
68876025,825015.94,7408.47,10803.97,11613.90,14412.03,34084.96,9572.94,18600.25
68927851,824999.56,7408.26,10804.92,11614.75,14414.08,34086.71,9570.84,18603.00
68979676,824983.31,7408.47,10806.25,11613.90,14414.34,34086.89,9573.52,18604.51
69031501,824991.50,7408.02,10805.17,11616.46,14413.69,34086.71,9571.65,18603.00
69083327,824974.31,7408.02,10804.92,11615.61,14413.44,34084.96,9572.71,18604.10
69135152,824949.00,7408.14,10804.33,11615.86,14414.34,34081.27,9571.53,18602.87
69186978,825015.94,7407.46,10804.33,11614.63,14413.06,34080.75,9570.48,18603.84
69238803,824983.31,7407.58,10803.73,11614.63,14412.54,34080.57,9570.01,18602.73
69290629,824949.00,7407.13,10802.77,11613.67,14414.34,34083.73,9569.54,18602.18
69342453,825015.94,7406.45,10802.53,11614.75,14413.19,34080.04,9571.42,18604.51
69394280,825033.13,7407.58,10803.14,11614.63,14414.59,34078.46,9569.30,18603.42
69446106,824974.31,7407.36,10802.41,11611.83,14412.54,34079.88,9570.01,18603.13
69497930,825015.94,7405.66,10801.93,11613.90,14411.90,34076.88,9571.53,18605.06
69549755,824940.81,7406.45,10802.77,11612.08,14411.78,34075.65,9568.36,18604.24
69601580,824991.50,7406.34,10801.22,11611.71,14412.29,34075.48,9569.54,18603.00
69653406,825057.63,7406.57,10801.45,11612.33,14412.29,34071.79,9569.44,18603.00
69705232,824974.31,7406.34,10801.34,11611.59,14412.16,34070.55,9568.72,18601.76
69757054,824999.56,7406.80,10801.70,11611.83,14410.88,34073.02,9570.48,18602.04
69808882,824999.56,7405.77,10802.66,11611.96,14412.54,34071.43,9570.95,18602.87
69860706,825033.13,7406.80,10802.04,11610.62,14412.29,34067.57,9571.42,18602.87
69912531,824991.50,7407.13,10801.70,11610.85,14410.36,34068.10,9572.35,18601.91
69964357,824966.13,7405.44,10800.97,11610.85,14411.65,34065.64,9570.71,18603.13
70016181,824991.50,7405.00,10800.61,11611.35,14410.50,34064.60,9570.48,18602.04
70068006,824991.50,7405.56,10799.78,11608.67,14410.13,34061.95,9570.36,18602.59
70119832,825015.94,7405.32,10800.26,11610.74,14408.84,34058.61,9568.72,18601.63
70171657,825033.13,7404.43,10800.97,11609.53,14406.28,34060.20,9571.31,18601.76
70223483,825024.94,7405.56,10801.09,11610.02,14407.05,34057.92,9571.65,18603.13
70275309,825033.13,7403.64,10800.38,11609.77,14407.05,34054.40,9570.71,18603.55
70327135,824991.50,7404.09,10801.09,11608.67,14407.17,34050.55,9570.48,18604.38
70378960,825033.13,7403.75,10801.70,11607.95,14405.00,34047.38,9570.01,18603.42
70430787,825082.94,7403.41,10801.09,11608.44,14405.37,34034.40,9570.36,18602.73
70482612,825024.94,7402.62,10802.29,11607.70,14406.15,34027.91,9569.44,18601.35
70534436,824966.13,7403.41,10801.34,11608.19,14405.89,34028.42,9567.42,18603.26
70586262,824991.50,7403.75,10800.85,11607.95,14405.64,34028.42,9565.33,18605.75
70638086,824991.50,7403.29,10800.61,11606.01,14404.23,34020.88,9562.27,18605.48
70689910,825108.19,7402.51,10799.53,11606.60,14403.09,34015.08,9561.22,18605.06
70741736,824966.13,7402.40,10798.21,11606.60,14402.69,34014.03,9559.46,18604.93
70793560,824974.31,7402.96,10797.49,11606.25,14400.27,34012.80,9557.71,18603.97
70845385,825041.19,7401.84,10797.14,11606.25,14402.31,34011.05,9555.48,18605.06
70897209,825007.75,7402.16,10794.50,11605.52,14402.83,34010.70,9555.00,18603.97
70949032,825007.75,7402.96,10795.94,11604.90,14402.58,34013.51,9554.54,18604.10
71000857,825033.13,7401.27,10793.90,11604.29,14401.55,34005.79,9553.82,18604.64
71052681,825041.19,7399.70,10793.30,11602.60,14401.17,34002.80,9554.89,18603.42
71104506,824966.13,7400.82,10793.06,11603.68,14400.92,34001.57,9551.37,18603.68
71156331,824999.56,7399.91,10789.70,11602.84,14399.90,34001.41,9552.07,18606.17
71208154,825024.94,7398.69,10788.16,11604.04,14398.10,33998.06,9552.07,18609.86
71259980,825015.94,7399.14,10787.91,11602.84,14397.46,33995.96,9550.43,18608.49
71311806,825007.75,7399.70,10786.70,11603.20,14396.96,33995.79,9550.91,18609.05
71363632,824999.56,7399.14,10785.02,11601.74,14396.18,33995.43,9548.90,18610.70
71415456,824966.13,7399.01,10782.75,11603.43,14396.18,33991.75,9545.39,18614.13
71467282,825091.88,7397.55,10779.99,11603.08,14394.26,33987.37,9546.80,18611.24
71519108,824966.13,7397.89,10779.87,11602.10,14393.23,33985.26,9543.99,18611.93
71570934,825033.13,7397.21,10778.32,11601.98,14392.74,33985.26,9540.94,18613.45
71622760,825041.19,7395.86,10774.12,11600.52,14389.29,33978.60,9541.06,18610.70
71674585,825024.94,7395.64,10774.48,11601.49,14390.17,33976.66,9539.89,18609.73
71726410,825049.44,7393.84,10771.60,11601.26,14388.26,33977.02,9536.95,18611.93
71778237,824957.94,7393.39,10770.28,11598.71,14387.11,33974.04,9534.96,18611.79
71830062,825033.13,7395.18,10768.36,11598.58,14387.11,33968.43,9534.38,18611.79
71881888,825024.94,7393.28,10766.21,11597.36,14384.68,33961.77,9534.73,18608.63
71933714,824999.56,7392.48,10767.04,11597.85,14384.16,33962.45,9532.51,18609.05
71985539,824999.56,7392.15,10764.05,11597.23,14384.68,33964.56,9531.10,18608.09
72037365,824983.31,7391.92,10763.58,11595.79,14382.13,33961.77,9533.91,18605.61
72089189,825033.13,7390.23,10762.02,11596.13,14381.99,33958.61,9532.51,18605.88
72141979,825007.75,7404.76,10774.59,11608.67,14392.48,33962.12,9535.67,18602.73
72193804,824999.56,7390.23,10762.49,11599.91,14383.27,33953.87,9531.92,18603.97
72245629,825007.75,7388.88,10757.93,11595.54,14380.33,33949.50,9530.16,18604.24
72297455,825007.75,7391.35,10761.17,11596.75,14379.69,33946.51,9529.45,18606.30
72349279,825033.13,7391.03,10760.69,11597.11,14378.92,33942.48,9531.21,18604.51
72401105,825015.94,7390.00,10762.02,11596.62,14378.79,33938.80,9530.86,18604.24
72452931,825024.94,7389.55,10761.17,11596.75,14378.42,33939.85,9530.04,18603.42
72504756,825041.19,7390.58,10759.15,11596.13,14378.03,33939.67,9529.70,18605.75
72556582,825007.75,7389.78,10757.93,11596.03,14375.09,33935.81,9532.61,18604.10
72608407,825141.75,7388.43,10758.06,11595.42,14376.23,33933.90,9531.92,18605.06
72660233,824999.56,7388.99,10758.18,11594.56,14376.00,33934.41,9532.51,18601.91
72712057,825082.94,7389.55,10758.90,11593.59,14377.65,33934.77,9535.20,18601.35
72763884,825015.94,7388.88,10759.25,11594.07,14377.14,33932.31,9536.01,18603.26
72815711,825015.94,7389.33,10758.18,11592.86,14377.26,33928.98,9536.95,18603.42
72867534,825015.94,7387.53,10757.93,11592.01,14374.07,33922.50,9538.48,18603.97
72919361,825024.94,7387.75,10758.18,11592.74,14372.80,33918.82,9536.72,18606.56
72971186,825049.44,7386.18,10758.06,11590.67,14372.28,33916.01,9535.54,18603.68
73023012,825024.94,7387.30,10757.34,11592.13,14372.28,33915.66,9538.71,18605.88
73074839,825100.06,7385.62,10755.42,11589.57,14371.39,33914.44,9535.78,18606.43
73126662,825033.13,7386.29,10755.91,11588.98,14370.24,33916.01,9534.85,18605.06
73178487,825041.19,7386.51,10756.63,11590.67,14370.87,33909.71,9536.72,18606.17
73230312,824991.50,7386.29,10756.74,11589.10,14371.00,33910.05,9536.01,18603.55
73282137,825007.75,7385.62,10756.63,11587.63,14370.74,33908.30,9537.66,18604.38
73333962,824966.13,7383.03,10757.11,11587.26,14367.93,33903.40,9538.59,18603.97
73385785,824999.56,7383.03,10755.91,11585.93,14368.06,33899.89,9538.25,18603.55
73437609,824991.50,7386.40,10755.06,11587.63,14366.53,33897.44,9539.07,18603.84
73489434,824974.31,7385.38,10755.42,11586.41,14365.76,33895.53,9539.65,18603.84
73541259,825041.19,7383.69,10756.74,11586.54,14366.66,33894.66,9540.70,18605.61
73593084,825041.19,7382.35,10755.79,11585.44,14364.99,33888.86,9540.24,18605.75
73644909,824983.31,7383.58,10754.35,11586.06,14364.23,33885.71,9542.00,18604.38
73696734,825066.56,7383.58,10755.19,11584.23,14362.95,33883.44,9539.76,18602.59
73748558,825074.75,7383.03,10755.31,11584.71,14363.22,33880.63,9539.17,18603.00
73800384,825024.94,7382.68,10754.47,11585.20,14361.54,33876.95,9538.13,18603.55
73852209,824983.31,7382.92,10755.19,11582.03,14360.27,33873.64,9538.59,18602.59
73904034,825007.75,7382.68,10754.47,11582.89,14359.25,33870.82,9539.07,18603.68
73955861,825100.06,7381.89,10753.50,11582.89,14358.61,33871.53,9540.47,18602.18
74007686,824983.31,7381.79,10756.51,11582.89,14359.76,33870.13,9543.87,18602.18
74059511,824991.50,7379.19,10756.26,11584.58,14359.12,33866.45,9543.28,18602.45
74111338,824999.56,7380.66,10754.47,11581.31,14357.45,33860.32,9543.51,18603.00
74163163,825024.94,7381.23,10754.72,11581.68,14358.61,33861.89,9542.93,18601.21
74214989,825024.94,7380.54,10755.54,11582.17,14358.74,33860.50,9543.99,18599.44
74266815,824957.94,7380.54,10756.38,11580.69,14358.49,33859.80,9544.58,18600.67
74318640,825041.19,7379.64,10755.79,11580.21,14357.60,33859.10,9544.69,18600.54
74370466,824974.31,7379.98,10756.63,11581.92,14356.95,33851.39,9542.00,18599.02
74422291,825015.94,7379.52,10755.19,11579.60,14356.82,33852.96,9543.87,18598.61
74474117,825024.94,7379.76,10757.11,11579.49,14355.04,33852.27,9544.22,18598.61
74525942,824974.31,7378.40,10756.38,11579.12,14355.29,33846.14,9542.70,18597.92
74577768,825057.63,7378.74,10756.51,11579.00,14354.92,33848.07,9543.64,18600.54
74629593,825049.44,7379.19,10757.71,11578.88,14353.63,33841.59,9543.75,18598.87
74681418,825057.63,7377.84,10757.34,11578.51,14352.61,33839.84,9545.17,18600.94
74733245,825041.19,7377.84,10760.34,11578.14,14352.61,33836.70,9546.09,18600.12
74785070,825041.19,7377.73,10759.50,11576.93,14353.37,33835.47,9543.51,18598.74
74836894,824991.50,7376.94,10759.25,11576.08,14353.00,33835.81,9541.88,18599.99
74888720,825049.44,7376.61,10758.18,11576.45,14352.61,33834.23,9544.11,18598.33
74940545,825033.13,7378.07,10758.18,11576.20,14351.58,33827.06,9541.76,18597.64
74992371,824940.81,7376.38,10758.90,11575.96,14350.44,33825.67,9545.39,18598.33
75044195,825024.94,7377.17,10759.03,11575.71,14350.31,33824.44,9545.17,18599.44
75096019,824974.31,7376.83,10758.78,11576.08,14350.69,33822.69,9543.99,18597.92
75147846,824983.31,7375.37,10759.03,11575.84,14350.82,33823.38,9543.16,18595.99
75199671,825007.75,7375.70,10758.30,11575.22,14349.15,33819.89,9543.75,18595.72
75251495,825100.06,7376.03,10758.78,11573.41,14348.78,33821.82,9542.82,18595.86
75303321,825033.13,7375.26,10759.15,11573.88,14351.20,33822.17,9541.88,18598.87
75355146,825041.19,7374.24,10758.90,11575.10,14350.95,33820.94,9543.40,18596.82
75406972,825024.94,7375.02,10758.30,11573.41,14349.03,33811.30,9543.75,18597.92
75458797,825007.75,7374.46,10759.38,11573.65,14345.96,33806.24,9544.45,18597.50
75510623,825007.75,7375.13,10758.43,11573.53,14346.35,33805.90,9545.39,18597.64
75562448,825007.75,7374.69,10759.25,11573.65,14342.13,33796.62,9546.80,18598.33
75614274,825049.44,7374.46,10760.22,11574.01,14342.13,33796.62,9546.80,18598.06
75666100,825024.94,7373.33,10760.34,11572.07,14340.61,33790.68,9545.63,18596.82
75717924,825033.13,7374.13,10760.10,11573.53,14340.35,33787.88,9544.45,18596.82
75769750,825033.13,7373.90,10757.47,11572.79,14337.16,33780.89,9545.39,18596.14
75821574,825015.94,7373.22,10758.66,11573.04,14335.50,33776.52,9543.64,18594.89
75873398,824999.56,7373.22,10756.98,11572.19,14336.39,33775.98,9545.27,18595.18
75925224,825007.75,7373.00,10758.90,11571.58,14335.24,33773.20,9547.04,18595.18
75977048,824974.31,7373.57,10759.03,11571.58,14334.22,33771.63,9547.39,18596.14
76028873,824957.94,7371.99,10758.66,11570.36,14333.19,33765.32,9547.98,18594.62
76080696,825049.44,7372.21,10759.74,11570.24,14332.68,33767.96,9547.86,18593.52
76132520,824999.56,7372.88,10759.50,11570.24,14334.48,33766.37,9545.99,18592.84
76184346,824991.50,7371.87,10758.55,11569.52,14334.09,33767.42,9546.45,18593.11
76236170,825024.94,7376.03,10764.41,11572.55,14337.79,33767.78,9547.50,18592.01
76287994,824940.81,7375.26,10763.93,11572.92,14337.92,33763.93,9547.04,18593.52
76339819,824966.13,7375.48,10763.81,11572.79,14337.41,33760.25,9547.39,18595.31
76391644,824924.50,7374.36,10765.49,11571.21,14335.36,33755.01,9547.98,18594.62
76443469,824957.94,7375.58,10765.49,11571.82,14334.98,33752.38,9549.26,18593.80
76495294,824999.56,7375.02,10765.97,11571.33,14334.73,33748.72,9551.37,18592.56
76547119,824999.56,7374.36,10765.60,11569.99,14330.25,33741.55,9553.36,18594.76
76598944,824983.31,7372.44,10766.70,11569.88,14331.54,33740.16,9552.78,18591.74
76650771,825015.94,7372.66,10765.97,11569.88,14326.94,33731.41,9552.19,18593.11
76702596,825015.94,7374.01,10765.60,11569.99,14327.57,33727.39,9549.85,18593.11
76754421,824924.50,7373.78,10766.10,11568.17,14326.68,33727.57,9550.07,18592.43
76806247,824974.31,7373.22,10765.60,11568.78,14326.94,33725.66,9551.61,18589.39
76858072,824974.31,7372.56,10767.29,11568.41,14327.32,33724.79,9552.42,18591.33
76909897,824899.19,7372.10,10768.02,11567.68,14326.17,33721.81,9555.24,18591.04
76961723,824924.50,7370.87,10767.77,11568.17,14326.56,33719.71,9554.30,18588.45
77013548,824966.13,7372.56,10768.48,11566.72,14325.54,33719.54,9556.65,18589.39
77065373,824932.63,7372.32,10770.16,11566.96,14326.30,33719.01,9556.76,18589.95
77117197,824991.50,7371.65,10770.53,11566.10,14327.19,33714.80,9558.29,18588.29
77169022,824957.94,7372.66,10770.65,11565.74,14326.56,33712.72,9559.81,18588.84
77220849,824949.00,7369.28,10769.21,11565.86,14326.56,33711.51,9559.92,18587.07
77272674,824966.13,7371.65,10771.13,11565.37,14326.56,33703.82,9559.92,18585.15
77324498,824957.94,7371.54,10768.61,11565.49,14323.24,33700.32,9555.71,18586.10
77376324,824974.31,7368.83,10768.02,11563.80,14323.49,33694.04,9555.71,18587.34
77428150,824983.31,7369.18,10767.52,11563.68,14322.34,33697.35,9557.24,18586.10
77479975,824966.13,7369.28,10769.21,11563.31,14323.37,33696.84,9558.99,18584.04
77531801,824940.81,7370.18,10769.21,11562.58,14322.86,33698.93,9559.58,18585.15
77583626,824940.81,7369.85,10769.57,11562.46,14323.62,33701.03,9559.46,18581.30
77635451,824991.50,7370.18,10769.94,11561.37,14322.08,33693.86,9563.21,18584.60
77687278,824983.31,7369.51,10771.60,11561.37,14324.51,33695.43,9561.92,18582.53
77739104,824949.00,7368.27,10770.16,11561.12,14322.23,33690.88,9562.27,18579.38
77790928,824949.00,7369.18,10769.09,11560.63,14321.96,33690.71,9561.10,18580.47
77842754,824949.00,7369.18,10770.40,11560.15,14323.62,33695.25,9562.50,18579.92
77894579,824940.81,7368.83,10771.25,11560.15,14322.86,33691.76,9560.74,18581.15
77946405,824916.31,7367.92,10771.01,11561.00,14321.70,33686.87,9562.62,18579.79
77998231,824932.63,7367.60,10771.25,11559.91,14321.20,33687.23,9565.21,18581.85
78050056,824966.13,7368.50,10769.80,11559.66,14321.45,33683.04,9564.61,18578.83
78101881,824966.13,7368.38,10769.43,11559.91,14318.89,33677.10,9562.16,18577.86
78153707,824949.00,7367.03,10769.21,11558.20,14316.72,33668.38,9563.56,18576.91
78205532,824891.00,7367.26,10768.61,11556.87,14316.47,33665.23,9565.91,18576.62
78257358,824999.56,7368.27,10767.89,11557.85,14317.12,33666.45,9566.49,18576.49
78309185,824957.94,7366.35,10767.89,11556.99,14316.59,33666.28,9567.09,18573.61
78361009,824949.00,7367.26,10768.84,11556.87,14316.34,33661.56,9567.67,18575.66
78412832,824874.69,7366.58,10766.70,11557.97,14315.20,33662.61,9570.59,18574.43
78464658,824983.31,7364.66,10766.57,11555.78,14313.03,33656.68,9569.19,18575.66
78516483,824974.31,7366.47,10767.41,11554.07,14313.40,33652.48,9568.36,18574.29
78568307,824949.00,7364.78,10765.60,11555.91,14312.26,33650.91,9570.84,18573.32
78620130,824932.63,7366.81,10765.85,11556.13,14312.77,33650.91,9572.71,18571.55
78671953,824940.81,7365.79,10767.52,11554.56,14312.39,33651.62,9574.24,18574.16
78723779,824966.13,7365.22,10766.92,11554.93,14312.64,33651.27,9575.40,18573.47
78775604,824940.81,7364.55,10766.45,11553.58,14313.53,33650.21,9576.46,18572.91
78827427,824966.13,7363.99,10764.41,11553.45,14314.54,33648.82,9574.82,18571.81
78879253,824932.63,7365.11,10765.49,11552.74,14313.28,33642.89,9576.12,18570.17
78931077,824932.63,7365.22,10765.00,11552.37,14311.36,33640.45,9579.03,18572.23
78982902,824916.31,7363.77,10764.17,11551.64,14311.36,33640.09,9580.56,18570.86
79034727,824924.50,7363.77,10765.25,11552.99,14309.83,33633.64,9584.08,18570.72
79086551,824966.13,7364.10,10763.46,11551.76,14309.71,33626.13,9582.09,18571.68
79138376,824940.81,7363.32,10763.46,11550.90,14305.74,33620.38,9583.26,18570.04
79190201,824966.13,7362.65,10763.58,11551.52,14306.52,33619.87,9581.15,18569.76
79242027,824983.31,7363.42,10763.34,11550.31,14305.62,33618.45,9582.56,18567.16
79293852,824924.50,7364.10,10763.21,11551.39,14304.98,33614.09,9583.85,18567.01
79346640,824916.31,7376.94,10777.83,11560.03,14314.06,33619.33,9586.43,18566.05
79398467,824949.00,7362.53,10764.65,11553.45,14306.14,33608.88,9585.61,18568.25
79450291,824949.00,7363.42,10762.86,11550.55,14303.06,33606.08,9587.83,18566.87
79502117,824966.13,7362.76,10761.06,11550.43,14300.91,33598.23,9584.91,18565.77
79553944,824974.31,7362.08,10761.06,11549.21,14298.09,33591.43,9587.01,18566.05
79605769,824966.13,7360.84,10760.22,11548.24,14296.69,33594.39,9585.85,18565.23
79657594,824983.31,7360.96,10760.34,11546.90,14296.17,33593.17,9589.13,18565.37
79709420,824932.63,7361.74,10761.77,11547.39,14297.46,33590.91,9591.71,18562.47
79761246,824924.50,7361.17,10761.77,11545.81,14297.97,33591.07,9593.36,18560.97
79813072,824957.94,7361.06,10762.74,11546.53,14298.35,33590.20,9596.87,18560.97
79864897,824932.63,7361.63,10761.30,11546.90,14296.94,33587.25,9594.99,18559.59
79916722,824957.94,7360.16,10760.22,11545.44,14296.56,33585.68,9596.17,18559.33
79968547,824916.31,7361.29,10760.81,11544.84,14297.46,33586.89,9598.16,18560.83
80020374,824974.31,7361.40,10762.02,11544.10,14297.84,33587.41,9602.03,18560.42
80072200,824966.13,7361.29,10760.94,11544.47,14298.60,33588.63,9599.46,18558.22
80124025,824949.00,7361.17,10762.25,11543.99,14299.11,33586.73,9600.27,18558.50
80175851,824899.19,7360.84,10764.05,11543.75,14301.41,33589.17,9602.85,18558.91
80227676,824916.31,7360.51,10764.05,11543.99,14301.28,33588.99,9605.20,18557.53
80279502,824924.50,7361.52,10764.90,11544.96,14299.62,33583.40,9605.78,18557.82
80331329,824916.31,7360.16,10763.68,11544.24,14298.74,33581.66,9606.62,18555.48
80383154,824916.31,7359.95,10764.17,11541.56,14298.60,33584.80,9608.02,18556.03
80434979,824957.94,7359.15,10762.86,11542.89,14298.74,33583.23,9608.71,18556.99
80486805,824940.81,7361.17,10764.53,11539.97,14298.35,33580.09,9610.59,18557.68
80538630,824899.19,7360.40,10767.65,11541.56,14300.52,33580.80,9611.42,18556.58
80590456,824949.00,7360.16,10765.85,11540.95,14299.49,33580.63,9611.19,18554.94
80642282,824949.00,7359.71,10766.57,11539.73,14301.28,33579.04,9612.00,18556.44
80694107,824983.31,7361.29,10764.30,11540.58,14298.86,33574.17,9611.53,18555.89
80745931,824924.50,7359.04,10766.70,11537.78,14297.57,33575.57,9610.72,18554.94
80797758,824924.50,7359.95,10765.49,11540.70,14298.60,33573.82,9612.00,18555.89
80849584,824940.81,7360.61,10763.34,11538.27,14299.11,33571.73,9608.13,18554.23
80901409,824924.50,7359.60,10763.81,11538.27,14299.11,33569.29,9608.60,18555.75
80953234,824932.63,7360.40,10762.74,11538.03,14297.57,33566.14,9610.83,18556.29
81005059,824932.63,7360.27,10763.68,11536.82,14297.19,33561.44,9611.19,18556.16
81056885,824940.81,7359.95,10763.68,11536.82,14296.94,33558.48,9614.01,18552.73
81108711,824949.00,7358.36,10761.54,11535.96,14295.92,33558.30,9615.52,18553.69
81160534,824924.50,7359.15,10764.30,11536.46,14296.94,33556.21,9616.70,18552.73
81212358,824966.13,7358.59,10763.09,11535.84,14297.19,33554.82,9617.76,18554.23
81264182,824899.19,7357.69,10764.78,11535.35,14295.67,33550.64,9620.23,18555.07
81316006,824932.63,7359.27,10765.97,11535.84,14296.31,33550.30,9621.86,18551.22
81367831,824949.00,7358.36,10765.60,11534.15,14295.54,33550.98,9622.46,18553.01
81419655,824916.31,7359.37,10767.65,11533.17,14297.57,33549.07,9624.34,18551.91
81471479,824957.94,7358.36,10766.92,11534.15,14297.07,33544.19,9625.38,18551.50
81523304,824957.94,7359.15,10766.82,11534.39,14296.56,33543.50,9623.62,18551.77
81575128,824940.81,7360.16,10766.70,11533.90,14296.82,33542.97,9625.38,18551.22
81626953,824966.13,7358.25,10769.43,11532.31,14297.46,33541.23,9624.10,18551.50
81678777,824966.13,7358.81,10769.69,11533.17,14296.17,33537.22,9625.50,18553.01
81730600,824907.38,7359.60,10770.76,11533.05,14295.03,33533.91,9625.50,18549.84
81782425,824966.13,7358.81,10771.01,11531.72,14295.80,33532.71,9624.56,18551.50
81834250,824949.00,7358.92,10771.25,11531.84,14295.67,33530.60,9625.38,18552.32
81886076,824891.00,7358.59,10772.32,11532.08,14296.94,33531.12,9624.21,18551.63
81937902,824966.13,7358.92,10772.20,11531.23,14297.32,33526.24,9625.62,18551.91
81989728,824940.81,7358.25,10771.85,11530.49,14296.17,33526.24,9624.68,18551.91
82041553,824940.81,7358.59,10770.05,11531.72,14295.67,33524.33,9621.86,18551.35
82093380,824924.50,7358.25,10771.97,11530.49,14294.78,33521.73,9620.81,18551.91
82145206,824974.31,7358.59,10770.16,11530.62,14295.67,33520.68,9619.51,18551.09
82197030,824924.50,7359.49,10769.94,11531.35,14294.13,33515.45,9622.22,18552.88
82248857,824932.63,7357.69,10770.88,11531.35,14293.63,33514.22,9622.57,18552.73
82300682,824940.81,7357.91,10771.72,11531.47,14293.75,33512.66,9624.56,18553.56
82352508,824940.81,7357.91,10771.25,11529.88,14291.96,33509.35,9621.16,18552.59
82404334,824966.13,7359.60,10772.92,11530.98,14293.11,33507.26,9623.16,18551.22
82456159,824957.94,7359.49,10771.97,11529.88,14294.00,33505.34,9623.62,18550.95
82507985,824932.63,7358.36,10771.72,11529.77,14292.99,33504.30,9624.92,18553.42
82559811,824940.81,7359.27,10773.89,11532.31,14294.39,33501.68,9623.16,18554.10
82611636,824924.50,7357.80,10771.72,11530.00,14293.63,33494.55,9623.98,18554.94
82663461,824932.63,7359.15,10774.48,11531.10,14291.85,33493.34,9625.28,18551.35
82715287,824949.00,7358.03,10773.04,11530.12,14292.23,33489.84,9623.16,18553.42
82767113,824924.50,7358.92,10772.67,11528.68,14292.86,33490.02,9626.22,18554.23
82818937,824966.13,7359.37,10773.76,11530.37,14291.71,33487.93,9625.62,18554.52
82870764,824957.94,7358.81,10774.59,11530.00,14292.08,33485.33,9626.09,18554.23
82922589,824966.13,7358.25,10775.08,11529.88,14292.61,33483.58,9628.09,18553.69
82974414,824957.94,7359.60,10774.12,11529.52,14293.11,33479.23,9625.62,18553.82
83026241,824957.94,7358.71,10773.04,11527.94,14290.57,33476.61,9623.40,18554.23
83078066,824932.63,7358.47,10772.20,11527.57,14291.07,33474.88,9624.56,18553.14
83129892,824957.94,7359.49,10773.89,11527.22,14291.85,33473.14,9625.50,18553.28
83181718,824949.00,7359.15,10772.32,11528.92,14290.82,33470.00,9625.38,18553.14
83233543,824916.31,7358.92,10774.48,11527.46,14290.05,33467.56,9624.80,18553.14
83285369,824949.00,7358.25,10774.84,11526.97,14288.39,33464.61,9626.91,18553.56
83337195,824966.13,7357.46,10775.56,11527.71,14289.68,33459.38,9627.73,18553.01
83389021,824949.00,7357.58,10774.96,11527.57,14288.14,33457.30,9630.20,18552.32
83440846,824949.00,7358.71,10777.00,11527.22,14289.68,33454.17,9630.09,18552.19
83492671,824966.13,7358.59,10777.59,11526.49,14289.02,33452.79,9629.50,18553.56
83544497,824924.50,7358.25,10776.63,11526.86,14287.76,33450.16,9629.25,18553.14
83596322,824957.94,7358.36,10774.84,11526.86,14288.52,33447.73,9628.91,18553.82
83648149,824966.13,7358.03,10777.00,11525.40,14288.39,33445.82,9625.97,18554.94
83699973,824940.81,7359.04,10777.72,11525.51,14288.65,33446.52,9627.03,18553.82
83751798,824949.00,7358.36,10778.07,11526.86,14287.63,33442.16,9627.49,18552.88
83803625,824907.38,7357.12,10777.00,11524.43,14286.47,33437.47,9626.22,18554.78
83855450,824966.13,7357.58,10776.16,11525.03,14286.36,33436.60,9624.10,18553.14
83907275,824966.13,7357.46,10776.16,11526.49,14285.84,33431.73,9624.44,18553.01
83959101,824983.31,7357.35,10776.88,11524.54,14286.74,33435.39,9624.68,18555.20
84010926,824907.38,7357.58,10777.59,11525.26,14286.74,33431.37,9626.44,18554.94
84062752,824957.94,7357.35,10777.47,11524.54,14286.62,33432.24,9629.03,18553.56
84114576,824940.81,7357.80,10779.03,11524.43,14286.36,33430.68,9626.80,18555.89
84166402,824974.31,7357.58,10776.88,11525.40,14285.71,33426.17,9626.55,18554.78
84218227,824924.50,7357.35,10778.92,11523.45,14285.84,33423.20,9627.73,18555.75
84270052,824924.50,7357.80,10780.12,11523.20,14286.47,33421.81,9628.09,18555.48
84321876,824916.31,7357.91,10779.27,11523.82,14284.94,33419.55,9626.91,18555.89
84373702,824899.19,7356.67,10779.15,11523.32,14286.22,33416.77,9627.62,18556.44
84425528,824899.19,7358.36,10779.15,11523.69,14286.47,33417.46,9626.80,18553.82
84477353,824932.63,7357.58,10780.12,11523.82,14285.59,33413.64,9627.97,18554.78
84529179,824966.13,7358.81,10779.27,11523.20,14284.45,33411.72,9628.31,18555.33
84581006,824932.63,7357.58,10781.19,11523.20,14283.54,33409.28,9629.37,18555.48
84632832,824916.31,7357.02,10781.19,11523.45,14284.94,33408.77,9627.15,18554.39
84684659,824907.38,7356.90,10780.71,11522.97,14284.57,33408.42,9629.84,18553.14
84736485,824940.81,7357.91,10781.56,11521.63,14283.68,33406.86,9629.37,18555.07
84788310,824899.19,7357.91,10780.46,11522.72,14283.04,33401.80,9628.31,18555.89
84840137,824924.50,7357.58,10782.38,11523.57,14283.43,33402.68,9631.38,18555.89
84891963,824966.13,7356.67,10780.71,11522.60,14283.28,33399.04,9630.43,18554.10
84943790,824957.94,7357.12,10783.70,11521.88,14283.16,33398.16,9631.60,18554.78
84995615,824949.00,7357.12,10782.27,11520.54,14283.54,33397.11,9630.91,18553.69
85047440,824940.81,7356.67,10782.51,11521.26,14282.27,33394.86,9630.31,18553.69
85099267,824924.50,7356.00,10781.90,11521.88,14283.16,33391.89,9629.50,18552.19
85151092,824966.13,7357.24,10781.31,11520.41,14282.40,33391.20,9628.31,18553.97
85202919,824924.50,7355.55,10781.90,11520.41,14282.78,33388.07,9629.84,18552.46
85254745,824899.19,7357.35,10782.04,11521.02,14281.39,33386.34,9628.79,18552.73
85306571,824940.81,7356.22,10782.15,11520.05,14282.02,33384.95,9628.21,18552.32
85358399,824882.88,7356.11,10783.59,11520.41,14282.78,33383.38,9628.31,18554.94
85410224,824932.63,7356.79,10784.55,11518.71,14282.53,33380.77,9628.56,18552.32
85462050,824932.63,7356.90,10783.70,11519.80,14281.00,33379.55,9628.56,18555.20
85513877,824949.00,7357.12,10786.58,11520.54,14281.63,33379.38,9631.38,18554.52
85565703,824957.94,7356.34,10785.51,11520.05,14283.04,33377.48,9628.67,18555.33
85617530,824916.31,7356.67,10785.74,11519.93,14283.16,33377.13,9629.25,18555.48
85669355,824907.38,7356.34,10785.51,11520.29,14281.63,33374.52,9628.79,18553.01
85721182,824916.31,7355.55,10785.27,11518.83,14283.68,33374.34,9628.43,18554.65
85773009,824983.31,7356.34,10785.87,11519.08,14281.89,33372.09,9629.03,18553.01
85824835,824899.19,7356.34,10785.51,11519.56,14282.27,33367.40,9629.61,18553.28
85876662,824974.31,7355.77,10787.66,11519.08,14281.13,33364.96,9629.97,18553.56
85928486,824907.38,7355.44,10784.07,11518.59,14281.25,33363.22,9627.97,18551.63
85980314,824974.31,7355.21,10785.87,11518.34,14282.65,33361.84,9627.62,18551.09
86032140,824949.00,7355.90,10783.70,11519.08,14280.87,33359.57,9627.73,18550.39
86083966,824932.63,7355.21,10785.14,11517.74,14282.02,33357.84,9625.74,18550.95
86135792,824916.31,7355.66,10783.95,11517.86,14279.97,33354.71,9626.68,18551.91
86187617,824899.19,7354.42,10785.87,11516.17,14280.73,33353.49,9627.15,18550.67
86239444,824966.13,7356.11,10785.39,11517.37,14280.62,33356.44,9628.67,18551.22
86291270,824957.94,7353.65,10785.51,11517.25,14280.62,33349.84,9628.56,18552.46
86343094,824966.13,7354.31,10785.39,11518.34,14279.59,33347.94,9627.97,18551.50
86394919,824916.31,7355.44,10786.94,11517.02,14279.84,33345.15,9627.85,18551.35
86446744,824957.94,7355.55,10785.99,11517.25,14279.97,33348.46,9626.44,18551.91
86498570,824916.31,7354.77,10786.58,11515.68,14280.10,33346.02,9629.50,18552.88
86551358,824957.94,7368.27,10798.34,11527.71,14288.65,33349.66,9631.85,18548.48
86603183,824916.31,7354.09,10787.06,11517.86,14282.02,33342.90,9631.14,18549.16
86655009,824924.50,7354.31,10788.38,11517.25,14281.39,33341.85,9630.09,18550.54
86706835,824957.94,7353.30,10787.55,11516.52,14280.62,33344.11,9630.09,18550.80
86758661,824974.31,7354.77,10788.03,11515.43,14281.51,33344.11,9630.55,18550.80
86810486,824957.94,7353.30,10787.31,11514.46,14280.48,33338.38,9630.91,18549.42
86862312,824957.94,7354.42,10789.23,11513.49,14279.97,33334.90,9631.14,18550.26
86914138,824974.31,7353.86,10788.26,11513.00,14278.45,33333.17,9629.61,18548.74
86965963,824957.94,7353.30,10788.50,11515.55,14279.34,33333.52,9630.78,18548.61
87017790,824907.38,7353.19,10787.55,11514.34,14277.94,33332.81,9627.27,18545.60
87069615,824924.50,7353.65,10788.16,11512.16,14278.96,33331.60,9628.91,18546.83
87121441,824940.81,7354.54,10789.57,11513.25,14279.08,33333.86,9629.50,18546.70
87173269,824949.00,7353.97,10790.06,11512.76,14278.45,33330.39,9631.14,18549.42
87225094,824899.19,7353.19,10790.18,11513.62,14278.57,33331.43,9629.15,18548.33
87276921,824957.94,7353.75,10790.30,11513.49,14278.32,33327.25,9630.20,18546.01
87328748,824957.94,7354.09,10789.82,11512.63,14278.19,33327.25,9629.61,18547.65
87380574,824924.50,7352.85,10789.35,11512.63,14279.21,33331.25,9629.03,18545.60
87432401,824899.19,7353.86,10788.75,11512.63,14280.22,33326.05,9628.21,18544.90
87484228,824940.81,7352.51,10790.42,11512.03,14279.59,33326.05,9630.55,18547.38
87536055,824949.00,7354.65,10790.42,11511.79,14281.39,33323.62,9631.96,18544.09
87587880,824966.13,7353.30,10789.82,11512.39,14280.62,33324.84,9633.02,18545.18
87639707,824957.94,7353.65,10790.42,11512.63,14281.00,33321.01,9631.49,18546.28
87691533,824966.13,7353.07,10790.06,11511.91,14279.21,33322.06,9631.49,18545.04
87743358,824957.94,7352.96,10788.50,11510.45,14279.21,33321.18,9631.26,18547.10
87795186,824891.00,7353.97,10790.06,11510.57,14280.22,33323.26,9630.43,18546.55
87847012,824907.38,7352.51,10788.98,11510.94,14281.51,33321.18,9629.03,18546.97
87898836,824949.00,7352.85,10790.42,11510.33,14280.48,33319.27,9629.73,18545.18
87950664,824957.94,7352.51,10788.50,11510.21,14280.73,33317.89,9628.21,18545.86
88002490,824932.63,7351.95,10790.42,11510.33,14279.97,33316.84,9629.37,18545.45
88054317,824924.50,7352.51,10791.03,11509.12,14281.39,33317.19,9629.61,18546.14
88106143,824924.50,7351.26,10788.62,11511.06,14280.10,33317.19,9629.97,18544.22
88157970,824974.31,7351.05,10788.86,11510.21,14280.73,33318.06,9630.09,18545.60
88209797,824916.31,7353.30,10789.82,11508.63,14280.48,33315.46,9629.03,18542.30
88261623,824924.50,7351.50,10789.57,11509.37,14281.51,33316.66,9630.09,18544.22
88313452,824940.81,7351.50,10790.18,11508.39,14281.51,33319.09,9630.67,18542.99
88365276,824949.00,7350.49,10791.86,11507.06,14279.97,33318.06,9632.20,18541.74
88417102,824966.13,7351.72,10790.06,11507.90,14279.59,33316.50,9631.96,18541.88
88468930,824957.94,7352.06,10789.94,11508.02,14279.72,33315.46,9633.84,18541.47
88520756,824924.50,7350.04,10790.54,11506.33,14280.10,33313.54,9631.38,18541.47
88572582,824949.00,7351.84,10789.82,11508.14,14281.51,33311.64,9630.20,18540.66
88624409,824957.94,7351.16,10789.82,11506.57,14278.82,33308.33,9629.50,18541.06
88676235,824940.81,7349.92,10788.38,11505.84,14279.84,33307.11,9630.91,18542.16
88728062,824966.13,7351.50,10790.67,11506.45,14280.10,33311.97,9630.91,18539.41
88779887,824916.31,7349.92,10789.23,11506.45,14280.48,33306.60,9632.79,18540.37
88831713,824882.88,7350.94,10790.30,11506.69,14278.57,33309.03,9635.72,18536.94
88883538,824907.38,7350.37,10791.38,11504.88,14279.34,33307.30,9636.41,18538.60
88935364,824891.00,7349.36,10790.30,11505.23,14278.82,33305.39,9634.42,18536.26
88987190,824940.81,7349.58,10791.15,11505.23,14279.84,33304.17,9636.41,18539.02
89039013,824949.00,7350.94,10790.54,11503.89,14279.34,33304.34,9637.35,18537.91
89090840,824940.81,7350.14,10791.26,11504.63,14280.62,33303.14,9638.89,18535.57
89142665,824940.81,7349.01,10792.81,11503.89,14278.70,33302.78,9641.24,18534.75
89194490,824932.63,7349.47,10792.22,11505.00,14279.59,33302.25,9641.00,18535.72
89246316,824907.38,7350.94,10791.99,11502.80,14279.84,33302.61,9639.59,18534.75
89298140,824957.94,7349.92,10791.99,11502.32,14279.84,33300.35,9639.83,18533.66
89349966,824916.31,7349.13,10792.11,11501.95,14278.45,33293.75,9639.23,18533.11
89401792,824891.00,7348.69,10791.74,11501.83,14277.80,33288.37,9640.53,18533.92
89453616,824932.63,7349.13,10789.94,11502.20,14276.28,33283.86,9639.12,18532.00
89505442,824940.81,7349.47,10789.70,11502.20,14274.61,33279.70,9637.25,18532.95
89557267,824932.63,7348.80,10790.18,11500.25,14273.59,33279.70,9636.77,18533.66
89609093,824916.31,7349.01,10790.42,11500.62,14272.18,33274.14,9635.83,18530.63
89660917,824932.63,7348.13,10791.26,11501.34,14271.67,33266.85,9638.89,18530.90
89712744,824932.63,7349.47,10790.79,11501.22,14268.61,33255.41,9637.25,18530.36
89764571,824966.13,7349.01,10789.94,11500.62,14266.72,33247.41,9638.77,18530.49
89816396,824916.31,7348.13,10790.18,11500.25,14264.16,33244.13,9637.95,18530.36
89868224,824932.63,7347.67,10790.42,11500.02,14265.31,33234.75,9637.48,18529.26
89920049,824882.88,7349.01,10789.10,11500.25,14260.20,33227.82,9639.01,18527.75
89971875,824874.69,7348.13,10788.86,11499.28,14261.86,33220.36,9637.35,18528.17
90023703,824949.00,7347.67,10790.06,11498.91,14259.43,33217.07,9638.89,18527.62
90075529,824924.50,7347.79,10789.94,11500.02,14260.20,33212.39,9638.29,18529.67
90127354,824949.00,7346.76,10789.23,11498.43,14258.42,33208.40,9637.59,18527.75
90179181,824949.00,7346.55,10789.35,11499.65,14257.77,33204.59,9637.59,18528.30
90231007,824924.50,7346.44,10788.62,11498.43,14256.76,33199.55,9637.95,18527.33
90282833,824949.00,7347.44,10788.38,11498.55,14257.54,33194.18,9638.29,18527.47
90334658,824907.38,7347.00,10787.55,11497.71,14258.17,33197.47,9637.01,18527.20
90386485,824940.81,7345.99,10787.06,11496.48,14259.06,33195.23,9635.36,18525.96
90438310,824940.81,7347.56,10785.87,11497.94,14260.33,33193.31,9634.89,18528.84
90490137,824924.50,7346.66,10785.27,11497.34,14260.45,33191.24,9632.43,18527.20
90541964,824916.31,7347.44,10784.19,11496.12,14262.00,33187.43,9633.72,18527.75
90593788,824891.00,7346.55,10783.36,11497.22,14262.63,33185.87,9634.07,18528.43
90645616,824907.38,7346.88,10782.99,11495.65,14263.78,33186.21,9632.32,18527.62
90697442,824940.81,7346.76,10782.04,11495.40,14262.63,33181.36,9633.13,18528.58
90749268,824907.38,7347.11,10781.68,11496.36,14263.40,33178.23,9633.26,18528.71
90801095,824899.19,7345.75,10780.71,11494.67,14264.54,33173.90,9634.54,18526.79
90852920,824957.94,7347.33,10779.87,11494.54,14262.24,33171.66,9634.89,18527.20
90904747,824957.94,7345.43,10777.72,11494.54,14265.06,33171.14,9634.89,18526.11
90956573,824957.94,7345.99,10779.39,11493.46,14264.16,33169.74,9634.54,18526.93
91008398,824882.88,7347.00,10779.15,11492.97,14267.10,33173.57,9636.54,18527.07
91060225,824949.00,7345.99,10778.32,11493.09,14265.81,33167.32,9636.66,18526.11
91112051,824907.38,7345.54,10777.24,11492.85,14266.96,33165.42,9638.77,18525.28
91163879,824940.81,7346.10,10775.44,11491.51,14267.73,33164.03,9639.12,18527.88
91215706,824940.81,7346.20,10774.48,11493.09,14268.12,33161.43,9636.54,18528.04
91267530,824932.63,7344.06,10773.16,11492.85,14267.35,33158.32,9636.77,18525.96
91319358,824949.00,7345.54,10774.59,11492.36,14266.72,33153.29,9636.30,18526.24
91371184,824899.19,7345.75,10773.89,11493.21,14267.60,33148.79,9638.65,18525.83
91423011,824949.00,7344.19,10774.48,11492.60,14266.33,33148.62,9638.65,18525.69
91474838,824957.94,7345.99,10774.48,11490.29,14265.81,33147.23,9640.29,18527.47
91526662,824907.38,7345.87,10771.85,11491.39,14266.21,33141.51,9641.47,18527.62
91578489,824949.00,7345.64,10769.09,11490.29,14266.96,33142.90,9639.01,18527.75
91630314,824891.00,7346.55,10768.36,11489.81,14267.73,33140.98,9639.23,18528.43
91682139,824899.19,7344.86,10767.29,11489.56,14266.46,33135.46,9640.06,18527.07
91733963,824907.38,7344.06,10766.21,11489.32,14268.12,33135.46,9641.47,18526.37
91785786,824899.19,7344.63,10767.52,11489.68,14267.86,33134.24,9640.89,18526.37
91837611,824891.00,7344.63,10765.97,11489.08,14269.00,33134.24,9642.88,18527.33
91889435,824957.94,7344.86,10766.57,11490.66,14269.13,33134.06,9642.88,18526.65
91941259,824940.81,7343.95,10766.33,11488.85,14268.87,33131.30,9642.29,18522.81
91993083,824932.63,7343.28,10767.04,11487.26,14270.41,33128.87,9646.28,18526.93
92044907,824907.38,7343.74,10766.21,11487.02,14269.64,33125.76,9644.87,18524.04
92096732,824940.81,7344.86,10764.41,11487.26,14269.13,33125.06,9644.52,18523.90
92148555,824940.81,7341.70,10766.82,11485.93,14269.52,33123.16,9646.40,18521.71
92200381,824891.00,7343.62,10767.41,11486.91,14268.49,33120.56,9646.52,18523.35
92252205,824949.00,7343.62,10765.85,11484.59,14269.27,33117.79,9647.57,18522.94
92304027,824974.31,7343.74,10765.85,11484.34,14269.90,33117.96,9648.40,18521.71
92355852,824940.81,7342.38,10765.14,11484.46,14270.28,33116.58,9647.93,18522.13
92407676,824924.50,7342.15,10767.89,11484.59,14271.30,33117.62,9648.63,18522.26
92459504,824891.00,7343.39,10764.65,11484.71,14269.52,33112.26,9646.40,18518.97
92511327,824924.50,7341.59,10763.09,11484.23,14267.47,33102.04,9647.21,18518.55
92563151,824949.00,7342.83,10763.93,11484.34,14266.33,33100.99,9649.92,18517.87
92614978,824924.50,7342.71,10763.46,11482.52,14265.81,33098.56,9649.81,18518.41
92666803,824957.94,7342.05,10763.93,11484.59,14268.87,33096.67,9650.17,18516.51
92718630,824949.00,7341.82,10763.34,11483.62,14268.49,33096.67,9651.44,18517.32
92770455,824924.50,7340.46,10763.09,11483.02,14267.60,33090.79,9649.81,18516.77
92822279,824924.50,7342.50,10762.98,11481.92,14266.46,33086.81,9651.44,18516.22
92874105,824949.00,7342.05,10762.86,11481.80,14267.73,33084.90,9654.26,18515.67
92925930,824924.50,7342.15,10761.17,11481.56,14268.61,33081.62,9652.27,18514.45
92977756,824949.00,7340.01,10762.38,11481.43,14268.37,33074.70,9656.50,18513.61
93029581,824949.00,7343.28,10761.90,11481.19,14267.47,33071.58,9655.56,18512.11
93081406,824940.81,7341.82,10760.22,11479.97,14268.75,33069.85,9656.74,18512.66
93133231,824949.00,7341.94,10759.98,11479.37,14268.37,33066.22,9656.74,18512.38
93185057,824949.00,7340.01,10759.38,11479.74,14268.24,33063.79,9655.33,18515.67
93236884,824924.50,7339.80,10759.62,11478.40,14268.37,33061.55,9656.15,18512.66
93288709,824940.81,7341.59,10761.17,11478.52,14268.24,33057.05,9657.79,18513.34
93340532,824940.81,7339.34,10759.62,11479.13,14269.00,33054.29,9657.91,18514.99
93392358,824874.69,7341.49,10758.66,11478.03,14269.64,33053.07,9659.67,18514.03
93444182,824949.00,7341.94,10759.62,11478.03,14269.27,33051.16,9659.09,18511.83
93496009,824907.38,7341.03,10760.10,11477.91,14270.02,33046.66,9659.90,18512.38
93547832,824932.63,7340.46,10759.74,11476.82,14270.67,33048.57,9659.31,18514.29
93599657,824916.31,7340.58,10758.66,11476.58,14268.49,33045.28,9660.15,18514.58
93651485,824924.50,7341.37,10756.98,11476.09,14269.90,33040.96,9661.09,18512.11
93703309,824932.63,7340.25,10759.50,11476.34,14270.67,33042.18,9661.67,18514.99
93756098,824949.00,7353.65,10771.97,11486.29,14279.84,33045.46,9665.66,18508.67
93807924,824940.81,7341.14,10760.22,11478.65,14274.24,33041.48,9664.96,18510.60
93859748,824957.94,7339.45,10758.18,11475.25,14272.58,33034.91,9665.66,18512.66
93911576,824940.81,7339.57,10759.74,11476.94,14271.93,33031.63,9666.60,18514.85
93963400,824940.81,7341.49,10759.03,11474.40,14272.06,33031.80,9664.48,18514.03
94015226,824916.31,7340.69,10759.50,11475.60,14270.28,33026.95,9664.60,18514.03
94067052,824924.50,7339.24,10758.43,11473.54,14271.67,33024.36,9666.14,18514.45
94118876,824932.63,7338.66,10757.82,11474.52,14270.41,33020.56,9664.96,18513.61
94170703,824932.63,7338.66,10758.18,11472.09,14271.18,33018.65,9664.73,18514.99
94222529,824924.50,7340.36,10757.71,11471.72,14271.93,33018.49,9664.37,18514.85
94274355,824932.63,7339.90,10757.71,11471.84,14274.10,33019.34,9665.07,18515.26
94326179,824907.38,7340.46,10757.34,11472.34,14272.70,33016.76,9663.90,18516.77
94378004,824916.31,7338.21,10757.59,11471.84,14273.98,33012.96,9667.66,18516.77
94429828,824949.00,7340.46,10757.82,11470.51,14273.09,33011.75,9666.84,18517.73
94481652,824932.63,7338.78,10755.79,11473.54,14273.59,33009.68,9667.30,18516.22
94533478,824924.50,7338.66,10755.79,11470.86,14275.39,33009.15,9663.90,18516.51
94585302,824966.13,7339.80,10756.03,11471.48,14274.49,33007.25,9664.48,18517.05
94637125,824899.19,7338.66,10756.63,11470.74,14276.02,33008.28,9666.01,18517.59
94688950,824940.81,7338.10,10756.03,11472.21,14276.02,33006.21,9665.66,18518.41
94740774,824882.88,7339.24,10756.74,11470.74,14277.94,33006.04,9666.60,18517.59
94792601,824949.00,7338.56,10755.54,11471.60,14276.65,33004.99,9665.66,18518.01
94844425,824949.00,7339.45,10754.72,11470.86,14277.16,33003.79,9667.08,18517.87
94896248,824907.38,7338.10,10755.91,11469.91,14278.45,32997.92,9666.84,18517.59
94948074,824974.31,7338.78,10756.38,11471.60,14277.30,32998.78,9669.54,18516.22
94999898,824957.94,7339.45,10754.94,11470.74,14278.96,32998.09,9668.96,18516.64
95051723,824966.13,7338.89,10755.54,11469.91,14277.80,32997.39,9665.90,18516.64
95103548,824957.94,7337.76,10754.82,11469.17,14277.67,32992.73,9667.78,18516.64
95155372,824899.19,7337.65,10754.23,11469.54,14278.57,32993.94,9667.18,18517.45
95207197,824949.00,7338.56,10753.99,11468.45,14279.47,32994.80,9668.48,18514.16
95259022,824891.00,7338.89,10753.75,11469.17,14277.67,32990.84,9667.08,18515.39
95310848,824957.94,7338.33,10754.11,11467.84,14278.96,32989.79,9668.96,18513.21
95362673,824932.63,7338.89,10754.72,11467.60,14279.34,32987.02,9671.65,18515.80
95414496,824940.81,7337.88,10755.19,11468.57,14278.45,32987.20,9670.83,18513.89
95466321,824932.63,7338.10,10754.11,11466.98,14279.47,32984.44,9671.17,18512.93
95518148,824891.00,7336.87,10754.11,11466.62,14282.65,32986.86,9670.01,18514.16
95569974,824949.00,7336.98,10753.75,11466.62,14282.27,32982.37,9672.59,18512.24
95621799,824949.00,7337.09,10752.68,11464.80,14280.48,32981.15,9673.19,18511.28
95673624,824957.94,7335.85,10752.80,11465.90,14281.13,32979.26,9674.13,18510.60
95725451,824916.31,7337.20,10752.68,11464.31,14280.37,32978.39,9674.59,18514.85
95777276,824874.69,7337.44,10752.80,11464.80,14281.13,32973.90,9672.83,18511.83
95829103,824891.00,7336.64,10752.19,11465.66,14280.37,32972.16,9672.71,18512.24
95880928,824949.00,7336.53,10751.48,11463.35,14281.51,32972.16,9672.95,18512.79
95932752,824916.31,7336.64,10751.71,11464.21,14281.39,32969.05,9674.35,18508.96
95984578,824940.81,7335.64,10750.99,11464.21,14280.62,32968.89,9674.94,18510.05
96036404,824940.81,7335.51,10751.23,11462.37,14281.63,32963.53,9676.01,18510.60
96088229,824949.00,7336.87,10751.60,11463.35,14283.04,32965.79,9675.76,18511.00
96140055,824899.19,7335.75,10751.23,11462.49,14282.53,32960.60,9676.34,18509.50
96191879,824882.88,7336.08,10751.95,11462.74,14282.40,32957.67,9679.76,18511.83
96243705,824882.88,7335.40,10751.60,11462.37,14281.00,32955.76,9678.46,18508.96
96295530,824916.31,7336.20,10749.92,11462.13,14282.78,32952.65,9679.30,18509.63
96347356,824949.00,7335.85,10750.15,11461.16,14282.14,32950.57,9678.82,18509.77
96399181,824899.19,7334.16,10750.63,11460.92,14283.16,32944.02,9679.40,18509.09
96451006,824949.00,7334.84,10751.36,11460.43,14282.27,32942.80,9679.06,18511.28
96502831,824940.81,7335.75,10749.92,11461.16,14282.53,32942.11,9681.87,18508.83
96554655,824924.50,7334.73,10750.39,11461.16,14283.16,32931.59,9681.52,18508.54
96606483,824957.94,7334.73,10749.32,11460.07,14281.63,32932.62,9680.93,18507.17
96658308,824891.00,7335.40,10749.68,11461.04,14280.87,32927.79,9681.40,18508.41
96710131,824940.81,7336.20,10749.56,11459.22,14280.87,32926.06,9680.11,18512.38
96761956,824907.38,7335.64,10749.79,11459.59,14283.68,32925.54,9680.58,18511.42
96813779,824957.94,7335.19,10749.08,11459.84,14282.40,32919.84,9679.64,18510.05
96865605,824907.38,7334.73,10747.88,11457.89,14282.65,32918.30,9679.17,18509.63
96917428,824940.81,7334.39,10747.76,11459.96,14282.40,32913.97,9678.00,18508.41
96969253,824916.31,7333.95,10745.95,11458.61,14282.53,32913.12,9679.30,18508.27
97021079,824932.63,7334.16,10746.44,11457.78,14281.00,32907.59,9677.28,18509.22
97072903,824940.81,7334.39,10744.88,11457.78,14280.87,32905.88,9679.17,18508.54
97124727,824907.38,7332.94,10746.68,11457.16,14281.00,32907.95,9679.17,18509.09
97176552,824916.31,7335.19,10745.25,11457.16,14282.27,32903.28,9678.46,18508.12
97228377,824916.31,7334.16,10744.76,11457.04,14281.39,32898.45,9681.05,18508.12
97280202,824932.63,7332.83,10743.93,11457.29,14282.27,32894.30,9678.46,18506.75
97332025,824949.00,7332.94,10743.81,11454.98,14281.25,32890.68,9679.88,18507.44
97383849,824949.00,7333.39,10742.96,11456.30,14281.89,32892.24,9681.29,18508.54
97435674,824949.00,7333.26,10743.56,11455.47,14282.53,32888.79,9680.58,18506.61
97487499,824932.63,7333.83,10743.44,11454.98,14283.79,32886.88,9682.12,18508.54
97539325,824891.00,7333.15,10742.60,11455.21,14282.02,32884.48,9682.58,18505.53
97591151,824957.94,7332.70,10742.01,11454.61,14284.19,32881.70,9682.58,18507.44
97642976,824940.81,7331.91,10743.09,11455.33,14282.27,32880.50,9681.87,18509.37
97694801,824949.00,7332.83,10741.17,11454.73,14283.16,32876.88,9680.58,18509.92
97746628,824940.81,7332.59,10741.41,11454.13,14284.06,32872.57,9678.82,18508.12
97798454,824940.81,7331.46,10740.33,11454.98,14282.40,32867.74,9678.12,18509.22
97850279,824940.81,7331.91,10738.53,11453.52,14281.00,32868.42,9677.28,18508.67
97902104,824957.94,7330.57,10736.73,11453.39,14282.90,32866.71,9677.18,18505.93
97953929,824949.00,7330.57,10738.53,11453.76,14284.57,32865.49,9674.94,18508.67
98005756,824949.00,7330.90,10737.58,11453.52,14282.90,32859.63,9677.64,18507.57
98057583,824949.00,7331.14,10736.14,11453.52,14282.78,32854.45,9677.64,18508.96
98109408,824957.94,7329.66,10738.53,11454.37,14282.90,32852.04,9678.82,18508.27
98161232,824932.63,7330.45,10735.07,11453.89,14282.78,32849.63,9676.59,18507.44
98213058,824949.00,7330.23,10736.61,11454.13,14283.79,32847.90,9677.28,18508.96
98264883,824907.38,7330.34,10734.82,11452.92,14283.54,32846.18,9676.59,18508.67
98316710,824940.81,7329.78,10734.22,11452.19,14283.68,32843.94,9675.65,18506.61
98368535,824949.00,7330.11,10734.47,11453.52,14282.90,32842.39,9674.35,18508.96
98420360,824899.19,7330.23,10733.86,11454.25,14282.90,32840.66,9676.70,18509.09
98472185,824899.19,7329.78,10734.10,11452.79,14284.31,32834.97,9675.41,18508.67
98524012,824916.31,7328.89,10734.34,11451.82,14283.68,32834.11,9674.71,18508.96
98575836,824932.63,7328.54,10731.83,11452.19,14284.06,32832.74,9674.13,18509.77
98627662,824957.94,7329.55,10733.15,11451.21,14281.89,32829.80,9674.71,18508.54
98679488,824940.81,7328.89,10731.95,11452.07,14282.90,32822.56,9673.77,18509.37
98731313,824932.63,7329.45,10731.35,11450.84,14281.51,32822.73,9673.06,18511.00
98783137,824907.38,7328.76,10729.55,11451.46,14281.13,32816.52,9673.06,18511.15
98834965,824957.94,7327.64,10729.18,11452.19,14279.84,32811.88,9671.31,18510.05
98886790,824949.00,7328.09,10729.31,11452.19,14277.67,32812.05,9669.42,18512.38
98938615,824916.31,7326.64,10728.71,11450.98,14277.80,32808.44,9672.25,18512.11
98990441,824924.50,7328.54,10729.08,11450.98,14278.45,32805.33,9670.71,18511.70
99042267,824949.00,7327.53,10729.55,11451.70,14277.04,32803.43,9671.17,18509.77
99094093,824882.88,7326.96,10728.59,11452.31,14274.99,32799.98,9672.12,18511.00
99145919,824949.00,7327.53,10727.63,11450.61,14274.10,32794.82,9670.95,18511.15
99197743,824924.50,7328.20,10726.68,11450.25,14274.10,32796.71,9668.13,18510.60
99249569,824916.31,7326.06,10727.88,11450.84,14274.49,32794.82,9669.30,18510.31
99301396,824899.19,7326.64,10729.31,11449.88,14275.39,32793.61,9670.48,18512.66
99353221,824940.81,7327.20,10729.18,11449.76,14273.85,32786.55,9671.17,18511.28
99405045,824882.88,7327.20,10728.48,11449.39,14271.55,32784.13,9670.13,18510.86
99456870,824932.63,7326.06,10729.68,11450.48,14270.53,32782.23,9670.48,18511.15
99508694,824940.81,7327.98,10728.96,11450.37,14267.22,32776.39,9670.59,18511.97
99560518,824891.00,7326.74,10729.08,11450.48,14269.00,32774.32,9669.65,18512.52
99612344,824949.00,7327.86,10730.87,11447.94,14269.13,32772.77,9667.08,18511.70
99664167,824940.81,7326.96,10730.64,11450.13,14268.49,32775.18,9668.71,18513.34
99715992,824957.94,7327.41,10731.23,11450.37,14267.98,32770.70,9667.89,18513.89
99767817,824916.31,7326.85,10730.15,11449.15,14266.46,32765.19,9667.54,18511.70
99819641,824865.75,7326.85,10731.35,11451.33,14266.58,32758.64,9668.02,18511.83
99871467,824940.81,7327.08,10731.47,11450.25,14266.72,32758.13,9666.14,18512.79
99923291,824949.00,7326.06,10732.42,11448.78,14266.21,32755.04,9664.60,18512.52
99975115,824940.81,7326.74,10732.67,11448.90,14263.66,32747.97,9664.84,18515.26
100026940,824891.00,7325.50,10731.95,11447.45,14264.29,32743.32,9663.54,18513.76
100078765,824932.63,7327.76,10732.54,11447.94,14263.01,32740.04,9662.14,18512.24
100130590,824916.31,7326.06,10733.27,11449.39,14264.16,32741.09,9661.09,18514.58
100182417,824882.88,7326.64,10733.63,11448.43,14263.14,32739.71,9660.37,18514.16
100234244,824940.81,7327.76,10734.93,11448.43,14262.88,32738.16,9659.79,18512.66
100286068,824940.81,7328.32,10734.34,11447.45,14263.26,32733.52,9660.50,18514.99
100337897,824949.00,7327.41,10733.15,11448.53,14263.14,32731.28,9658.26,18514.85
100389722,824882.88,7326.52,10733.39,11448.07,14259.82,32725.94,9656.86,18515.13
100441549,824949.00,7326.96,10731.60,11446.61,14259.69,32723.87,9657.32,18513.34
100493376,824949.00,7326.85,10734.22,11447.70,14258.17,32719.57,9657.21,18514.71
100545201,824957.94,7326.18,10733.74,11447.57,14257.14,32716.31,9657.44,18515.80
100597029,824907.38,7327.86,10732.67,11447.57,14256.13,32715.78,9653.92,18516.64
100648856,824966.13,7325.73,10732.54,11445.88,14255.62,32712.18,9653.32,18514.29
100700682,824949.00,7326.06,10733.86,11449.39,14254.86,32709.92,9654.39,18518.41
100752509,824957.94,7326.52,10733.39,11446.37,14255.23,32709.76,9652.86,18518.28
100804336,824949.00,7325.40,10733.15,11446.61,14255.36,32709.41,9651.33,18515.80
100856162,824949.00,7327.20,10731.47,11447.70,14254.48,32707.69,9652.86,18515.26
100907988,824966.13,7326.85,10731.10,11447.09,14252.94,32705.11,9651.92,18516.35
100960778,824957.94,7339.01,10743.21,11456.43,14262.63,32705.63,9652.51,18513.06
101012604,824907.38,7325.40,10733.02,11448.07,14254.71,32702.18,9653.22,18516.77
101064431,824957.94,7326.18,10732.67,11446.13,14252.30,32697.88,9652.98,18514.71
101116257,824940.81,7326.29,10732.54,11445.15,14252.05,32696.85,9651.80,18515.80
101168084,824924.50,7325.28,10732.67,11443.45,14250.13,32693.24,9652.04,18516.09
101219909,824949.00,7325.84,10732.54,11444.65,14248.60,32690.67,9648.87,18514.85
101271735,824940.81,7325.73,10731.10,11443.08,14248.21,32686.71,9649.45,18516.51
101323561,824907.38,7325.05,10731.35,11443.45,14248.60,32689.30,9647.57,18517.05
101375388,824882.88,7326.74,10731.23,11444.43,14246.56,32685.68,9646.75,18518.15
101427215,824940.81,7325.50,10732.67,11444.06,14248.60,32683.79,9647.57,18518.28
101479041,824949.00,7326.52,10732.42,11442.37,14244.14,32684.13,9646.88,18518.15
101530866,824924.50,7325.05,10731.60,11442.37,14247.45,32684.99,9646.28,18520.34
101582693,824874.69,7324.84,10731.10,11440.90,14243.76,32681.21,9647.21,18519.65
101634518,824891.00,7325.73,10730.99,11442.60,14245.03,32678.45,9646.52,18522.00
101686345,824957.94,7325.73,10732.79,11441.75,14243.76,32678.28,9646.88,18521.16
101738172,824907.38,7326.40,10731.95,11442.73,14244.52,32676.39,9644.28,18522.94
101789997,824949.00,7325.73,10731.35,11442.00,14242.75,32677.25,9643.34,18521.16
101841823,824891.00,7325.50,10730.99,11442.37,14243.11,32674.33,9643.46,18523.77
101893652,824916.31,7326.96,10731.23,11442.25,14241.60,32672.08,9642.06,18523.90
101945479,824882.88,7326.74,10730.28,11443.33,14241.34,32673.11,9641.12,18524.45
101997303,824940.81,7325.50,10730.39,11441.88,14242.23,32675.02,9640.53,18526.37
102049130,824957.94,7326.06,10733.02,11441.39,14240.32,32670.20,9640.77,18526.65
102100954,824940.81,7326.96,10730.64,11441.14,14238.28,32666.93,9642.06,18527.33
102152779,824949.00,7326.29,10731.35,11441.88,14239.80,32666.59,9640.64,18527.07
102204606,824907.38,7326.85,10731.83,11441.14,14237.64,32662.97,9642.65,18528.30
102256431,824940.81,7326.18,10732.20,11440.42,14237.39,32659.36,9641.58,18528.58
102308255,824957.94,7325.40,10731.71,11441.88,14236.87,32657.46,9640.17,18528.84
102360080,824899.19,7326.40,10731.47,11440.17,14236.23,32658.50,9638.53,18527.20
102411906,824932.63,7326.52,10730.39,11439.57,14235.73,32656.10,9638.77,18530.08
102463732,824891.00,7325.05,10729.91,11439.94,14235.34,32654.71,9635.25,18528.97
102515556,824874.69,7325.50,10730.39,11439.80,14235.85,32652.14,9635.60,18530.63
102567382,824932.63,7326.29,10732.06,11439.45,14233.81,32649.57,9636.30,18529.94
102619207,824924.50,7325.28,10731.95,11439.08,14233.18,32651.63,9634.78,18529.39
102671033,824916.31,7326.74,10731.60,11440.66,14235.09,32649.74,9633.02,18531.45
102722856,824949.00,7326.40,10731.83,11439.20,14232.41,32648.01,9633.96,18530.36
102774684,824916.31,7326.29,10731.23,11441.02,14232.79,32645.26,9634.89,18530.49
102826511,824949.00,7325.96,10731.10,11438.23,14233.68,32648.36,9632.90,18532.56
102878336,824957.94,7326.96,10730.50,11438.36,14232.92,32647.84,9631.26,18530.49
102930164,824882.88,7325.05,10729.55,11437.75,14233.30,32646.99,9631.49,18530.90
102981990,824874.69,7325.28,10731.47,11437.88,14230.50,32641.65,9631.49,18529.67
103033815,824924.50,7325.61,10730.03,11437.88,14230.87,32641.48,9629.73,18532.56
103085643,824891.00,7325.16,10729.68,11439.57,14231.53,32641.48,9631.60,18533.37
103137470,824949.00,7324.60,10730.39,11436.78,14230.50,32638.04,9629.73,18532.95
103189295,824940.81,7325.50,10730.50,11439.20,14229.36,32637.53,9631.49,18531.18
103241121,824932.63,7324.94,10729.31,11436.42,14228.58,32634.43,9629.50,18531.32
103292948,824907.38,7323.71,10731.60,11438.36,14227.06,32635.29,9628.91,18531.60
103344775,824891.00,7325.16,10729.55,11436.66,14226.68,32629.79,9629.50,18532.82
103396601,824932.63,7324.39,10729.08,11438.00,14226.04,32629.97,9628.56,18530.63
103448429,824966.13,7323.48,10729.68,11436.05,14225.92,32625.67,9626.44,18533.11
103500255,824949.00,7324.15,10729.68,11435.45,14222.86,32625.67,9625.15,18532.95
103552082,824932.63,7324.60,10728.96,11436.17,14223.49,32628.42,9623.40,18529.81
103603910,824940.81,7324.04,10729.43,11436.29,14222.08,32624.63,9623.16,18531.60
103655735,824907.38,7324.60,10728.23,11435.80,14221.45,32621.71,9621.51,18530.23
103707560,824924.50,7323.59,10728.23,11434.23,14220.56,32620.86,9620.57,18530.49
103759388,824924.50,7323.81,10729.55,11434.48,14221.96,32619.14,9620.57,18532.00
103811214,824916.31,7323.81,10728.36,11434.84,14220.19,32617.94,9620.45,18530.23
103863041,824957.94,7324.15,10727.99,11434.35,14219.80,32619.49,9618.70,18531.45
103914866,824949.00,7324.49,10727.16,11433.62,14218.27,32615.19,9618.46,18532.14
103966694,824899.19,7324.15,10727.52,11432.54,14218.52,32615.19,9616.00,18531.87
104018519,824940.81,7323.93,10727.63,11432.41,14216.60,32613.29,9617.30,18531.45
104070345,824966.13,7322.13,10727.16,11433.74,14217.88,32617.25,9614.82,18530.23
104122172,824957.94,7322.02,10727.16,11433.74,14216.74,32613.46,9616.70,18531.18
104173997,824949.00,7323.36,10728.23,11434.11,14216.74,32610.38,9618.35,18532.14
104225824,824940.81,7322.69,10726.68,11433.50,14216.24,32610.89,9617.63,18531.18
104277652,824966.13,7322.24,10728.84,11432.04,14216.10,32612.62,9618.81,18531.87
104329476,824916.31,7322.13,10724.53,11433.15,14216.99,32611.93,9616.11,18531.05
104381303,824899.19,7322.69,10724.28,11432.78,14215.72,32612.62,9613.54,18530.76
104433130,824891.00,7323.93,10726.19,11432.78,14215.72,32607.28,9612.94,18530.63
104484957,824924.50,7322.69,10725.97,11432.29,14215.46,32607.97,9612.71,18530.63
104536784,824924.50,7322.59,10725.24,11431.80,14214.57,32604.02,9611.77,18533.53
104588609,824957.94,7322.91,10724.76,11432.41,14213.54,32605.73,9611.77,18532.00
104640436,824940.81,7322.24,10724.40,11430.72,14212.28,32604.53,9612.47,18530.36
104692262,824882.88,7322.35,10725.12,11431.33,14212.91,32604.20,9610.72,18531.73
104744088,824924.50,7321.23,10725.00,11430.96,14210.23,32600.93,9607.78,18531.05
104795913,824940.81,7322.13,10724.28,11430.47,14210.75,32604.02,9611.07,18531.18
104847738,824949.00,7321.90,10724.28,11430.11,14209.09,32602.99,9609.07,18531.05
104899564,824932.63,7322.59,10724.05,11430.23,14209.98,32603.33,9609.07,18529.39
104951389,824957.94,7321.56,10725.00,11430.11,14209.73,32599.38,9609.54,18529.81
105003215,824940.81,7321.56,10722.37,11429.02,14209.73,32600.08,9608.96,18531.32
105055041,824907.38,7321.00,10722.13,11428.78,14208.71,32598.86,9606.62,18530.49
105106865,824907.38,7322.46,10722.37,11431.21,14208.33,32598.53,9608.13,18531.45
105158692,824932.63,7321.56,10721.88,11430.11,14207.82,32598.53,9606.62,18532.00
105210517,824940.81,7320.10,10722.13,11428.04,14207.05,32597.49,9606.96,18530.23
105262343,824957.94,7321.56,10722.13,11428.90,14205.27,32596.97,9605.20,18531.60
105314167,824924.50,7320.66,10721.17,11427.44,14205.78,32597.32,9604.62,18530.63
105365994,824940.81,7320.90,10722.61,11428.41,14205.40,32598.35,9602.97,18531.18
105417820,824899.19,7322.02,10722.13,11427.19,14206.41,32594.39,9601.21,18532.00
105469646,824932.63,7320.66,10722.73,11428.16,14205.27,32596.97,9603.21,18532.95
105521473,824949.00,7320.44,10722.73,11429.50,14205.02,32590.96,9601.67,18531.73
105573301,824957.94,7320.66,10721.29,11427.32,14203.87,32589.76,9602.75,18533.79
105625127,824957.94,7322.02,10720.81,11428.29,14204.37,32592.34,9601.21,18532.69
105676954,824882.88,7322.02,10720.69,11427.44,14202.72,32590.96,9599.46,18533.37
105728779,824932.63,7322.13,10719.37,11425.99,14202.34,32587.87,9598.64,18532.69
105780606,824949.00,7322.46,10719.26,11426.59,14203.87,32591.31,9598.39,18532.82
105832434,824949.00,7319.99,10716.98,11425.75,14202.21,32592.51,9596.29,18533.11
105884259,824932.63,7322.24,10718.89,11426.22,14201.69,32591.14,9597.70,18534.20
105936086,824907.38,7322.24,10717.23,11426.35,14202.60,32589.42,9596.52,18535.01
105987911,824932.63,7322.24,10716.62,11425.38,14200.55,32586.50,9595.46,18529.67
106039739,824966.13,7321.79,10715.18,11425.01,14199.92,32589.25,9592.88,18534.06
106091565,824916.31,7321.46,10715.43,11425.13,14199.03,32587.87,9592.88,18534.20
106143390,824907.38,7319.43,10716.27,11423.68,14198.65,32587.36,9596.04,18534.46
106195218,824916.31,7320.34,10715.43,11424.64,14198.13,32583.58,9595.71,18532.42
106247044,824882.88,7321.23,10715.43,11424.05,14196.23,32583.58,9595.81,18533.53
106298870,824932.63,7321.00,10713.99,11423.93,14196.10,32578.26,9595.11,18533.66
106350698,824966.13,7321.90,10714.70,11423.56,14195.07,32576.71,9594.63,18532.27
106402524,824949.00,7321.56,10712.56,11422.95,14194.70,32574.82,9594.77,18533.37
106454351,824924.50,7322.46,10713.86,11423.93,14193.93,32572.59,9593.23,18533.92
106506177,824949.00,7321.56,10713.75,11424.64,14192.52,32571.91,9594.17,18532.69
106558003,824916.31,7321.68,10714.11,11423.56,14193.16,32575.67,9594.99,18532.14
106609831,824907.38,7321.00,10712.31,11422.47,14194.18,32577.22,9591.48,18533.11
106661657,824924.50,7320.55,10712.31,11422.47,14190.49,32572.59,9590.18,18533.53
106713484,824899.19,7320.90,10711.12,11420.89,14191.38,32569.85,9590.66,18534.88
106765308,824949.00,7319.99,10712.07,11421.13,14190.87,32568.98,9592.29,18531.05
106817136,824957.94,7320.90,10711.83,11421.87,14190.49,32567.27,9591.24,18531.60
106868963,824966.13,7321.56,10708.59,11420.66,14186.28,32566.41,9590.66,18531.73
106920788,824957.94,7321.11,10709.56,11421.25,14188.20,32564.52,9589.94,18531.45
106972615,824940.81,7319.88,10709.68,11419.68,14187.31,32566.74,9588.42,18532.42
107024441,824949.00,7320.66,10710.76,11420.76,14187.43,32566.23,9589.94,18530.63
107076268,824949.00,7319.54,10710.16,11420.05,14186.28,32562.80,9589.48,18530.63
107128094,824932.63,7320.22,10709.32,11419.93,14185.27,32562.62,9589.60,18530.23
107179921,824957.94,7320.55,10708.96,11418.95,14184.51,32561.25,9587.25,18530.23
107231748,824916.31,7320.22,10708.37,11420.05,14183.24,32557.13,9587.49,18531.87
107283571,824957.94,7318.98,10707.16,11419.44,14182.97,32556.28,9585.97,18532.27
107335396,824932.63,7319.10,10707.88,11417.13,14181.58,32560.05,9583.38,18530.49
107387223,824940.81,7319.54,10707.04,11418.34,14184.13,32562.80,9582.68,18532.00
107439047,824899.19,7319.88,10704.65,11417.13,14182.97,32562.98,9582.68,18531.60
107490873,824916.31,7318.75,10705.13,11418.59,14180.69,32556.62,9581.38,18530.36
107542695,824940.81,7319.43,10703.46,11414.83,14179.79,32556.44,9580.92,18529.94
107594523,824916.31,7319.31,10703.82,11416.65,14179.79,32554.38,9580.80,18530.36
107646349,824882.88,7318.54,10703.82,11416.52,14177.76,32552.84,9581.38,18533.53
107698172,824924.50,7317.63,10703.69,11415.32,14177.51,32552.15,9582.09,18532.42
107750000,824949.00,7318.98,10704.16,11414.22,14175.34,32550.95,9581.50,18530.90
107801823,824949.00,7318.75,10702.97,11414.71,14175.47,32549.25,9583.04,18531.87
107853650,824949.00,7319.10,10701.41,11415.68,14174.33,32550.09,9581.15,18528.58
107905476,824940.81,7318.65,10702.02,11415.43,14174.07,32547.70,9581.04,18530.49
107957300,824940.81,7317.41,10700.22,11414.34,14172.15,32545.97,9578.21,18529.94
108009127,824891.00,7316.95,10701.29,11414.22,14173.30,32548.89,9579.03,18530.08
108060952,824957.94,7318.75,10700.82,11413.50,14172.92,32548.20,9581.15,18529.67
108112778,824957.94,7316.85,10698.54,11415.20,14172.15,32547.00,9579.28,18530.90
108165569,824882.88,7331.46,10712.07,11426.10,14183.35,32551.47,9580.09,18524.87
108217395,824949.00,7316.95,10701.41,11418.11,14173.55,32547.52,9579.62,18526.79
108269223,824907.38,7318.09,10700.34,11413.97,14172.92,32545.13,9579.98,18528.71
108321050,824924.50,7317.51,10700.22,11413.97,14170.50,32541.34,9578.21,18528.71
108372876,824940.81,7316.50,10698.42,11414.22,14169.73,32541.85,9578.81,18529.39
108424700,824949.00,7316.05,10698.78,11412.89,14170.11,32544.60,9578.81,18530.49
108476528,824874.69,7317.74,10697.10,11411.91,14168.85,32545.97,9577.28,18529.67
108528355,824966.13,7316.73,10697.10,11412.89,14170.25,32543.75,9577.75,18528.30
108580179,824957.94,7316.85,10696.62,11411.81,14167.18,32540.32,9576.70,18529.94
108632007,824874.69,7316.50,10696.16,11410.95,14167.56,32541.34,9574.59,18530.76
108683834,824949.00,7315.83,10696.28,11411.07,14167.18,32541.34,9575.87,18528.43
108735660,824932.63,7316.05,10695.43,11410.46,14167.44,32540.83,9575.06,18528.84
108787486,824957.94,7314.93,10694.96,11410.46,14168.22,32542.88,9577.63,18528.58
108839311,824899.19,7317.18,10694.36,11410.83,14165.66,32540.65,9575.76,18529.52
108891138,824949.00,7315.61,10694.71,11410.21,14165.79,32537.91,9576.46,18530.49
108942964,824949.00,7314.93,10694.36,11409.13,14165.16,32542.37,9575.64,18528.97
108994792,824949.00,7316.85,10694.36,11409.01,14166.30,32541.17,9576.12,18529.52
109046618,824882.88,7315.26,10693.75,11409.13,14164.90,32541.01,9576.00,18528.58
109098443,824957.94,7314.60,10693.40,11407.92,14164.78,32537.74,9575.06,18528.84
109150271,824949.00,7315.38,10691.60,11408.40,14162.08,32534.47,9576.00,18529.52
109202099,824966.13,7313.80,10691.49,11408.89,14165.29,32540.83,9572.71,18528.04
109253924,824957.94,7315.38,10690.76,11408.40,14163.12,32534.30,9574.00,18526.65
109305751,824940.81,7314.36,10690.76,11409.38,14161.72,32533.62,9574.35,18527.47
109357578,824966.13,7314.70,10691.37,11407.07,14162.99,32533.62,9573.41,18525.96
109409404,824924.50,7313.92,10690.29,11407.79,14163.37,32536.89,9573.41,18526.93
109461232,824907.38,7314.14,10691.37,11406.95,14160.70,32534.64,9572.25,18530.23
109513057,824899.19,7313.92,10690.41,11406.10,14161.45,32534.99,9573.06,18525.69
109564883,824924.50,7312.68,10689.10,11406.10,14159.81,32534.64,9573.77,18526.24
109616709,824882.88,7314.25,10689.20,11405.25,14160.56,32532.59,9572.01,18524.32
109668537,824966.13,7313.92,10688.25,11405.61,14159.30,32530.36,9569.77,18525.83
109720364,824949.00,7312.56,10688.00,11403.55,14160.44,32532.24,9571.42,18525.56
109772188,824949.00,7312.00,10687.89,11402.59,14159.42,32528.13,9570.95,18522.39
109824016,824940.81,7311.00,10686.45,11401.51,14155.48,32518.69,9570.95,18522.81
109875841,824940.81,7312.12,10687.05,11401.14,14155.74,32522.81,9571.42,18520.88
109927668,824907.38,7311.21,10686.45,11401.14,14155.61,32516.81,9572.83,18517.45
109979492,824891.00,7311.67,10686.21,11400.65,14153.82,32515.77,9569.77,18517.05
110031316,824932.63,7310.20,10685.38,11398.59,14152.56,32509.44,9568.96,18513.89
110083143,824916.31,7310.44,10685.13,11401.61,14153.44,32509.60,9569.77,18514.85
110134967,824899.19,7309.64,10685.02,11403.79,14151.92,32511.65,9567.55,18516.09
110186792,824957.94,7310.55,10684.31,11404.53,14152.94,32513.38,9569.19,18520.07
110238619,824924.50,7310.20,10684.18,11403.67,14153.57,32515.77,9568.96,18520.75
110290444,824924.50,7310.88,10683.23,11402.47,14152.80,32514.06,9567.78,18520.62
110342269,824966.13,7309.87,10682.74,11402.96,14149.63,32509.94,9567.78,18520.75
110394092,824891.00,7309.31,10682.04,11400.28,14150.76,32511.48,9565.67,18521.84
110445919,824940.81,7309.19,10682.04,11398.59,14149.24,32509.26,9564.74,18519.25
110497744,824949.00,7309.64,10681.67,11399.43,14148.60,32509.94,9565.91,18521.84
110549570,824957.94,7308.07,10681.19,11399.80,14146.95,32506.69,9567.78,18519.65
110601396,824940.81,7308.96,10681.44,11397.49,14147.46,32504.79,9570.84,18519.79
110653220,824940.81,7307.39,10681.19,11397.98,14147.59,32507.89,9569.08,18520.07
110705047,824940.81,7308.86,10680.71,11396.04,14147.97,32505.83,9571.89,18520.75
110756874,824940.81,7309.08,10683.34,11399.80,14148.09,32509.44,9571.89,18521.29
110808700,824966.13,7309.53,10683.23,11399.31,14148.72,32507.71,9569.19,18520.62
110860527,824949.00,7308.86,10682.63,11397.00,14146.57,32504.28,9570.13,18521.16
110912353,824924.50,7307.95,10682.74,11397.25,14146.69,32498.62,9568.72,18519.92
110964179,824966.13,7308.07,10682.04,11397.62,14146.06,32499.83,9569.30,18520.07
111016007,824949.00,7308.96,10683.11,11397.86,14145.16,32500.33,9566.84,18518.97
111067831,824949.00,7307.28,10682.51,11398.34,14146.19,32501.53,9568.96,18518.55
111119657,824916.31,7308.07,10681.92,11397.37,14146.19,32504.97,9568.60,18518.41
111171484,824949.00,7308.40,10681.55,11396.52,14144.53,32501.20,9568.02,18520.62
111223310,824882.88,7308.19,10681.55,11396.04,14145.04,32504.63,9563.92,18518.01
111275137,824974.31,7307.84,10681.07,11396.16,14145.29,32502.73,9564.39,18516.77
111326962,824957.94,7307.39,10679.15,11394.47,14142.63,32496.56,9563.67,18518.41
111378790,824940.81,7307.28,10679.64,11396.04,14143.13,32496.91,9561.68,18517.59
111430615,824907.38,7307.17,10679.75,11395.43,14141.60,32496.73,9563.56,18517.19
111482442,824949.00,7306.26,10678.56,11393.74,14140.34,32495.87,9561.33,18515.39
111534270,824957.94,7304.70,10677.25,11393.61,14140.72,32500.33,9563.21,18515.13
111586095,824907.38,7304.35,10678.08,11392.90,14140.46,32492.10,9561.22,18513.89
111637922,824916.31,7304.46,10676.65,11392.78,14138.30,32492.79,9561.68,18513.89
111689749,824899.19,7304.58,10678.08,11392.78,14137.41,32491.76,9562.62,18514.03
111741574,824957.94,7302.45,10675.69,11391.07,14137.79,32491.24,9561.80,18514.03
111793401,824957.94,7303.79,10676.88,11391.55,14139.05,32492.97,9562.62,18513.48
111845228,824949.00,7303.79,10675.45,11391.80,14137.53,32490.56,9559.81,18512.24
111897056,824949.00,7302.78,10676.65,11390.83,14137.15,32486.44,9560.74,18511.00
111948881,824949.00,7302.90,10675.57,11392.29,14137.15,32487.99,9560.86,18510.05
112000709,824957.94,7303.90,10674.48,11391.07,14137.28,32488.50,9561.22,18508.96
112052537,824940.81,7302.78,10675.33,11390.70,14138.04,32491.07,9560.63,18508.96
112104361,824949.00,7302.90,10676.28,11391.19,14136.77,32485.42,9562.27,18508.83
112156189,824957.94,7302.21,10674.85,11389.86,14134.61,32480.78,9560.16,18507.86
112208014,824940.81,7302.78,10674.60,11390.58,14133.59,32481.31,9560.05,18507.72
112259841,824924.50,7303.34,10674.01,11389.74,14132.44,32482.15,9559.92,18506.48
112311668,824940.81,7302.78,10674.38,11390.33,14133.97,32485.42,9560.52,18507.72
112363494,824940.81,7301.44,10675.33,11389.01,14133.08,32479.58,9562.04,18507.17
112415321,824899.19,7301.54,10674.13,11390.33,14132.94,32476.84,9562.86,18506.61
112467147,824949.00,7300.76,10675.81,11390.22,14132.19,32477.52,9562.50,18505.11
112518974,824924.50,7300.98,10675.93,11390.10,14132.05,32476.33,9561.22,18504.69
112570801,824916.31,7301.44,10673.53,11389.13,14131.04,32474.44,9559.23,18503.18
112622625,824974.31,7300.98,10674.73,11388.17,14130.91,32475.46,9559.92,18501.28
112674452,824891.00,7300.31,10674.38,11388.76,14130.28,32474.62,9558.75,18502.79
112726277,824924.50,7299.64,10674.01,11389.37,14130.41,32470.84,9559.11,18501.41
112778102,824957.94,7298.17,10673.89,11387.07,14128.63,32471.19,9557.82,18499.76
112829930,824899.19,7299.07,10673.41,11385.86,14129.13,32470.66,9559.11,18500.03
112881753,824949.00,7299.64,10673.53,11387.93,14127.99,32470.49,9558.99,18499.76
112933578,824882.88,7296.94,10673.06,11387.56,14128.12,32469.13,9557.11,18498.67
112985403,824916.31,7297.05,10672.46,11385.86,14126.46,32466.72,9558.29,18499.62
113037229,824949.00,7298.51,10673.78,11386.82,14125.19,32467.06,9559.11,18498.80
113089054,824932.63,7298.29,10671.39,11385.86,14126.20,32461.75,9556.53,18497.56
113140878,824957.94,7298.17,10669.59,11387.43,14126.46,32462.79,9554.42,18497.98
113192705,824932.63,7297.61,10669.22,11386.35,14125.70,32460.89,9554.89,18497.70
113244530,824891.00,7297.49,10670.19,11387.31,14124.05,32461.06,9554.76,18494.69
113296354,824899.19,7297.16,10671.86,11385.99,14122.64,32458.16,9556.88,18496.61
113348180,824882.88,7295.70,10669.95,11385.37,14123.15,32457.63,9555.94,18495.79
113400005,824957.94,7296.94,10670.42,11383.43,14122.26,32456.10,9555.71,18493.59
113451833,824949.00,7295.47,10669.34,11385.49,14122.14,32456.61,9556.76,18493.59
113503656,824891.00,7295.59,10670.66,11385.62,14122.89,32454.89,9555.94,18493.05
113555484,824891.00,7296.15,10669.95,11384.77,14121.12,32450.95,9556.41,18494.40
113607311,824949.00,7294.12,10669.71,11384.54,14120.49,32450.44,9554.07,18491.94
113659136,824949.00,7293.56,10668.39,11382.95,14122.14,32449.93,9552.19,18491.53
113710964,824891.00,7293.90,10668.15,11381.38,14119.47,32450.09,9551.49,18491.12
113762788,824924.50,7292.77,10666.35,11380.28,14118.07,32445.81,9551.01,18486.87
113814615,824974.31,7291.42,10665.04,11377.13,14117.31,32438.96,9551.01,18481.79
113866442,824940.81,7290.53,10664.68,11372.89,14114.38,32427.82,9553.60,18473.69
113918267,824924.50,7290.53,10664.21,11376.41,14115.40,32426.28,9553.95,18469.59
113970093,824940.81,7290.75,10663.61,11378.24,14114.38,32423.71,9555.82,18469.31
114021919,824924.50,7289.17,10663.96,11378.95,14115.77,32423.19,9556.65,18469.18
114073748,824882.88,7291.42,10664.68,11383.80,14116.41,32430.73,9554.07,18475.75
114125575,824932.63,7291.77,10665.65,11383.20,14115.77,32433.99,9557.35,18473.43
114177399,824916.31,7290.75,10664.68,11380.52,14113.73,32427.30,9556.06,18476.04
114229227,824949.00,7289.62,10663.85,11381.38,14115.40,32429.36,9555.71,18476.46
114281053,824940.81,7291.77,10664.68,11380.89,14114.26,32430.90,9555.12,18478.10
114332881,824899.19,7289.85,10665.87,11380.89,14112.47,32429.53,9553.36,18481.66
114384708,824882.88,7290.30,10663.61,11380.28,14113.48,32430.22,9551.61,18482.61
114436533,824949.00,7290.75,10662.41,11378.47,14112.59,32434.33,9550.55,18480.97
114488358,824916.31,7290.08,10661.81,11380.17,14112.59,32428.67,9548.33,18480.97
114540186,824949.00,7290.19,10661.93,11378.35,14111.58,32430.22,9549.74,18480.97
114592012,824940.81,7289.74,10661.34,11380.52,14111.07,32425.25,9551.37,18479.74
114643837,824940.81,7289.85,10661.93,11379.20,14108.02,32424.05,9549.26,18479.88
114695665,824916.31,7289.41,10661.68,11378.71,14110.32,32423.01,9551.25,18477.68
114747492,824891.00,7288.50,10660.61,11377.13,14106.88,32421.31,9549.14,18480.42
114799316,824940.81,7287.94,10658.71,11377.74,14107.51,32420.96,9549.26,18477.55
114851144,824966.13,7289.85,10657.99,11377.62,14104.96,32417.71,9548.90,18476.30
114902970,824916.31,7287.49,10659.42,11376.53,14104.46,32413.43,9548.80,18476.17
114954796,824940.81,7288.05,10659.66,11376.41,14104.58,32413.43,9550.67,18474.94
115006623,824949.00,7286.48,10658.11,11377.01,14105.85,32411.71,9550.32,18475.21
115058450,824957.94,7286.03,10659.29,11377.26,14103.43,32415.49,9550.55,18475.21
115110276,824949.00,7286.60,10659.29,11376.29,14104.72,32413.43,9548.44,18475.88
115162102,824974.31,7286.92,10658.59,11375.92,14106.49,32415.82,9550.91,18476.85
115213930,824957.94,7286.60,10658.71,11375.67,14105.22,32410.69,9551.37,18473.56
115265756,824932.63,7287.16,10659.66,11374.59,14104.09,32409.32,9553.01,18474.80
115317582,824891.00,7286.60,10659.66,11375.44,14102.80,32406.58,9550.67,18474.11
115370371,824907.38,7299.97,10669.95,11384.29,14112.34,32413.61,9552.42,18470.42
115422198,824966.13,7285.69,10661.58,11377.87,14105.98,32410.69,9549.61,18472.88
115474026,824924.50,7285.57,10658.22,11376.53,14104.84,32405.89,9547.74,18473.29
115525852,824916.31,7285.01,10656.67,11376.16,14102.80,32405.03,9548.33,18472.74
115577677,824940.81,7285.12,10656.91,11374.22,14101.16,32405.03,9547.04,18472.19
115629505,824957.94,7285.81,10657.03,11374.47,14100.90,32402.64,9547.39,18470.68
115681332,824949.00,7285.36,10657.03,11373.63,14100.90,32406.91,9547.39,18470.13
115733158,824949.00,7284.56,10657.14,11372.77,14101.53,32404.17,9548.56,18471.10
115784986,824907.38,7284.56,10657.26,11374.22,14099.49,32401.60,9547.15,18470.42
115836812,824949.00,7283.89,10657.51,11372.77,14098.86,32400.24,9547.62,18469.87
115888638,824899.19,7283.00,10655.72,11371.92,14098.23,32398.87,9547.15,18470.00
115940465,824940.81,7282.88,10655.35,11372.77,14098.23,32396.30,9549.38,18470.82
115992292,824916.31,7283.56,10657.14,11372.05,14098.99,32400.41,9547.74,18470.42
116044119,824949.00,7283.22,10657.99,11372.05,14098.74,32400.41,9547.86,18470.42
116095945,824949.00,7284.80,10657.14,11372.65,14099.24,32402.98,9549.26,18469.31
116147774,824949.00,7283.00,10656.55,11371.32,14099.37,32403.33,9549.02,18467.94
116199603,824907.38,7283.22,10657.62,11370.96,14100.77,32402.80,9548.56,18468.78
116251428,824874.69,7282.32,10657.38,11371.69,14100.27,32404.35,9549.14,18467.13
116303256,824924.50,7281.42,10657.62,11369.98,14101.03,32401.60,9549.02,18467.53
116355084,824957.94,7283.22,10656.91,11369.98,14098.99,32398.36,9548.67,18468.49
116406910,824949.00,7281.42,10657.26,11369.38,14100.27,32399.21,9546.32,18466.01
116458740,824940.81,7280.63,10656.67,11369.74,14097.60,32396.47,9545.27,18466.30
116510565,824932.63,7280.07,10655.24,11369.74,14096.82,32395.27,9546.09,18466.30
116562392,824949.00,7280.41,10655.12,11368.78,14098.35,32393.22,9544.33,18466.58
116614219,824949.00,7280.30,10655.60,11369.14,14096.31,32396.13,9547.04,18463.98
116666048,824924.50,7279.86,10656.55,11369.74,14096.31,32397.32,9547.86,18464.93
116717876,824957.94,7278.83,10657.26,11368.41,14096.57,32394.75,9548.33,18463.83
116769702,824924.50,7279.73,10657.62,11367.21,14097.09,32394.75,9548.08,18463.56
116821532,824916.31,7279.40,10657.03,11368.66,14093.91,32388.60,9547.62,18463.98
116873358,824957.94,7279.06,10656.91,11369.14,14093.64,32386.54,9547.26,18462.46
116925186,824949.00,7278.05,10655.94,11367.80,14094.54,32384.47,9546.80,18462.33
116977014,824899.19,7278.38,10656.07,11366.35,14094.67,32388.42,9545.63,18462.46
117028841,824940.81,7278.38,10656.07,11366.35,14093.78,32389.28,9542.58,18459.72
117080669,824949.00,7278.50,10655.47,11366.10,14092.63,32386.19,9543.04,18461.50
117132496,824907.38,7278.50,10656.31,11366.60,14095.05,32386.19,9545.27,18459.58
117184325,824957.94,7278.95,10656.19,11366.96,14093.53,32385.17,9542.46,18461.63
117236153,824949.00,7277.71,10655.47,11366.60,14090.86,32386.19,9545.17,18462.33
117287977,824957.94,7277.49,10654.99,11365.98,14091.11,32388.42,9543.51,18458.90
117339806,824940.81,7276.37,10655.47,11367.21,14092.00,32384.99,9543.64,18458.90
117391634,824940.81,7278.05,10656.07,11365.39,14088.69,32380.71,9542.00,18460.95
117443462,824957.94,7276.93,10656.19,11364.66,14090.86,32381.06,9541.52,18459.58
117495290,824891.00,7276.93,10655.72,11365.39,14090.21,32383.80,9541.76,18459.58
117547117,824940.81,7276.13,10655.60,11365.39,14088.18,32379.51,9543.16,18457.52
117598944,824924.50,7277.94,10654.16,11364.30,14089.70,32379.69,9541.52,18459.31
117650770,824949.00,7276.37,10654.28,11363.81,14089.58,32381.24,9538.95,18458.34
117702599,824940.81,7276.25,10653.55,11363.69,14090.08,32377.97,9539.53,18459.03
117754427,824924.50,7276.13,10652.73,11362.73,14089.58,32381.75,9538.59,18460.55
117806252,824957.94,7275.81,10654.28,11364.17,14090.60,32383.96,9539.76,18459.86
117858080,824949.00,7275.01,10653.20,11362.60,14090.86,32384.99,9539.07,18458.76
117909907,824940.81,7274.68,10653.44,11363.81,14090.73,32380.37,9539.89,18456.84
117961734,824940.81,7275.24,10655.12,11362.96,14089.58,32381.06,9539.65,18457.25
118013561,824907.38,7274.12,10654.75,11362.73,14088.56,32378.14,9540.01,18457.94
118065387,824940.81,7273.89,10654.04,11362.84,14089.45,32377.97,9541.29,18455.07
118117214,824957.94,7273.77,10654.16,11361.62,14088.18,32377.81,9539.89,18456.01
118169041,824957.94,7272.43,10653.20,11362.11,14087.93,32375.92,9539.42,18455.46
118220868,824899.19,7273.44,10654.28,11361.87,14086.78,32375.76,9538.48,18456.29
118272694,824949.00,7273.44,10652.48,11362.23,14088.44,32376.95,9537.89,18454.23
118324519,824949.00,7271.76,10652.00,11361.87,14087.03,32376.77,9538.25,18453.96
118376348,824949.00,7273.21,10653.55,11361.38,14088.95,32378.32,9538.83,18453.01
118428173,824907.38,7271.87,10652.95,11360.42,14087.29,32376.09,9538.35,18453.96
118480000,824949.00,7273.77,10653.20,11360.17,14087.29,32372.33,9537.19,18451.78
118531826,824940.81,7272.77,10652.00,11360.54,14086.92,32373.35,9535.20,18452.17
118583652,824916.31,7271.08,10649.13,11359.46,14086.14,32373.02,9536.01,18452.72
118635480,824949.00,7269.73,10648.90,11359.46,14084.24,32370.96,9535.44,18451.91
118687306,824924.50,7270.18,10650.08,11360.42,14086.78,32377.13,9536.26,18455.07
118739134,824949.00,7271.53,10652.00,11358.72,14086.02,32378.50,9540.12,18453.82
118790962,824891.00,7272.43,10652.25,11358.85,14086.14,32374.39,9539.89,18452.85
118842790,824966.13,7272.43,10650.08,11358.60,14085.13,32368.05,9534.50,18453.42
118894619,824891.00,7271.53,10649.98,11358.85,14084.76,32368.05,9533.79,18453.56
118946445,824949.00,7272.21,10648.54,11360.29,14083.87,32367.02,9534.60,18453.42
118998272,824949.00,7271.53,10648.18,11357.26,14082.58,32368.39,9532.73,18453.42
119050100,824916.31,7270.29,10647.70,11358.12,14084.37,32368.73,9533.09,18451.91
119101927,824940.81,7269.96,10649.50,11357.63,14082.84,32367.02,9535.32,18451.63
119153755,824940.81,7270.63,10649.25,11358.35,14083.60,32368.91,9536.95,18453.96
119205582,824957.94,7270.29,10649.61,11358.48,14082.08,32370.27,9536.72,18451.91
119257410,824940.81,7270.18,10649.38,11357.75,14082.58,32368.55,9537.66,18452.59
119309238,824899.19,7269.28,10649.86,11357.14,14081.83,32365.13,9535.90,18450.40
119361064,824940.81,7268.38,10646.99,11356.18,14081.83,32361.54,9533.91,18452.85
119412893,824949.00,7270.41,10647.70,11356.91,14080.81,32364.28,9535.32,18453.56
119464719,824957.94,7270.63,10649.50,11357.88,14081.45,32363.24,9534.27,18453.01
119516546,824957.94,7269.18,10648.65,11357.14,14081.45,32364.28,9535.67,18452.72
119568374,824891.00,7270.07,10648.42,11355.69,14083.21,32370.10,9537.31,18451.91
119620202,824924.50,7268.27,10649.61,11356.06,14082.46,32366.85,9537.77,18453.01
119672030,824882.88,7269.18,10649.61,11354.48,14082.84,32369.42,9537.42,18452.72
119723857,824916.31,7268.72,10648.54,11355.69,14082.58,32369.76,9535.32,18451.78
119775684,824966.13,7267.26,10648.18,11355.94,14082.84,32367.71,9534.14,18453.82
119827512,824940.81,7269.06,10647.21,11355.20,14084.62,32373.53,9532.61,18452.46
119879339,824949.00,7268.27,10647.21,11355.32,14084.62,32369.42,9534.14,18451.50
119931167,824899.19,7268.50,10646.51,11354.85,14084.10,32369.24,9534.50,18454.51
119982994,824949.00,7268.04,10647.33,11355.10,14083.47,32366.50,9535.08,18451.50
120034821,824916.31,7267.94,10647.46,11355.69,14083.47,32368.39,9534.02,18452.04
120086649,824940.81,7267.48,10647.21,11355.81,14082.84,32367.71,9533.67,18452.33
120138477,824949.00,7267.48,10645.44,11354.36,14081.06,32369.42,9532.73,18453.01
120190305,824899.19,7265.47,10645.19,11353.27,14080.42,32367.54,9532.97,18452.33
120242130,824891.00,7267.38,10645.78,11352.67,14080.69,32370.10,9535.08,18453.42
120293959,824957.94,7265.47,10647.58,11353.27,14079.28,32370.96,9535.90,18453.69
120345786,824949.00,7267.48,10647.70,11353.51,14078.78,32367.18,9535.54,18453.27
120397613,824957.94,7265.35,10646.74,11352.30,14079.02,32367.87,9536.84,18454.37
120449440,824949.00,7266.47,10648.42,11352.07,14080.16,32369.59,9534.85,18454.65
120501267,824899.19,7265.69,10646.26,11352.18,14079.79,32371.29,9533.67,18456.57
120553093,824924.50,7265.35,10646.86,11352.18,14079.28,32365.81,9532.15,18454.65
120604921,824874.69,7265.13,10646.03,11352.79,14078.39,32365.81,9532.03,18454.23
120656748,824940.81,7264.90,10646.63,11351.94,14077.64,32365.65,9530.16,18453.69
120708573,824949.00,7265.91,10644.24,11351.70,14078.13,32362.74,9530.62,18452.59
120760399,824940.81,7265.79,10644.83,11352.18,14076.23,32362.91,9529.22,18453.42
120812226,824940.81,7265.79,10645.31,11351.21,14077.76,32364.44,9530.39,18453.01
120864053,824957.94,7264.67,10644.34,11350.84,14075.72,32367.54,9529.92,18454.51
120915878,824932.63,7265.02,10646.14,11352.07,14076.60,32362.74,9528.40,18452.59
120967706,824957.94,7265.13,10644.83,11349.27,14075.60,32364.62,9527.11,18453.42
121019532,824966.13,7264.90,10644.94,11349.51,14076.86,32363.07,9526.63,18452.33
121071358,824932.63,7264.45,10644.94,11350.13,14075.72,32363.42,9527.71,18454.51
121123186,824932.63,7265.47,10643.87,11350.00,14076.10,32360.86,9526.99,18455.33
121175010,824932.63,7264.57,10644.71,11348.31,14074.33,32360.17,9524.88,18453.56
121226836,824974.31,7263.89,10643.03,11347.58,14074.83,32360.86,9526.05,18451.50
121278664,824899.19,7264.34,10644.12,11349.27,14075.85,32361.37,9523.72,18453.01
121330493,824932.63,7263.99,10641.37,11347.69,14074.83,32360.17,9525.47,18454.37
121382320,824957.94,7263.10,10642.07,11347.09,14076.23,32363.60,9525.71,18454.91
121434147,824966.13,7262.54,10642.07,11347.82,14076.36,32365.65,9525.59,18455.75
121485976,824957.94,7263.54,10643.51,11347.94,14076.10,32366.34,9526.05,18453.82
121537804,824907.38,7263.44,10644.71,11347.46,14076.75,32363.07,9530.16,18454.91
121589632,824957.94,7263.78,10643.39,11346.13,14076.23,32364.28,9527.46,18453.82
121641458,824966.13,7262.09,10642.07,11347.09,14074.83,32365.31,9525.12,18453.27
121693285,824899.19,7262.98,10642.44,11346.86,14073.82,32364.62,9524.18,18453.27
121745112,824940.81,7264.34,10642.56,11348.18,14076.86,32363.24,9523.82,18454.37
121796939,824932.63,7262.43,10642.56,11346.13,14074.71,32363.77,9523.13,18452.59
121848769,824949.00,7261.88,10643.39,11343.34,14074.83,32358.63,9525.12,18449.03
121900595,824882.88,7262.65,10641.25,11343.21,14074.83,32355.55,9524.54,18449.30
121952422,824949.00,7262.43,10641.84,11346.49,14073.95,32357.43,9522.07,18450.95
122004250,824940.81,7262.77,10641.12,11346.25,14073.70,32357.26,9520.55,18452.59
122056077,824940.81,7262.32,10640.77,11347.34,14072.41,32356.92,9520.32,18453.82
122107905,824957.94,7261.98,10641.00,11345.64,14074.96,32361.37,9520.32,18453.96
122159732,824940.81,7263.89,10641.72,11347.46,14073.30,32359.14,9519.26,18455.46
122211560,824891.00,7262.77,10640.40,11345.64,14070.65,32356.92,9519.26,18455.62
122263387,824916.31,7262.09,10640.16,11344.32,14071.91,32360.34,9520.43,18455.88
122315214,824924.50,7261.64,10639.57,11344.91,14071.66,32359.14,9519.85,18457.12
122367043,824891.00,7261.74,10639.81,11344.56,14070.39,32356.75,9519.85,18454.91
122418871,824916.31,7261.64,10639.92,11342.98,14071.15,32353.50,9519.74,18455.07
122470697,824957.94,7261.42,10640.52,11343.58,14071.15,32351.96,9521.37,18454.78
122522525,824916.31,7260.64,10639.92,11343.10,14069.87,32352.30,9519.85,18454.65
122575314,824974.31,7274.78,10652.13,11348.31,14077.76,32356.41,9521.25,18444.78
122627143,824932.63,7258.72,10639.70,11340.91,14071.66,32347.86,9518.20,18448.63
122678971,824907.38,7258.16,10638.13,11336.57,14070.25,32343.75,9519.49,18441.62
122730799,824949.00,7257.48,10636.83,11335.60,14070.14,32338.61,9517.04,18436.98
122782626,824949.00,7256.36,10636.95,11328.81,14069.50,32332.45,9514.45,18432.60
122834454,824907.38,7255.46,10635.74,11332.56,14069.36,32334.33,9516.93,18430.12
122886281,824940.81,7255.91,10635.63,11336.43,14069.75,32335.88,9517.39,18430.25
122938108,824957.94,7256.13,10635.51,11335.95,14068.86,32334.68,9514.58,18429.44
122989936,824907.38,7255.12,10635.74,11334.86,14069.11,32335.36,9517.04,18429.30
123041764,824949.00,7255.68,10634.55,11337.40,14070.14,32336.72,9516.10,18429.02
123093592,824949.00,7255.35,10635.03,11334.63,14068.23,32333.31,9516.10,18427.80
123145418,824916.31,7256.03,10634.78,11339.95,14068.47,32335.53,9515.05,18433.14
123197243,824957.94,7258.28,10635.98,11341.65,14069.87,32340.66,9517.16,18437.37
123249068,824949.00,7256.36,10633.59,11332.56,14068.61,32338.95,9516.93,18432.73
123300894,824949.00,7257.37,10635.15,11341.28,14067.97,32347.00,9515.99,18438.61
123352719,824949.00,7258.04,10635.98,11341.28,14069.11,32345.96,9514.34,18440.27
123404544,824899.19,7256.80,10634.30,11338.14,14068.99,32348.02,9513.29,18441.07
123456370,824874.69,7256.92,10633.11,11340.79,14068.10,32346.65,9514.34,18444.92
123508196,824882.88,7255.68,10633.47,11336.32,14066.69,32347.33,9512.58,18442.86
123560022,824949.00,7256.03,10633.47,11338.38,14068.10,32348.02,9515.51,18444.37
123611847,824949.00,7257.48,10633.71,11338.63,14067.59,32349.06,9515.05,18445.05
123663671,824940.81,7255.91,10632.75,11335.10,14065.17,32340.48,9513.87,18443.68
123715497,824966.13,7255.68,10632.16,11335.84,14064.16,32342.89,9513.99,18443.27
123767322,824940.81,7257.37,10632.87,11337.40,14064.92,32343.40,9513.40,18446.70
123819148,824940.81,7256.80,10631.91,11336.32,14065.43,32347.00,9513.29,18447.11
123870972,824957.94,7256.24,10631.91,11334.49,14065.17,32348.19,9513.64,18447.24
123922799,824916.31,7255.00,10631.31,11337.65,14066.19,32345.45,9513.76,18450.40
123974626,824940.81,7255.00,10631.43,11335.72,14065.30,32346.49,9512.36,18450.53
124026449,824899.19,7256.59,10629.89,11336.07,14063.90,32349.74,9513.05,18453.69
124078277,824940.81,7256.69,10630.12,11336.43,14064.16,32350.07,9513.29,18456.01
124130103,824907.38,7255.12,10629.16,11335.47,14064.16,32351.44,9511.30,18455.62
124181929,824949.00,7255.58,10629.29,11332.81,14062.88,32350.25,9512.00,18453.96
124233755,824949.00,7255.24,10628.81,11334.27,14065.56,32359.14,9508.25,18452.33
124285581,824957.94,7254.90,10628.68,11333.41,14066.83,32355.21,9511.88,18453.82
124337408,824899.19,7255.24,10628.22,11331.72,14064.67,32353.15,9508.25,18455.46
124389234,824966.13,7255.46,10627.61,11330.99,14064.67,32351.27,9509.07,18455.62
124441060,824949.00,7253.66,10626.54,11331.84,14064.92,32351.11,9510.59,18455.20
124492887,824974.31,7253.44,10627.25,11331.48,14064.92,32347.33,9507.66,18457.12
124544713,824882.88,7255.35,10626.18,11331.11,14063.65,32347.69,9507.56,18453.82
124596541,824957.94,7253.21,10624.86,11330.62,14061.62,32347.16,9510.01,18455.07
124648367,824957.94,7253.21,10625.69,11331.36,14063.26,32350.07,9510.47,18453.01
124700193,824966.13,7254.23,10626.18,11330.50,14061.86,32347.51,9510.70,18455.07
124752021,824940.81,7253.34,10627.25,11330.75,14062.75,32351.11,9507.43,18454.78
124803847,824907.38,7254.56,10628.68,11332.33,14064.16,32350.93,9509.65,18455.46
124855673,824949.00,7255.00,10629.29,11330.50,14063.90,32349.06,9507.08,18455.20
124907499,824899.19,7254.00,10628.68,11332.33,14062.75,32350.76,9507.08,18457.66
124959326,824932.63,7255.12,10628.09,11331.36,14062.51,32350.25,9507.56,18455.33
125011153,824949.00,7255.12,10629.04,11331.11,14062.51,32346.82,9505.56,18457.39
125062980,824949.00,7254.00,10630.00,11330.13,14060.60,32346.65,9505.67,18456.84
125114807,824974.31,7254.11,10628.56,11329.54,14061.23,32348.37,9504.39,18457.39
125166631,824899.19,7254.68,10626.90,11328.58,14060.48,32349.06,9503.67,18456.29
125218460,824940.81,7253.21,10626.54,11329.91,14060.60,32347.69,9504.27,18456.01
125270286,824899.19,7254.44,10626.90,11328.93,14062.25,32347.00,9503.81,18456.29
125322112,824949.00,7253.44,10624.99,11328.09,14062.88,32347.51,9502.98,18455.88
125373938,824916.31,7253.10,10625.59,11329.29,14061.37,32347.00,9502.52,18456.84
125425764,824949.00,7252.76,10626.29,11327.35,14062.12,32348.19,9504.27,18455.88
125477592,824957.94,7253.10,10626.66,11329.17,14062.12,32344.95,9503.45,18453.96
125529418,824932.63,7252.99,10625.22,11328.58,14060.60,32346.65,9502.98,18455.07
125581245,824957.94,7253.78,10623.43,11328.93,14061.23,32345.12,9501.46,18456.57
125633070,824891.00,7253.10,10625.47,11329.29,14062.12,32346.31,9501.58,18454.37
125684897,824949.00,7252.31,10621.87,11324.69,14060.73,32343.75,9502.75,18451.91
125736725,824882.88,7252.54,10624.38,11326.88,14060.98,32345.96,9502.63,18452.46
125788551,824949.00,7251.75,10623.19,11323.48,14062.12,32344.95,9504.15,18451.50
125840375,824932.63,7252.43,10624.26,11326.51,14061.74,32344.76,9503.21,18452.46
125892201,824949.00,7250.97,10624.51,11327.24,14060.48,32344.59,9501.58,18453.96
125944026,824957.94,7253.10,10621.39,11324.94,14060.10,32344.59,9502.27,18453.14
125995852,824924.50,7251.98,10623.79,11326.63,14061.37,32345.12,9502.04,18454.37
126047678,824957.94,7251.75,10624.74,11326.51,14060.98,32345.28,9502.04,18454.10
126099503,824916.31,7251.19,10624.38,11324.94,14059.83,32348.02,9503.21,18454.78
126151329,824949.00,7250.97,10623.07,11324.57,14061.49,32345.45,9500.86,18453.56
126203154,824916.31,7250.63,10622.60,11325.91,14059.83,32346.65,9502.16,18454.78
126254980,824949.00,7250.97,10622.60,11324.10,14060.60,32346.49,9501.58,18454.78
126306806,824899.19,7251.09,10622.94,11323.85,14062.38,32345.45,9501.00,18455.46
126358632,824949.00,7249.85,10622.83,11323.48,14060.22,32345.79,9498.41,18453.27
126410457,824983.31,7249.50,10621.99,11324.33,14059.45,32345.96,9499.82,18454.65
126462282,824957.94,7249.74,10621.87,11321.43,14060.10,32340.32,9499.35,18452.04
126514109,824949.00,7249.62,10621.39,11321.56,14059.45,32340.84,9498.99,18449.03
126565935,824957.94,7248.83,10622.24,11321.67,14060.48,32341.85,9499.82,18450.27
126617761,824891.00,7249.29,10621.64,11321.91,14058.56,32339.80,9501.00,18451.78
126669588,824974.31,7247.49,10621.39,11322.39,14059.20,32339.97,9497.72,18449.17
126721413,824907.38,7250.06,10620.68,11321.67,14059.58,32342.38,9495.24,18450.13
126773241,824949.00,7248.61,10620.56,11321.43,14061.23,32343.40,9495.72,18447.52
126825068,824949.00,7248.05,10621.87,11319.86,14058.81,32339.97,9498.65,18447.52
126876895,824940.81,7245.90,10619.85,11317.80,14059.45,32338.78,9498.18,18446.84
126928721,824899.19,7246.81,10619.73,11315.87,14059.58,32336.72,9497.47,18445.47
126980547,824957.94,7245.57,10619.12,11315.87,14059.97,32335.70,9497.36,18442.99
127032374,824882.88,7244.12,10619.37,11314.17,14057.68,32326.47,9497.24,18438.34
127084201,824907.38,7242.20,10618.30,11313.56,14057.30,32329.37,9493.15,18434.79
127136027,824907.38,7243.32,10618.05,11314.05,14057.55,32328.00,9494.66,18429.44
127187852,824891.00,7242.76,10618.30,11313.80,14057.93,32321.68,9492.68,18428.61
127239678,824924.50,7241.20,10617.69,11314.89,14057.04,32322.19,9493.84,18431.63
127291506,824940.81,7242.76,10618.77,11320.45,14057.68,32325.96,9491.03,18429.99
127343332,824932.63,7243.32,10618.41,11317.55,14057.68,32327.66,9489.51,18431.50
127395158,824891.00,7242.43,10617.93,11319.25,14057.04,32328.52,9486.48,18433.41
127446983,824949.00,7244.00,10616.14,11317.43,14057.30,32329.02,9487.75,18435.47
127498809,824940.81,7243.21,10617.21,11318.04,14056.79,32330.57,9488.69,18433.54
127550636,824940.81,7243.77,10617.82,11319.00,14057.30,32332.45,9490.44,18438.07
127602463,824891.00,7243.44,10616.38,11318.17,14056.15,32335.02,9490.56,18440.12
127654290,824891.00,7244.56,10616.73,11319.74,14058.06,32340.15,9489.75,18442.31
127706117,824957.94,7245.46,10617.69,11322.51,14058.56,32346.49,9489.51,18444.92
127757943,824966.13,7244.90,10618.17,11321.91,14059.33,32346.49,9489.29,18447.52
127809772,824940.81,7245.80,10616.38,11321.43,14059.45,32350.42,9489.16,18448.08
127861597,824957.94,7246.46,10615.43,11319.00,14059.45,32349.56,9487.75,18451.37
127913424,824966.13,7245.80,10616.62,11319.37,14058.81,32349.39,9489.04,18452.04
127965251,824891.00,7246.46,10615.06,11317.55,14057.43,32348.70,9486.00,18453.01
128017078,824899.19,7244.12,10615.55,11316.34,14056.65,32350.59,9485.88,18455.46
128068903,824940.81,7244.23,10613.87,11316.95,14059.07,32356.23,9484.36,18454.23
128120730,824957.94,7245.46,10613.27,11317.43,14058.81,32354.36,9484.01,18454.10
128172556,824949.00,7245.24,10614.58,11315.26,14059.20,32357.10,9485.18,18453.01
128224384,824916.31,7244.34,10615.30,11315.99,14059.70,32355.89,9487.06,18452.04
128276208,824907.38,7245.12,10615.18,11315.99,14058.44,32356.75,9488.22,18455.07
128328033,824949.00,7244.90,10616.86,11316.34,14060.10,32360.51,9488.57,18455.62
128379857,824949.00,7245.57,10615.18,11314.89,14060.73,32362.91,9490.44,18453.42
128431683,824940.81,7245.36,10615.55,11313.32,14059.97,32357.43,9491.38,18452.33
128483510,824949.00,7241.98,10615.43,11311.02,14058.44,32347.33,9489.87,18449.03
128535334,824916.31,7242.32,10615.90,11308.48,14058.18,32343.22,9489.75,18446.70
128587160,824966.13,7243.32,10616.73,11315.99,14056.54,32348.70,9490.80,18451.22
128638986,824916.31,7243.77,10614.95,11316.71,14058.32,32353.50,9490.56,18453.01
128690811,824957.94,7242.20,10615.65,11316.95,14058.56,32357.43,9488.57,18453.56
128742636,824949.00,7244.23,10615.90,11315.26,14056.40,32356.92,9485.76,18454.91
128794461,824907.38,7244.34,10614.11,11314.17,14056.65,32362.40,9484.01,18455.20
128846288,824949.00,7242.88,10614.47,11314.53,14057.30,32357.95,9479.80,18456.84
128898113,824940.81,7242.09,10612.08,11312.96,14057.30,32352.99,9476.51,18455.46
128949937,824940.81,7242.32,10611.35,11313.20,14056.54,32356.75,9476.18,18456.57
129001763,824949.00,7242.65,10611.35,11312.96,14056.79,32357.43,9474.53,18454.10
129053591,824924.50,7243.21,10610.52,11313.56,14056.79,32358.29,9474.64,18454.51
129105417,824949.00,7241.52,10610.40,11311.99,14055.90,32359.66,9473.01,18454.91
129157244,824916.31,7241.42,10609.56,11312.22,14057.17,32361.21,9475.58,18454.78
129209069,824907.38,7241.20,10609.93,11312.22,14058.18,32359.32,9474.53,18454.37
129260896,824882.88,7241.31,10610.04,11312.22,14056.02,32361.21,9473.83,18455.33
129312721,824940.81,7241.65,10610.28,11311.99,14056.02,32364.28,9478.99,18453.01
129364549,824882.88,7240.86,10609.45,11311.02,14055.51,32361.71,9476.40,18454.78
129416374,824957.94,7241.08,10609.45,11311.02,14054.38,32358.63,9477.22,18452.85
129468199,824949.00,7239.72,10608.14,11311.14,14054.12,32361.37,9477.92,18453.27
129520027,824957.94,7240.75,10607.89,11309.45,14053.61,32358.29,9476.40,18452.33
129571853,824966.13,7239.06,10607.89,11311.39,14051.57,32352.48,9474.06,18453.14
129623680,824966.13,7239.96,10608.01,11309.32,14051.83,32351.44,9473.83,18450.66
129675506,824949.00,7239.72,10607.65,11310.53,14051.19,32350.25,9473.13,18452.17
129727331,824940.81,7240.63,10605.73,11309.93,14049.81,32350.07,9470.56,18451.22
129780122,824957.94,7252.54,10617.82,11318.64,14060.73,32358.63,9472.19,18449.72
129831948,824907.38,7239.51,10606.58,11312.96,14054.88,32355.73,9472.77,18450.40
129883773,824940.81,7240.63,10607.17,11310.43,14053.87,32354.01,9472.65,18451.08
129935602,824974.31,7239.51,10606.21,11310.43,14054.38,32351.44,9474.29,18450.66
129987428,824940.81,7239.06,10606.58,11308.48,14053.24,32352.81,9474.41,18450.13
130039254,824949.00,7238.27,10605.27,11308.84,14051.96,32351.11,9472.89,18453.96
130091079,824974.31,7239.51,10604.66,11307.75,14051.57,32347.16,9472.65,18452.46
130142907,824940.81,7239.51,10603.83,11308.48,14048.65,32346.82,9471.83,18453.27
130194733,824891.00,7239.40,10603.83,11307.75,14050.82,32345.45,9474.77,18451.91
130246559,824882.88,7239.18,10605.39,11307.39,14049.68,32343.75,9474.53,18451.78
130298386,824957.94,7238.62,10605.27,11306.78,14047.89,32341.69,9476.04,18450.53
130350211,824899.19,7238.83,10605.39,11307.64,14047.26,32339.80,9474.77,18453.42
130402038,824932.63,7237.94,10605.14,11306.05,14047.14,32337.76,9472.19,18452.33
130453866,824957.94,7237.71,10605.87,11306.54,14045.73,32339.11,9473.13,18452.85
130505692,824966.13,7238.16,10604.19,11305.82,14048.91,32339.80,9472.65,18454.10
130557518,824949.00,7238.27,10604.30,11306.54,14048.15,32343.22,9471.14,18451.91
130609345,824932.63,7237.82,10603.83,11306.19,14048.91,32346.14,9471.60,18454.65
130661171,824874.69,7237.94,10603.35,11306.54,14051.07,32345.45,9470.56,18453.69
130712999,824932.63,7239.62,10605.51,11306.78,14050.19,32342.55,9470.90,18453.82
130764825,824899.19,7238.06,10603.00,11306.05,14050.68,32342.02,9474.41,18454.23
130816650,824966.13,7237.15,10605.03,11304.73,14050.94,32344.09,9473.59,18454.78
130868476,824940.81,7237.49,10604.44,11305.82,14049.16,32344.26,9474.06,18453.69
130920304,824949.00,7237.82,10604.19,11306.78,14050.94,32348.37,9471.60,18455.62
130972130,824940.81,7236.37,10603.47,11305.45,14050.31,32347.00,9472.42,18454.78
131023953,824957.94,7237.71,10604.54,11303.40,14049.81,32347.69,9470.78,18453.42
131075779,824924.50,7237.49,10604.66,11304.97,14050.44,32346.31,9473.47,18452.04
131127604,824966.13,7235.47,10603.47,11304.48,14048.78,32342.55,9472.65,18454.23
131179430,824949.00,7237.38,10602.76,11304.25,14048.15,32344.43,9471.37,18457.81
131231256,824916.31,7236.02,10603.11,11304.61,14047.63,32345.45,9471.02,18454.78
131283081,824957.94,7236.14,10603.00,11303.40,14047.39,32342.89,9470.90,18454.37
131334908,824940.81,7236.26,10602.52,11303.76,14048.02,32344.43,9468.44,18455.88
131386733,824940.81,7235.69,10601.91,11304.25,14045.98,32345.45,9468.79,18457.94
131438558,824924.50,7234.79,10602.16,11304.00,14048.52,32347.69,9467.97,18456.15
131490385,824949.00,7236.26,10601.91,11303.65,14047.77,32346.14,9467.28,18453.96
131542210,824907.38,7236.26,10600.96,11303.76,14050.82,32347.00,9467.39,18454.23
131594036,824940.81,7234.57,10600.36,11301.71,14047.14,32344.26,9465.16,18453.96
131645862,824899.19,7234.79,10600.96,11302.54,14049.68,32345.12,9464.70,18454.91
131697688,824949.00,7234.91,10600.72,11302.54,14048.02,32343.91,9464.58,18454.37
131749514,824957.94,7233.44,10600.24,11303.52,14048.15,32343.75,9462.71,18455.75
131801340,824949.00,7234.34,10597.62,11300.00,14046.62,32344.76,9463.53,18454.37
131853168,824974.31,7234.67,10598.58,11300.74,14050.68,32348.02,9461.06,18454.78
131904993,824916.31,7232.88,10597.27,11301.71,14049.16,32346.82,9460.72,18455.33
131956819,824949.00,7234.46,10597.14,11301.58,14048.52,32344.43,9460.12,18453.96
132008646,824907.38,7232.09,10596.18,11301.21,14050.44,32348.02,9458.49,18453.56
132060472,824940.81,7233.56,10596.54,11300.61,14049.29,32349.22,9457.44,18453.01
132112297,824882.88,7233.33,10595.11,11299.77,14049.16,32351.11,9455.92,18453.56
132164124,824957.94,7232.21,10595.11,11299.28,14048.28,32349.06,9457.21,18451.08
132215951,824916.31,7232.54,10593.92,11300.97,14049.16,32346.82,9456.26,18453.27
132267777,824957.94,7231.98,10594.15,11300.24,14047.77,32350.42,9454.63,18452.46
132319603,824957.94,7232.32,10593.07,11299.77,14048.52,32351.11,9454.29,18452.17
132371431,824957.94,7232.21,10594.15,11298.20,14047.14,32348.37,9451.70,18453.96
132423257,824957.94,7230.86,10592.60,11299.53,14048.02,32350.42,9449.49,18455.88
132475084,824899.19,7231.20,10591.76,11298.80,14047.77,32350.76,9451.70,18456.15
132526911,824957.94,7230.86,10592.24,11298.30,14046.88,32351.44,9449.71,18454.91
132578737,824949.00,7230.74,10593.67,11298.80,14049.03,32351.62,9451.58,18455.75
132630563,824949.00,7231.53,10593.31,11300.00,14048.52,32352.30,9452.41,18457.52
132682391,824957.94,7230.64,10592.72,11297.47,14046.76,32348.02,9451.01,18455.33
132734218,824949.00,7230.19,10592.36,11297.71,14045.47,32345.62,9451.48,18454.78
132786044,824882.88,7230.41,10591.17,11296.98,14045.60,32345.28,9448.89,18455.07
132837869,824916.31,7230.29,10590.92,11296.50,14044.58,32348.19,9449.25,18454.51
132889696,824940.81,7230.29,10590.32,11298.30,14045.60,32345.62,9448.67,18455.20
132941521,824940.81,7229.52,10590.32,11297.84,14043.45,32344.76,9450.19,18455.75
132993349,824932.63,7229.29,10590.22,11296.98,14042.55,32346.31,9449.49,18457.52
133045175,824957.94,7229.63,10590.10,11296.98,14042.94,32345.62,9449.95,18457.66
133096999,824949.00,7229.29,10589.62,11295.77,14040.78,32343.05,9448.55,18457.94
133148827,824949.00,7229.73,10589.01,11295.77,14040.90,32340.32,9449.95,18458.49
133200653,824924.50,7228.95,10588.54,11295.65,14040.27,32336.22,9452.17,18456.71
133252478,824949.00,7229.52,10589.97,11295.29,14040.78,32337.92,9451.94,18455.20
133304306,824949.00,7229.07,10590.32,11296.13,14039.89,32337.59,9454.63,18455.75
133356131,824916.31,7228.63,10589.49,11294.21,14039.13,32337.06,9453.47,18455.46
133407958,824924.50,7228.73,10589.37,11294.44,14040.15,32338.44,9452.06,18455.88
133459784,824949.00,7228.39,10588.66,11293.35,14037.99,32334.68,9451.83,18454.51
133511610,824882.88,7228.28,10589.37,11294.56,14038.74,32333.81,9451.58,18456.43
133563435,824891.00,7228.73,10588.89,11294.31,14035.44,32328.00,9451.36,18456.84
133615260,824949.00,7228.49,10587.82,11294.44,14037.10,32326.63,9451.48,18457.25
133667087,824940.81,7228.73,10588.06,11293.97,14035.44,32327.32,9449.25,18456.43
133718909,824940.81,7228.73,10587.57,11292.50,14034.17,32328.85,9446.44,18459.58
133770736,824932.63,7228.17,10588.06,11294.44,14035.31,32325.26,9447.38,18458.76
133822561,824949.00,7227.49,10588.18,11291.30,14035.58,32326.98,9447.62,18457.66
133874385,824907.38,7229.17,10588.54,11293.11,14034.17,32322.01,9448.67,18457.12
133926211,824916.31,7227.95,10589.01,11293.72,14033.92,32320.99,9448.89,18456.84
133978036,824916.31,7227.15,10588.30,11293.11,14034.05,32319.27,9447.84,18459.16
134029862,824966.13,7227.49,10588.18,11293.60,14031.37,32316.54,9446.21,18460.82
134081689,824949.00,7227.39,10588.78,11290.81,14032.26,32317.90,9447.84,18461.09
134133513,824882.88,7226.59,10587.35,11291.66,14029.86,32315.00,9447.49,18462.33
134185339,824949.00,7227.04,10586.50,11291.66,14028.85,32314.15,9445.62,18463.56
134237165,824949.00,7226.93,10585.32,11292.26,14027.69,32311.93,9443.28,18462.19
134288991,824907.38,7226.48,10585.80,11291.78,14030.23,32313.63,9445.62,18463.01
134340817,824949.00,7226.37,10585.32,11292.26,14028.85,32311.23,9446.56,18460.40
134392644,824891.00,7226.03,10587.10,11290.93,14029.22,32312.26,9446.21,18461.09
134444471,824957.94,7225.80,10586.62,11290.56,14031.00,32315.69,9447.02,18460.40
134496295,824966.13,7226.03,10587.70,11289.97,14030.49,32315.16,9446.33,18459.16
134548123,824907.38,7227.04,10587.57,11290.69,14031.37,32315.33,9445.62,18456.01
134599950,824949.00,7227.27,10587.47,11291.06,14032.26,32314.15,9443.63,18457.39
134651776,824957.94,7227.39,10588.30,11290.93,14033.54,32316.37,9443.52,18459.58
134703603,824932.63,7224.79,10586.62,11289.97,14034.42,32318.43,9442.00,18459.58
134755428,824949.00,7226.59,10586.27,11290.22,14035.31,32318.59,9442.22,18460.13
134807254,824949.00,7225.80,10585.55,11288.39,14033.41,32317.90,9440.83,18457.81
134859081,824924.50,7226.03,10586.39,11289.85,14032.53,32316.02,9440.47,18459.03
134910907,824966.13,7225.48,10587.57,11289.24,14032.38,32313.97,9440.01,18462.74
134962734,824974.31,7225.35,10586.14,11289.73,14033.28,32317.22,9441.53,18461.09
135014559,824891.00,7224.91,10586.14,11288.88,14035.31,32319.79,9441.29,18462.19
135066387,824932.63,7224.35,10585.43,11288.16,14033.16,32318.59,9440.83,18460.27
135118215,824949.00,7225.03,10585.07,11288.51,14032.91,32317.39,9441.40,18460.40
135170040,824907.38,7225.59,10584.48,11289.73,14030.49,32313.46,9442.22,18460.95
135221868,824949.00,7225.70,10584.00,11287.19,14029.48,32313.29,9443.28,18463.29
135273692,824949.00,7224.12,10583.88,11289.24,14030.62,32313.97,9442.34,18465.62
135325519,824932.63,7224.68,10583.52,11288.16,14029.73,32312.95,9441.65,18466.17
135377347,824957.94,7224.79,10583.40,11287.79,14029.86,32317.22,9441.88,18465.33
135429173,824957.94,7223.90,10583.52,11288.02,14032.15,32319.11,9441.18,18467.39
135480998,824949.00,7223.56,10583.17,11287.67,14033.41,32322.19,9441.07,18467.81
135532824,824891.00,7224.24,10581.98,11286.82,14033.28,32319.79,9439.20,18465.33
135584651,824940.81,7223.79,10581.73,11286.82,14032.38,32318.76,9437.56,18468.07
135636477,824899.19,7225.03,10582.57,11287.19,14032.91,32323.73,9437.32,18468.91
135688305,824940.81,7224.35,10582.20,11286.45,14032.65,32320.48,9438.60,18469.59
135740130,824957.94,7223.56,10582.20,11286.57,14032.78,32318.43,9437.90,18469.04
135791954,824924.50,7224.12,10581.61,11285.61,14030.62,32317.22,9438.84,18468.36
135843783,824949.00,7223.44,10582.93,11286.45,14031.63,32316.19,9438.26,18470.28
135895609,824966.13,7224.68,10582.32,11286.23,14031.25,32318.43,9438.38,18469.87
135947433,824957.94,7224.00,10583.29,11285.01,14030.74,32318.26,9437.08,18468.91
135999261,824957.94,7223.34,10582.32,11284.89,14029.99,32316.89,9435.33,18470.82
136051086,824940.81,7224.46,10581.73,11284.04,14030.23,32319.27,9436.39,18473.16
136102914,824966.13,7224.00,10581.25,11284.77,14030.87,32320.12,9435.67,18473.02
136154740,824974.31,7225.14,10581.61,11284.77,14030.62,32316.54,9434.75,18471.65
136206565,824882.88,7224.46,10580.30,11284.15,14030.36,32317.57,9434.63,18471.37
136258391,824949.00,7223.34,10580.89,11284.77,14028.58,32314.49,9433.58,18470.82
136310215,824949.00,7224.35,10580.18,11284.52,14028.85,32315.69,9432.65,18470.28
136362041,824957.94,7224.00,10579.94,11282.95,14027.57,32316.19,9434.52,18472.60
136413867,824957.94,7221.65,10579.11,11283.44,14028.32,32313.63,9432.29,18471.65
136465693,824891.00,7223.23,10578.51,11282.58,14027.06,32312.43,9433.22,18471.79
136517519,824974.31,7222.55,10577.43,11281.14,14027.44,32311.75,9432.52,18471.23
136569341,824882.88,7222.66,10576.95,11282.36,14028.32,32314.49,9430.65,18470.55
136621169,824940.81,7222.55,10577.20,11283.07,14027.69,32313.97,9429.12,18470.28
136672994,824932.63,7220.86,10576.59,11281.99,14027.57,32309.70,9429.95,18469.46
136724818,824957.94,7222.88,10576.12,11281.87,14026.68,32307.47,9429.02,18471.93
136776645,824940.81,7221.99,10578.15,11281.50,14025.27,32305.77,9430.18,18469.59
136828470,824907.38,7221.65,10577.31,11282.82,14027.69,32313.46,9429.48,18470.68
136880294,824949.00,7221.99,10577.79,11280.65,14027.18,32309.01,9433.46,18473.56
136932122,824932.63,7221.77,10579.34,11281.87,14027.95,32311.93,9433.11,18473.43
136984911,824899.19,7236.02,10591.40,11289.11,14038.74,32315.69,9436.97,18468.62
137036738,824940.81,7221.31,10580.06,11282.95,14029.73,32310.04,9433.92,18474.53
137088564,824924.50,7221.21,10579.82,11282.36,14027.69,32304.74,9431.35,18473.85
137140390,824899.19,7220.65,10579.11,11282.46,14026.29,32303.20,9431.01,18471.93
137192218,824957.94,7220.30,10577.31,11280.17,14023.25,32298.92,9429.02,18472.06
137244044,824957.94,7219.74,10576.35,11279.57,14024.01,32300.29,9429.12,18472.88
137295868,824907.38,7219.97,10576.47,11279.57,14024.39,32302.68,9428.66,18471.79
137347696,824907.38,7221.43,10575.88,11278.35,14023.12,32301.84,9428.43,18472.88
137399522,824940.81,7218.85,10576.35,11279.92,14022.61,32298.59,9428.43,18471.37
137451347,824899.19,7219.86,10576.12,11278.49,14023.12,32299.61,9427.03,18472.74
137503174,824899.19,7220.42,10573.97,11277.63,14023.00,32298.75,9427.25,18472.60
137555000,824940.81,7218.17,10573.73,11278.59,14020.20,32292.26,9425.16,18471.50
137606825,824949.00,7218.85,10573.13,11278.12,14020.71,32294.81,9427.25,18470.28
137658653,824940.81,7218.50,10571.70,11277.27,14020.96,32290.89,9427.25,18473.29
137710479,824924.50,7219.63,10572.05,11278.24,14018.81,32289.51,9427.73,18473.02
137762306,824966.13,7218.40,10571.46,11277.15,14020.71,32291.74,9426.79,18471.93
137814133,824949.00,7218.62,10573.01,11276.29,14019.82,32285.75,9427.61,18470.68
137865959,824916.31,7218.62,10573.13,11275.21,14018.69,32284.56,9427.15,18470.82
137917787,824949.00,7217.50,10573.85,11274.48,14019.32,32288.49,9428.20,18470.68
137969612,824882.88,7218.85,10574.08,11276.29,14021.59,32291.74,9430.06,18468.07
138021439,824974.31,7217.84,10572.77,11276.06,14021.86,32288.49,9428.55,18472.06
138073266,824932.63,7218.29,10571.46,11273.76,14021.48,32286.27,9429.48,18472.19
138125091,824949.00,7217.84,10572.90,11276.66,14020.20,32283.70,9428.43,18472.88
138176918,824974.31,7217.61,10572.05,11275.33,14020.58,32286.44,9429.37,18470.68
138228745,824916.31,7217.50,10572.53,11275.58,14020.84,32287.98,9427.37,18473.02
138280571,824949.00,7216.72,10572.77,11275.58,14020.33,32285.75,9425.03,18472.88
138332400,824924.50,7217.84,10571.94,11274.73,14019.32,32283.37,9422.93,18470.00
138384224,824907.38,7216.94,10571.58,11274.37,14019.06,32278.23,9420.94,18471.10
138436049,824957.94,7217.50,10570.15,11272.67,14017.80,32274.82,9419.66,18472.88
138487878,824899.19,7217.61,10570.27,11274.00,14017.53,32271.91,9419.19,18470.55
138539703,824924.50,7217.39,10570.03,11273.88,14015.50,32269.70,9419.31,18472.06
138591529,824932.63,7217.28,10568.23,11272.79,14017.92,32277.54,9417.91,18470.68
138643354,824916.31,7217.84,10569.08,11273.40,14018.30,32276.17,9418.83,18470.82
138695181,824907.38,7216.05,10568.71,11273.40,14018.94,32278.07,9418.25,18471.10
138747008,824899.19,7216.26,10568.83,11274.48,14019.44,32278.07,9418.83,18469.46
138798834,824949.00,7217.05,10569.30,11274.00,14017.92,32274.48,9417.43,18471.23
138850659,824966.13,7216.05,10567.28,11271.22,14019.32,32275.33,9418.83,18471.93
138902482,824957.94,7216.26,10567.76,11272.30,14019.18,32276.87,9416.04,18471.65
138954309,824957.94,7216.05,10567.99,11271.46,14018.43,32273.79,9416.04,18471.50
139006135,824882.88,7215.48,10567.40,11271.46,14019.18,32278.75,9417.91,18469.59
139057959,824949.00,7215.48,10567.88,11272.19,14020.58,32278.58,9416.14,18471.50
139109786,824932.63,7217.05,10568.47,11271.34,14019.18,32277.21,9418.01,18472.19
139161611,824966.13,7215.37,10567.40,11268.80,14019.70,32274.82,9416.50,18471.65
139213436,824907.38,7216.72,10567.28,11270.50,14019.18,32277.54,9418.25,18471.50
139265264,824899.19,7215.02,10568.23,11269.28,14020.58,32276.01,9420.48,18472.19
139317087,824907.38,7214.57,10567.99,11270.38,14021.34,32277.71,9421.06,18471.37
139368913,824991.50,7215.60,10567.28,11266.87,14020.07,32277.03,9419.55,18470.13
139420738,824957.94,7215.48,10568.35,11269.16,14019.70,32274.48,9420.01,18469.04
139472564,824882.88,7214.81,10568.71,11268.20,14019.82,32274.48,9419.55,18473.29
139524390,824916.31,7216.49,10568.83,11267.59,14019.06,32272.24,9420.01,18473.69
139576216,824949.00,7214.57,10568.13,11268.43,14017.92,32271.40,9418.37,18474.11
139628043,824899.19,7212.56,10568.47,11268.20,14017.15,32269.52,9416.86,18474.11
139679868,824949.00,7214.36,10566.80,11268.32,14017.92,32267.12,9416.61,18473.29
139731696,824891.00,7214.13,10566.45,11268.08,14017.02,32263.19,9417.08,18473.02
139783522,824932.63,7213.12,10566.68,11267.96,14016.65,32262.00,9416.96,18473.69
139835347,824882.88,7214.13,10566.55,11266.50,14016.39,32271.07,9418.01,18473.43
139887175,824949.00,7212.33,10565.00,11265.90,14017.15,32270.20,9415.68,18473.02
139939000,824940.81,7212.23,10566.68,11267.11,14016.78,32263.54,9417.08,18471.79
139990828,824949.00,7211.43,10566.21,11266.37,14017.41,32266.28,9417.32,18470.82
140042654,824949.00,7212.67,10564.78,11265.78,14016.39,32258.24,9415.33,18471.65
140094481,824966.13,7212.56,10564.05,11265.66,14016.52,32259.61,9415.92,18469.46
140146307,824932.63,7212.45,10565.00,11264.80,14014.63,32263.19,9414.63,18469.31
140198131,824891.00,7210.87,10564.30,11264.68,14013.09,32257.21,9414.63,18470.42
140249959,824907.38,7211.55,10564.05,11264.80,14013.47,32252.42,9414.40,18469.31
140301787,824882.88,7210.76,10563.46,11263.12,14013.97,32252.94,9414.98,18469.87
140353612,824940.81,7210.43,10562.03,11262.87,14012.71,32254.30,9414.98,18468.21
140405439,824940.81,7210.54,10563.70,11264.33,14013.22,32248.83,9414.87,18469.73
140457265,824957.94,7209.52,10560.71,11262.75,14013.60,32250.38,9412.18,18467.94
140509092,824966.13,7210.32,10560.83,11263.60,14013.47,32249.69,9412.76,18467.68
140560920,824891.00,7210.54,10561.67,11262.75,14012.45,32250.04,9411.46,18468.07
140612747,824916.31,7211.11,10561.91,11262.75,14013.97,32247.13,9409.83,18469.31
140664572,824957.94,7210.20,10559.05,11263.24,14013.85,32243.88,9412.40,18470.82
140716400,824940.81,7209.76,10558.80,11262.87,14010.80,32243.71,9412.06,18468.62
140768226,824949.00,7209.52,10559.53,11263.47,14012.45,32244.22,9410.07,18468.91
140820052,824882.88,7209.08,10558.46,11262.15,14012.45,32241.83,9411.71,18468.07
140871877,824924.50,7209.76,10557.73,11263.12,14010.04,32239.44,9409.37,18469.46
140923704,824949.00,7209.87,10557.97,11261.54,14009.66,32238.08,9412.53,18470.28
140975529,824907.38,7209.08,10555.70,11261.91,14009.54,32235.52,9409.72,18467.53
141027357,824974.31,7208.18,10556.18,11261.91,14008.90,32233.63,9411.46,18468.36
141079184,824949.00,7209.42,10557.37,11262.52,14009.66,32235.52,9410.31,18469.18
141131008,824949.00,7209.64,10553.07,11261.67,14009.28,32235.33,9409.72,18468.62
141182835,824957.94,7207.96,10554.86,11260.57,14009.16,32232.61,9408.44,18469.73
141234661,824940.81,7208.74,10553.80,11261.06,14011.19,32238.24,9408.78,18470.82
141286488,824991.50,7209.19,10554.50,11260.10,14010.55,32235.68,9407.85,18468.78
141338314,824957.94,7208.63,10554.14,11259.97,14011.95,32236.53,9411.13,18468.49
141390139,824932.63,7206.94,10555.45,11258.76,14011.57,32238.08,9411.94,18469.31
141441966,824940.81,7207.62,10555.23,11259.73,14012.45,32237.05,9412.53,18468.91
141493791,824924.50,7207.39,10554.75,11258.76,14011.70,32235.52,9411.82,18468.91
141545616,824957.94,7208.18,10555.45,11259.37,14013.34,32239.78,9412.18,18470.55
141597442,824966.13,7207.28,10555.45,11259.00,14012.84,32241.66,9411.00,18472.06
141649266,824957.94,7207.74,10555.10,11257.43,14015.12,32239.10,9411.46,18471.37
141701092,824924.50,7207.06,10555.23,11258.40,14013.47,32233.97,9411.46,18469.46
141752915,824957.94,7208.28,10552.83,11256.47,14010.80,32231.42,9409.59,18470.42
141804743,824932.63,7206.62,10551.41,11259.25,14010.55,32232.27,9407.39,18471.23
141856568,824924.50,7207.39,10551.05,11258.40,14011.05,32229.53,9405.27,18470.68
141908391,824966.13,7205.94,10549.37,11256.58,14010.04,32232.10,9404.92,18471.93
141960218,824924.50,7206.94,10549.73,11257.80,14010.55,32231.59,9403.29,18472.34
142012043,824899.19,7206.62,10549.50,11256.95,14010.42,32231.75,9403.40,18471.79
142063868,824957.94,7206.62,10548.89,11257.19,14010.04,32231.42,9404.81,18471.79
142115695,824957.94,7207.86,10546.99,11256.95,14008.01,32228.00,9403.88,18468.78
142167520,824882.88,7205.71,10547.82,11254.17,14007.26,32222.70,9402.94,18467.81
142219345,824924.50,7205.71,10546.63,11254.66,14007.64,32224.06,9403.98,18468.36
142271172,824974.31,7205.03,10547.34,11255.74,14008.90,32223.89,9404.12,18466.17
142322999,824940.81,7204.14,10545.43,11254.30,14009.02,32222.01,9405.16,18466.30
142374825,824957.94,7205.27,10546.75,11253.68,14009.28,32222.87,9404.92,18467.81
142426650,824983.31,7205.03,10545.68,11254.77,14008.01,32220.49,9404.70,18467.53
142478477,824907.38,7203.93,10544.84,11255.62,14008.01,32220.13,9405.39,18466.01
142530304,824932.63,7205.03,10545.32,11254.77,14008.01,32219.45,9403.64,18468.62
142582131,824957.94,7204.82,10546.87,11254.05,14007.64,32220.49,9404.70,18467.94
142633956,824916.31,7204.59,10544.13,11252.96,14007.51,32217.24,9405.04,18467.68
142685780,824916.31,7203.13,10543.16,11254.54,14007.51,32218.59,9405.04,18466.71
142737608,824940.81,7205.49,10542.45,11252.48,14006.86,32219.63,9404.22,18467.94
142789434,824940.81,7203.93,10541.72,11253.56,14005.34,32217.24,9404.22,18470.13
142841261,824907.38,7203.23,10541.38,11251.51,14004.59,32209.37,9401.19,18468.07
142893088,824966.13,7204.25,10542.69,11251.63,14003.58,32213.14,9402.82,18468.91
142944915,824983.31,7203.47,10541.85,11253.33,14004.08,32213.47,9404.34,18468.78
142996742,824940.81,7203.58,10543.04,11251.63,14006.23,32212.79,9403.52,18470.00
143048568,824899.19,7203.23,10540.07,11248.72,14005.22,32217.40,9403.05,18471.93
143100395,824949.00,7202.90,10541.14,11250.79,14005.22,32213.99,9401.77,18469.87
143152222,824940.81,7201.45,10541.02,11249.93,14005.48,32214.84,9400.84,18470.68
143204048,824882.88,7203.69,10541.50,11251.39,14005.10,32209.03,9399.55,18470.28
143255876,824957.94,7203.47,10541.62,11251.02,14005.22,32211.77,9399.43,18471.10
143307702,824940.81,7203.13,10540.90,11250.90,14006.36,32210.40,9400.60,18471.23
143359527,824957.94,7201.45,10541.14,11250.18,14003.95,32210.06,9400.38,18470.97
143411356,824949.00,7202.23,10540.17,11251.02,14002.93,32204.77,9400.38,18469.87
143463181,824949.00,7201.00,10540.17,11249.81,14003.31,32205.46,9400.24,18470.68
143515009,824899.19,7202.34,10539.34,11249.33,14002.30,32201.17,9397.79,18470.42
143566833,824932.63,7201.22,10539.10,11249.93,14001.54,32202.04,9397.43,18470.97
143618660,824940.81,7201.33,10540.54,11248.37,14001.79,32201.01,9397.43,18470.42
143670486,824949.00,7202.45,10539.70,11249.09,14001.54,32202.38,9398.84,18473.43
143722312,824924.50,7202.90,10539.34,11248.25,14003.70,32199.81,9396.97,18476.04
143774138,824916.31,7201.67,10540.31,11247.64,14001.54,32202.72,9398.97,18475.49
143825964,824932.63,7200.65,10540.66,11248.00,14002.93,32198.28,9400.38,18475.88
143877790,824966.13,7200.54,10540.07,11247.52,14002.55,32197.09,9399.43,18473.98
143929618,824949.00,7199.65,10539.70,11247.52,14001.04,32194.18,9397.91,18474.80
143981444,824940.81,7201.00,10539.22,11246.68,14003.06,32198.11,9396.62,18473.43
144033270,824907.38,7198.53,10537.55,11247.52,14002.68,32199.47,9396.62,18472.60
144085097,824957.94,7198.41,10537.67,11246.31,14002.17,32197.09,9396.50,18472.47
144136923,824966.13,7198.86,10537.08,11247.03,14000.90,32191.80,9395.10,18473.02
144189717,824924.50,7212.00,10550.80,11257.19,14010.29,32200.16,9395.46,18468.62
144241541,824949.00,7199.44,10539.82,11250.43,14003.95,32194.18,9396.04,18471.50
144293367,824949.00,7198.53,10538.15,11247.52,14000.90,32190.08,9394.52,18474.11
144345193,824924.50,7198.08,10538.63,11246.43,13999.88,32189.75,9396.39,18472.34
144397019,824899.19,7198.76,10537.79,11245.71,13999.25,32188.37,9396.16,18474.25
144448845,824966.13,7199.54,10537.20,11246.19,13999.52,32188.02,9398.26,18473.02
144500669,824940.81,7197.40,10537.55,11245.95,14000.15,32189.39,9396.16,18476.85
144552495,824924.50,7198.20,10536.25,11244.75,14000.41,32190.42,9395.34,18474.40
144604320,824957.94,7197.19,10535.41,11244.50,13999.63,32187.87,9397.33,18477.55
144656148,824949.00,7197.19,10536.72,11243.16,14001.42,32190.08,9397.21,18475.88
144707972,824966.13,7198.41,10537.55,11244.75,14002.17,32191.97,9400.02,18474.80
144759796,824899.19,7198.20,10538.63,11243.53,14002.43,32192.30,9401.19,18477.68
144811623,824940.81,7198.53,10539.00,11244.63,14001.54,32193.67,9400.84,18476.72
144863448,824949.00,7197.52,10538.86,11244.87,14002.55,32195.54,9401.89,18473.69
144915274,824924.50,7197.29,10539.10,11243.89,14003.58,32192.64,9399.20,18476.30
144967101,824957.94,7197.40,10539.22,11243.04,14002.30,32192.47,9401.53,18477.40
145018926,824957.94,7195.28,10538.39,11243.16,14001.91,32193.67,9400.38,18473.85
145070753,824932.63,7197.75,10538.15,11242.33,14003.58,32195.37,9397.33,18475.08
145122579,824940.81,7198.53,10536.96,11242.69,14003.95,32195.54,9393.69,18475.62
145174406,824932.63,7198.98,10536.96,11242.56,14004.84,32196.06,9392.18,18476.04
145226233,824940.81,7198.64,10537.67,11242.20,14003.83,32196.57,9393.36,18476.30
145278059,824949.00,7199.31,10536.36,11241.47,14003.83,32199.30,9391.60,18478.23
145329886,824924.50,7196.73,10537.08,11242.69,14005.48,32198.62,9390.78,18479.46
145381711,824949.00,7197.96,10537.32,11242.20,14003.31,32200.33,9391.72,18480.97
145433539,824940.81,7197.52,10536.96,11242.56,14003.43,32198.79,9393.00,18479.46
145485366,824949.00,7195.61,10538.15,11241.00,14004.71,32200.49,9393.23,18480.28
145537190,824924.50,7195.84,10536.84,11241.23,14004.21,32198.28,9395.23,18480.28
145589017,824932.63,7196.85,10536.25,11242.08,14004.33,32198.45,9394.29,18479.74
145640843,824949.00,7195.84,10537.91,11239.79,14002.55,32198.62,9393.47,18480.97
145692669,824916.31,7196.85,10536.84,11240.88,14004.59,32200.49,9394.29,18480.28
145744497,824957.94,7196.05,10537.44,11241.84,14005.34,32203.05,9392.77,18480.42
145796322,824957.94,7195.72,10536.25,11241.59,14005.48,32203.23,9390.31,18480.01
145848148,824966.13,7196.51,10537.08,11240.76,14004.96,32205.27,9390.67,18480.28
145899975,824949.00,7196.05,10535.65,11240.51,14006.99,32206.30,9390.09,18476.85
145951802,824924.50,7196.40,10536.72,11240.51,14007.89,32205.46,9391.25,18479.33
146003629,824924.50,7196.73,10536.48,11238.70,14007.38,32208.52,9390.78,18479.20
146055453,824907.38,7195.84,10536.13,11240.03,14006.11,32210.57,9392.88,18478.10
146107280,824932.63,7196.29,10536.60,11239.54,14008.78,32212.79,9393.36,18477.13
146159106,824940.81,7195.95,10535.77,11239.29,14008.90,32211.25,9392.77,18478.10
146210933,824916.31,7195.05,10536.36,11238.21,14009.66,32211.94,9392.65,18479.60
146262760,824957.94,7196.61,10536.96,11239.79,14008.65,32212.28,9393.12,18478.91
146314585,824957.94,7194.95,10537.20,11239.17,14007.76,32213.47,9393.47,18479.33
146366412,824949.00,7194.04,10535.04,11238.09,14006.63,32210.75,9390.67,18477.81
146418239,824949.00,7194.04,10535.29,11240.03,14008.27,32212.62,9389.03,18478.78
146470066,824924.50,7195.49,10537.32,11239.66,14008.90,32215.70,9390.43,18480.42
146521892,824924.50,7196.51,10537.08,11239.17,14008.90,32214.66,9389.26,18483.03
146573719,824899.19,7195.61,10537.79,11240.39,14008.90,32214.33,9388.32,18481.24
146625546,824940.81,7194.49,10536.36,11238.94,14007.38,32213.14,9387.98,18481.10
146677372,824899.19,7195.05,10537.20,11238.33,14008.53,32213.99,9389.49,18481.38
146729199,824949.00,7195.05,10538.63,11239.79,14009.41,32216.38,9389.96,18482.07
146781026,824916.31,7195.05,10537.79,11239.66,14010.42,32217.92,9387.62,18483.16
146832851,824924.50,7196.40,10536.48,11239.66,14010.17,32218.43,9387.62,18481.66
146884679,824957.94,7195.95,10536.96,11237.36,14009.28,32215.87,9387.28,18484.40
146936505,824932.63,7194.15,10537.67,11238.83,14007.26,32216.55,9385.17,18481.52
146988331,824949.00,7194.71,10537.08,11237.85,14008.01,32219.45,9384.70,18485.91
147040158,824924.50,7194.15,10535.77,11237.13,14010.42,32216.89,9383.07,18481.79
147091984,824891.00,7192.47,10535.89,11235.67,14007.76,32218.08,9385.06,18483.03
147143811,824899.19,7194.37,10534.45,11236.53,14008.39,32214.50,9386.22,18483.85
147195636,824949.00,7192.80,10533.74,11234.83,14007.89,32217.40,9385.75,18483.44
147247463,824940.81,7192.91,10533.86,11235.08,14008.27,32220.99,9385.53,18483.30
147299290,824924.50,7193.71,10534.09,11235.32,14007.89,32218.25,9386.35,18483.16
147351116,824957.94,7191.23,10534.34,11236.28,14005.85,32218.08,9385.53,18482.21
147402944,824940.81,7193.15,10535.29,11235.08,14008.65,32219.63,9386.57,18483.03
147454769,824940.81,7192.24,10535.65,11232.78,14009.66,32221.68,9386.35,18481.94
147506595,824899.19,7191.56,10535.52,11234.59,14009.91,32219.80,9383.54,18482.34
147558424,824957.94,7192.80,10534.09,11234.34,14007.38,32218.43,9382.95,18481.66
147610251,824916.31,7191.35,10533.38,11232.78,14009.54,32219.45,9385.53,18483.57
147662077,824966.13,7192.36,10535.41,11234.22,14009.16,32216.55,9383.88,18481.94
147713906,824940.81,7191.56,10534.92,11233.86,14008.78,32218.59,9380.96,18481.94
147765732,824916.31,7191.68,10535.17,11233.74,14009.28,32219.29,9382.95,18482.76
147817560,824966.13,7192.12,10534.09,11233.02,14009.54,32223.89,9383.54,18481.79
147869387,824907.38,7190.90,10533.63,11232.90,14009.41,32217.40,9380.38,18480.01
147921215,824957.94,7191.00,10533.74,11232.90,14009.91,32221.68,9376.76,18484.66
147973042,824891.00,7189.78,10532.54,11233.99,14009.91,32220.49,9374.19,18482.89
148024870,824949.00,7191.80,10532.66,11234.34,14010.69,32225.76,9376.40,18484.53
148076698,824940.81,7191.12,10533.02,11233.74,14010.80,32228.85,9375.71,18482.76
148128525,824957.94,7189.88,10532.66,11233.02,14010.80,32229.69,9374.53,18487.14
148180352,824916.31,7191.12,10532.18,11233.25,14012.84,32226.29,9377.34,18486.33
148232179,824907.38,7189.78,10532.66,11233.74,14013.34,32230.90,9376.06,18488.23
148284007,824907.38,7192.12,10533.02,11232.41,14013.22,32233.97,9376.64,18490.84
148335835,824932.63,7191.35,10533.38,11231.56,14012.96,32233.97,9378.51,18489.33
148387662,824940.81,7190.00,10533.27,11231.70,14013.47,32233.29,9378.15,18488.10
148439491,824932.63,7190.90,10533.49,11231.92,14012.71,32232.61,9378.74,18487.96
148491318,824957.94,7188.66,10532.06,11231.33,14012.45,32233.29,9377.81,18488.52
148543144,824916.31,7189.22,10532.66,11232.53,14014.10,32238.08,9377.81,18489.33
148594973,824966.13,7189.11,10533.14,11231.09,14014.75,32239.10,9377.46,18490.02
148646799,824949.00,7189.88,10531.59,11231.33,14013.60,32233.97,9378.74,18487.82
148698627,824949.00,7189.11,10533.14,11231.33,14012.84,32235.52,9380.38,18490.29
148750455,824957.94,7188.09,10531.59,11231.33,14012.96,32235.16,9377.93,18489.62
148802282,824949.00,7187.75,10532.90,11230.36,14012.21,32238.58,9377.81,18489.07
148854110,824974.31,7187.63,10532.66,11231.45,14012.84,32237.22,9377.46,18489.47
148905937,824940.81,7187.75,10531.83,11231.21,14012.84,32236.53,9377.11,18488.37
148957765,824949.00,7189.22,10530.40,11229.40,14012.59,32234.65,9378.63,18489.62
149009592,824966.13,7188.43,10531.59,11229.62,14011.19,32235.16,9376.40,18487.43
149061419,824974.31,7186.86,10531.83,11229.40,14012.33,32238.94,9375.13,18489.33
149113247,824907.38,7185.51,10531.35,11229.40,14012.59,32235.52,9374.53,18488.37
149165074,824940.81,7186.63,10531.71,11229.50,14012.84,32238.74,9372.90,18489.20
149216902,824966.13,7186.41,10531.11,11229.50,14013.85,32233.47,9373.49,18488.10
149268729,824949.00,7187.19,10530.77,11229.50,14012.07,32235.52,9373.84,18487.14
149320557,824891.00,7186.18,10530.16,11228.42,14010.42,32231.59,9372.32,18486.33
149372385,824907.38,7186.53,10530.52,11229.62,14011.82,32232.43,9373.84,18487.82
149424209,824957.94,7185.85,10530.52,11228.66,14011.82,32230.72,9373.72,18486.87
149476037,824907.38,7187.31,10531.47,11229.03,14012.84,32237.05,9371.73,18484.40
149527863,824916.31,7184.94,10530.87,11228.91,14011.05,32236.03,9372.08,18484.40
149579689,824891.00,7187.19,10531.23,11228.42,14013.60,32236.89,9372.08,18485.37
149631517,824924.50,7186.86,10532.90,11228.42,14012.07,32235.33,9372.44,18487.14
149683342,824932.63,7185.06,10532.31,11227.94,14012.45,32234.83,9373.49,18486.87
149735169,824907.38,7185.29,10532.18,11227.46,14011.57,32230.90,9373.72,18487.14
149786995,824983.31,7185.29,10533.74,11227.94,14011.57,32235.16,9375.35,18488.37
149838823,824983.31,7185.85,10533.14,11226.37,14012.21,32234.31,9373.02,18489.07
149890650,824932.63,7186.53,10533.86,11227.71,14011.82,32232.95,9374.53,18489.47
149942476,824966.13,7184.17,10533.74,11226.49,14009.66,32232.95,9374.41,18490.15
149994303,824891.00,7183.94,10533.63,11227.71,14011.70,32238.24,9373.60,18488.10
150046129,824940.81,7185.06,10534.92,11226.98,14012.71,32236.71,9374.53,18488.65
150097955,824949.00,7182.82,10534.45,11226.86,14011.44,32234.48,9375.35,18489.47
150149783,824940.81,7185.62,10534.22,11226.25,14011.44,32236.89,9374.77,18488.65
150201610,824891.00,7183.49,10534.09,11225.41,14012.33,32238.58,9370.92,18488.52
150253436,824974.31,7185.06,10532.06,11224.92,14012.45,32240.47,9371.15,18487.27
150305264,824949.00,7185.85,10533.86,11226.98,14013.09,32237.05,9370.21,18488.93
150357092,824957.94,7183.38,10532.06,11224.92,14012.84,32236.89,9369.98,18490.84
150408919,824949.00,7182.93,10534.09,11224.19,14012.84,32236.53,9373.13,18491.12
150460746,824974.31,7182.04,10533.14,11226.37,14012.96,32241.32,9370.57,18492.63
150512574,824957.94,7184.38,10533.38,11225.41,14014.87,32242.69,9371.26,18492.63
150564401,824957.94,7184.62,10533.63,11226.61,14013.22,32246.27,9369.39,18493.45
150616229,824966.13,7184.28,10533.02,11225.41,14012.71,32241.32,9369.75,18493.31
150668058,824949.00,7183.72,10531.71,11224.92,14013.47,32242.34,9368.92,18494.40
150719885,824916.31,7183.04,10532.31,11225.53,14013.73,32246.45,9369.75,18493.86
150771712,824949.00,7185.73,10532.18,11223.70,14012.96,32246.45,9369.39,18493.45
150823538,824957.94,7184.73,10531.95,11225.04,14012.96,32243.37,9370.57,18498.39
150875367,824949.00,7183.94,10532.79,11224.56,14013.97,32243.37,9370.33,18496.88
150927195,824957.94,7183.38,10531.11,11225.29,14012.96,32242.85,9369.63,18496.20
150979022,824957.94,7183.38,10530.52,11223.23,14012.33,32242.85,9368.58,18495.92
151030850,824966.13,7182.82,10530.40,11224.07,14012.84,32241.15,9369.98,18497.15
151082676,824940.81,7182.14,10531.71,11223.23,14013.73,32244.91,9369.52,18496.33
151134503,824907.38,7182.93,10531.23,11223.60,14012.96,32240.47,9367.88,18496.33
151186333,824940.81,7183.14,10530.64,11222.99,14012.21,32239.95,9367.29,18497.30
151238159,824966.13,7182.14,10530.16,11223.70,14012.96,32240.64,9366.95,18494.40
151289986,824957.94,7180.13,10529.09,11222.74,14013.85,32242.85,9365.32,18493.18
151341812,824957.94,7181.69,10529.44,11224.68,14014.63,32246.78,9363.67,18493.05
151394603,824957.94,7195.05,10540.31,11230.24,14021.48,32248.66,9366.01,18488.78
151446431,824940.81,7179.68,10527.41,11220.20,14015.76,32236.53,9366.01,18490.99
151498259,824907.38,7178.44,10527.41,11219.12,14013.09,32229.86,9365.65,18490.99
151550087,824974.31,7178.79,10526.59,11222.87,14011.95,32230.55,9366.71,18492.34
151601913,824899.19,7179.68,10526.59,11223.36,14012.07,32231.92,9366.71,18493.45
151653741,824907.38,7179.00,10526.81,11222.87,14011.57,32236.03,9366.47,18493.59
151705569,824957.94,7180.13,10527.29,11221.77,14012.21,32236.89,9365.78,18495.11
151757395,824932.63,7180.45,10527.41,11221.89,14012.71,32236.20,9365.18,18494.14
151809224,824891.00,7180.80,10525.98,11221.66,14013.47,32240.98,9364.96,18495.37
151861050,824957.94,7179.00,10527.54,11221.42,14013.34,32240.13,9363.21,18494.14
151912877,824949.00,7179.11,10527.17,11219.73,14013.22,32239.27,9363.91,18493.05
151964705,824957.94,7179.00,10525.98,11220.45,14013.34,32237.39,9363.21,18493.72
152016532,824907.38,7179.00,10526.22,11220.20,14014.10,32240.98,9365.18,18494.40
152068358,824957.94,7179.45,10525.86,11219.73,14015.00,32241.83,9363.67,18495.37
152120184,824949.00,7178.79,10525.98,11220.93,14013.09,32243.37,9365.42,18494.01
152172011,824932.63,7177.65,10526.69,11219.24,14014.75,32239.60,9366.36,18495.37
152223839,824932.63,7178.11,10527.29,11218.64,14014.49,32239.78,9364.14,18496.61
152275664,824974.31,7178.00,10526.11,11218.02,14015.00,32240.30,9363.91,18494.69
152327491,824966.13,7177.32,10524.67,11218.64,14012.84,32240.64,9363.91,18493.86
152379317,824940.81,7177.44,10523.84,11217.06,14013.73,32244.40,9364.26,18494.27
152431142,824932.63,7176.09,10524.31,11218.64,14014.75,32245.41,9364.85,18494.82
152482970,824966.13,7178.21,10524.67,11218.64,14016.01,32243.53,9363.55,18496.33
152534795,824899.19,7176.99,10524.31,11217.43,14014.75,32243.20,9364.03,18495.64
152586621,824974.31,7178.55,10523.96,11216.59,14014.23,32240.98,9361.68,18494.69
152638448,824899.19,7177.20,10522.63,11217.68,14014.63,32238.94,9359.35,18493.05
152690274,824949.00,7177.55,10522.04,11216.94,14011.82,32244.91,9359.47,18491.94
152742100,824916.31,7177.32,10522.04,11217.43,14013.85,32246.62,9358.88,18494.01
152793928,824916.31,7177.65,10522.04,11217.19,14014.75,32242.17,9361.45,18493.86
152845757,824940.81,7176.31,10523.24,11217.06,14014.63,32242.85,9360.98,18493.05
152897584,824916.31,7176.42,10524.55,11217.19,14015.38,32242.85,9363.31,18492.34
152949411,824949.00,7177.09,10524.06,11217.31,14013.34,32239.78,9364.14,18493.86
153001239,824957.94,7176.99,10524.43,11215.74,14014.10,32242.69,9362.85,18490.57
153053066,824957.94,7177.09,10523.59,11215.62,14014.10,32243.03,9362.98,18490.44
153104893,824916.31,7175.42,10523.96,11215.26,14015.26,32246.10,9364.85,18490.84
153156722,824983.31,7175.42,10524.06,11214.52,14014.37,32242.85,9365.08,18492.63
153208548,824949.00,7176.09,10522.76,11214.52,14014.23,32239.27,9363.21,18491.53
153260375,824891.00,7176.20,10522.51,11215.74,14012.71,32237.57,9362.04,18493.45
153312202,824932.63,7174.96,10521.33,11215.74,14011.32,32238.74,9361.68,18493.31
153364031,824966.13,7175.19,10521.68,11213.32,14013.73,32237.39,9359.71,18493.05
153415858,824924.50,7175.19,10521.20,11214.17,14012.07,32238.41,9361.34,18494.40
153467686,824940.81,7174.86,10520.73,11213.81,14012.96,32237.73,9362.39,18491.26
153519514,824983.31,7174.96,10521.08,11215.26,14012.07,32235.33,9360.63,18493.05
153571341,824924.50,7174.07,10520.73,11214.05,14014.10,32237.90,9357.71,18490.84
153623169,824949.00,7173.84,10520.49,11213.20,14013.73,32242.85,9357.96,18492.63
153674996,824932.63,7175.42,10519.91,11214.17,14011.57,32242.69,9357.84,18493.59
153726825,824957.94,7174.30,10520.13,11213.32,14013.73,32242.34,9356.43,18492.90
153778652,824957.94,7174.51,10520.26,11213.56,14014.87,32242.34,9355.73,18496.75
153830479,824974.31,7172.72,10519.18,11212.10,14013.97,32240.64,9354.80,18494.95
153882307,824940.81,7174.30,10519.42,11212.72,14013.22,32240.98,9356.55,18494.40
153934134,824940.81,7174.30,10520.73,11214.65,14013.73,32236.89,9353.98,18497.15
153985961,824957.94,7172.95,10518.35,11213.68,14011.19,32231.06,9353.50,18498.39
154037790,824932.63,7172.83,10518.46,11212.72,14010.17,32223.55,9353.98,18497.01
154089618,824949.00,7172.72,10518.82,11212.00,14007.51,32217.24,9353.50,18497.56
154141445,824966.13,7172.06,10516.56,11211.39,14005.73,32212.62,9350.94,18497.43
154193272,824932.63,7172.27,10516.56,11212.47,14005.73,32212.45,9350.12,18500.86
154245100,824966.13,7172.16,10517.04,11212.00,14003.20,32208.52,9350.48,18501.28
154296928,824916.31,7169.81,10514.05,11210.18,14001.91,32205.46,9347.56,18503.05
154348754,824957.94,7170.58,10514.77,11211.14,14000.02,32196.91,9346.27,18501.95
154400583,824940.81,7170.93,10513.81,11211.63,13998.36,32198.11,9345.22,18503.32
154452409,824974.31,7169.58,10512.97,11212.22,13998.49,32197.09,9343.70,18504.84
154504236,824949.00,7170.70,10511.43,11210.66,13996.47,32195.37,9345.09,18502.08
154556064,824991.50,7169.91,10511.55,11210.54,13995.95,32186.15,9347.43,18502.92
154607892,824974.31,7169.13,10511.07,11211.39,13993.16,32181.20,9345.92,18502.92
154659719,824983.31,7167.33,10509.27,11210.54,13991.89,32180.87,9342.41,18504.43
154711544,824916.31,7167.45,10508.93,11211.02,13991.13,32175.57,9344.05,18503.05
154763370,824999.56,7166.78,10508.20,11208.25,13990.50,32170.45,9339.50,18502.50
154815196,824991.50,7165.88,10507.25,11208.13,13990.11,32169.77,9338.45,18504.84
154867021,824966.13,7166.54,10505.46,11209.34,13987.20,32162.25,9336.82,18504.01
154918847,825007.75,7164.98,10505.10,11208.72,13986.44,32158.50,9337.63,18502.64
154970671,824957.94,7165.20,10504.39,11208.13,13983.01,32148.11,9336.92,18500.31
155022497,824974.31,7165.32,10503.44,11208.01,13981.75,32144.01,9337.63,18501.13
155074324,824957.94,7163.64,10503.55,11207.76,13980.59,32141.45,9335.64,18504.98
155126149,824991.50,7163.19,10501.53,11207.04,13981.87,32137.35,9332.84,18504.01
155177973,824999.56,7164.30,10501.53,11207.64,13978.19,32134.28,9332.84,18505.53
155229799,824999.56,7164.30,10501.29,11207.53,13978.32,32132.91,9332.96,18503.18
155281625,824983.31,7163.85,10501.29,11207.28,13975.65,32126.94,9331.09,18502.92
155333451,825015.94,7162.74,10500.68,11207.28,13976.03,32120.46,9332.26,18504.98
155385275,824949.00,7162.29,10498.91,11206.08,13972.85,32115.16,9329.34,18504.98
155437100,824966.13,7161.84,10497.11,11206.08,13973.86,32117.90,9328.87,18503.05
155488926,824940.81,7160.84,10496.40,11205.96,13971.46,32110.06,9330.15,18504.56
155540754,824966.13,7159.81,10496.28,11204.50,13969.17,32099.83,9328.53,18501.82
155592582,824924.50,7159.71,10495.68,11203.90,13970.31,32098.29,9327.12,18501.28
155644407,824932.63,7158.92,10493.66,11203.90,13967.78,32094.04,9325.25,18501.54
155696234,824949.00,7158.25,10494.13,11204.50,13966.90,32091.48,9323.15,18503.05
155748060,825015.94,7158.25,10492.47,11203.90,13966.00,32087.56,9323.15,18502.64
155799887,824974.31,7157.58,10491.28,11203.29,13966.13,32083.80,9322.92,18501.82
155851714,824974.31,7158.92,10490.19,11203.41,13961.56,32070.67,9322.46,18503.32
155903540,824974.31,7156.12,10487.57,11203.41,13960.43,32064.03,9319.88,18503.05
155955366,824974.31,7159.37,10489.37,11204.50,13958.13,32046.14,9317.55,18505.66
156007193,824999.56,7158.03,10488.53,11204.50,13954.20,32034.91,9315.56,18508.96
156059019,825049.44,7157.91,10486.98,11204.38,13951.55,32034.73,9314.87,18510.47
156110845,824991.50,7157.47,10485.92,11203.41,13952.94,32031.84,9311.83,18513.61
156162672,825007.75,7157.91,10483.76,11204.26,13948.12,32022.30,9309.61,18512.93
156214499,825007.75,7156.68,10481.26,11202.70,13946.08,32013.44,9309.84,18512.52
156266324,824940.81,7155.90,10480.31,11202.09,13944.05,32008.34,9307.04,18512.66
156318151,824949.00,7155.56,10478.88,11201.73,13943.42,32005.61,9304.37,18512.11
156369978,825015.94,7155.22,10476.60,11202.45,13940.77,32001.02,9304.94,18513.89
156421804,824957.94,7154.55,10475.53,11202.93,13936.59,31990.12,9302.03,18512.24
156473631,824983.31,7153.87,10474.34,11201.85,13933.66,31976.68,9301.67,18514.16
156525456,825024.94,7154.66,10473.02,11200.99,13929.48,31968.17,9300.27,18510.86
156577283,824991.50,7154.11,10471.25,11202.33,13926.81,31955.41,9302.27,18513.48
156629109,824916.31,7153.21,10470.64,11201.73,13928.47,31953.19,9300.40,18515.26
156680936,825033.13,7152.31,10468.86,11201.48,13928.08,31951.50,9297.93,18514.58
156732763,825015.94,7151.74,10466.71,11199.67,13929.36,31954.89,9295.03,18516.64
156784589,825007.75,7150.74,10465.89,11198.95,13928.08,31951.33,9293.86,18514.71
156836417,824966.13,7150.97,10463.25,11198.70,13928.20,31953.54,9292.47,18513.76
156888243,824991.50,7150.74,10462.18,11199.55,13928.08,31945.71,9290.24,18516.09
156940069,825057.63,7149.17,10461.59,11200.40,13928.35,31945.37,9288.26,18517.19
156991896,825041.19,7149.73,10461.11,11200.28,13927.57,31944.85,9290.13,18516.77
157043722,824999.56,7148.38,10461.23,11197.61,13927.97,31941.29,9291.87,18516.77
157095548,825024.94,7149.39,10460.40,11198.83,13928.98,31946.40,9289.90,18514.58
157147375,824999.56,7148.38,10457.66,11198.35,13928.35,31941.46,9288.85,18514.71
157199201,825007.75,7148.61,10455.99,11198.23,13930.62,31943.33,9289.07,18512.93
157251027,825007.75,7148.16,10456.70,11195.56,13929.73,31942.32,9288.61,18511.00
157302854,824966.13,7147.49,10454.91,11196.17,13928.83,31941.97,9286.62,18512.93
157354681,825024.94,7147.82,10453.83,11196.17,13929.23,31941.29,9284.87,18513.06
157406505,825024.94,7147.70,10453.48,11193.15,13927.07,31936.20,9285.11,18513.34
157458330,824899.19,7147.04,10453.36,11196.05,13925.04,31933.30,9283.36,18512.24
157510156,825007.75,7146.70,10451.58,11194.36,13926.69,31934.15,9284.18,18513.48
157561980,824932.63,7146.60,10450.63,11193.63,13925.43,31932.28,9285.47,18512.52
157613807,824966.13,7142.77,10372.39,11193.40,13818.39,31690.05,9216.45,18515.67
157665631,824957.94,7145.58,10376.68,11192.67,13820.42,31690.73,9220.18,18515.80
157717456,824991.50,7145.80,10379.65,11193.63,13821.43,31693.26,9221.11,18513.06
157769283,824949.00,7144.69,10380.96,11190.97,13819.78,31689.03,9223.67,18512.66
157821108,824966.13,7143.56,10380.37,11191.22,13820.30,31683.44,9225.30,18513.06
157872933,824983.31,7143.23,10379.77,11189.66,13819.53,31675.48,9223.79,18510.31
157924759,824983.31,7141.43,10381.68,11190.74,13817.76,31671.92,9223.67,18511.97
157976584,824957.94,7142.32,10381.56,11189.29,13816.50,31665.48,9222.98,18511.15
158028410,825007.75,7140.65,10381.20,11190.62,13815.49,31665.81,9221.34,18514.16
158080235,824932.63,7142.11,10378.22,11189.54,13814.99,31666.16,9221.80,18512.66
158132061,824924.50,7141.32,10379.06,11188.57,13812.45,31659.89,9220.99,18512.66
158183887,824949.00,7141.21,10377.51,11188.44,13813.85,31661.59,9219.58,18509.92
158235714,824966.13,7140.87,10377.15,11188.57,13811.69,31663.46,9221.69,18509.50
158287541,824966.13,7140.43,10375.84,11185.42,13810.82,31659.73,9222.04,18510.47
158339366,824974.31,7139.97,10375.13,11186.02,13811.31,31658.87,9220.99,18508.12
158391194,824949.00,7139.75,10376.08,11187.24,13812.45,31658.37,9220.76,18509.09
158443020,824999.56,7139.19,10375.02,11182.89,13809.66,31657.53,9221.34,18507.99
158494845,824974.31,7139.87,10373.34,11183.37,13811.57,31659.38,9220.53,18508.83
158546672,824966.13,7138.52,10371.33,11183.86,13811.57,31657.18,9218.89,18511.97
158599461,824957.94,7153.66,10382.63,11195.68,13820.05,31663.62,9221.69,18506.61
158651289,824907.38,7137.51,10372.16,11187.71,13813.46,31655.82,9218.89,18510.86
158703116,824999.56,7137.84,10371.33,11183.86,13811.31,31660.57,9221.23,18511.70
158754941,824983.31,7137.84,10371.08,11181.81,13811.44,31658.21,9218.43,18512.11
158806768,824974.31,7137.84,10370.50,11182.89,13810.82,31660.91,9220.99,18513.34
158858594,825007.75,7137.18,10369.17,11180.22,13810.67,31661.59,9221.57,18511.00
158910420,824999.56,7137.62,10368.70,11178.78,13810.94,31661.25,9220.64,18508.54
158962248,824974.31,7137.74,10368.35,11179.14,13810.04,31663.11,9221.57,18510.18
159014073,824957.94,7136.27,10367.16,11176.49,13809.28,31660.41,9222.16,18508.54
159065899,824932.63,7136.27,10367.28,11176.37,13808.91,31659.89,9222.62,18507.99
159117725,824949.00,7136.16,10366.33,11176.97,13809.92,31665.65,9222.28,18508.67
159169552,824907.38,7134.82,10365.14,11175.52,13809.92,31665.81,9223.55,18507.03
159221378,824957.94,7135.15,10363.35,11177.33,13809.92,31664.47,9222.98,18507.03
159273204,824940.81,7136.04,10364.42,11171.65,13809.03,31662.27,9221.45,18506.48
159325031,824949.00,7134.92,10362.40,11173.95,13809.92,31663.97,9222.62,18507.03
159376857,824907.38,7135.15,10363.60,11172.98,13810.42,31664.81,9226.11,18509.37
159428684,824966.13,7134.92,10362.52,11173.95,13809.79,31667.52,9227.04,18508.41
159480511,824983.31,7134.92,10360.74,11172.75,13807.52,31665.48,9226.93,18508.41
159532337,824983.31,7134.92,10360.27,11172.02,13811.44,31671.07,9226.00,18507.86
159584163,824974.31,7134.26,10358.84,11171.78,13809.66,31670.57,9226.24,18504.98
159635990,825007.75,7134.59,10356.33,11169.26,13811.83,31671.42,9225.42,18507.86
159687816,824991.50,7133.92,10356.45,11169.97,13812.20,31673.78,9228.45,18503.88
159739643,824940.81,7133.70,10357.53,11169.72,13810.42,31669.55,9226.58,18503.88
159791469,824899.19,7133.03,10356.81,11168.89,13810.67,31671.42,9228.45,18506.90
159843295,824957.94,7134.26,10356.45,11169.85,13812.96,31674.63,9229.27,18507.57
159895120,824957.94,7133.25,10355.86,11168.16,13810.17,31674.63,9228.91,18503.05
159946947,824966.13,7132.79,10354.91,11167.18,13810.55,31674.63,9229.97,18502.92
