1642774175;WAOU1;1;172221340.00:167217120.00:171659600.00:167692700.00
1642774269;WAOU1;1;293771260.00:290289280.00:295226340.00:268001060.00
24747,332051460.00,290199390.00,285909980.00,263444450.00
1642776348;WAOU1;1;332051460.00:290199390.00:285909980.00:263444450.00
1642776495;WAOU1;1;296969310.00:289279330.00:275421280.00:268650820.00
1642776781;WAOU1;1;279324930.00:297148990.00:294022560.00:268147490.00
1642777060;WAOU1;1;288704220.00:271188900.00:288292480.00:273324990.00
1642777983;WAOU1;1;298646400.00:275568580.00:289620610.00:244531700.00
1643828142;WAOU1;1;334866810000.00: INF: INF: INF
1643828255;WAOU1;1;32643359000.00: INF: INF: INF
1643828903;WAOU1;1; INF: INF: INF: INF
1643829441;WAOU1;1;17744142000.00: INF: INF: INF
1643829653;WAOU1;1;115930490.00:117227350.00:112945620.00:116800790.00
1643829758;WAOU1;1;164630100.00:161338420.00:160741570.00:154870050.00
1643832112;WAOU1;1;14274.77:81537.38:6156.13:472940.09
1643832292;WAOU1;1;14292.83:83552.40:6429.58:632948.19
1643835954;WAOU1;2;15512.30:85693.82:7742.99:383869.69
1643839617;WAOU1;3;15921.70:86798.58:8880.56:375835.78
1643843279;WAOU1;4;16111.59:92255.10:8188.51:366751.19
1643846943;WAOU1;5;17057.97:94685.79:8618.56:372055.59
1643850602;WAOU1;6;15970.56:95654.23:8606.76:378498.97
1643854264;WAOU1;7;15421.42:94115.65:8985.00:374351.03
1643857928;WAOU1;8;16502.46:97329.26:8566.40:372784.94
1643861587;WAOU1;9;15824.81:97871.19:8914.08:374584.34
1643865249;WAOU1;10;16578.46:97820.91:8388.19:366171.59
1643868911;WAOU1;11;16385.51:97600.22:8769.27:370441.69
1643872570;WAOU1;12;17126.07:99124.18:8849.99:379041.03
1643876232;WAOU1;13;15577.09:97960.05:8442.36:376379.38
1643879891;WAOU1;14;15917.69:99106.59:8371.55:369503.13
1643883551;WAOU1;15;15548.18:99594.01:8125.48:367542.38
1643887213;WAOU1;16;15813.83:97462.38:8047.71:385535.97
1643890875;WAOU1;17;14375.44:97466.98:7670.17:382014.00
1643894537;WAOU1;18;15980.59:98299.00:7619.07:385592.03
1643898200;WAOU1;19;15764.86:96551.16:7672.30:377892.72
1643901862;WAOU1;20;14724.18:98065.21:7673.24:384874.97
1643905525;WAOU1;21;15303.53:97870.01:7283.20:391436.84
1643909184;WAOU1;22;14629.41:99069.18:7606.33:389573.81
1643912847;WAOU1;23;15494.24:101214.14:8649.13:383003.56
1643916506;WAOU1;24;15690.86:99971.54:8604.75:397823.81
1643920168;WAOU1;25;16473.43:101002.54:9288.54:388952.09
1643923830;WAOU1;26;15620.99:104687.63:9210.77:402631.00
1643927494;WAOU1;27;16358.48:101426.93:8765.37:394023.06
1643931156;WAOU1;28;18684.84:104981.13:8730.91:398508.78
1643934819;WAOU1;29;16730.59:105894.70:8955.50:398457.44
1643938481;WAOU1;30;16899.83:105885.27:8960.34:385134.50
1643942143;WAOU1;31;16122.57:105154.15:8765.37:399552.78
1643945803;WAOU1;32;16829.72:103834.01:8885.51:381389.81
1643949465;WAOU1;33;16842.71:106738.41:8960.34:399217.38
1643953124;WAOU1;34;16522.53:106066.66:8988.90:400052.44
1643956786;WAOU1;35;16587.55:106942.70:9785.75:385844.38
1643960448;WAOU1;36;15444.32:105315.13:9118.01:356761.38
1643964112;WAOU1;37;15525.16:106118.94:9279.69:362179.19
1643967771;WAOU1;38;17896.84:106506.98:8723.00:348946.75
1643971433;WAOU1;39;16976.89:106814.53:8936.73:363539.94
1643975092;WAOU1;40;15665.01:106244.74:7641.73:361383.41
1643978754;WAOU1;41;15566.11:104823.82:7757.74:375393.81
1643982416;WAOU1;42;15339.52:103319.22:7512.03:372361.38
1643986080;WAOU1;43;14739.17:104503.16:8149.09:381530.94
1643989743;WAOU1;44;15282.64:104045.49:7696.85:379861.38
1643993405;WAOU1;45;15360.53:105188.49:8218.01:385586.38
1643997064;WAOU1;46;15915.68:106325.23:8205.15:383843.63
1644000726;WAOU1;47;14383.46:103077.28:7899.36:385834.91
1644004388;WAOU1;48;15586.06:106359.81:8429.50:352781.25
1644008051;WAOU1;49;15695.93:108082.16:8619.62:366720.25
1644011710;WAOU1;50;15475.24:105426.53:8563.45:361686.47
1644015373;WAOU1;51;16246.48:106936.80:8698.34:367052.97
1644019032;WAOU1;52;15589.13:106599.51:8592.01:350167.53
1644022694;WAOU1;53;16199.51:104688.80:8543.74:372178.22
1644026353;WAOU1;54;16615.64:105612.52:8833.35:368738.94
1644030015;WAOU1;55;15751.87:106204.27:8706.25:380228.28
1644033674;WAOU1;56;15861.75:105655.25:9479.97:373678.56
1644037337;WAOU1;57;16996.84:110907.60:9456.25:382279.88
1644040996;WAOU1;58;16588.50:110573.73:9028.32:401580.53
1644044665;WAOU1;59;15547.11:112954.14:8866.75:399987.53
1644048324;WAOU1;60;15954.63:112275.90:9004.71:407618.19
1644051988;WAOU1;61;16318.47:112890.41:9140.79:394367.44
1644055650;WAOU1;62;16750.65:112179.95:9416.83:374034.97
1644059313;WAOU1;63;16796.68:111289.51:9360.65:380569.47
1644062975;WAOU1;64;14941.57:110011.85:7688.94:379150.19
1644066638;WAOU1;65;14999.28:103543.45:7630.87:350779.69
1644070300;WAOU1;66;13300.89:103020.63:7409.83:349380.72
1644073963;WAOU1;67;13436.02:100610.13:7599.48:362204.47
1644077625;WAOU1;68;13228.31:101743.45:8559.43:373386.69
1644081288;WAOU1;69;14696.21:102725.83:8078.28:373208.72
1644084947;WAOU1;70;15173.94:104961.07:8082.17:376403.34
1644088609;WAOU1;71;16443.57:107147.23:8443.30:376893.94
1644092271;WAOU1;72;16148.53:107491.95:9486.81:383485.78
1644095935;WAOU1;73;16634.52:110286.84:9805.46:394187.72
1644099597;WAOU1;74;16800.69:112701.94:9958.53:399106.91
1644103260;WAOU1;75;15866.70:111919.72:9408.92:387358.06
1644106922;WAOU1;76;15765.80:114227.66:9719.66:411864.44
1644110585;WAOU1;77;17752.38:114144.58:9732.52:412604.16
1644114245;WAOU1;78;17034.84:111782.94:9303.41:416388.75
1644117906;WAOU1;79;16841.64:115780.53:9757.19:415188.63
1644121563;WAOU1;80;17499.71:114144.58:9640.71:404598.47
1644125224;WAOU1;81;17594.00:117549.61:9538.15:399284.03
1644128886;WAOU1;82;16984.92:118695.45:9615.10:414818.28
1644132549;WAOU1;83;16518.51:118648.12:9508.53:396378.09
1644136211;WAOU1;84;16957.77:120223.17:9492.71:392338.03
1644139870;WAOU1;85;16569.50:120609.09:9839.09:403677.47
1644143532;WAOU1;86;17022.92:117655.12:8724.89:410354.53
1644147195;WAOU1;87;17311.35:116187.58:8315.37:406069.22
1644150854;WAOU1;88;15857.73:115208.51:8432.45:397905.59
1644154517;WAOU1;89;15848.77:117721.68:8262.27:402165.78
1644158176;WAOU1;90;15965.60:116547.65:8604.75:395706.72
1644161839;WAOU1;91;17482.71:116997.65:8213.05:367953.66
1644165501;WAOU1;92;17118.98:115518.54:8459.12:338386.69
1644169164;WAOU1;93;16052.58:113109.09:8187.44:357137.63
1644172824;WAOU1;94;16439.56:117731.48:8740.71:376471.56
1644176485;WAOU1;95;16648.57:114297.53:8669.78:385179.22
1644180147;WAOU1;96;16510.49:116510.23:8788.98:375603.78
1644183810;WAOU1;97;17055.96:114539.59:8618.56:349773.94
1644187467;WAOU1;98;15803.80:115242.38:8361.64:385758.31
1644191130;WAOU1;99;15929.61:117330.45:8314.43:390954.63
1644194793;WAOU1;100;15836.73:116090.92:8333.08:380946.06
1644198457;WAOU1;101;16056.59:96877.72:8260.26:387017.34
1644202116;WAOU1;102;13993.18:102743.53:7577.88:384710.69
1644205785;WAOU1;103;15149.99:103821.02:8035.91:377170.69
1644209442;WAOU1;104;14593.53:106356.16:8606.76:383018.44
1644213104;WAOU1;105;16264.54:110365.79:8440.35:387837.78
1644216766;WAOU1;106;15966.67:109767.09:9316.16:383828.75
1644220428;WAOU1;107;15800.85:108624.21:9729.57:395064.22
1644224087;WAOU1;108;16583.54:113755.83:9806.52:391176.84
1644227750;WAOU1;109;16324.49:113238.91:9057.94:390514.06
1644231409;WAOU1;110;16060.61:112567.52:9008.61:348362.94
1644235072;WAOU1;111;16579.53:107508.59:8315.37:351486.50
1644238734;WAOU1;112;13790.07:106733.69:7145.71:334786.34
1644242396;WAOU1;113;13217.45:103816.30:6930.80:495570.72
1644246058;WAOU1;114;13245.19:100455.05:6281.58:502167.66
1644249722;WAOU1;115;13461.87:99924.69:7597.59:513875.66
1644253381;WAOU1;116;14203.13:105062.80:7802.00:527590.31
1644257043;WAOU1;117;15319.58:104645.02:8182.60:545737.81
1644260705;WAOU1;118;14874.65:105465.59:8234.77:549122.00
1644264364;WAOU1;119;15749.87:109919.92:9337.88:571068.94
1644268023;WAOU1;120;15795.89:108724.29:9500.62:579436.56
1644271686;WAOU1;121;15453.29:109216.77:9644.72:597704.94
1644275345;WAOU1;122;15896.68:110637.11:9302.47:586302.94
1644279007;WAOU1;123;16249.43:114210.79:9173.24:605121.88
1644282669;WAOU1;124;17051.95:113148.75:9532.13:617716.88
1644286329;WAOU1;125;16168.59:114295.05:8864.86:610741.56
1644289988;WAOU1;126;16417.49:112739.23:9087.44:615555.50
1644293650;WAOU1;127;16396.48:116969.80:8985.00:649165.75
1644297309;WAOU1;128;17283.26:118863.02:8695.39:651431.81
1644300971;WAOU1;129;16831.73:119003.82:9030.32:680325.38
1644304630;WAOU1;130;17993.02:117498.75:9364.55:1008212.40
1644308293;WAOU1;131;15828.82:122096.93:9315.22:1476230.60
1644311953;WAOU1;132;16617.53:120259.64:9231.42:673452.88
1644315614;WAOU1;133;16147.58:119455.71:9518.44:531564.44
1644319274;WAOU1;134;16483.58:118153.27:8897.32:539829.44
1644322935;WAOU1;135;15970.56:111592.58:7824.66:592950.25
1644326597;WAOU1;136;13620.01:108574.05:6558.92:571290.31
1644330265;WAOU1;137;12491.41:104777.55:6585.48:568131.63
1644333927;WAOU1;138;13207.42:104076.30:6388.39:561643.25
1644337590;WAOU1;139;14292.83:105400.34:7955.42:559082.50
1644341249;WAOU1;140;14815.88:104677.01:8248.46:548511.81
1644344912;WAOU1;141;13755.26:107279.16:7971.12:557520.31
1644348574;WAOU1;142;15455.30:110874.09:7923.91:563497.44
1644352236;WAOU1;143;16639.60:110013.16:8744.60:607313.06
1644355895;WAOU1;144;16103.56:111378.02:9163.45:616745.13
1644359558;WAOU1;145;15968.67:113546.70:9189.05:640223.81
1644363217;WAOU1;146;16059.66:112445.13:9022.42:649237.50
1644366879;WAOU1;147;15877.68:115831.28:10552.27:653490.94
1644370538;WAOU1;148;15840.74:116400.24:9560.81:670858.63
1644374200;WAOU1;149;17003.92:117089.58:9366.43:668049.81
1644377860;WAOU1;150;15383.42:116919.05:9687.09:727654.00
1644381522;WAOU1;151;16014.58:118285.33:9405.03:720820.81
1644385184;WAOU1;152;17893.88:120591.98:9733.47:724403.38
1644388847;WAOU1;153;16158.44:122498.78:9491.77:727249.13
1644392506;WAOU1;154;16996.84:124728.60:9482.92:724232.00
1644396168;WAOU1;155;17109.07:113059.77:9873.67:715669.00
1644399827;WAOU1;156;17713.32:116800.44:10379.38:569564.00
1644403490;WAOU1;157;17401.52:118217.47:9325.13:559871.94
1644407152;WAOU1;158;16481.46:118697.92:8998.81:584876.44
1644410815;WAOU1;159;14610.53:110013.16:6600.23:586600.13
1644414477;WAOU1;160;13825.95:105626.80:6205.11:554252.19
1644418140;WAOU1;161;13531.50:106837.07:6572.73:541571.50
1644421802;WAOU1;162;14667.41:103649.78:6599.17:572680.31
1644425465;WAOU1;163;14447.19:105824.72:7847.20:572036.81
1644429127;WAOU1;164;14938.50:107499.15:8822.49:542772.19
1644432791;WAOU1;165;15488.34:109947.41:8481.78:563006.69
1644436450;WAOU1;166;15684.01:111757.80:8656.92:566386.13
1644440112;WAOU1;167;16471.54:113757.13:9377.41:586246.75
1644443772;WAOU1;168;15907.77:112355.09:8659.98:612545.00
1644447433;WAOU1;169;15931.73:115282.15:9329.97:647668.13
1644451093;WAOU1;170;16812.73:116164.56:9647.55:639145.94
1644454755;WAOU1;171;16811.67:115303.87:9408.92:633713.19
1644458417;WAOU1;172;17508.79:119337.93:9050.03:645853.50
1644462087;WAOU1;173;15930.67:116648.08:9574.62:644549.25
1644465747;WAOU1;174;17428.66:115945.99:9327.96:648415.25
1644469409;WAOU1;175;15312.61:119151.93:9213.60:643470.94
1644473068;WAOU1;176;17286.33:120336.35:9577.57:654678.31
1644476730;WAOU1;177;16617.53:118011.30:9153.53:642891.69
1644480388;WAOU1;178;16601.48:119134.94:9431.58:670036.50
1644484052;WAOU1;179;15501.21:119549.30:9452.35:643818.88
1644487714;WAOU1;180;16234.45:118864.20:8811.52:652877.75
1644491384;WAOU1;181;15486.22:119680.65:8188.51:638409.88
1644495044;WAOU1;182;15644.01:118537.66:8407.90:625819.81
1644498706;WAOU1;183;14893.65:116664.95:8338.98:611490.88
1644502369;WAOU1;184;14398.33:114819.05:7681.03:615074.69
1644506031;WAOU1;185;15515.13:113071.92:8338.98:595497.75
1644509693;WAOU1;186;14691.25:111817.88:9429.57:612894.94
1644513356;WAOU1;187;14727.13:115145.84:8246.57:621241.56
1644517018;WAOU1;188;15684.01:115506.50:8439.41:601624.88
1644520681;WAOU1;189;15442.31:115394.27:8404.00:540492.94
1644524340;WAOU1;190;15849.71:115850.52:8319.27:559480.69
1644528003;WAOU1;191;16252.50:115104.77:8326.23:361129.19
1644531665;WAOU1;192;15554.08:116697.65:8414.86:359915.41
1644535328;WAOU1;193;16226.42:104142.51:8053.73:362168.22
1644538988;WAOU1;194;15232.83:101116.55:7559.24:365848.47
1644542649;WAOU1;195;15412.46:100884.99:7903.26:363042.63
1644546308;WAOU1;196;14844.79:100973.03:7028.87:375907.66
1644549971;WAOU1;197;15212.89:100989.55:7681.98:366883.84
1644553630;WAOU1;198;14964.34:101189.36:8297.67:372319.34
1644557292;WAOU1;199;16154.55:102460.64:8474.81:378911.56
1644560952;WAOU1;200;15428.39:104701.91:9867.65:379620.50
1644564613;WAOU1;201;15799.79:106413.16:9306.36:379474.25
1644568275;WAOU1;202;15580.16:108488.37:9657.46:365864.88
1644571939;WAOU1;203;16389.52:109704.89:9599.28:371006.66
1644575598;WAOU1;204;15199.79:109306.34:9757.19:360212.31
1644579260;WAOU1;205;16095.54:108437.03:9480.91:360104.34
1644582919;WAOU1;206;14442.12:106636.33:8230.75:326112.91
1644586582;WAOU1;207;13989.17:104343.48:7755.74:320121.75
1644590244;WAOU1;208;13348.57:101386.92:7614.23:692708.44
1644593907;WAOU1;209;14204.20:104125.87:8016.32:670515.50
1644597569;WAOU1;210;14741.06:104190.89:8789.92:684564.63
1644601233;WAOU1;211;14931.54:107453.95:8711.20:706349.81
1644604895;WAOU1;212;15544.16:110357.41:9331.97:738400.19
1644608557;WAOU1;213;16469.54:109811.23:10161.99:763249.81
1644612217;WAOU1;214;16326.50:110007.25:9904.24:743301.94
1644615878;WAOU1;215;16787.71:113205.28:10375.36:772209.44
1644619540;WAOU1;216;17108.13:114952.88:10789.49:812248.63
1644623204;WAOU1;217;17170.09:117114.95:10417.85:831191.44
1644626867;WAOU1;218;17437.63:118968.65:10358.49:844724.81
1644630530;WAOU1;219;17300.38:121033.13:10556.17:854098.94
1644634192;WAOU1;220;16191.61:118913.89:10599.71:858562.38
1644637854;WAOU1;221;17478.70:119503.15:10528.55:859376.00
1644641515;WAOU1;222;18137.59:123027.02:10142.28:860284.81
1644645175;WAOU1;223;17495.70:123790.84:10140.27:845619.63
1644648835;WAOU1;224;18783.26:126696.54:10386.22:1285243.60
1644652497;WAOU1;225;18206.87:128978.98:10013.76:1325215.40
1644656157;WAOU1;226;17511.75:128260.02:10364.51:1186086.00
1644659818;WAOU1;227;17938.02:131930.36:10220.17:491437.53
1644663478;WAOU1;228;18827.52:130003.61:10681.74:523261.69
1644667140;WAOU1;229;19068.75:125561.21:9447.39:523456.06
1644670803;WAOU1;230;17369.54:123600.95:9075.64:561118.19
1644674465;WAOU1;231;15313.56:121877.19:8969.19:565152.94
1644678124;WAOU1;232;15129.10:118975.85:9183.15:564231.75
1644681786;WAOU1;233;14932.48:118745.24:8763.37:545058.19
1644685445;WAOU1;234;14992.31:119206.70:9316.16:542426.50
1644689107;WAOU1;235;15964.66:121129.43:9601.29:544032.81
1644692770;WAOU1;236;16564.54:122792.17:9969.38:540150.69
1644696433;WAOU1;237;16644.55:124093.43:10454.44:536396.19
1644700095;WAOU1;238;17001.91:125335.09:11083.35:549704.63
1644703758;WAOU1;239;17160.17:126898.46:10579.89:562563.81
1644707418;WAOU1;240;18128.50:127212.63:10206.36:612205.38
1644711079;WAOU1;241;18356.39:128495.83:10233.15:605013.88
1644714739;WAOU1;242;16213.44:130162.23:10177.80:595011.44
1644718401;WAOU1;243;18467.92:131643.47:10503.77:611863.25
1644722061;WAOU1;244;18358.40:131264.63:10400.97:597284.44
1644725722;WAOU1;245;19138.02:132852.19:11030.83:594815.38
1644729381;WAOU1;246;19302.07:135381.30:10368.40:600622.44
1644733043;WAOU1;247;19434.84:138119.06:10516.63:598130.75
1644736702;WAOU1;248;19424.80:137079.45:10753.96:1297928.90
1644740365;WAOU1;249;19115.01:139063.56:9007.66:1337366.90
1644744024;WAOU1;250;19730.71:139510.61:9552.90:601089.69
1644747686;WAOU1;251;19556.51:130742.28:8653.96:539836.38
1644751348;WAOU1;252;17758.40:131949.13:7304.79:563983.63
1644755011;WAOU1;253;16644.55:126872.50:7669.23:534613.06
1644758673;WAOU1;254;16678.54:124441.58:6871.91:592554.56
1644762337;WAOU1;255;16070.52:122013.97:6367.85:581960.38
1644765999;WAOU1;256;16623.55:124393.78:6584.53:627556.56
1644769662;WAOU1;257;17947.94:123561.77:7589.69:623184.38
1644773325;WAOU1;258;18636.69:127151.02:8112.74:621018.50
1644776987;WAOU1;259;19025.43:129486.23:8059.51:627882.31
1644780649;WAOU1;260;20355.25:131319.27:7909.16:625541.44
1644784312;WAOU1;261;21102.65:131421.13:7971.12:629170.31
1644787971;WAOU1;262;21971.62:133014.00:7918.01:631409.94
1644791634;WAOU1;263;21839.08:134657.73:7850.15:620278.19
1644795296;WAOU1;264;23926.81:133810.38:7584.85:617686.19
1644798959;WAOU1;265;23581.84:136375.13:8559.43:599050.19
1644802623;WAOU1;266;24741.60:136120.80:7522.89:616615.06
1644806284;WAOU1;267;23878.18:139104.98:7749.95:615239.94
1644809946;WAOU1;268;25342.89:136248.61:7319.54:644129.94
1644813609;WAOU1;269;25036.52:135954.28:7967.22:616472.38
1644817271;WAOU1;270;24106.66:137246.45:7819.58:497685.25
1644820934;WAOU1;271;24951.20:136368.88:7984.81:417643.50
1644824596;WAOU1;272;23958.32:135259.98:7710.65:365921.06
1644828259;WAOU1;273;22999.90:132598.34:7700.74:376298.31
1644831918;WAOU1;274;19658.24:123795.67:7179.10:386646.66
1644835581;WAOU1;275;15931.73:118833.88:7009.28:388539.28
1644839244;WAOU1;276;14814.93:113603.23:7118.21:390047.66
1644842906;WAOU1;277;14152.39:111977.31:7257.59:405426.59
1644846568;WAOU1;278;15085.19:109089.20:7459.04:418704.72
1644850231;WAOU1;279;14736.10:113587.54:7947.51:388119.03
1644853894;WAOU1;280;15665.96:112219.60:7033.82:385674.19
1644857556;WAOU1;281;14869.69:111167.36:7379.38:387189.53
1644861219;WAOU1;282;16278.47:113178.73:8161.83:397521.56
1644864881;WAOU1;283;17093.96:116610.55:7787.25:410013.81
1644868543;WAOU1;284;15544.16:116839.15:8140.24:402424.13
1644872207;WAOU1;285;16894.75:116858.50:8260.26:396717.88
1644875869;WAOU1;286;16945.85:118462.48:8564.51:389453.56
1644879532;WAOU1;287;16183.58:119292.84:8905.22:386642.88
1644883194;WAOU1;288;16572.56:118899.38:8267.22:392664.56
1644886857;WAOU1;289;16453.49:118782.77:8110.73:392876.06
1644890519;WAOU1;290;15725.91:120701.73:8265.22:388306.66
1644894182;WAOU1;291;16385.51:118369.01:7992.71:385435.06
1644897845;WAOU1;292;16108.52:119360.94:8248.46:373658.38
1644901507;WAOU1;293;15686.96:118480.65:8507.27:369324.31
1644905170;WAOU1;294;15775.83:121024.51:8344.88:374920.94
1644908832;WAOU1;295;16487.59:120063.73:8467.97:387065.84
1644912495;WAOU1;296;16259.58:119799.84:8755.46:387122.00
1644916154;WAOU1;297;16083.62:120466.64:8590.94:385709.81
1644919813;WAOU1;298;16135.55:119012.20:7573.05:379714.91
1644923475;WAOU1;299;14294.71:119912.91:7956.37:377525.22
1644927137;WAOU1;300;15364.54:116992.80:7794.09:364914.38
1644930800;WAOU1;301;15214.78:115671.84:8103.89:360410.47
1644934459;WAOU1;302;15162.97:118731.91:7799.99:356883.19
1644938122;WAOU1;303;15570.13:114602.25:7456.09:356410.63
1644941784;WAOU1;304;14990.43:118662.75:8101.88:368780.84
1644945447;WAOU1;305;13869.74:120603.07:7681.98:380929.41
1644949106;WAOU1;306;14558.72:121466.02:7429.54:374928.38
1644952768;WAOU1;307;14624.46:120710.23:7750.90:381274.75
1644956425;WAOU1;308;14694.32:119308.77:7861.95:386034.97
1644960086;WAOU1;309;15810.76:120553.03:7941.61:369729.47
1644963745;WAOU1;310;14775.04:122040.76:8321.27:378611.78
1644967407;WAOU1;311;15904.71:123868.02:8257.43:360201.59
1644971070;WAOU1;312;15370.44:123872.98:8290.83:348828.28
1644974732;WAOU1;313;16271.50:124239.41:8179.65:352834.84
1644978391;WAOU1;314;14719.22:121744.18:8221.90:354510.56
1644982054;WAOU1;315;16324.49:123870.38:8496.41:373452.78
1644985716;WAOU1;316;16334.41:116983.13:8565.45:386661.50
1644989379;WAOU1;317;15323.47:116308.30:8194.41:388612.34
1644993039;WAOU1;318;14837.83:114131.36:7965.10:397008.44
1644996701;WAOU1;319;15587.00:112527.98:7937.60:403167.41
1645000364;WAOU1;320;15466.27:110277.27:7909.16:404562.00
1645004026;WAOU1;321;16470.48:109437.59:7979.97:405745.97
1645007685;WAOU1;322;16574.45:108244.20:8133.39:396607.75
1645011347;WAOU1;323;15658.99:111709.88:7665.33:387052.75
1645015009;WAOU1;324;16735.66:106118.94:7520.88:407928.69
1645018673;WAOU1;325;17348.53:107362.37:7140.87:395066.00
1645022335;WAOU1;326;17007.93:108893.52:7559.24:394651.28
1645025997;WAOU1;327;16273.51:110561.93:7583.79:375371.75
1645029659;WAOU1;328;16277.52:111103.87:7590.63:381393.47
1645033323;WAOU1;329;15045.30:110725.74:7666.28:376254.06
1645036982;WAOU1;330;15875.79:112988.95:7661.44:372906.03
1645040644;WAOU1;331;14585.63:111102.57:7812.86:385778.88
1645044303;WAOU1;332;15825.75:107881.05:7453.14:379779.81
1645047965;WAOU1;333;15345.54:107635.93:8098.93:370238.94
1645051624;WAOU1;334;15749.87:106941.64:7912.11:364126.25
1645055287;WAOU1;335;15793.77:106991.55:7877.65:358350.00
1645058946;WAOU1;336;15724.85:108563.43:7628.04:369769.59
1645062608;WAOU1;337;16235.51:108167.95:8231.70:382741.22
1645066271;WAOU1;338;15003.29:109344.47:7792.09:367627.81
1645069933;WAOU1;339;16692.59:106669.61:7789.25:369632.56
1645073595;WAOU1;340;16245.54:108064.34:8294.72:374022.00
1645077258;WAOU1;341;15076.11:108770.79:7867.85:358610.47
1645080917;WAOU1;342;15241.80:109726.49:7820.65:370898.91
1645084580;WAOU1;343;15045.30:108055.95:7859.00:384207.09
1645088242;WAOU1;344;15796.84:104931.45:7319.54:382177.56
1645091905;WAOU1;345;15600.10:103044.23:7009.28:383126.53
1645095568;WAOU1;346;13536.45:103975.75:7507.19:370295.59
1645099230;WAOU1;347;15899.75:104349.27:6790.47:379479.81
1645102893;WAOU1;348;14225.08:106371.62:7015.18:382471.44
1645106558;WAOU1;349;13894.64:105265.44:6655.11:360540.19
1645110217;WAOU1;350;14817.88:106003.88:7492.44:378654.41
1645113881;WAOU1;351;13224.30:108030.94:7245.78:373823.72
1645117543;WAOU1;352;13655.77:106357.34:7862.90:385664.97
1645121206;WAOU1;353;15946.60:106021.58:8255.30:387011.66
1645124869;WAOU1;354;96682280.00:97251672.00:100135160.00:1482106.00
1645128531;WAOU1;355;87570648.00:94096712.00:90555584.00:1469839.80
1645132190;WAOU1;356;77769552.00:79299128.00:83253480.00:1432749.80
1645135852;WAOU1;357;73210720.00:76605080.00:81874912.00:1436499.60
1645139514;WAOU1;358;61538024.00:68145504.00:68682824.00:1360998.10
1645143177;WAOU1;359;69190120.00:72309032.00:77653200.00:1400982.40
1645146839;WAOU1;360;74975976.00:78976280.00:81295584.00:1418358.00
1645150503;WAOU1;361;71923416.00:74844448.00:75370488.00:1339234.90
1645154165;WAOU1;362;78630976.00:80018400.00:82153000.00:1318407.60
1645157828;WAOU1;363;79089784.00:79427248.00:82228320.00:1365799.40
1645161491;WAOU1;364;81624320.00:81308632.00:84794072.00:1415675.30
1645165149;WAOU1;365;84439688.00:89622248.00:87779664.00:1451933.50
1645168812;WAOU1;366;85137120.00:84707672.00:87008360.00:1439369.10
1645172472;WAOU1;367;83281512.00:87655352.00:91593304.00:1511679.60
1645176134;WAOU1;368;89645992.00:90382336.00:90979752.00:1488009.50
1645179796;WAOU1;369;82017376.00:87733384.00:89339200.00:1451150.50
1645183458;WAOU1;370;88858384.00:97194064.00:96748488.00:1453671.90
1645187121;WAOU1;371;103484530.00:108309120.00:119120410.00:1517396.30
1645190783;WAOU1;372;191113740.00:204235140.00:227111570.00:1569083.30
1645194446;WAOU1;373;116405170.00:121607020.00:130812580.00:1378958.00
1645198108;WAOU1;374;104046900.00:112461240.00:111978500.00:1514290.30
1645201771;WAOU1;375;89001696.00:91129928.00:92637928.00:1468907.60
1645205430;WAOU1;376;90357408.00:95198936.00:96786232.00:1446300.30
1645209093;WAOU1;377;95620568.00:95722280.00:98029456.00:630657.69
1645212755;WAOU1;378;74013272.00:74787432.00:74505824.00:676411.69
1645216418;WAOU1;379;68875544.00:68103168.00:73248920.00:710619.69
1645220081;WAOU1;380;65538896.00:68430288.00:68639832.00:630688.88
1645223743;WAOU1;381;49744824.00:52485076.00:51376384.00:803341.63
1645227406;WAOU1;382;49982232.00:50739924.00:52536360.00:1123287.90
1645231068;WAOU1;383;50253216.00:50466580.00:51160928.00:1160478.60
1645234727;WAOU1;384;51634948.00:50642412.00:51645888.00:1185482.80
1645238390;WAOU1;385;49090092.00:48319592.00:50167864.00:1147281.50
1645242052;WAOU1;386;44243084.00:45503588.00:46806852.00:1174103.00
1645245715;WAOU1;387;53609544.00:55646180.00:55643092.00:1183606.00
1645249374;WAOU1;388;54565332.00:53837356.00:55240920.00:1180815.10
1645253036;WAOU1;389;60502044.00:62606388.00:63036680.00:1182888.00
1645256695;WAOU1;390;73896936.00:75221368.00:73670192.00:1154331.60
1645260359;WAOU1;391;62674252.00:64855688.00:67072568.00:1076152.40
1645264021;WAOU1;392;45731044.00:49258816.00:48565580.00:1134909.30
1645267683;WAOU1;393;37626988.00:38357532.00:38614532.00:1389522.30
1645271343;WAOU1;394;82187648.00:82668256.00:89162688.00:1412536.50
1645275004;WAOU1;395;162969040.00:163985250.00:171924180.00:1561147.80
1645278666;WAOU1;396;204316290.00:218986320.00:217988660.00:1658450.60
1645282327;WAOU1;397;205825600.00:221594640.00:213584560.00:1552342.00
1645285989;WAOU1;398;147729260.00:150350560.00:155205410.00:1571057.00
1645289651;WAOU1;399;90596768.00:90530560.00:90904856.00:1449962.90
1645293314;WAOU1;400;75740744.00:81854416.00:78436640.00:1440517.60
1645296976;WAOU1;401;79369352.00:83597384.00:83995568.00:1564216.90
1645300635;WAOU1;402;79818504.00:80803488.00:87499688.00:1551245.10
1645304297;WAOU1;403;86604416.00:87437880.00:92266992.00:1523519.90
1645307956;WAOU1;404;87927176.00:87145832.00:87453704.00:1539383.30
1645311619;WAOU1;405;67985640.00:70381912.00:71190832.00:1531862.80
1645315282;WAOU1;406;59709580.00:63844040.00:63918636.00:1484105.00
1645318940;WAOU1;407;57248532.00:59186704.00:60666760.00:1518222.40
1645322599;WAOU1;408;49549932.00:53588880.00:52852296.00:1417493.50
1645326261;WAOU1;409;50346728.00:53313932.00:53030212.00:1442969.90
1645329923;WAOU1;410;53855028.00:56589872.00:56780212.00:1424397.90
1645333587;WAOU1;411;50808844.00:53995052.00:55646180.00:609704.81
1645337250;WAOU1;412;48252464.00:48237988.00:49651020.00:625768.25
1645340912;WAOU1;413;51212064.00:50803416.00:53698424.00:650211.63
1645344571;WAOU1;414;41277348.00:46373320.00:47430872.00:666160.13
1645348233;WAOU1;415;41303868.00:42350080.00:42900352.00:782684.13
1645351896;WAOU1;416;40493288.00:40633004.00:40839296.00:1126640.30
1645355558;WAOU1;417;38532656.00:41321620.00:41681644.00:1108700.50
1645359220;WAOU1;418;37451092.00:38498828.00:38749920.00:1254773.50
1645362884;WAOU1;419;37543272.00:38854560.00:39811264.00:1333954.50
1645366543;WAOU1;420;44090064.00:45735252.00:45403436.00:1323517.30
1645370205;WAOU1;421;47787620.00:47530680.00:48370236.00:1298353.00
1645373864;WAOU1;422;49537144.00:51018788.00:50703088.00:1338314.10
1645377526;WAOU1;423;45427084.00:46207720.00:48073492.00:1323073.80
1645381188;WAOU1;424;45067920.00:45497132.00:46238640.00:1304091.00
1645384852;WAOU1;425;43229968.00:45333460.00:45179356.00:1348728.40
1645388514;WAOU1;426;44088108.00:47172972.00:48071172.00:1340966.90
1645392177;WAOU1;427;46908740.00:47931292.00:47768836.00:1376428.60
1645395840;WAOU1;428;48317252.00:51311480.00:52837780.00:1373959.80
1645399502;WAOU1;429;53536128.00:56806588.00:57551672.00:1027884.30
1645403164;WAOU1;430;47806424.00:50141908.00:50419692.00:997511.06
1645406827;WAOU1;431;51501364.00:53992140.00:55112976.00:1105569.80
1645410486;WAOU1;432;44301700.00:46557932.00:49459300.00:948768.56
1645414149;WAOU1;433;41624192.00:44770280.00:45463228.00:986880.94
1645417812;WAOU1;434;42541820.00:44356500.00:44739436.00:555350.19
1645421474;WAOU1;435;57125292.00:61468800.00:62706288.00:754320.75
1645425133;WAOU1;436;40540920.00:41690596.00:41753860.00:711285.25
1645428795;WAOU1;437;43453168.00:44224960.00:44977976.00:773949.94
1645432458;WAOU1;438;43166388.00:44849288.00:45145496.00:836673.69
1645436120;WAOU1;439;34883032.00:35411736.00:36304424.00:1066135.30
1645439782;WAOU1;440;52311000.00:54301384.00:53689496.00:1035795.20
1645443445;WAOU1;441;49348968.00:49045440.00:49416676.00:773928.31
1645447107;WAOU1;442;57463988.00:59416060.00:60423468.00:969421.13
1645450772;WAOU1;443;41159444.00:42744844.00:42830136.00:538594.00
1645454430;WAOU1;444;45139348.00:47512092.00:49010976.00:560111.38
1645458122;WAOU1;445;35499644.00:37223408.00:37967260.00:605820.63
1645461784;WAOU1;446;36883236.00:37069860.00:38078540.00:780242.75
1645465447;WAOU1;447;35888932.00:36152700.00:36624420.00:861570.13
1645469106;WAOU1;448;41256188.00:44952956.00:44291624.00:959201.50
1645472769;WAOU1;449;37226368.00:39283988.00:38974052.00:1005830.10
1645476428;WAOU1;450;36344260.00:36954252.00:36656748.00:1000698.90
1645480097;WAOU1;451;46362300.00:48534136.00:49446800.00:1033318.20
1645483757;WAOU1;452;48978964.00:49811112.00:50216820.00:1035025.70
1645487419;WAOU1;453;33638172.00:35230748.00:35661976.00:1019444.40
1645491078;WAOU1;454;36707056.00:38492672.00:39480408.00:1022646.90
1645494747;WAOU1;455;37331892.00:38955140.00:38992984.00:1021028.60
1645498410;WAOU1;456;38867260.00:41577712.00:41723084.00:998767.50
1645502073;WAOU1;457;40684472.00:41847696.00:43079784.00:829542.38
1645505732;WAOU1;458;45812988.00:47694060.00:49105080.00:724426.50
1645509395;WAOU1;459;39386748.00:40669084.00:40362740.00:694191.44
1645513058;WAOU1;460;37913240.00:39402772.00:40179552.00:680664.19
1645516720;WAOU1;461;42361120.00:42984020.00:43260880.00:810540.69
1645520382;WAOU1;462;39619728.00:41200044.00:41584868.00:930664.13
1645524045;WAOU1;463;34630692.00:35217860.00:36208600.00:982680.13
1645527703;WAOU1;464;50652940.00:52697752.00:54153652.00:1055281.00
1645531366;WAOU1;465;49534684.00:50495420.00:51838212.00:1136408.40
1645531686;WAOU1;1;323200450.00:326979870.00:367153220.00:1596678.50
1645531771;WAOU1;1;14102.58:121256.30:5418.88:1580397.50
1645535433;WAOU1;2;13768.24:120174.55:7573.99:1479598.60
1645539094;WAOU1;3;14439.17:118964.99:8097.04:1259015.80
1645542756;WAOU1;4;13500.70:117915.59:7709.59:1346473.10
1645546420;WAOU1;5;13703.57:116241.98:7660.50:1298481.90
1645550082;WAOU1;6;14112.61:120097.84:7441.34:1347476.30
1645553745;WAOU1;7;13951.29:118829.04:7457.03:1327710.80
1645557405;WAOU1;8;14060.80:119993.16:7679.14:1377762.30
1645561066;WAOU1;9;14613.48:119886.12:7410.89:1345191.10
1645564725;WAOU1;10;14806.91:120022.31:7541.53:1032587.20
1645568388;WAOU1;11;14023.87:120652.99:7557.35:1030041.40
1645572050;WAOU1;12;14478.00:120717.55:8172.69:1077734.30
1645575713;WAOU1;13;15429.33:121933.24:7281.19:994380.06
1645579375;WAOU1;14;14807.85:119831.36:7404.04:970399.81
1645583038;WAOU1;15;15221.86:117523.06:7275.41:987506.44
1645586700;WAOU1;16;14341.57:118115.63:7424.70:971314.69
1645590364;WAOU1;17;15064.19:118770.73:7456.09:962937.63
1645594026;WAOU1;18;14813.87:118769.55:7543.54:579811.19
1645597688;WAOU1;19;16060.61:117729.00:7414.78:575167.88
1645601350;WAOU1;20;15274.61:117844.06:7245.78:589085.19
1645605014;WAOU1;21;15025.36:116095.64:7731.19:585844.44
1645608677;WAOU1;22;14390.31:116769.05:7345.15:641452.75
1645612339;WAOU1;23;14175.28:115912.13:7706.64:594381.56
1645615998;WAOU1;24;14561.67:114997.49:8285.87:951466.81
1645619660;WAOU1;25;13609.98:114758.86:5986.66:1469068.90
1645623322;WAOU1;26;14952.42:109281.33:6309.08:1544998.50
1645626985;WAOU1;27;11928.12:108190.61:6017.93:1464509.90
1645630647;WAOU1;28;13938.42:105618.43:6438.43:1439613.90
1645634310;WAOU1;29;11851.88:105687.23:6970.92:1315081.60
1645637972;WAOU1;30;13273.98:105933.89:7793.15:1121125.10
1645641636;WAOU1;31;14823.79:109814.77:7939.61:1177238.30
1645645298;WAOU1;32;14392.32:111091.83:7654.48:1140303.90
1645648961;WAOU1;33;15632.09:113772.83:7987.76:1114645.30
1645652620;WAOU1;34;15135.00:115891.59:7433.43:1099275.40
1645656282;WAOU1;35;14616.55:112745.13:7656.48:1082613.30
1645659944;WAOU1;36;15257.74:116522.39:8025.17:1104213.30
1645663604;WAOU1;37;15364.54:118012.48:8183.55:1063929.80
1645667264;WAOU1;38;16525.48:117589.62:8211.16:1099603.00
1645670925;WAOU1;39;16757.62:119432.70:8880.56:1090990.10
1645674587;WAOU1;40;15543.10:119301.34:8817.54:1089204.50
1645678250;WAOU1;41;16418.43:122183.67:8443.30:1128849.90
1645681909;WAOU1;42;16296.52:117401.98:9285.71:1132050.80
1645685573;WAOU1;43;15336.57:123281.47:8917.03:1133728.40
1645689235;WAOU1;44;16023.67:123035.64:9069.74:1128836.60
1645692898;WAOU1;45;16720.68:121938.20:8356.80:1085505.60
1645696560;WAOU1;46;16061.55:120913.58:7948.46:1054244.80
1645700222;WAOU1;47;14157.34:117974.95:7454.08:1179192.60
1645703884;WAOU1;48;13571.27:117333.99:7767.54:1194214.40
1645707547;WAOU1;49;13954.24:117684.15:6531.54:1351145.10
1645711209;WAOU1;50;12742.55:116677.11:6048.38:1348836.50
1645714872;WAOU1;51;14002.03:114631.16:6693.35:1269295.80
1645718531;WAOU1;52;14380.40:114569.68:6595.27:1244891.00
1645722194;WAOU1;53;14246.92:116679.47:7567.97:1094596.50
1645725853;WAOU1;54;15200.85:118957.67:7854.04:1101411.10
1645729515;WAOU1;55;14649.36:117988.40:8244.56:1180526.80
1645733175;WAOU1;56;14925.63:119483.80:8380.40:1141079.80
1645736840;WAOU1;57;14350.54:119288.01:7417.73:899052.06
1645740503;WAOU1;58;15818.79:119193.36:7794.09:882279.00
1645744165;WAOU1;59;14879.73:119409.56:7755.74:755204.19
1645747824;WAOU1;60;16487.59:120534.86:8167.85:686932.56
1645751487;WAOU1;61;16178.51:121272.11:8090.08:693483.06
1645755146;WAOU1;62;17123.00:120412.95:8002.63:724078.25
1645758808;WAOU1;63;15808.76:123495.67:8718.05:778953.25
1645762467;WAOU1;64;17051.95:124970.41:9029.38:794016.25
1645766130;WAOU1;65;16961.79:125010.90:9745.27:829029.25
1645769790;WAOU1;66;17704.23:128116.76:9018.52:825533.63
1645773451;WAOU1;67;16448.53:130038.31:9134.77:950317.56
1645777114;WAOU1;68;18255.02:132051.09:9006.72:1069044.60
1645780776;WAOU1;69;17440.70:132037.41:9063.84:782042.25
1645784435;WAOU1;70;17423.59:129102.67:8221.90:829924.88
1645788098;WAOU1;71;17298.37:127231.04:7621.20:1052229.00
1645791758;WAOU1;72;17507.73:126474.90:7469.78:996275.19
1645795423;WAOU1;73;15688.97:126578.28:7732.13:1285453.00
1645799086;WAOU1;74;15458.25:125050.20:6649.21:1340848.40
1645802749;WAOU1;75;14946.52:122310.78:6697.36:1443215.50
1645806411;WAOU1;76;16870.68:120555.51:7710.65:1300044.60
1645810073;WAOU1;77;17333.42:121401.22:8049.83:1281864.50
1645813732;WAOU1;78;18305.18:122581.98:7303.85:1220298.80
1645817394;WAOU1;79;17651.12:124720.10:6855.27:1065012.90
1645821053;WAOU1;80;18333.26:126604.13:8380.40:1125552.40
1645824723;WAOU1;81;20262.61:129308.02:8647.12:1129413.00
1645828380;WAOU1;82;20742.47:127523.24:8304.63:1096443.00
1645832041;WAOU1;83;21008.83:127745.23:9026.43:1045947.90
1645835701;WAOU1;84;19930.04:128760.19:9677.29:1072550.40
1645839362;WAOU1;85;21385.42:131324.22:9830.24:1107166.80
1645843021;WAOU1;86;21808.75:133374.06:8863.80:1091781.60
1645846684;WAOU1;87;21422.72:135171.23:8892.36:1218867.30
1645850343;WAOU1;88;22882.47:136887.67:8577.25:1407134.10
1645854005;WAOU1;89;20561.90:137304.03:8845.15:1497180.50
1645857665;WAOU1;90;22205.17:138458.48:9127.92:1393319.30
1645861327;WAOU1;91;21283.46:135862.94:8451.21:1063204.90
1645864986;WAOU1;92;22831.72:139892.39:8839.13:959670.63
1645868648;WAOU1;93;22861.23:137998.45:9245.23:710533.88
1645872311;WAOU1;94;21274.25:135807.94:8144.25:818672.88
1645875973;WAOU1;95;21034.09:135382.59:7281.19:1227655.50
1645879635;WAOU1;96;19548.49:130677.84:6411.87:1525736.50
1645883298;WAOU1;97;19102.97:126645.91:6413.88:1551672.10
1645886960;WAOU1;98;19741.80:123356.18:6247.24:1475174.10
1645890624;WAOU1;99;21506.63:123120.02:6681.66:1444566.60
1645894283;WAOU1;100;23493.68:124641.62:7625.09:1205602.80
1645897945;WAOU1;101;25085.38:130100.27:7584.85:1475810.30
1645901608;WAOU1;102;25916.22:129755.90:7731.19:1286665.00
1645905270;WAOU1;103;28518.50:132834.73:8321.27:1328856.60
1645908932;WAOU1;104;28578.93:133715.61:9443.50:1333506.50
1645912595;WAOU1;105;30637.03:137876.55:9246.29:1326645.00
1645916255;WAOU1;106;31262.76:136697.08:9185.99:1342614.90
1645919917;WAOU1;107;33027.94:139950.34:9076.70:1414692.40
1645923577;WAOU1;108;33421.76:143483.78:8727.84:1387673.60
1645927238;WAOU1;109;33042.45:144268.23:8536.89:1355971.40
1645930901;WAOU1;110;34530.54:145836.69:8614.55:1370559.90
1645934563;WAOU1;111;34474.71:147666.42:8477.88:1467535.90
1645938223;WAOU1;112;35134.19:150597.97:9175.25:1436819.50
1645941884;WAOU1;113;36637.73:147344.47:8905.22:1389008.40
1645945547;WAOU1;114;36393.32:148680.78:9108.21:1405654.50
1645949210;WAOU1;115;35076.13:150447.73:8894.37:1423201.50
1645952869;WAOU1;116;36938.68:150409.14:8746.61:1404210.10
1645956532;WAOU1;117;36518.18:149027.88:9694.05:1277454.50
1645960191;WAOU1;118;36516.05:146641.09:7664.39:1200464.50
1645963853;WAOU1;119;34332.62:147107.02:6187.52:1466915.80
1645967515;WAOU1;120;32531.09:141398.30:6411.87:1595173.10
1645971178;WAOU1;121;29123.22:139395.89:5408.14:1434779.90
1645974840;WAOU1;122;29530.50:139620.25:5774.11:1512947.10
1645978503;WAOU1;123;32251.38:133562.19:7022.02:1337302.60
1645982166;WAOU1;124;35200.64:137857.78:7861.95:1421569.80
1645985828;WAOU1;125;37018.93:138947.78:7830.44:1418197.80
1645989491;WAOU1;126;37702.48:142607.84:7514.98:1415960.90
1645993153;WAOU1;127;40420.06:147996.28:7595.59:1443946.50
1645996812;WAOU1;128;40262.86:147817.13:8556.60:1365246.30
1646000475;WAOU1;129;41031.63:149064.92:9628.91:1320677.60
1646004137;WAOU1;130;44420.38:150631.36:9214.67:1331190.10
1646007800;WAOU1;131;42627.46:151755.25:8867.81:1280219.60
1646011459;WAOU1;132;44097.13:155179.05:8995.86:1283491.50
1646015122;WAOU1;133;46668.37:155440.69:8340.04:1471340.00
1646018784;WAOU1;134;47782.68:156772.63:8886.46:1404782.00
1646022446;WAOU1;135;46216.48:158029.75:8623.52:1460714.60
1646026109;WAOU1;136;47088.74:158137.73:9322.18:1529792.30
1646029772;WAOU1;137;46058.57:156935.02:8936.73:1388734.40
1646033431;WAOU1;138;47600.82:159742.30:8740.71:1570759.10
1646037093;WAOU1;139;45793.62:160134.00:8775.17:1495453.00
1646040753;WAOU1;140;46269.47:158261.42:9129.93:961266.81
1646044414;WAOU1;141;47743.27:155239.94:8177.65:947974.56
1646048077;WAOU1;142;43810.11:155759.45:7315.53:1422597.90
1646051740;WAOU1;143;39690.95:152677.55:6010.14:1626767.30
1646055402;WAOU1;144;37177.19:148624.36:6362.90:1624349.30
1646059065;WAOU1;145;37669.20:145277.88:5864.16:1450721.30
1646062727;WAOU1;146;36732.50:143869.58:5954.32:1596209.50
1646066391;WAOU1;147;40028.13:142083.73:6687.44:1365865.10
1646070053;WAOU1;148;44013.80:142825.70:7522.89:1508711.10
1646073711;WAOU1;149;43792.17:144975.03:7605.38:1472920.30
1646077370;WAOU1;150;43243.74:145889.08:7609.40:1435697.40
1646081033;WAOU1;151;46197.36:149900.84:7675.25:1317582.00
1646084695;WAOU1;152;45203.89:150763.67:7731.19:1320424.30
1646088358;WAOU1;153;47018.64:152501.00:7873.75:1229186.10
1646092017;WAOU1;154;49968.36:154865.70:8471.86:1183312.40
1646095679;WAOU1;155;49900.98:153743.59:8424.66:1136002.10
1646099336;WAOU1;156;51865.14:152925.16:8898.26:1184427.60
1646103001;WAOU1;157;52573.00:156221.02:9581.58:1168821.50
1646106660;WAOU1;158;53303.29:159045.64:9063.84:1223037.50
1646110322;WAOU1;159;54611.87:164185.41:9104.32:1489089.50
1646113981;WAOU1;160;54048.57:163522.86:9212.66:1525861.10
1646117643;WAOU1;161;54694.83:166180.25:8789.92:1504489.10
1646121302;WAOU1;162;56853.48:164627.50:8805.74:1476597.10
1646124965;WAOU1;163;56859.98:164560.47:9504.51:1050969.80
1646128624;WAOU1;164;52717.93:161507.00:7972.06:1043152.40
1646132286;WAOU1;165;52462.42:162415.03:7532.68:1154808.60
1646135948;WAOU1;166;50636.11:162238.13:7006.33:1482758.10
1646139611;WAOU1;167;47774.19:159108.19:6093.46:1635456.90
1646143270;WAOU1;168;46154.99:157006.42:5843.62:1486997.50
1646146937;WAOU1;169;43277.50:157687.50:5917.15:1470933.00
1646150599;WAOU1;170;44090.87:152765.23:5974.86:1511345.60
1646154262;WAOU1;171;47610.38:151720.42:7104.52:1498494.40
1646157924;WAOU1;172;50748.46:152406.94:7497.28:1507287.80
1646161587;WAOU1;173;50401.02:153036.08:7703.69:1487682.30
1646165247;WAOU1;174;50875.68:154738.95:7260.65:1430289.10
1646168906;WAOU1;175;53910.84:158158.63:7925.80:1382421.10
1646172568;WAOU1;176;53238.86:159389.89:8600.86:1344765.60
1646176230;WAOU1;177;54769.18:160612.20:8419.70:1274271.40
1646179892;WAOU1;178;58132.91:160825.34:8366.48:1275431.00
1646183555;WAOU1;179;57254.04:158275.69:8980.05:1293302.10
1646187217;WAOU1;180;58961.27:160390.09:8290.83:1215140.00
1646190880;WAOU1;181;59248.17:155916.30:8970.25:1243604.80
1646194543;WAOU1;182;61956.43:167821.98:9047.08:1296694.10
1646198206;WAOU1;183;61915.95:168019.19:9762.03:1282527.40
1646201868;WAOU1;184;63728.46:170306.48:9207.82:1343490.50
1646205530;WAOU1;185;61089.59:174562.55:9054.99:1524443.50
1646209189;WAOU1;186;63338.30:168335.72:9067.73:1369735.30
1646212852;WAOU1;187;63226.53:170165.58:8573.24:880822.88
1646216511;WAOU1;188;61665.88:169869.34:7752.79:952554.31
1646220173;WAOU1;189;59892.07:169770.92:7646.69:1396739.60
1646223835;WAOU1;190;54245.66:167554.67:6276.63:1578898.00
1646227498;WAOU1;191;54102.50:165510.16:6373.64:1550059.60
1646231160;WAOU1;192;52376.62:164348.50:5553.89:1434118.30
1646234824;WAOU1;193;51881.19:163323.17:6111.99:1564049.80
1646238486;WAOU1;194;53059.35:161601.30:6455.07:1530262.30
1646242146;WAOU1;195;54809.07:161677.30:6891.50:1538732.50
1646245808;WAOU1;196;55765.96:161564.59:6974.93:1498066.40
1646249470;WAOU1;197;57018.00:162762.70:7743.93:1489599.40
1646253129;WAOU1;198;57312.46:160647.48:7521.94:1544053.50
1646256792;WAOU1;199;60341.72:163159.02:7832.45:1426091.50
1646260452;WAOU1;200;61589.40:161558.11:7728.24:1452610.90
1646264113;WAOU1;201;61108.13:165921.67:7749.95:1436557.50
1646267775;WAOU1;202;62632.20:165597.13:8029.18:1421983.10
1646271438;WAOU1;203;61258.71:168580.95:7574.93:1380855.00
1646275100;WAOU1;204;60807.06:167231.91:8121.59:1367005.80
1646278764;WAOU1;205;61737.86:164732.77:7569.03:1382565.50
1646282426;WAOU1;206;61638.61:165917.66:7610.34:1383316.40
1646286088;WAOU1;207;63512.49:166021.98:8231.70:1356455.30
1646289748;WAOU1;208;64198.88:165100.28:8702.35:1354575.90
1646293410;WAOU1;209;66419.13:168460.34:8930.83:1358795.30
1646297070;WAOU1;210;64632.59:168205.89:8499.48:1349365.90
1646300731;WAOU1;211;65459.06:40367.66:7204.60:1321310.60
1646304393;WAOU1;212;65128.14:40789.22:7334.30:1370356.50
1646308056;WAOU1;213;57893.34:35775.85:5724.19:1627504.60
1646311718;WAOU1;214;54992.36:32373.18:6052.28:1678519.90
1646315381;WAOU1;215;51508.37:32358.66:5821.08:1643786.50
1646319043;WAOU1;216;48873.75:62235.07:5135.28:1462031.50
1646322711;WAOU1;217;50232.13:155535.22:5959.16:1603268.60
1646326373;WAOU1;218;54240.35:155453.55:6253.14:1537836.30
1646330037;WAOU1;219;56040.35:157734.34:6411.87:1545944.40
1646333699;WAOU1;220;59357.93:159986.47:7426.59:1580632.40
1646337361;WAOU1;221;62321.58:36299.73:7905.15:1520485.40
1646341020;WAOU1;222;62991.09:37131.40:7860.06:1445110.90
1646344682;WAOU1;223;65458.00:38593.87:7731.19:1394598.60
1646348340;WAOU1;224;63544.23:36961.57:7716.44:1375897.90
1646352004;WAOU1;225;69067.09:40573.13:7875.76:1360632.50
1646355666;WAOU1;226;68279.09:41980.25:8156.99:1400378.90
1646359336;WAOU1;227;68901.04:42404.29:7975.96:1361183.60
1646362995;WAOU1;228;70713.07:43588.59:8662.93:1350133.50
1646366658;WAOU1;229;73865.31:42305.27:8489.69:1405971.40
1646370321;WAOU1;230;74475.81:45542.60:8524.03:1384379.00
1646373983;WAOU1;231;72412.28:43989.49:8817.54:1408042.40
1646377646;WAOU1;232;75026.60:44201.69:8944.64:1378481.90
1646381304;WAOU1;233;74635.84:48325.21:8669.78:1387400.00
1646384964;WAOU1;234;73679.79:170984.73:8397.99:1342485.50
1646388626;WAOU1;235;73117.09:160612.20:8592.95:1415789.50
1646392288;WAOU1;236;71945.41:162328.52:7609.40:1583414.50
1646395951;WAOU1;237;66021.53:108751.66:5761.36:1583035.80
1646399613;WAOU1;238;61725.95:168629.94:5897.56:1634184.90
1646403276;WAOU1;239;58167.61:166655.63:6091.46:1461728.90
1646406938;WAOU1;240;59758.24:33769.32:6067.97:1551844.30
1646410605;WAOU1;241;65522.91:36379.75:6883.71:1542317.40
1646414264;WAOU1;242;68834.59:39455.39:7216.40:1474436.50
1646417926;WAOU1;243;68141.01:168488.08:7892.40:1573338.30
1646421585;WAOU1;244;71325.58:171067.34:7882.60:1532603.90
1646425248;WAOU1;245;74542.97:171416.08:7856.99:1405082.00
1646428907;WAOU1;246;75124.09:175127.95:8482.72:1422006.00
1646432566;WAOU1;247;81062.59:174140.86:8537.84:1393380.90
1646436229;WAOU1;248;79389.93:176783.03:8977.10:1394166.40
1646439891;WAOU1;249;80886.98:177576.58:8833.35:1396003.00
1646443550;WAOU1;250;85153.66:183347.27:9477.96:1399155.00
1646447212;WAOU1;251;82171.59:180197.86:9766.04:1503622.90
1646450874;WAOU1;252;84333.67:180766.00:8787.91:1551436.40
1646454537;WAOU1;253;85249.60:188272.48:8963.29:1537060.50
1646458196;WAOU1;254;89081.74:188919.92:8677.57:1593544.30
1646461859;WAOU1;255;88431.34:188008.00:9031.27:1451804.40
1646465518;WAOU1;256;90741.06:192243.41:8736.70:1586419.80
1646469181;WAOU1;257;87594.84:193803.59:9102.31:1521574.80
1646472840;WAOU1;258;86084.70:187924.45:9259.04:953605.25
1646476501;WAOU1;259;84311.96:191610.23:8504.32:1175296.60
1646480160;WAOU1;260;82121.68:188703.13:7975.01:1540760.50
1646483823;WAOU1;261;74438.99:191126.61:5910.30:1626233.30
1646487485;WAOU1;262;69355.05:192024.02:6229.54:1627430.00
1646491148;WAOU1;263;67495.69:189705.33:6122.73:1518880.90
1646494810;WAOU1;264;68792.46:186379.72:6010.14:1523881.80
1646498473;WAOU1;265;75609.25:189220.52:7895.47:1414675.50
1646502135;WAOU1;266;79133.60:190669.41:8245.63:1560081.90
1646505798;WAOU1;267;81085.25:192106.73:7651.65:1655434.30
1646509457;WAOU1;268;85553.27:197195.05:8410.85:1506893.60
1646513121;WAOU1;269;89015.06:199772.42:8188.51:1448371.00
1646516783;WAOU1;270;89027.69:192688.09:8612.66:1404096.60
1646520445;WAOU1;271;92545.55:194261.73:9479.97:1397938.00
1646524108;WAOU1;272;90126.66:195075.23:8936.73:1532428.30
1646527770;WAOU1;273;92464.47:195410.88:9210.77:1550894.30
1646531429;WAOU1;274;97396.99:197923.34:9036.22:1618020.50
1646535093;WAOU1;275;94398.89:199262.48:8797.83:1390042.60
1646538755;WAOU1;276;97894.55:206260.78:9389.21:1531429.60
1646542417;WAOU1;277;96341.45:206375.38:9487.87:1611462.00
1646546077;WAOU1;278;96393.85:209768.25:9053.10:1572651.10
1646549738;WAOU1;279;96526.73:208787.06:8617.62:1537956.50
1646553401;WAOU1;280;102363.98:209819.47:9573.67:1512984.50
1646557063;WAOU1;281;98141.09:210476.59:8801.72:1582042.50
1646560722;WAOU1;282;94264.23:208731.70:8959.39:1014806.30
1646564385;WAOU1;283;93193.93:208245.13:8028.12:1261690.90
1646568048;WAOU1;284;87237.25:203070.30:6270.73:1667672.90
1646571711;WAOU1;285;83130.37:206554.77:6390.28:1631671.10
1646575372;WAOU1;286;80447.84:202314.75:5790.75:1562613.80
1646579035;WAOU1;287;76231.91:200802.02:5962.11:1549575.50
1646582697;WAOU1;288;83287.34:199067.05:7529.73:1600668.60
1646586360;WAOU1;289;86462.11:204633.91:8554.59:1566931.80
1646590022;WAOU1;290;90223.44:207550.83:7783.23:1607512.00
1646593685;WAOU1;291;91752.23:212601.84:8305.58:1577328.60
1646597344;WAOU1;292;94200.38:213692.44:8793.93:1477294.00
1646601007;WAOU1;293;97260.45:211795.55:8763.37:1406147.00
1646604666;WAOU1;294;99991.48:211057.36:9266.95:1411841.10
1646608328;WAOU1;295;99703.05:208577.11:9725.56:1327689.30
1646611988;WAOU1;296;101477.56:206885.69:9430.52:1352217.30
1646615649;WAOU1;297;102824.96:207085.13:9582.52:1380616.10
1646619308;WAOU1;298;103063.12:206019.31:9228.47:1418936.80
1646622967;WAOU1;299;107622.84:211750.00:8962.34:1586242.50
1646626627;WAOU1;300;104893.56:214703.38:9715.77:1526943.30
1646630289;WAOU1;301;103993.57:212187.95:9185.99:1502279.10
1646633950;WAOU1;302;102427.59:214250.66:9209.71:1531693.30
1646637614;WAOU1;303;106237.55:216797.83:9631.86:1640209.40
1646641273;WAOU1;304;104224.05:218654.23:9253.02:1629474.80
1646644931;WAOU1;305;106351.43:220268.95:8904.28:1555991.60
1646648588;WAOU1;306;105164.77:218833.03:9394.05:1387600.90
1646652249;WAOU1;307;102780.12:216664.00:8329.18:1569270.60
1646655911;WAOU1;308;91488.82:219297.78:6963.13:1607092.60
1646659574;WAOU1;309;88406.09:214418.25:5981.70:1613421.10
1646663236;WAOU1;310;82633.63:214423.91:5956.33:1394340.60
1646666899;WAOU1;311;84190.05:211007.55:6033.63:1495379.90
1646670561;WAOU1;312;89869.86:208630.92:7632.88:1423926.40
1646674225;WAOU1;313;94877.45:212447.83:7461.87:1645150.50
1646677884;WAOU1;314;94967.02:214501.33:8008.41:1582205.60
1646681546;WAOU1;315;102118.98:216863.92:8227.80:1570655.50
1646685205;WAOU1;316;103987.66:221547.31:8976.15:1590904.10
1646688867;WAOU1;317;103462.02:216980.41:8702.35:1547609.10
1646692530;WAOU1;318;105946.87:217086.84:9717.65:1497443.00
1646696193;WAOU1;319;108738.69:219416.28:8856.95:1436598.50
1646699853;WAOU1;320;110413.59:212666.16:9406.92:1473357.40
1646703514;WAOU1;321;110335.81:215558.06:9236.38:1450627.50
1646707173;WAOU1;322;112376.68:214327.97:9223.52:1419085.80
1646710835;WAOU1;323;117116.25:218740.75:9103.26:1452723.00
1646714495;WAOU1;324;112993.80:221846.02:9276.74:1452181.10
1646718154;WAOU1;325;113366.26:220733.47:9793.66:1517421.50
1646721816;WAOU1;326;117288.09:225407.66:9296.45:1420111.80
1646725478;WAOU1;327;117715.55:224100.73:9464.15:1466790.40
1646729137;WAOU1;328;112212.28:228138.45:9195.90:1579262.90
1646732800;WAOU1;329;112185.85:225438.22:9376.35:1310479.80
1646736459;WAOU1;330;111546.91:224541.77:8509.28:1327291.50
1646740121;WAOU1;331;103602.46:221899.70:6868.01:1673495.00
1646743783;WAOU1;332;91516.55:226213.36:5805.50:1583545.80
1646747445;WAOU1;333;88481.86:222584.56:6107.15:1601728.90
1646751108;WAOU1;334;85953.22:219900.27:6576.63:1443712.40
1646754772;WAOU1;335;87168.56:216433.98:5905.34:1605455.30
1646758434;WAOU1;336;96745.90:216525.92:6984.73:1562144.50
1646762096;WAOU1;337;100281.34:222946.17:7835.40:1575085.10
1646765755;WAOU1;338;101372.76:227002.53:8128.43:1591029.00
1646769418;WAOU1;339;108890.10:227505.77:8026.23:1462957.90
1646773077;WAOU1;340;106565.16:230457.73:8885.51:1322028.10
1646776739;WAOU1;341;108435.85:227837.98:8480.72:1355091.60
1646780398;WAOU1;342;111751.90:228460.88:8353.73:1303773.80
1646784061;WAOU1;343;118162.95:225731.48:8942.63:1321326.30
1646787720;WAOU1;344;117224.00:226882.52:8806.68:1312713.10
1646791383;WAOU1;345;116361.65:225975.31:9817.38:1282491.80
1646795045;WAOU1;346;119845.99:223142.31:10054.24:1290140.60
1646798708;WAOU1;347;119540.80:227018.59:9582.52:1307541.10
1646802370;WAOU1;348;120819.87:228136.92:9207.82:1454031.40
1646806032;WAOU1;349;125177.89:229084.13:9445.39:1585764.50
1646809695;WAOU1;350;124859.95:231080.27:9296.45:1507632.40
1646813357;WAOU1;351;122409.68:230337.11:9351.68:1519683.10
1646817016;WAOU1;352;120340.01:228076.84:9156.48:876433.94
1646820680;WAOU1;353;117415.19:228551.63:8841.14:1071496.50
1646824342;WAOU1;354;111943.68:228765.83:8463.01:1297690.90
1646828004;WAOU1;355;101769.41:236866.89:6216.91:1652148.90
1646831666;WAOU1;356;94073.87:231775.50:6019.00:1645692.00
1646835329;WAOU1;357;87877.02:231172.91:5354.32:1468585.30
1646838991;WAOU1;358;87618.91:224976.06:5487.33:1564204.10
1646842655;WAOU1;359;92426.35:220823.16:6077.77:1503463.50
1646846317;WAOU1;360;96523.20:225486.38:6747.28:1608731.90
1646849980;WAOU1;361;98906.32:227492.66:6752.24:1606773.00
1646853639;WAOU1;362;106620.98:227466.23:8832.29:1509555.90
1646857301;WAOU1;363;111442.81:230803.52:8168.80:1314788.30
1646860960;WAOU1;364;110887.30:229778.78:8422.65:1232273.30
1646864622;WAOU1;365;114161.45:233678.30:7778.40:1207908.60
1646868281;WAOU1;366;118995.32:235576.61:7849.21:1203306.10
1646871944;WAOU1;367;121592.88:236715.23:7922.97:1206864.60
1646875607;WAOU1;368;125265.10:225342.03:9325.13:1150461.40
1646879269;WAOU1;369;124017.43:225988.42:9176.19:1020222.10
1646882928;WAOU1;370;128021.63:229737.47:8750.50:941083.19
1646886590;WAOU1;371;128230.29:228469.48:9644.72:948345.50
1646890249;WAOU1;372;124493.04:227107.81:9576.51:963397.13
1646893913;WAOU1;373;128833.23:228633.77:9787.76:973291.94
1646897575;WAOU1;374;127292.76:231691.36:9701.84:990363.94
1646901237;WAOU1;375;125689.02:229355.56:8701.29:979273.75
1646904899;WAOU1;376;126103.27:231664.92:8070.37:1014651.40
1646908562;WAOU1;377;119704.96:231978.84:8026.23:1179499.00
1646912224;WAOU1;378;111525.42:237089.83:6941.54:1634075.80
1646915887;WAOU1;379;100698.17:241364.17:6388.39:1681553.90
1646919549;WAOU1;380;94650.97:239317.98:5646.89:1735078.60
1646923214;WAOU1;381;87445.91:237823.19:5237.84:1473908.80
1646926875;WAOU1;382;89698.38:235914.84:5897.56:1559362.90
1646930538;WAOU1;383;100650.14:232933.61:6290.43:1547545.60
1646934201;WAOU1;384;104746.87:234857.77:6574.62:1620817.00
1646937867;WAOU1;385;106171.10:238016.84:7031.82:1498188.60
1646941526;WAOU1;386;113106.73:240696.91:7366.63:1528394.90
1646945188;WAOU1;387;117148.83:242266.17:8293.78:1301438.60
1646948850;WAOU1;388;119753.59:242933.67:8042.87:1262061.30
1646952513;WAOU1;389;123348.86:243222.00:8364.59:1224552.10
1646956175;WAOU1;390;123271.68:243662.20:7901.25:1249878.40
1646959838;WAOU1;391;126638.59:247085.88:8303.57:1318613.00
1646963498;WAOU1;392;130324.50:238925.70:8389.25:1321780.10
1646967160;WAOU1;393;130406.29:241406.30:8496.41:1231771.50
1646970822;WAOU1;394;125614.08:236266.77:8013.37:1292612.40
1646974486;WAOU1;395;124756.80:232400.64:7979.02:1314871.90
1646978148;WAOU1;396;128156.29:233190.53:7898.30:1328294.40
1646981810;WAOU1;397;125481.31:232136.64:7981.98:1355727.30
1646985469;WAOU1;398;127026.63:237055.59:8204.20:1389164.90
1646989132;WAOU1;399;125419.83:234116.14:8582.09:1365909.10
1646992795;WAOU1;400;125116.52:239330.03:8479.77:1416475.50
1646996457;WAOU1;401;119537.26:242669.56:7243.90:1596143.40
1647000119;WAOU1;402;112856.77:255062.55:6586.42:1614640.00
1647003782;WAOU1;403;104481.80:254070.02:6385.44:1676896.60
1647007444;WAOU1;404;103583.70:254803.97:5645.82:1459304.10
1647011107;WAOU1;405;109169.09:248242.92:6002.24:1576775.90
1647014769;WAOU1;406;107794.20:252557.39:6664.90:1595958.60
1647018432;WAOU1;407;112218.30:259725.52:6361.95:1593056.80
1647022094;WAOU1;408;114533.56:258716.23:7156.56:1615229.40
1647025757;WAOU1;409;120135.60:261176.66:6858.22:1593979.30
1647029419;WAOU1;410;122575.84:261444.20:7380.44:1584612.10
1647033083;WAOU1;411;124932.41:265017.19:7570.10:1588971.80
1647036745;WAOU1;412;125057.52:266178.34:7520.88:1584481.40
1647040408;WAOU1;413;131590.00:266391.97:8210.10:1222892.30
1647044070;WAOU1;414;131834.77:268082.09:8582.09:1096881.80
1647047733;WAOU1;415;132247.47:264790.22:8107.78:1191057.90
1647051395;WAOU1;416;133263.13:268066.63:9035.28:1225671.10
1647055058;WAOU1;417;134875.02:272004.50:8349.83:1601669.50
1647058721;WAOU1;418;136697.08:270204.84:8322.22:1504667.10
1647062381;WAOU1;419;134504.08:271776.50:8681.58:1413933.90
1647066043;WAOU1;420;135092.52:267198.25:8308.53:1108204.90
1647069705;WAOU1;421;138624.42:263586.44:8778.12:1025623.00
1647073367;WAOU1;422;136303.72:258403.73:8917.97:951407.06
1647077030;WAOU1;423;130226.55:255908.14:8570.29:1076417.90
1647080689;WAOU1;424;129325.25:266142.59:7699.80:1383633.40
1647084351;WAOU1;425;126733.36:265625.66:7210.50:1380017.40
1647088010;WAOU1;426;128623.05:269933.66:7666.28:1344200.80
1647091673;WAOU1;427;129105.15:265919.88:7319.54:1313797.10
1647095335;WAOU1;428;129055.70:265502.59:7856.99:981846.69
1647098998;WAOU1;429;127661.33:264909.91:7410.89:954377.69
1647102661;WAOU1;430;131763.95:262182.16:6803.22:1100422.50
1647106323;WAOU1;431;130744.88:258439.13:7916.95:1173151.10
1647109985;WAOU1;432;130955.66:260713.20:7762.70:1178468.00
1647113648;WAOU1;433;132370.56:260305.58:8009.47:1173858.00
1647117311;WAOU1;434;134240.67:262169.91:7870.80:1175662.80
1647120973;WAOU1;435;133992.47:262168.34:8752.51:1181909.40
1647124635;WAOU1;436;138087.56:265814.03:8696.33:1131028.90
1647128298;WAOU1;437;139261.13:264718.72:8742.71:1238503.40
1647131960;WAOU1;438;138915.09:266287.50:8491.57:1308850.40
1647135631;WAOU1;439;141084.84:266820.72:8437.40:1289022.00
1647139294;WAOU1;440;137749.67:266978.28:8065.53:1267251.40
1647142956;WAOU1;441;138024.89:266005.56:8237.72:1142816.50
1647146613;WAOU1;442;139698.25:263598.97:8220.84:1148739.00
1647150274;WAOU1;443;138004.70:266543.13:8283.86:1024324.10
1647153933;WAOU1;444;138843.34:266287.50:8295.67:880857.56
1647157595;WAOU1;445;141112.69:264553.84:8885.51:875031.69
1647161254;WAOU1;446;138121.55:264926.91:8647.12:910067.06
1647164917;WAOU1;447;132167.94:265280.00:8329.18:983591.06
1647168576;WAOU1;448;133133.55:266862.84:7965.10:1005649.10
1647172238;WAOU1;449;130932.05:262479.56:7843.19:1133532.50
1647175900;WAOU1;450;136246.02:262030.52:6896.33:1334850.80
1647179563;WAOU1;451;130483.23:260827.45:6965.14:1357477.80
1647183222;WAOU1;452;126445.40:258914.86:6868.01:1301869.00
1647186885;WAOU1;453;131219.91:258366.78:7148.66:1291913.00
1647190544;WAOU1;454;130408.77:257957.63:7162.46:994667.81
1647194206;WAOU1;455;131765.14:257173.88:8110.73:600490.00
1647197865;WAOU1;456;131246.09:252958.41:7811.79:487583.91
1647201528;WAOU1;457;137103.30:254774.94:7993.78:542642.25
1647205191;WAOU1;458;143878.42:256664.16:7648.69:619932.63
1647208853;WAOU1;459;142823.23:224938.06:7666.28:630605.63
1647212512;WAOU1;460;134653.97:162989.66:7830.44:629587.38
1647216174;WAOU1;461;137671.78:148630.86:7721.39:642002.31
1647219833;WAOU1;462;137276.55:138147.86:7714.55:647249.88
1647223495;WAOU1;463;129003.77:139525.72:7744.88:663267.13
1647227157;WAOU1;464;125446.97:140365.41:7531.74:680992.25
1647230821;WAOU1;465;125786.15:141468.98:8336.14:689889.38
1647234480;WAOU1;466;119336.63:142524.17:8660.93:765589.94
1647238142;WAOU1;467;115195.29:141794.00:8174.70:787444.38
1647241800;WAOU1;468;112545.92:144484.33:8896.37:796965.75
1647245463;WAOU1;469;110044.19:145452.19:8445.31:796212.44
1647249122;WAOU1;470;106668.43:143767.95:7770.49:814814.81
1647252786;WAOU1;471;100059.58:145160.80:7814.74:815432.63
1647256448;WAOU1;472;94052.98:142814.38:6935.63:886128.81
1647260110;WAOU1;473;83678.68:139732.36:6067.97:940817.88
1647263772;WAOU1;474;77679.74:140872.64:5834.89:1515139.30
1647267435;WAOU1;475;76117.43:138761.55:5279.03:1420696.90
1647271097;WAOU1;476;72995.52:137312.89:5471.75:1632703.00
1647274760;WAOU1;477;77126.24:136053.30:5544.09:1600443.30
1647278418;WAOU1;478;79512.91:139078.66:6291.38:1535239.30
1647282083;WAOU1;479;77505.20:143554.81:6101.25:1456718.10
1647285745;WAOU1;480;84733.75:144235.31:6879.69:1356091.00
1647289407;WAOU1;481;86828.44:144530.11:6779.73:1208853.50
1647293069;WAOU1;482;84054.56:147239.78:7590.63:1282359.00
1647296732;WAOU1;483;83380.69:149127.70:8045.82:1271798.60
1647300391;WAOU1;484;88186.81:147634.56:7227.25:1478882.50
1647304054;WAOU1;485;82989.45:152994.78:7804.95:1495112.00
1647307712;WAOU1;486;86410.66:152351.47:7512.03:561774.00
1647311375;WAOU1;487;86162.35:149694.31:6707.98:673972.13
1647315038;WAOU1;488;88130.64:131332.95:7941.61:699484.63
1647318700;WAOU1;489;88651.92:121114.80:7681.98:740695.25
1647322362;WAOU1;490;90281.03:124702.87:7703.69:697558.94
1647326025;WAOU1;491;82658.66:120409.41:8024.11:651583.44
1647329684;WAOU1;492;84941.34:121980.92:8208.10:664371.69
1647333348;WAOU1;493;83875.65:120722.39:7772.49:709090.25
1647337010;WAOU1;494;83875.65:120678.48:7135.91:765483.38
1647340672;WAOU1;495;81482.97:122252.13:7292.99:877387.19
1647344331;WAOU1;496;79077.19:124187.84:6778.67:959103.94
1647347993;WAOU1;497;79654.29:122965.89:7021.08:1095966.30
1647351652;WAOU1;498;77104.77:124928.64:6922.89:1199276.10
1647355315;WAOU1;499;76414.95:125412.51:6571.79:1208257.00
1647358977;WAOU1;500;76486.83:128416.76:6589.37:1261085.00
1647362640;WAOU1;501;74464.72:127014.23:6504.05:1535906.80
1647366302;WAOU1;502;74662.75:131788.86:6207.11:1638271.30
1647369965;WAOU1;503;75896.39:133632.05:6400.19:1627815.60
1647373627;WAOU1;504;77438.88:135304.95:6756.13:1616456.50
1647377290;WAOU1;505;79125.81:135513.84:7299.84:1612919.50
1647380948;WAOU1;506;78521.21:138007.19:7219.35:1510395.00
1647384611;WAOU1;507;81515.89:138853.38:7494.45:1172250.40
1647388270;WAOU1;508;80626.63:140022.33:7350.94:1339240.00
1647391933;WAOU1;509;82847.24:140780.59:8285.87:1151506.80
1647395595;WAOU1;510;82987.09:138475.95:8462.07:1086837.90
1647399258;WAOU1;511;80506.73:140867.69:7927.81:1117268.40
1647402921;WAOU1;512;84299.45:137968.36:8207.15:1165683.00
1647406583;WAOU1;513;80829.39:141112.69:8257.43:1178477.50
1647410242;WAOU1;514;80518.05:139346.92:8333.08:1187826.50
1647413905;WAOU1;515;83279.30:139753.72:7670.17:1191603.10
1647417564;WAOU1;516;80595.01:140586.09:7785.36:1181807.00
1647421228;WAOU1;517;82340.72:138425.67:8181.54:1270486.00
1647424888;WAOU1;518;76930.69:138032.33:7045.51:1460951.60
1647428551;WAOU1;519;75901.94:141371.73:6379.66:528691.81
1647432214;WAOU1;520;73894.34:141209.94:6516.91:922770.81
1647435876;WAOU1;521;71489.16:139188.19:5567.58:1407571.00
1647439539;WAOU1;522;68326.77:141153.17:5875.01:1422178.80
1647443203;WAOU1;523;70697.61:141145.50:5981.70:1466057.30
1647446865;WAOU1;524;72967.67:140463.72:6204.16:1585581.40
1647450527;WAOU1;525;75461.26:137595.31:5892.60:1512662.80
1647454189;WAOU1;526;73674.24:140924.45:6416.83:1330052.10
1647457849;WAOU1;527;75444.50:137950.66:6674.70:916853.63
1647461511;WAOU1;528;76876.64:139455.14:6608.02:744296.13
1647465173;WAOU1;529;77833.88:140038.61:6738.43:685708.94
1647468832;WAOU1;530;80561.02:141844.52:6657.00:607018.38
1647472495;WAOU1;531;79974.00:140759.11:6950.39:598581.56
1647476158;WAOU1;532;80001.14:141481.61:7187.96:607781.81
1647479820;WAOU1;533;83907.52:144129.80:7399.09:646530.19
1647483479;WAOU1;534;81995.63:143826.38:7794.09:642370.56
1647487142;WAOU1;535;81800.55:143188.27:8502.43:667339.00
1647490804;WAOU1;536;82051.22:147233.30:8199.25:671627.13
1647494466;WAOU1;537;80504.48:145520.88:7481.58:662075.19
1647498128;WAOU1;538;82306.61:144926.77:7986.81:672524.56
1647501792;WAOU1;539;83404.52:141921.81:8184.49:675778.50
1647505454;WAOU1;540;79985.33:144052.38:7745.94:664698.81
1647509117;WAOU1;541;82107.98:141005.30:7900.31:690421.75
1647512779;WAOU1;542;77676.32:143156.52:6791.42:724202.94
1647516442;WAOU1;543;76199.45:144526.22:6370.69:787341.31
1647520099;WAOU1;544;80568.92:147265.28:6699.25:808041.06
1647523763;WAOU1;545;77318.49:143586.56:6619.82:827984.25
1647527422;WAOU1;546;77975.85:146809.50:6826.82:863837.50
1647531085;WAOU1;547;79788.71:145811.31:7015.18:868685.75
1647534747;WAOU1;548;80392.48:146280.31:7033.82:1015405.80
1647538410;WAOU1;549;79471.24:148690.92:6790.47:1263489.80
1647542069;WAOU1;550;80079.16:146100.45:7149.72:1344055.60
1647545731;WAOU1;551;87446.97:146378.50:7848.26:1388421.80
1647549390;WAOU1;552;83880.25:149480.11:7635.95:1437011.40
1647553053;WAOU1;553;83711.72:150152.33:8171.75:1379645.90
1647556715;WAOU1;554;81602.05:149694.31:8275.01:1400136.30
1647560378;WAOU1;555;83864.32:149791.80:7732.13:1432170.30
1647564040;WAOU1;556;84223.09:150580.03:7814.74:1418638.80
1647567703;WAOU1;557;86972.66:151733.41:7599.48:1435314.00
1647571363;WAOU1;558;84460.19:151763.03:7718.44:1347983.30
1647575025;WAOU1;559;82197.56:152593.75:7641.73:1411984.00
1647578687;WAOU1;560;84638.04:149868.73:7571.98:1415252.50
1647582350;WAOU1;561;85006.37:151564.77:7705.58:1540286.80
1647586013;WAOU1;562;83649.17:149416.14:7378.44:1408843.50
1647589675;WAOU1;563;84392.91:150130.50:7689.88:1523120.80
1647593334;WAOU1;564;83439.70:149898.36:7626.98:1523775.50
1647596996;WAOU1;565;84268.77:149578.89:7812.86:1478340.50
1647600655;WAOU1;566;82064.79:152160.88:7502.24:1543432.50
1647604318;WAOU1;567;78426.55:153733.22:6465.93:1488464.50
1647607980;WAOU1;568;76129.83:160362.59:5511.76:1625219.50
1647611643;WAOU1;569;74779.12:161807.00:5578.32:1523070.80
1647615305;WAOU1;570;75357.05:163463.73:5663.53:1432946.90
1647618968;WAOU1;571;76466.53:163780.48:6072.81:1524999.10
1647622630;WAOU1;572;79193.55:164549.97:6209.00:1511370.80
1647626293;WAOU1;573;81684.77:167971.52:6964.19:1567803.30
1647629952;WAOU1;574;85119.43:170052.63:7329.34:1653217.50
1647633615;WAOU1;575;88054.76:169498.78:7614.23:1627558.10
1647637274;WAOU1;576;85981.78:171478.75:7695.78:1609359.00
1647640936;WAOU1;577;85779.50:174272.09:7896.41:1594698.10
1647644598;WAOU1;578;88245.35:169676.63:8309.47:1598866.80
1647648261;WAOU1;579;89874.46:171128.47:7611.28:1529121.40
1647651921;WAOU1;580;93255.30:166791.81:7903.26:1662285.40
1647655583;WAOU1;581;89686.81:166582.92:8442.36:1412006.40
1647659245;WAOU1;582;92098.97:169091.38:7654.48:1453925.10
1647662908;WAOU1;583;91479.62:168486.78:7894.41:1526073.80
1647666568;WAOU1;584;92286.38:169258.50:8080.28:1600257.80
1647670229;WAOU1;585;91000.58:168209.91:7590.63:1511858.90
1647673892;WAOU1;586;92439.09:170532.48:7795.04:1531938.00
1647677554;WAOU1;587;94326.90:169902.52:7854.99:1495105.40
1647681213;WAOU1;588;93510.22:172334.50:7770.49:1616993.50
1647684877;WAOU1;589;90501.25:172311.83:7965.10:1508785.00
1647688539;WAOU1;590;87173.05:168227.14:6371.75:1542583.40
1647692202;WAOU1;591;80110.90:179757.30:5922.93:1715698.10
1647695862;WAOU1;592;77120.58:183695.42:5811.40:1705795.50
1647699526;WAOU1;593;75951.38:187005.92:5238.78:1562948.50
1647703188;WAOU1;594;74631.36:186090.11:5633.20:1516484.10
1647706851;WAOU1;595;80333.60:184062.81:5966.01:1602638.10
1647710510;WAOU1;596;83368.05:186294.98:6540.40:1602691.30
1647714173;WAOU1;597;86875.29:187572.41:6390.28:1605681.50
1647717832;WAOU1;598;92520.05:188918.50:6948.50:1583866.30
1647721494;WAOU1;599;93840.66:189679.25:7206.60:1644567.50
1647725153;WAOU1;600;94626.42:188585.11:7347.04:1520080.90
1647728815;WAOU1;601;99113.55:191173.45:7528.67:1565621.80
1647732478;WAOU1;602;100680.59:188419.17:8388.19:1578025.10
1647736140;WAOU1;603;103072.56:189943.13:8304.63:1605987.50
1647739802;WAOU1;604;106179.37:185654.50:7795.04:1549505.10
1647743466;WAOU1;605;105041.56:183892.63:7995.67:1483374.30
1647747125;WAOU1;606;102984.05:181506.80:8487.68:1081757.00
1647750787;WAOU1;607;101940.07:181166.78:8686.54:986622.69
1647754449;WAOU1;608;102697.62:179287.36:8247.51:947122.00
1647758112;WAOU1;609;103259.03:190141.17:8790.87:934726.63
1647761771;WAOU1;610;103431.34:185811.47:8508.33:732040.63
1647765434;WAOU1;611;99325.63:184813.16:8311.48:823186.81
1647769096;WAOU1;612;102606.75:183737.55:7333.35:1368212.80
1647772759;WAOU1;613;96011.71:190182.47:6722.73:1672857.90
1647776421;WAOU1;614;91674.81:201534.78:6021.83:1665770.50
1647780084;WAOU1;615;89927.45:206173.33:5855.42:1640844.50
1647783746;WAOU1;616;83932.65:204942.64:5453.10:1670277.10
1647787409;WAOU1;617;85039.53:208347.20:5259.44:1604617.50
1647791072;WAOU1;618;88369.39:213080.41:5624.35:1673452.90
1647794734;WAOU1;619;93356.09:213100.58:5965.06:1644595.10
1647798397;WAOU1;620;95803.29:215655.66:6006.13:1635314.00
1647802059;WAOU1;621;98646.45:219697.98:6662.90:1617335.30
1647805718;WAOU1;622;101524.65:220012.97:7066.28:1574708.40
1647809381;WAOU1;623;103897.85:219575.13:6744.33:1469893.40
1647813040;WAOU1;624;108665.87:222035.91:7139.80:1579021.50
1647816702;WAOU1;625;109259.73:223953.69:7172.26:1570467.60
1647820362;WAOU1;626;109566.46:224986.33:7209.55:1535478.80
1647824024;WAOU1;627;115283.33:222034.48:7988.70:1534490.80
1647827683;WAOU1;628;112786.09:218387.28:8213.05:1506690.40
1647831345;WAOU1;629;117228.84:215230.91:8354.67:1593906.50
1647835007;WAOU1;630;117221.52:210093.73:8723.00:1652328.10
1647838670;WAOU1;631;112818.42:205999.48:8435.52:1619518.90
1647842329;WAOU1;632;115484.78:208757.20:8421.71:1579888.40
1647845992;WAOU1;633;118082.81:207079.47:7879.65:1447619.50
1647849655;WAOU1;634;116672.27:214262.11:7998.62:1525436.30
1647853317;WAOU1;635;115840.96:205705.75:7394.13:1572741.80
1647856979;WAOU1;636;112055.20:208886.31:7233.16:1654238.80
1647860642;WAOU1;637;110234.20:213370.72:6407.04:1645877.50
1647864304;WAOU1;638;98934.41:224808.48:5272.18:1606659.60
1647867967;WAOU1;639;96235.35:233367.80:5434.46:1647861.60
1647871629;WAOU1;640;88890.91:238769.20:5073.56:1490042.90
1647875292;WAOU1;641;87675.21:239431.41:4838.11:1500072.90
1647878954;WAOU1;642;94460.49:240731.36:5379.70:1545900.10
1647882618;WAOU1;643;101485.70:240046.63:6004.24:1589628.60
1647886281;WAOU1;644;103452.58:241180.17:6114.00:1677472.40
1647889943;WAOU1;645;108469.25:239974.98:6144.45:1602545.10
1647893605;WAOU1;646;116414.64:241524.44:6946.49:1534729.10
1647897268;WAOU1;647;116235.96:237614.77:7314.59:1553938.60
1647900930;WAOU1;648;120352.16:239997.41:7213.45:1623930.50
1647904593;WAOU1;649;125536.55:242201.73:7875.76:1619895.50
1647908252;WAOU1;650;127073.37:234777.86:7815.69:1596738.30
1647911914;WAOU1;651;132455.19:229675.86:8665.77:1576827.50
1647915573;WAOU1;652;134104.70:226803.67:8108.84:1478918.10
1647919236;WAOU1;653;137625.41:216431.14:8108.84:1465182.40
1647922895;WAOU1;654;138863.52:216856.72:8294.72:1485338.80
1647926557;WAOU1;655;137507.50:215572.33:8224.85:1476627.40
1647930216;WAOU1;656;141595.50:203969.13:8618.56:1552304.00
1647933879;WAOU1;657;145397.42:218854.75:8482.72:1578598.30
1647937541;WAOU1;658;141281.92:220671.16:8302.63:1544948.00
1647941204;WAOU1;659;138388.03:219299.31:7719.39:1668014.50
1647944863;WAOU1;660;131499.36:222112.73:6900.35:1595311.90
1647948525;WAOU1;661;122016.33:230562.17:6098.30:1740184.10
1647952187;WAOU1;662;113180.02:259469.55:5703.65:1652693.80
1647955854;WAOU1;663;107257.80:277480.25:5243.86:1653155.60
1647959516;WAOU1;664;101310.56:287343.56:5141.06:1500624.00
1647963179;WAOU1;665;102064.81:291625.56:5218.37:1568941.40
1647966841;WAOU1;666;110531.84:286421.13:5671.32:1517384.10
1647970505;WAOU1;667;116302.29:284096.06:6140.43:1579047.90
1647974167;WAOU1;668;121009.88:283034.16:6563.88:1621982.50
1647977830;WAOU1;669;129498.50:284123.22:6976.00:1638059.60
1647981489;WAOU1;670;131380.17:278747.41:7160.46:1566977.10
1647985151;WAOU1;671;135022.53:278866.63:7416.79:1618309.10
1647988810;WAOU1;672;140096.56:275386.75:8543.74:1617543.80
1647992472;WAOU1;673;141280.75:272843.25:8827.33:1587541.10
1647996131;WAOU1;674;146930.81:264647.19:8470.92:1528589.40
1647999794;WAOU1;675;151612.33:254583.75:8233.71:1534981.30
1648003457;WAOU1;676;150143.36:241554.41:8475.76:1505644.80
1648007119;WAOU1;677;153615.67:251841.27:7940.55:1551009.10
1648010778;WAOU1;678;154597.92:248156.53:8820.49:1516441.00
1648014441;WAOU1;679;153815.94:238305.64:8554.59:1540716.60
1648018100;WAOU1;680;155943.56:238518.77:8655.97:1417339.40
1648021762;WAOU1;681;152788.48:238487.50:8584.10:1486931.00
1648025425;WAOU1;682;153954.02:242048.91:7982.92:1514048.50
1648029083;WAOU1;683;148055.05:245243.52:7922.97:1583035.80
1648032745;WAOU1;684;146456.16:244123.64:6825.76:1551321.60
1648036408;WAOU1;685;125222.15:280174.72:5756.52:1694228.30
1648040070;WAOU1;686;117657.48:313003.69:5406.13:1699939.00
1648043734;WAOU1;687;109054.62:323274.94:5338.63:1613897.30
1648047396;WAOU1;688;107134.13:325365.97:5027.65:1523887.90
1648051059;WAOU1;689;111892.10:321081.72:5573.48:1552367.80
1648054721;WAOU1;690;121413.49:320986.72:6560.93:1621322.40
1648058384;WAOU1;691;123843.47:323728.00:6567.89:1563418.40
1648062046;WAOU1;692;131390.08:322173.97:6934.69:1651590.80
1648065709;WAOU1;693;135770.28:322723.44:6880.64:1513479.50
1648069371;WAOU1;694;136144.64:320194.69:7124.11:1586767.10
1648073034;WAOU1;695;139987.05:317069.84:7799.05:1566318.80
1648076693;WAOU1;696;143870.75:315896.88:8249.52:1583924.90
1648080356;WAOU1;697;149375.08:305418.72:9007.66:1576417.50
1648084015;WAOU1;698;158024.44:299384.13:8902.16:1569186.40
1648087673;WAOU1;699;159100.52:283042.19:8619.62:1496270.90
1648091335;WAOU1;700;159017.08:280912.69:8183.55:1596031.50
1648094998;WAOU1;701;164959.25:269418.28:8347.95:1445380.60
1648098657;WAOU1;702;170020.77:273490.81:8607.82:1515925.90
1648102320;WAOU1;703;165172.73:257365.77:8655.03:1545182.40
1648105979;WAOU1;704;172915.14:271399.44:8244.56:1582512.90
1648109641;WAOU1;705;167684.38:263546.09:8375.44:1552782.80
1648113300;WAOU1;706;162068.89:268765.53:9299.40:1611455.30
1648116963;WAOU1;707;159569.98:273544.28:7470.84:1576339.90
1648120625;WAOU1;708;145296.88:297309.41:6164.98:1660953.00
1648124288;WAOU1;709;124918.84:346458.97:5493.23:1657820.10
1648127950;WAOU1;710;122140.95:356815.19:5446.26:1681610.30
1648131617;WAOU1;711;112753.63:359230.31:5478.59:1575683.00
1648135279;WAOU1;712;110531.84:361913.78:5232.06:1540255.10
1648138942;WAOU1;713;115224.20:352982.59:5708.49:1581787.50
1648142604;WAOU1;714;127958.73:355795.19:6387.44:1678252.60
1648146267;WAOU1;715;131061.05:355190.81:6550.19:1617684.90
1648149929;WAOU1;716;135623.95:357809.97:7350.94:1464664.30
1648153592;WAOU1;717;140977.56:358649.91:7062.27:1581716.00
1648157251;WAOU1;718;144081.66:357594.69:7363.68:1507306.30
1648160914;WAOU1;719;150925.58:360664.34:7346.10:1530500.90
1648164573;WAOU1;720;152114.48:357677.19:7683.98:1528739.30
1648168235;WAOU1;721;167516.33:353748.75:8183.55:1494221.40
1648171894;WAOU1;722;165225.48:340073.75:8777.17:1550409.90
1648175557;WAOU1;723;167701.50:342464.06:8689.49:1406158.40
1648179217;WAOU1;724;172601.33:320126.84:8733.86:1435192.30
1648182878;WAOU1;725;174811.80:314569.53:8745.66:1439858.90
1648186541;WAOU1;726;175614.78:319346.03:8868.76:1468102.30
1648190203;WAOU1;727;179460.14:280678.28:8891.42:1392898.40
1648193865;WAOU1;728;177252.27:312467.41:9037.29:1533207.30
1648197529;WAOU1;729;173527.06:310308.53:8209.04:1518427.30
1648201191;WAOU1;730;170016.75:319948.88:7360.85:1609759.30
1648204853;WAOU1;731;161563.30:328690.28:6536.50:1697262.40
1648208515;WAOU1;732;144841.44:371423.84:5838.78:1711440.50
1648212180;WAOU1;733;130283.67:388301.00:5307.35:1748800.10
1648215842;WAOU1;734;126266.84:397903.72:5319.04:1627558.10
1648219507;WAOU1;735;120393.48:398748.72:5247.75:1551423.60
1648223169;WAOU1;736;119455.71:392488.97:5377.81:1640619.60
1648226833;WAOU1;737;131709.31:391060.13:6046.38:1633484.80
1648230495;WAOU1;738;140306.05:394172.59:6977.88:1586498.40
1648234158;WAOU1;739;139630.28:400281.53:7036.78:1669892.60
1648237820;WAOU1;740;150711.03:397458.78:7578.83:1589648.50
1648241479;WAOU1;741;148373.58:400411.34:7199.76:1609219.00
1648245138;WAOU1;742;155204.89:403349.50:7062.27:1599059.40
1648248798;WAOU1;743;163164.33:386646.66:7645.63:1599079.30
1648252460;WAOU1;744;166967.55:399465.09:7970.17:1585070.50
1648256122;WAOU1;745;168187.38:396427.44:7878.59:1574922.80
1648259781;WAOU1;746;177530.91:382436.16:7977.96:1557304.40
1648263444;WAOU1;747;175144.13:382296.66:8777.17:1559696.60
1648267103;WAOU1;748;184541.95:353483.22:8909.12:1541134.10
1648270765;WAOU1;749;183080.91:310824.50:8639.33:1577634.50
1648274427;WAOU1;750;184762.77:329730.03:8849.99:1590181.00
1648278090;WAOU1;751;181254.94:356032.97:9246.29:1605794.40
1648281753;WAOU1;752;182465.67:363116.84:8209.04:1595721.10
1648285415;WAOU1;753;178286.45:367593.34:7352.94:1636900.40
1648289074;WAOU1;754;170168.28:377176.22:6967.03:1502518.50
1648292737;WAOU1;755;161631.39:395321.84:6505.11:1676061.10
1648296399;WAOU1;756;144020.64:426846.00:5413.92:1691612.80
1648300062;WAOU1;757;135246.17:420606.09:5686.07:1721304.60
1648303724;WAOU1;758;131476.94:424311.34:5549.99:1527912.80
1648307387;WAOU1;759;128613.13:418093.75:5305.35:1616302.40
1648311049;WAOU1;760;132582.05:413515.75:5425.72:1629881.00
1648314712;WAOU1;761;150067.72:414381.88:6342.24:1627774.90
1648318374;WAOU1;762;141584.05:421726.78:6936.70:1668133.00
1648322037;WAOU1;763;152124.75:425374.69:7536.58:1624747.00
1648325699;WAOU1;764;156523.38:427913.13:7738.15:1583074.60
1648329363;WAOU1;765;164080.14:436388.41:7025.92:1512409.00
1648333022;WAOU1;766;163541.27:433823.53:7219.35:1447666.60
1648336684;WAOU1;767;165853.11:432625.56:6924.90:1417522.30
1648340346;WAOU1;768;173309.20:426631.81:7748.89:1412741.90
1648344009;WAOU1;769;176469.94:433771.63:8218.95:1472896.40
1648347672;WAOU1;770;175610.77:433283.38:7633.94:1400875.30
1648354934;WAOU1;771;184503.95:416150.34:8047.71:1471286.10
1648358596;WAOU1;772;188988.61:409907.47:9180.20:1427897.10
1648362260;WAOU1;773;192004.78:387006.00:8651.13:1464694.00
1648365922;WAOU1;774;196006.38:383914.31:8877.61:1477119.80
1648369581;WAOU1;775;194434.86:362106.97:8916.08:1474910.00
1648373240;WAOU1;776;194034.67:336050.78:8248.46:1477408.60
1648376902;WAOU1;777;188629.02:359028.97:7330.40:1437872.40
1648380564;WAOU1;778;182540.27:396949.66:6833.55:1582970.10
1648384227;WAOU1;779;161845.00:450197.59:5775.05:1735203.50
1648387889;WAOU1;780;147353.44:458376.44:5522.61:1575741.30
1648391552;WAOU1;781;138838.27:453161.00:6062.07:1668001.00
1648395214;WAOU1;782;130586.15:448834.97:5487.33:1663474.10
1648398878;WAOU1;783;134672.73:446351.44:5735.87:1606799.10
1648402540;WAOU1;784;145659.78:439380.03:5544.09:1701833.50
1648406203;WAOU1;785;153489.03:438355.88:6098.30:1624025.00
1648409865;WAOU1;786;151032.39:450810.22:6801.21:1698703.10
1648413528;WAOU1;787;159823.14:452519.72:7456.09:1515696.50
1648417190;WAOU1;788;162320.73:466479.03:7154.56:1442005.90
1648420853;WAOU1;789;168293.23:457093.34:7288.03:1436982.40
1648424515;WAOU1;790;178913.48:456650.91:7237.05:1450010.30
1648428178;WAOU1;791;182119.66:455362.63:7522.89:1505804.30
1648431838;WAOU1;792;182046.48:453459.25:7909.16:1447654.60
1648435500;WAOU1;793;192160.67:433949.72:7500.23:1371402.30
1648439159;WAOU1;794;200569.75:417393.31:8028.12:1422781.80
1648442821;WAOU1;795;193215.75:405684.34:8884.57:1470371.00
1648446483;WAOU1;796;198807.41:394386.31:8908.17:1446130.10
1648450146;WAOU1;797;207702.36:392349.47:8665.77:1455270.50
1648453809;WAOU1;798;205804.64:385214.63:8771.16:1464747.80
1648457472;WAOU1;799;206911.30:363516.44:8969.19:1458297.30
1648461134;WAOU1;800;203938.20:391280.34:7456.09:1439631.40
1648464797;WAOU1;801;204338.05:439252.81:6620.76:1442000.30
1648468459;WAOU1;802;187795.69:466713.63:6533.55:1682611.80
1648472122;WAOU1;803;170452.70:483758.88:5309.24:1703601.60
1648475783;WAOU1;804;151529.95:486461.56:5619.51:1661292.90
1648479447;WAOU1;805;146468.91:477083.09:4856.64:1518321.90
1648483109;WAOU1;806;145429.41:468322.44:5033.55:1722997.50
1648486772;WAOU1;807;146488.02:457209.25:5265.22:1697797.30
1648490434;WAOU1;808;153371.72:457747.03:5243.86:1668531.10
1648494097;WAOU1;809;159714.80:462779.06:5491.22:1706405.90
1648497756;WAOU1;810;165483.83:457407.75:6883.71:1579810.30
1648501419;WAOU1;811;166767.97:481720.00:6985.67:1567584.00
1648505083;WAOU1;812;171205.78:478201.78:6878.75:1441042.60
1648508744;WAOU1;813;174199.88:489247.84:6707.04:1407009.50
1648512403;WAOU1;814;180285.67:495357.25:7381.39:1445140.40
1648516065;WAOU1;815;187213.86:484984.34:6719.78:1452587.30
1648519724;WAOU1;816;181608.52:488975.56:6921.00:1425123.80
1648523384;WAOU1;817;184926.22:493857.72:7449.13:1471585.30
1648527045;WAOU1;818;191553.83:502150.06:28394.58:1507995.90
1648530708;WAOU1;819;194608.00:497777.06:29313.94:1514996.30
1648534367;WAOU1;820;196056.30:494527.56:7656.48:1546401.80
1648538030;WAOU1;821;198305.23:499742.28:7003.38:1514655.60
1648541689;WAOU1;822;203669.36:482614.56:6818.92:1530663.60
1648545351;WAOU1;823;196766.53:479784.88:6863.05:1523126.90
1648549013;WAOU1;824;192072.28:476339.72:6741.38:1619781.30
1648552676;WAOU1;825;190591.05:463410.69:6812.07:1666578.30
1648556338;WAOU1;826;189068.16:499507.78:6581.46:1671856.90
1648560001;WAOU1;827;188143.72:517331.44:6135.48:1653210.90
1648563663;WAOU1;828;183877.75:515344.28:6262.94:1573261.00
1648567326;WAOU1;829;187457.45:513469.34:6137.48:1556676.80
1648570988;WAOU1;830;187141.41:518669.75:6676.59:1688619.80
1648574652;WAOU1;831;183706.28:516244.16:6373.64:1648920.30
1648578314;WAOU1;832;180565.72:513504.97:6293.39:1659801.10
1648581977;WAOU1;833;186184.41:497289.88:7448.18:1697932.80
1648585635;WAOU1;834;184429.02:499687.53:6906.25:1636362.50
1648589298;WAOU1;835;188755.17:514096.72:6884.65:1616208.30
1648592960;WAOU1;836;185493.53:497763.97:7291.10:1631875.30
1648596623;WAOU1;837;190168.66:496030.66:7410.89:1647387.60
1648600285;WAOU1;838;190161.81:506330.00:6902.35:1616899.40
1648603948;WAOU1;839;196378.84:487558.06:7071.12:881189.44
1648607607;WAOU1;840;198621.88:497659.03:6978.83:535338.75
1648611270;WAOU1;841;198209.06:483126.41:6729.69:425980.25
1648614929;WAOU1;842;199361.73:501297.63:7153.61:423125.41
1648618588;WAOU1;843;200236.59:511685.88:7079.03:407186.25
1648622250;WAOU1;844;197035.14:500783.91:7345.15:454618.41
1648625913;WAOU1;845;204493.00:504570.00:6295.27:499457.41
1648629576;WAOU1;846;195893.91:508929.94:6329.62:511247.44
1648633238;WAOU1;847;200426.95:506367.66:6729.69:890706.81
1648636896;WAOU1;848;205333.16:497274.53:6640.36:845832.44
1648640560;WAOU1;849;202171.48:503331.53:6529.54:950730.13
1648644222;WAOU1;850;199152.13:494976.16:6698.30:994142.63
1648647885;WAOU1;851;203828.33:500163.13:6705.15:480598.13
1648651548;WAOU1;852;187421.81:505099.56:6024.78:953198.81
1648655210;WAOU1;853;189173.78:501723.69:6767.93:1245315.40
1648658872;WAOU1;854;192268.19:493010.34:6919.94:465583.16
1648662535;WAOU1;855;194551.23:491810.47:6558.92:517405.44
1648666197;WAOU1;856;192127.52:491151.56:6922.89:540206.13
1648669860;WAOU1;857;195154.30:485882.81:6668.80:646379.63
1648673519;WAOU1;858;198496.31:487374.78:6753.18:627716.81
1648677181;WAOU1;859;196003.67:469722.38:6551.13:453233.00
1648680840;WAOU1;860;195279.05:470825.59:7331.35:434173.94
1648684503;WAOU1;861;203435.80:480549.03:7418.68:460162.03
1648688166;WAOU1;862;202091.58:473121.84:7059.32:486283.00
1648691828;WAOU1;863;204518.38:467254.50:6802.16:480378.16
1648695487;WAOU1;864;209117.73:467911.03:6744.33:493699.09
1648699149;WAOU1;865;206513.81:471529.81:6837.56:499900.06
1648702808;WAOU1;866;203784.66:475673.28:7126.11:499464.00
1648706471;WAOU1;867;209283.80:460966.09:7498.34:495328.78
1648710133;WAOU1;868;206060.27:446294.41:7521.94:514389.41
1648713796;WAOU1;869;207298.86:455835.28:7076.08:541997.75
1648717459;WAOU1;870;212407.70:453877.03:7234.10:410970.47
1648721118;WAOU1;871;209165.89:446852.75:6630.56:499652.47
1648724781;WAOU1;872;201139.55:461084.56:7057.31:678456.81
1648728442;WAOU1;873;206673.72:451251.03:6595.27:765641.63
1648732100;WAOU1;874;207269.23:449002.56:6227.65:507879.09
1648735764;WAOU1;875;202203.81:436758.16:6417.78:542431.25
1648739423;WAOU1;876;205489.89:428002.47:6140.43:594748.50
1648743085;WAOU1;877;209914.70:423156.91:6688.39:680355.56
1648746748;WAOU1;878;210371.20:416748.09:6383.55:803544.88
1648750411;WAOU1;879;205670.58:415344.53:5958.22:858110.38
1648754073;WAOU1;880;205388.28:401802.28:6135.48:893809.63
1648757736;WAOU1;881;213173.28:388749.34:6686.50:946540.38
1648761395;WAOU1;882;217640.94:380030.00:6846.41:892458.06
1648765057;WAOU1;883;216303.22:375117.91:6938.58:880342.69
1648768715;WAOU1;884;218016.94:367242.13:7146.65:901970.63
1648772379;WAOU1;885;232777.00:356937.00:7794.09:975055.38
1648776041;WAOU1;886;224617.53:350249.19:8129.38:998607.44
1648779704;WAOU1;887;222284.09:330757.47:7656.48:1020561.50
1648783363;WAOU1;888;227185.34:312554.50:7911.16:1084366.50
1648787025;WAOU1;889;236186.52:309091.06:7795.04:1061449.80
1648790688;WAOU1;890;231274.64:296915.09:7641.73:900551.13
1648794350;WAOU1;891;235719.05:295520.03:8322.22:512713.09
1648798009;WAOU1;892;241846.50:287820.69:7829.50:611430.13
1648801672;WAOU1;893;243214.44:293195.78:7664.39:497779.19
1648805334;WAOU1;894;241903.39:260041.69:8180.60:592331.88
1648808997;WAOU1;895;243244.53:260821.31:7731.19:681058.50
1648812656;WAOU1;896;234219.64:261858.80:7847.20:1043315.40
1648816318;WAOU1;897;242921.77:263619.03:8270.17:1080016.30
1648819980;WAOU1;898;236767.28:270518.53:7779.34:1130953.10
1648823643;WAOU1;899;229210.41:276096.97:7338.19:565014.44
1648827302;WAOU1;900;226734.88:279666.78:7933.71:541224.25
1648830965;WAOU1;901;228327.39:283144.50:7742.99:519906.81
1648834623;WAOU1;902;231392.42:279783.00:7870.80:539053.25
1648838282;WAOU1;903;229922.64:283741.91:8065.53:579485.31
1648841941;WAOU1;904;234788.13:281089.81:7234.10:554563.06
1648845604;WAOU1;905;241085.89:279119.53:7254.75:577786.94
1648849264;WAOU1;906;243832.03:275252.34:7478.75:618909.56
1648852925;WAOU1;907;238851.23:272575.72:7479.69:615746.56
1648856584;WAOU1;908;242581.05:253280.36:7672.30:628627.00
1648860247;WAOU1;909;243369.16:235216.42:7526.78:581001.88
1648863906;WAOU1;910;248049.14:221077.95:7256.64:603051.81
1648867568;WAOU1;911;250738.28:214146.22:7516.99:662452.50
1648871231;WAOU1;912;249302.00:210041.22:8051.72:726562.25
1648874893;WAOU1;913;258014.50:209749.84:7785.36:609331.06
1648878553;WAOU1;914;256952.70:207201.27:7626.04:565207.81
1648882215;WAOU1;915;252354.64:203774.98:7385.40:578418.19
1648885874;WAOU1;916;250296.19:200610.23:7402.98:586256.56
1648889536;WAOU1;917;246056.17:198039.11:7587.68:573288.13
1648893196;WAOU1;918;239286.72:199487.30:7637.84:613725.06
1648896858;WAOU1;919;243578.05:198418.30:7574.93:599828.44
1648900520;WAOU1;920;243680.14:197941.39:6997.48:863281.19
1648904183;WAOU1;921;240498.05:197855.13:7044.56:1109387.90
1648907842;WAOU1;922;236480.61:198582.81:7243.90:1153709.90
1648911500;WAOU1;923;228544.31:189117.48:6820.80:1250096.60
1648915159;WAOU1;924;229138.41:197593.23:7109.47:1158298.00
1648918823;WAOU1;925;226688.14:202443.86:7371.59:1267100.40
1648922485;WAOU1;926;229617.09:199046.03:7459.98:1167657.60
1648926148;WAOU1;927;233638.41:200159.64:7316.59:755014.88
1648929810;WAOU1;928;239019.64:204848.11:8006.52:436772.22
1648933487;WAOU1;929;234478.69:202233.20:7358.84:456613.84
1648937146;WAOU1;930;235652.25:202729.00:7544.49:607124.25
1648940808;WAOU1;931;237687.81:200930.89:7267.50:739920.88
1648944467;WAOU1;932;234036.25:199984.86:7565.14:732734.88
1648948130;WAOU1;933;241100.75:195618.94:7789.25:605936.31
1648951789;WAOU1;934;235546.98:195102.97:7934.77:576269.00
1648955452;WAOU1;935;236311.27:194727.19:7745.94:576879.88
1648959114;WAOU1;936;240991.59:190581.38:7759.75:547936.94
1648962777;WAOU1;937;242392.09:184614.30:8113.68:531180.56
1648966439;WAOU1;938;248008.30:185347.55:7798.10:614861.13
1648970102;WAOU1;939;244993.55:182728.97:9025.48:1115100.10
1648973765;WAOU1;940;245365.66:179991.09:8507.27:1097415.30
1648977427;WAOU1;941;246700.67:185954.97:7767.54:570198.31
1648981086;WAOU1;942;237118.14:185755.53:7316.59:536156.94
1648984748;WAOU1;943;232141.13:185323.11:7727.29:488211.53
1648988408;WAOU1;944;225169.84:179192.70:7007.39:942815.06
1648992070;WAOU1;945;226274.61:174969.81:7312.58:1075077.90
1648995733;WAOU1;946;222687.70:182792.94:7035.83:1119159.60
1648999396;WAOU1;947;226868.00:183945.73:7122.22:1194120.10
1649003058;WAOU1;948;225413.44:184247.97:7108.41:1196227.80
1649006720;WAOU1;949;224435.55:187442.47:6959.24:1202422.90
1649010382;WAOU1;950;221846.02:187681.92:7235.16:1213216.10
1649014045;WAOU1;951;223238.14:186632.63:7278.36:1180703.80
1649017704;WAOU1;952;226003.05:187532.75:7317.66:1135177.00
1649021367;WAOU1;953;233546.83:189329.09:7331.35:1085905.50
1649025025;WAOU1;954;228232.16:188753.88:7459.98:1102085.10
1649028688;WAOU1;955;226226.45:191799.19:7334.30:1087489.80
1649032351;WAOU1;956;226983.42:194500.02:7655.54:1107657.30
1649036013;WAOU1;957;232914.48:196099.38:7468.84:1076337.90
1649039672;WAOU1;958;230619.53:192387.03:7163.41:999099.81
1649043348;WAOU1;959;231084.64:190443.77:8208.10:1154304.50
1649047009;WAOU1;960;239453.83:198659.53:8745.66:1128336.00
1649050671;WAOU1;961;241726.72:199138.33:9118.95:1129355.40
1649054330;WAOU1;962;243489.42:201250.23:8028.12:1072071.50
1649057992;WAOU1;963;244529.86:199765.47:8380.40:1027333.60
1649061652;WAOU1;964;243270.03:200309.41:8755.46:945900.19
1649065314;WAOU1;965;241683.28:200077.27:8186.50:768629.38
1649068976;WAOU1;966;229082.70:196610.86:7603.38:731282.56
1649072646;WAOU1;967;220500.38:194250.64:6452.12:917622.06
1649076309;WAOU1;968;205416.48:200744.66:3931.03:1476224.80
1649079972;WAOU1;969;188642.70:200671.84:4263.84:1599277.50
1649083634;WAOU1;970;180193.84:202617.94:4551.81:1449574.50
1649087297;WAOU1;971;174036.53:203191.27:8987.01:1554258.40
1649090959;WAOU1;972;173116.83:204173.17:4532.33:1574383.90
1649094622;WAOU1;973;185766.50:206523.72:5703.65:1604823.40
1649098282;WAOU1;974;194935.14:208649.33:5803.50:1559125.00
1649101943;WAOU1;975;194408.55:212269.27:6857.15:1643512.60
1649105606;WAOU1;976;201370.86:213924.34:7188.90:1560389.90
1649109269;WAOU1;977;203995.91:216899.80:7911.16:1607932.40
1649112928;WAOU1;978;203555.47:217465.22:7668.29:1567797.10
1649116590;WAOU1;979;212039.48:219943.58:7191.97:1669941.30
1649120251;WAOU1;980;215303.97:216871.00:7473.67:1659004.40
1649123915;WAOU1;981;219963.88:221154.67:7463.88:1531555.00
1649127577;WAOU1;982;218566.20:214287.84:7418.68:1509543.10
1649131240;WAOU1;983;220323.94:216507.27:7840.35:1578076.90
1649134899;WAOU1;984;219258.95:220371.63:7234.10:1536927.80
1649138562;WAOU1;985;215216.52:219306.52:7003.38:1610019.60
1649142218;WAOU1;986;215390.23:217262.34:7054.48:1512100.00
1649145883;WAOU1;987;224952.70:220721.89:7367.58:1598027.00
1649149542;WAOU1;988;223143.73:220358.64:7227.25:1690924.00
1649153205;WAOU1;989;220351.33:225321.50:7216.40:1516025.30
1649156867;WAOU1;990;220517.73:225537.47:7289.10:1610647.30
1649160530;WAOU1;991;220810.17:225832.28:5840.67:1702828.10
1649164192;WAOU1;992;217465.22:230794.55:5801.49:1629826.80
1649167855;WAOU1;993;204466.20:233332.39:5580.33:1514426.10
1649171517;WAOU1;994;198715.34:235514.41:3964.20:1558073.10
1649175180;WAOU1;995;199062.80:241510.98:5371.91:1588971.80
1649178842;WAOU1;996;197945.64:240351.47:5379.70:1589576.00
1649182505;WAOU1;997;194710.67:236577.16:5370.96:1648823.90
1649186167;WAOU1;998;196430.19:239289.78:5358.22:1629413.10
1649189830;WAOU1;999;194560.91:242572.08:5483.43:1579673.40
1649193492;WAOU1;1000;196135.61:239973.45:6614.86:1529528.90
1649197155;WAOU1;1001;196932.11:239482.27:5769.27:1588617.00
1649200814;WAOU1;1002;200538.83:234662.33:5884.69:1557259.40
1649204477;WAOU1;1003;201369.31:240883.84:6097.36:1576131.50
1649208139;WAOU1;1004;203814.41:237031.75:5681.11:1467541.50
1649211802;WAOU1;1005;206412.08:237573.09:6366.79:1368855.50
1649215464;WAOU1;1006;203410.55:232428.73:5724.19:1333101.30
1649219129;WAOU1;1007;209063.69:235478.77:6034.69:1430173.50
1649222791;WAOU1;1008;207929.06:236340.89:6116.95:1465914.50
1649226452;WAOU1;1009;205743.98:234428.42:6507.94:1428890.40
1649230111;WAOU1;1010;210463.72:233398.95:5804.44:1489933.10
1649233774;WAOU1;1011;208253.63:233642.78:5783.90:1523794.10
1649237436;WAOU1;1012;208160.14:233892.73:6146.34:1564036.60
1649241099;WAOU1;1013;205241.58:235962.41:5777.06:1629853.90
1649244761;WAOU1;1014;201641.34:235730.97:5513.76:1650530.50
1649248424;WAOU1;1015;204927.06:236635.09:5431.62:1666034.60
1649252086;WAOU1;1016;202771.02:236208.83:5687.01:1623728.30
1649255749;WAOU1;1017;202186.94:234709.66:5782.96:1484407.80
1649259408;WAOU1;1018;194218.78:235180.89:5613.61:1509747.00
1649263071;WAOU1;1019;203814.41:234022.91:5435.52:1578435.10
1649266730;WAOU1;1020;199319.72:231906.63:5562.74:1571445.30
1649270392;WAOU1;1021;203838.23:235339.52:5882.80:1193898.50
1649274051;WAOU1;1022;205906.38:237283.14:5255.54:1267996.40
1649277714;WAOU1;1023;209415.84:235888.17:6307.08:1190616.80
1649281376;WAOU1;1024;210334.27:236948.55:6694.29:476333.34
1649285039;WAOU1;1025;205964.20:235803.67:6409.87:418129.03
1649288698;WAOU1;1026;204650.78:232045.17:6167.93:477091.59
1649292360;WAOU1;1027;211782.80:234302.48:6511.83:722895.44
1649296019;WAOU1;1028;217690.03:233449.11:6108.10:688447.06
1649299681;WAOU1;1029;220101.13:239315.16:6531.54:940994.56
1649303343;WAOU1;1030;218825.72:237034.83:6620.76:973398.38
1649307007;WAOU1;1031;225506.78:233639.83:6320.77:949938.38
1649310670;WAOU1;1032;212953.30:234268.50:6817.85:1063100.80
1649314333;WAOU1;1033;223654.03:237262.25:7029.81:1074938.90
1649317995;WAOU1;1034;223665.72:240762.75:7443.34:970255.75
1649321657;WAOU1;1035;223944.95:238338.44:6833.55:454645.31
1649325320;WAOU1;1036;219734.09:241466.02:7472.73:556596.25
1649328983;WAOU1;1037;222110.02:238363.81:7219.35:499558.19
1649332645;WAOU1;1038;226423.66:235357.20:6898.34:533590.19
1649336307;WAOU1;1039;209529.50:238949.53:6799.32:535007.94
1649339970;WAOU1;1040;200817.47:231710.72:6102.20:541636.25
1649343633;WAOU1;1041;195810.59:225541.84:6876.74:567975.94
1649347295;WAOU1;1042;192890.97:224646.67:7218.40:556903.31
1649350958;WAOU1;1043;25897.93:213089.14:5913.25:634648.44
1649354618;WAOU1;1044;13525.48:166387.48:6179.62:674554.56
1649358279;WAOU1;1045;14446.13:151216.14:6850.31:887290.56
1649361941;WAOU1;1046;14432.21:149448.13:7378.44:642844.25
1649365600;WAOU1;1047;14786.96:144246.64:6126.74:594892.38
1649369259;WAOU1;1048;13279.88:141168.16:6078.71:629758.19
1649372922;WAOU1;1049;14099.51:138642.13:6085.56:684874.81
1649376584;WAOU1;1050;16085.51:137597.78:6851.25:723883.94
1649380247;WAOU1;1051;16002.54:138217.02:6371.75:584254.75
1649383909;WAOU1;1052;17845.73:136662.03:6657.00:563969.38
1649387572;WAOU1;1053;18194.83:137202.42:6186.46:691029.75
1649391394;WAOU1;1054;16456.55:137948.30:6075.76:1053176.80
1649395057;WAOU1;1055;17189.21:135940.47:6009.20:1052834.50
1649398719;WAOU1;1056;17845.73:138810.64:6072.81:616666.06
1649402378;WAOU1;1057;18071.38:135190.00:6602.12:595547.44
1649406040;WAOU1;1058;15869.77:134619.03:6434.53:629491.31
1649409702;WAOU1;1059;15420.36:127547.91:6459.91:576417.00
1649413365;WAOU1;1060;17805.61:131100.81:6080.60:609795.81
1649417027;WAOU1;1061;17556.95:131512.94:5753.57:573350.94
1649420689;WAOU1;1062;16753.60:127454.32:5921.98:561198.94
1649424367;WAOU1;1063;16598.53:128042.76:7725.29:574471.63
1649428027;WAOU1;1064;15677.99:128203.14:5770.21:546931.13
1649431689;WAOU1;1065;17457.69:126980.95:6983.79:560469.81
1649435351;WAOU1;1066;16963.91:127043.74:5871.12:565319.94
1649439014;WAOU1;1067;17074.96:125424.78:5592.13:539295.75
1649442676;WAOU1;1068;16019.65:126771.59:5532.29:658957.63
1649446339;WAOU1;1069;15105.14:125220.97:10271.63:557695.25
1649450002;WAOU1;1070;16305.49:126601.65:7173.20:695090.94
1649453665;WAOU1;1071;18753.17:127670.06:6866.95:974190.56
1649457327;WAOU1;1072;16293.45:125176.71:7153.61:518218.13
1649460990;WAOU1;1073;17364.46:126157.43:11100.23:511536.69
1649464652;WAOU1;1074;17525.79:126654.64:7452.20:595291.75
1649468480;WAOU1;1075;16793.61:124185.48:10397.08:698614.13
1649472142;WAOU1;1076;16234.45:124399.92:7433.43:963924.81
1649475804;WAOU1;1077;15773.82:124239.41:9748.34:666582.75
1649479463;WAOU1;1078;15460.37:122396.23:8121.59:671392.50
1649483126;WAOU1;1079;14917.61:119444.85:7444.29:631973.50
1649486785;WAOU1;1080;15060.17:118478.29:12412.10:662730.19
1649490447;WAOU1;1081;15012.26:119859.45:10207.43:650700.56
1649494106;WAOU1;1082;16035.59:118251.46:7885.56:636328.31
1649497769;WAOU1;1083;15214.78:113907.48:8166.91:693998.25
1649501431;WAOU1;1084;14040.86:116376.05:7616.24:945700.38
1649505095;WAOU1;1085;15145.97:115074.67:7024.97:958931.38
1649508757;WAOU1;1086;15481.26:112325.11:7088.70:654798.81
1649512419;WAOU1;1087;15415.29:114315.59:6995.59:601467.31
1649516077;WAOU1;1088;15975.63:113822.04:5885.75:1008871.20
1649519740;WAOU1;1089;14397.27:115492.10:4848.85:1133585.90
1649523403;WAOU1;1090;13564.31:117029.16:5417.82:1190978.60
1649527066;WAOU1;1091;15684.96:120304.73:7349.05:601755.06
1649530728;WAOU1;1092;14569.70:116165.74:7117.26:524977.44
1649534391;WAOU1;1093;15524.22:117987.10:7414.78:545598.13
1649538054;WAOU1;1094;17948.88:117772.55:7833.39:624964.44
1649541716;WAOU1;1095;14689.25:118271.99:7446.18:630779.50
1649545375;WAOU1;1096;15281.69:120049.22:9139.72:709056.19
1649549039;WAOU1;1097;14119.46:114686.63:10098.73:773805.50
1649552701;WAOU1;1098;14595.66:116204.45:7579.77:781642.44
1649556362;WAOU1;1099;16086.57:118126.48:7717.38:694045.69
1649560024;WAOU1;1100;16407.58:118366.65:7670.17:698256.63
1649563688;WAOU1;1101;16605.49:118980.69:8115.69:619387.75
1649567351;WAOU1;1102;15443.26:117840.41:7822.65:624632.31
1649571013;WAOU1;1103;16107.58:120726.05:8639.33:631635.94
1649574673;WAOU1;1104;16741.57:119283.16:8638.27:644557.19
1649578334;WAOU1;1105;16505.53:121257.48:8022.22:641973.31
1649581993;WAOU1;1106;16018.59:120145.28:10503.77:623811.50
1649585656;WAOU1;1107;15799.79:118985.53:11513.99:583269.19
1649589318;WAOU1;1108;16257.46:116237.14:10436.62:829313.56
1649592981;WAOU1;1109;15238.73:114850.44:5819.19:1142156.50
1649596643;WAOU1;1110;14407.30:116435.30:4878.12:1539579.00
1649600306;WAOU1;1111;13578.23:123450.47:4581.07:1488124.60
1649603968;WAOU1;1112;13476.86:127551.57:4383.87:1545551.10
1649607631;WAOU1;1113;14091.61:128288.23:4266.79:1587180.30
1649611293;WAOU1;1114;14049.83:125695.04:4503.89:1298906.30
1649614956;WAOU1;1115;14772.92:127365.45:6050.39:1104533.80
1649618614;WAOU1;1116;14387.48:95419.27:8517.18:991123.31
1649622278;WAOU1;1117;16740.62:125363.41:6428.51:894359.94
1649625940;WAOU1;1118;15913.67:128248.81:9044.13:773657.94
1649629603;WAOU1;1119;17438.57:127950.12:8922.93:808242.19
1649633265;WAOU1;1120;16837.75:128752.75:7504.24:840318.44
1649636928;WAOU1;1121;17510.80:127906.92:7499.28:930096.00
1649640590;WAOU1;1122;18972.21:128411.91:7401.09:572866.13
1649644253;WAOU1;1123;19217.57:126918.17:7262.66:721173.44
1649647912;WAOU1;1124;19042.66:127237.17:7148.66:924596.75
1649651571;WAOU1;1125;18934.09:128878.91:7606.33:1056727.90
1649655234;WAOU1;1126;19723.62:129165.69:7324.38:1121917.50
1649658896;WAOU1;1127;20575.94:128939.45:7499.28:1276455.10
1649662555;WAOU1;1128;21816.89:126441.62:8025.17:1283884.30
1649666219;WAOU1;1129;20983.58:127074.55:7783.23:1199881.80
1649669881;WAOU1;1130;22234.56:125620.10:7150.66:1063750.10
1649673543;WAOU1;1131;21238.96:123559.40:7309.75:1014770.60
1649677202;WAOU1;1132;19756.90:123005.08:5590.12:1263128.40
1649680864;WAOU1;1133;22117.13:128728.09:5103.89:1421592.60
1649684527;WAOU1;1134;23367.88:130234.10:5803.50:1511469.60
1649688189;WAOU1;1135;22888.49:135667.73:4817.58:1434629.40
1649691851;WAOU1;1136;25266.54:136168.48:4819.47:1506087.50
1649695514;WAOU1;1137;27273.42:135760.25:5242.80:1428844.10
1649699173;WAOU1;1138;29536.75:134129.61:5140.12:1306707.60
1649702836;WAOU1;1139;31117.59:133478.63:5162.66:1151706.30
1649706498;WAOU1;1140;31791.47:131583.86:5459.95:1095317.60
1649710161;WAOU1;1141;31600.64:133400.27:5937.68:959970.75
1649713824;WAOU1;1142;34818.85:134770.09:6155.07:989953.50
1649717486;WAOU1;1143;34373.10:136416.44:6299.17:956062.63
1649721148;WAOU1;1144;35679.20:134135.88:6475.60:1051640.10
1649724811;WAOU1;1145;35899.53:131407.42:7145.71:1001407.30
1649728470;WAOU1;1146;36301.86:133830.33:8045.82:709925.94
1649732133;WAOU1;1147;37963.30:131795.00:7651.65:807588.00
1649735792;WAOU1;1148;40088.91:134043.58:8137.29:726786.38
1649739454;WAOU1;1149;37606.65:132065.97:7801.05:863980.06
1649743117;WAOU1;1150;40491.35:132980.36:7817.70:806854.31
1649746779;WAOU1;1151;39354.96:132243.70:7569.03:890846.44
1649750441;WAOU1;1152;38300.36:129513.37:8044.88:966147.56
1649754105;WAOU1;1153;37620.11:129284.53:7439.45:947296.06
1649757767;WAOU1;1154;37097.05:128804.68:7864.90:950265.25
1649761430;WAOU1;1155;37429.27:129147.16:7689.88:1080939.10
1649765089;WAOU1;1156;36799.18:136951.64:9862.82:1303950.50
1649768751;WAOU1;1157;37410.63:143760.28:6598.22:1560357.80
1649772413;WAOU1;1158;36299.73:147830.00:4309.63:1493046.10
1649776080;WAOU1;1159;39910.82:147104.42:7881.54:1433671.80
1649779742;WAOU1;1160;39170.85:150248.64:5986.66:1539338.90
1649783405;WAOU1;1161;41500.98:150896.08:6526.59:1491592.30
1649787068;WAOU1;1162;46119.94:147164.50:9777.84:1231488.60
1649790731;WAOU1;1163;47631.62:144169.22:6962.19:1078676.30
1649794393;WAOU1;1164;50285.59:142191.25:6446.22:994337.13
1649798055;WAOU1;1165;49884.93:145876.22:6186.46:930970.19
1649801717;WAOU1;1166;50001.29:144547.81:7023.09:964739.63
1649805377;WAOU1;1167;53611.91:146333.77:6276.63:945167.75
1649809039;WAOU1;1168;52503.25:145808.72:7170.25:854048.69
1649812702;WAOU1;1169;55324.46:144564.34:7074.07:876974.13
1649816364;WAOU1;1170;56803.68:143649.94:6367.85:671346.25
1649820027;WAOU1;1171;55262.02:142911.86:7087.76:802408.50
1649823686;WAOU1;1172;56540.86:143729.84:9466.04:765863.88
1649831028;WAOU1;1173;59026.42:144738.53:8709.20:950737.56
1649834687;WAOU1;1174;59211.23:144092.98:8172.69:807355.06
1649838350;WAOU1;1175;57551.79:143808.67:6570.73:845346.69
1649842009;WAOU1;1176;58754.98:143439.41:7578.83:800697.13
1649845671;WAOU1;1177;57530.20:144098.05:6639.41:820121.06
1649849333;WAOU1;1178;56441.37:143433.03:5271.24:950711.50
1649852996;WAOU1;1179;52904.75:149853.39:5371.91:1272344.10
1649856658;WAOU1;1180;51004.08:157574.44:5761.36:1582709.00
1649860321;WAOU1;1181;51030.87:160635.80:4478.52:1427556.50
1649863983;WAOU1;1182;50752.71:161803.00:4679.74:1550148.50
1649867646;WAOU1;1183;51911.28:158653.47:5796.65:1424766.90
1649871308;WAOU1;1184;55586.81:154992.58:5991.62:1341202.90
1649874972;WAOU1;1185;57211.79:152479.16:6164.98:1073016.90
1649878634;WAOU1;1186;58233.93:151034.88:6259.04:968511.88
1649882297;WAOU1;1187;61353.60:152192.97:6137.48:813349.25
1649885956;WAOU1;1188;60910.68:146286.69:6505.11:1106103.30
1649889618;WAOU1;1189;62243.92:147462.02:6764.04:963088.31
1649893280;WAOU1;1190;63775.55:150473.34:6946.49:1045076.50
1649896943;WAOU1;1191;66036.88:150578.61:6881.70:796779.88
1649900605;WAOU1;1192;68731.68:149330.23:7536.58:779395.25
1649904269;WAOU1;1193;69146.87:146113.31:7138.86:863664.63
1649907931;WAOU1;1194;67955.24:146240.77:7483.59:775253.31
1649911594;WAOU1;1195;68300.21:148490.06:7609.40:802275.25
1649915253;WAOU1;1196;71725.07:149725.11:7114.31:791957.25
1649918915;WAOU1;1197;69938.29:149830.39:9864.70:874163.31
1649922574;WAOU1;1198;71366.77:152595.06:7140.87:919089.50
1649926237;WAOU1;1199;70230.15:150405.36:7349.05:813712.31
1649929896;WAOU1;1200;67085.10:150998.88:13436.02:795299.38
1649933558;WAOU1;1201;70842.06:150726.38:13094.24:799592.94
1649937220;WAOU1;1202;63644.08:153349.66:5594.96:1182020.90
1649940883;WAOU1;1203;60753.72:161762.39:11180.36:1548856.00
1649944545;WAOU1;1204;56826.46:166614.67:5101.88:1544675.40
1649948208;WAOU1;1205;55869.58:170099.13:11657.62:1486822.00
1649951870;WAOU1;1206;57935.59:168306.56:6593.27:1508007.90
1649955533;WAOU1;1207;60079.37:166382.30:5664.47:1509191.60
1649959195;WAOU1;1208;63153.13:164311.69:5964.12:1220631.80
1649962859;WAOU1;1209;65143.48:153588.53:6749.29:1053147.90
1649966521;WAOU1;1210;68992.97:147183.61:6402.08:881569.81
1649970184;WAOU1;1211;71454.70:149439.16:8912.07:917331.25
1649973846;WAOU1;1212;71788.56:152006.27:10284.49:783656.13
1649977509;WAOU1;1213;73302.37:154781.56:9317.22:962128.25
1649981171;WAOU1;1214;73796.03:154920.11:7422.57:1028338.80
1649984834;WAOU1;1215;79161.92:155636.23:7286.15:732866.88
1649988496;WAOU1;1216;77016.02:156135.58:7894.41:821980.00
1649992159;WAOU1;1217;77499.65:156289.81:7698.85:785418.94
1649995821;WAOU1;1218;79466.64:157262.52:8794.88:763571.75
1649999485;WAOU1;1219;82382.73:158047.92:7570.10:754011.19
1650003147;WAOU1;1220;79047.92:157774.72:7740.04:782873.69
1650006810;WAOU1;1221;83770.85:157423.61:12400.18:819522.75
1650010472;WAOU1;1222;80256.65:157848.83:7747.95:840109.75
1650014135;WAOU1;1223;78658.70:155386.28:8699.28:845855.56
1650017798;WAOU1;1224;80140.16:158313.58:5922.93:837774.69
1650021460;WAOU1;1225;79937.77:155803.59:6686.50:796533.81
1650025122;WAOU1;1226;73118.14:164611.80:4828.20:1398924.40
1650028785;WAOU1;1227;69733.17:173625.95:5703.65:1548207.00
1650032447;WAOU1;1228;68417.52:167009.80:4628.99:1382048.60
1650036110;WAOU1;1229;69051.63:169608.89:5871.12:1528996.40
1650039772;WAOU1;1230;67531.09:180797.16:7448.18:1508415.10
1650043435;WAOU1;1231;71647.18:176857.03:4894.65:1468943.50
1650047097;WAOU1;1232;73588.33:169190.88:6276.63:1178672.50
1650050761;WAOU1;1233;78165.03:48738.39:6892.44:1059842.90
1650054423;WAOU1;1234;81631.55:40323.64:6967.03:999936.13
1650058086;WAOU1;1235;83712.90:168551.69:6746.33:865712.56
1650061748;WAOU1;1236;82342.96:170306.48:7286.15:711508.19
1650065411;WAOU1;1237;86148.66:175787.80:7125.17:686874.25
1650069073;WAOU1;1238;86510.15:173952.27:7408.88:635908.06
1650072736;WAOU1;1239;89439.45:177634.53:5976.86:804937.13
1650076398;WAOU1;1240;93833.82:175769.03:8111.79:810624.13
1650080061;WAOU1;1241;92968.05:176339.53:8430.56:896691.00
1650083724;WAOU1;1242;89638.55:161716.48:6560.93:804673.25
1650087387;WAOU1;1243;94470.88:173397.47:11782.48:822579.88
1650091049;WAOU1;1244;95193.62:170275.92:18166.74:906214.38
1650094712;WAOU1;1245;94826.34:169759.00:6492.24:1004650.90
1650098374;WAOU1;1246;99051.48:171389.53:6060.06:1024472.40
1650102037;WAOU1;1247;95494.91:172438.58:11597.20:971364.38
1650105696;WAOU1;1248;91059.47:166167.03:6084.61:957866.88
1650109358;WAOU1;1249;88263.77:162114.80:5277.96:1258626.00
1650113020;WAOU1;1250;84543.39:149531.45:5011.01:1546872.10
1650116683;WAOU1;1251;79519.75:198368.03:7454.08:1730335.60
1650120345;WAOU1;1252;78869.59:39368.65:5501.02:1640988.30
1650124009;WAOU1;1253;81413.81:42979.15:4682.69:1604325.10
1650127671;WAOU1;1254;81200.79:44452.12:4917.19:1539452.30
1650131334;WAOU1;1255;86637.13:129842.64:4767.66:1247241.10
1650134996;WAOU1;1256;89362.38:58564.86:5226.16:1093777.50
1650138659;WAOU1;1257;91812.30:81366.25:5716.28:1023147.00
1650142321;WAOU1;1258;97135.47:83050.83:6035.64:903282.75
1650145984;WAOU1;1259;100309.54:87264.75:6012.15:880190.81
1650149647;WAOU1;1260;101565.72:88305.07:6164.04:883134.25
1650153309;WAOU1;1261;103359.34:52111.79:5981.70:891503.44
1650156971;WAOU1;1262;106212.65:93230.99:6048.38:916347.50
1650160634;WAOU1;1263;109857.84:91268.36:6222.81:993995.38
1650164293;WAOU1;1264;107461.03:89773.20:6653.10:1098353.50
1650167956;WAOU1;1265;111501.47:92695.90:6794.37:1075697.00
1650171615;WAOU1;1266;111682.39:54516.04:6770.76:977770.13
1650175277;WAOU1;1267;114482.94:89880.24:6845.35:1018177.30
1650178939;WAOU1;1268;112667.13:54571.98:7110.42:1119440.80
1650182603;WAOU1;1269;111420.04:104142.51:7112.31:1113303.40
1650186265;WAOU1;1270;112670.78:91671.39:7130.95:1005542.90
1650189928;WAOU1;1271;110479.32:53563.52:6576.63:1069350.50
1650193590;WAOU1;1272;113391.63:187602.61:6293.39:927239.06
1650197253;WAOU1;1273;100769.81:49858.25:4856.64:1435163.50
1650200915;WAOU1;1274;95500.70:52524.73:4252.04:1607192.40
1650204578;WAOU1;1275;89188.66:47995.35:4223.84:1523856.80
1650208240;WAOU1;1276;94448.80:49482.61:4725.64:1511259.50
1650211907;WAOU1;1277;89579.77:44522.93:4564.55:1522347.80
1650215569;WAOU1;1278;92033.12:168241.78:4659.20:1446722.30
1650219232;WAOU1;1279;101170.59:213126.19:5276.08:1114198.90
1650222894;WAOU1;1280;103235.42:210476.59:5357.27:947722.44
1650226557;WAOU1;1281;109210.88:205862.59:5724.19:884739.75
1650230216;WAOU1;1282;109860.32:152969.05:5627.30:889453.69
1650233879;WAOU1;1283;111207.96:197845.33:6823.87:923804.50
1650237541;WAOU1;1284;114788.95:54737.91:6460.85:930219.69
1650241204;WAOU1;1285;118059.80:56999.59:6089.57:1074013.40
1650244866;WAOU1;1286;124370.41:56293.26:6831.66:1180113.00
1650248529;WAOU1;1287;122721.36:58259.90:6700.19:1199465.40
1650252188;WAOU1;1288;128395.75:60049.86:7111.36:1293019.10
1650255850;WAOU1;1289;127223.72:59877.91:8020.21:1390680.10
1650259512;WAOU1;1290;130193.15:60570.55:8386.18:1473645.10
1650263176;WAOU1;1291;131659.63:62452.70:7697.79:1448347.10
1650266839;WAOU1;1292;133536.11:63302.18:8270.17:1444823.90
1650270501;WAOU1;1293;133382.69:62697.82:7797.04:1364583.50
1650274163;WAOU1;1294;132133.11:61837.35:7051.53:1247775.00
1650277826;WAOU1;1295;127872.34:57494.44:6165.93:1092012.60
1650281485;WAOU1;1296;119068.14:56756.12:5906.29:1313572.00
1650285147;WAOU1;1297;113155.95:54923.32:4860.54:1571219.10
1650288809;WAOU1;1298;106061.94:50910.96:4765.65:1645027.10
1650292472;WAOU1;1299;103932.08:51101.56:4194.45:1591528.90
1650296134;WAOU1;1300;101285.90:51724.70:4695.31:1583369.00
1650299797;WAOU1;1301;102286.21:51983.04:4470.73:1601457.30
1650303459;WAOU1;1302;108113.20:55048.41:4991.54:1404006.50
1650307123;WAOU1;1303;113019.05:54477.21:5316.08:1161241.30
1650310785;WAOU1;1304;119465.50:55187.44:5855.42:1093181.80
1650314448;WAOU1;1305;117934.94:54527.84:6044.37:1039558.50
1650318110;WAOU1;1306;125640.99:58294.71:6477.61:1073054.60
1650321773;WAOU1;1307;122184.86:56515.96:6820.80:1049030.10
1650325435;WAOU1;1308;129191.66:59537.43:6835.56:1143575.50
1650329098;WAOU1;1309;136005.61:60362.49:6520.80:1200777.00
1650332761;WAOU1;1310;136592.98:61101.63:6871.91:1234816.80
1650336424;WAOU1;1311;141399.47:60833.26:7335.24:1332622.10
1650340086;WAOU1;1312;145240.94:64066.23:10146.17:1413660.00
1650343748;WAOU1;1313;148198.33:63847.89:7664.39:1399222.80
1650347407;WAOU1;1314;145462.33:64555.76:7567.03:1459967.60
1650351070;WAOU1;1315;149404.58:65241.44:7658.49:1435477.10
1650354726;WAOU1;1316;145449.58:62662.77:7888.51:1410845.10
1650358388;WAOU1;1317;146715.20:63161.98:7669.23:1325140.80
1650362047;WAOU1;1318;140810.80:62778.66:6507.00:1255759.40
1650365709;WAOU1;1319;142631.92:60743.92:6919.94:1227694.40
1650369372;WAOU1;1320;133799.17:56536.49:5196.89:1469511.00
1650373034;WAOU1;1321;123328.09:58677.80:5503.97:1559105.90
1650376696;WAOU1;1322;116893.67:53835.67:7063.33:1533238.90
1650380359;WAOU1;1323;118503.78:56052.27:5413.92:1494124.10
1650384021;WAOU1;1324;118844.73:56295.38:4968.05:1555441.60
1650387685;WAOU1;1325;118855.59:58449.79:5129.26:1504169.50
1650391347;WAOU1;1326;124157.16:57524.77:5579.26:1330004.00
1650395010;WAOU1;1327;132167.94:58651.71:6707.98:1274063.90
1650398672;WAOU1;1328;134635.20:60409.34:5416.87:1178937.30
1650402335;WAOU1;1329;137403.30:61798.05:6458.96:1109954.10
1650405993;WAOU1;1330;140159.70:62718.59:6382.49:1014643.90
1650409656;WAOU1;1331;136976.66:58867.92:6184.57:1041838.60
1650413315;WAOU1;1332;139596.28:64039.91:7124.11:1134918.00
1650416975;WAOU1;1333;147647.19:66196.67:7982.92:1201488.30
1650420637;WAOU1;1334;147876.02:64761.11:6840.51:1245892.60
1650424299;WAOU1;1335;152256.11:66638.53:7738.15:1380433.50
1650427962;WAOU1;1336;156705.13:67858.00:6983.79:1433677.60
1650431624;WAOU1;1337;154409.09:66632.98:8001.57:1442701.50
1650435283;WAOU1;1338;155885.14:67573.11:7909.16:1373744.50
1650438946;WAOU1;1339;158106.45:67613.94:7943.62:1376124.60
1650442609;WAOU1;1340;155621.95:67954.19:7104.52:1326443.60
1650446271;WAOU1;1341;155811.27:68022.63:6597.16:1246811.50
1650449933;WAOU1;1342;151456.66:65631.73:6434.53:1175945.30
1650453596;WAOU1;1343;147281.92:64742.46:5928.83:1261836.10
1650457258;WAOU1;1344;138198.14:58760.29:5016.91:1570714.00
1650460921;WAOU1;1345;127614.59:56814.54:5337.68:1592325.50
1650464583;WAOU1;1346;128122.89:56764.74:4708.18:1506530.60
1650468246;WAOU1;1347;128035.20:61994.67:4369.23:1562646.10
1650471908;WAOU1;1348;124912.70:59091.68:4965.10:1516912.10
1650475572;WAOU1;1349;130774.62:59293.73:5412.98:1430850.10
1650479234;WAOU1;1350;130286.03:59472.17:6042.48:1319112.90
1650482897;WAOU1;1351;131254.83:63003.25:5606.76:1230407.10
1650486560;WAOU1;1352;141092.52:62400.29:5556.84:1205521.60
1650490223;WAOU1;1353;143220.00:63129.05:5998.34:1122252.00
1650493885;WAOU1;1354;145300.64:63820.51:7299.84:1143845.40
1650497547;WAOU1;1355;151102.97:63729.52:6472.65:1178161.90
1650501209;WAOU1;1356;159282.97:65225.98:7443.34:1209904.50
1650504872;WAOU1;1357;162380.92:68660.87:7287.09:1289575.80
1650508535;WAOU1;1358;159576.48:65735.23:7221.35:1412787.10
1650512197;WAOU1;1359;164947.44:68324.52:7113.37:1452139.80
1650515856;WAOU1;1360;166518.25:70612.16:7193.86:1398794.40
1650519519;WAOU1;1361;164956.77:69391.75:8064.59:1409445.60
1650523178;WAOU1;1362;167986.03:70555.40:8019.27:1386557.60
1650526840;WAOU1;1363;171448.06:71949.89:7432.49:1390775.50
1650530499;WAOU1;1364;166996.69:71057.68:7504.24:1391671.50
1650534162;WAOU1;1365;170577.69:71830.81:7337.25:1327355.30
1650537824;WAOU1;1366;164887.02:70334.47:6599.17:1278252.00
1650541487;WAOU1;1367;157472.94:64481.05:5539.26:1451733.40
1650545149;WAOU1;1368;152403.05:64680.86:5313.13:1570591.00
1650548812;WAOU1;1369;142282.47:62982.36:5460.89:1577250.30
1650552474;WAOU1;1370;144504.63:63458.79:5763.37:1508717.50
1650556137;WAOU1;1371;140671.89:61913.83:10147.12:1542589.50
1650559799;WAOU1;1372;140344.98:61689.83:5389.49:1508309.90
1650563462;WAOU1;1373;143784.48:64406.47:5663.53:1419974.10
1650567124;WAOU1;1374;142719.27:64207.73:6006.13:1371595.10
1650570787;WAOU1;1375;149463.47:65850.77:7578.83:1353729.00
1650574449;WAOU1;1376;153101.83:63776.61:7822.65:1361505.90
1650578113;WAOU1;1377;158624.67:67781.76:8596.02:1412758.90
1650581775;WAOU1;1378;156618.27:68670.78:9020.41:1433712.50
1650585438;WAOU1;1379;165294.06:67981.80:8284.92:1446593.40
1650589100;WAOU1;1380;167852.31:74840.73:8630.36:1480881.60
1650592763;WAOU1;1381;167984.73:71360.16:8627.53:1438029.60
1650596425;WAOU1;1382;167596.92:71314.61:98199.63:1440850.00
1650600088;WAOU1;1383;175287.52:71917.67:9364.55:1444754.30
1650603747;WAOU1;1384;175051.48:72917.40:7305.85:1454037.50
1650607409;WAOU1;1385;177438.03:71819.72:7822.65:1464801.40
1650611072;WAOU1;1386;177639.84:74014.02:7708.53:1436645.00
1650614735;WAOU1;1387;177556.52:73511.14:7393.19:1439008.00
1650618397;WAOU1;1388;180761.86:74673.84:7406.88:1447918.50
1650622060;WAOU1;1389;174566.55:70867.55:7417.73:1529372.40
1650625722;WAOU1;1390;171790.44:71770.74:6786.46:1528113.40
1650629385;WAOU1;1391;162854.53:68411.85:6396.30:1636158.50
1650633047;WAOU1;1392;153059.33:67541.01:5539.26:1704282.50
1650636710;WAOU1;1393;143285.86:61312.18:5500.07:1581938.40
1650640372;WAOU1;1394;143971.19:67075.20:5791.81:1631515.00
1650644035;WAOU1;1395;154538.33:69844.11:5826.04:1497583.80
1650647697;WAOU1;1396;154157.02:71452.45:6021.83:1485610.90
1650651361;WAOU1;1397;150736.64:69643.24:6147.28:1518209.80
1650655023;WAOU1;1398;157543.28:69106.98:5939.57:1531938.00
1650658686;WAOU1;1399;153596.31:70082.51:6296.22:1524287.00
1650662348;WAOU1;1400;156941.52:68843.45:6897.40:1499314.30
1650666011;WAOU1;1401;165026.52:72840.45:6649.21:1563894.80
1650669673;WAOU1;1402;166712.52:71037.62:7266.55:1535774.80
1650673336;WAOU1;1403;169988.78:74090.02:7025.92:1527280.60
1650676995;WAOU1;1404;177895.81:73343.67:7032.88:1509093.30
1650680657;WAOU1;1405;177742.16:76550.79:6727.69:1449251.60
1650684320;WAOU1;1406;170589.61:74811.57:6851.25:1525917.50
1650687983;WAOU1;1407;177314.23:74741.00:7119.15:1533471.10
1650691645;WAOU1;1408;182575.67:72803.63:14017.96:1477625.40
1650695308;WAOU1;1409;177268.44:76708.11:6770.76:1459191.30
1650698967;WAOU1;1410;179722.14:329231.41:11350.54:1466945.30
1650702630;WAOU1;1411;176878.52:325815.50:7886.50:1442601.90
1650706292;WAOU1;1412;174921.55:73054.53:17012.89:1499632.50
1650709954;WAOU1;1413;172730.91:169975.56:15346.48:1505699.50
1650713613;WAOU1;1414;171208.38:300376.44:6423.68:1566654.60
1650717276;WAOU1;1415;170755.89:333619.41:9487.87:1589799.30
1650720938;WAOU1;1416;165732.97:328563.31:25717.60:1568585.60
1650724602;WAOU1;1417;176941.66:331232.97:14029.88:1471160.60
1650728264;WAOU1;1418;172147.91:327503.28:6718.84:1489162.50
1650731926;WAOU1;1419;173390.63:326390.13:7113.37:1579451.80
1650735588;WAOU1;1420;175940.75:331243.22:6821.87:1499883.40
1650739251;WAOU1;1421;172039.80:72753.47:6809.12:1514971.40
1650742913;WAOU1;1422;176369.14:70496.63:26921.14:1508945.00
1650746577;WAOU1;1423;175519.55:332014.25:6720.84:1488555.60
1650750239;WAOU1;1424;180314.22:325318.19:40217.78:1479225.40
1650753902;WAOU1;1425;185900.33:71481.37:7408.88:1520541.60
1650757564;WAOU1;1426;188631.84:72857.21:7122.22:1511494.40
1650761227;WAOU1;1427;190869.09:71428.02:7421.63:1508556.80
1650764890;WAOU1;1428;198129.63:68981.88:7130.95:1507466.30
1650768552;WAOU1;1429;192828.89:66553.67:35689.58:1484340.80
1650772215;WAOU1;1430;192414.53:65746.20:26757.80:1414875.10
1650775877;WAOU1;1431;194653.78:69582.35:7567.03:1426667.60
1650779536;WAOU1;1432;195688.44:262671.59:7394.13:1399544.00
1650783198;WAOU1;1433;197374.56:244584.03:6501.21:1413557.40
1650786857;WAOU1;1434;198472.59:224651.05:8111.79:1419773.50
1650790520;WAOU1;1435;195397.06:211134.30:8059.51:1444361.80
1650794179;WAOU1;1436;193493.67:58518.12:7746.88:1454432.90
1650797841;WAOU1;1437;198274.56:57950.69:6861.05:1464914.60
1650801503;WAOU1;1438;191338.80:60976.18:7235.16:1459421.90
1650805166;WAOU1;1439;203427.42:205570.27:7366.63:1541045.60
1650808828;WAOU1;1440;197700.52:207521.08:7272.34:1517849.40
1650812492;WAOU1;1441;193492.38:206931.00:6672.69:1490303.90
1650816151;WAOU1;1442;195607.95:207512.70:7016.12:1562922.80
1650819813;WAOU1;1443;189654.58:211058.77:6556.09:1513893.90
1650823475;WAOU1;1444;189307.02:214086.03:6940.59:1498940.90
1650827138;WAOU1;1445;185688.73:211097.23:6289.37:1563811.10
1650830800;WAOU1;1446;182277.09:212988.94:6594.21:1538650.40
1650834463;WAOU1;1447;184028.70:59502.62:6277.69:1533905.40
1650838125;WAOU1;1448;185023.11:216609.47:6976.94:1499143.00
1650841789;WAOU1;1449;188575.55:219819.42:6757.07:1515163.80
1650845451;WAOU1;1450;182775.23:59773.47:5988.66:1493338.90
1650849114;WAOU1;1451;185198.95:50036.70:6120.84:1458356.50
1650852776;WAOU1;1452;187724.41:34732.70:5603.81:1367565.40
1650856439;WAOU1;1453;182335.39:33936.08:5482.49:1372575.60
1650860098;WAOU1;1454;174545.19:33367.00:5532.29:1398783.00
1650863760;WAOU1;1455;170032.69:35615.94:13560.29:1401790.10
1650867422;WAOU1;1456;165038.31:35415.43:5516.71:1384167.50
1650871085;WAOU1;1457;23514.93:31571.84:5382.65:1371496.00
1650874744;WAOU1;1458;18199.79:113878.69:5846.57:1350896.10
1650878407;WAOU1;1459;19695.54:115091.67:6638.47:1357619.40
1650882070;WAOU1;1460;19414.65:116390.56:5906.29:1385799.30
1650885732;WAOU1;1461;19969.34:119264.99:5953.38:1477318.00
1650889391;WAOU1;1462;21143.02:119308.77:5747.67:1509820.90
1650893054;WAOU1;1463;21792.58:119779.08:5555.78:1551698.10
1650896717;WAOU1;1464;10639.25:112349.07:5528.40:1448499.90
1650900379;WAOU1;1465;12306.83:111817.88:6079.66:1359874.40
1650904041;WAOU1;1466;12110.57:107688.21:5468.80:1384974.50
1650907704;WAOU1;1467;12828.00:106923.70:5687.01:1228928.90
1650911363;WAOU1;1468;12618.52:108002.38:6232.49:1175278.50
1650915025;WAOU1;1469;13025.56:107636.99:6274.74:1143526.50
1650918687;WAOU1;1470;13384.33:105435.98:8956.44:1113692.10
1650922350;WAOU1;1471;12985.79:106930.90:8789.92:1103105.50
1650926013;WAOU1;1472;12325.72:108763.59:5726.19:1085135.50
1650929676;WAOU1;1473;12621.47:23961.38:5774.11:1025045.70
1650933338;WAOU1;1474;12494.48:107684.67:6263.88:963325.63
1650937001;WAOU1;1475;13158.80:106866.70:6946.49:945115.81
1650940659;WAOU1;1476;12152.11:106084.48:14559.78:986958.13
1650944322;WAOU1;1477;13844.83:109060.52:5877.96:1014889.60
1650947985;WAOU1;1478;13284.96:106411.98:8790.87:996957.38
1650951647;WAOU1;1479;12757.42:107249.42:8371.55:1004855.30
1650955309;WAOU1;1480;14849.75:108020.31:8358.69:979756.44
1650958972;WAOU1;1481;13974.18:109383.88:5941.58:1001211.40
1650962635;WAOU1;1482;14493.93:108566.97:6254.09:972763.00
1650966298;WAOU1;1483;13979.14:109988.13:8739.65:991786.06
1650969961;WAOU1;1484;12660.18:109589.12:6040.47:966858.13
1650973624;WAOU1;1485;12978.94:110918.34:5274.07:1300661.40
1650977286;WAOU1;1486;13097.08:110597.70:7607.39:1326608.00
1650980948;WAOU1;1487;11196.17:113724.67:7292.99:1403921.30
1650984610;WAOU1;1488;12464.62:113553.79:7195.86:1359667.40
1650988273;WAOU1;1489;11797.35:116338.64:4757.86:1404006.50
1650991936;WAOU1;1490;12884.53:115349.66:7799.05:1312016.80
1650995598;WAOU1;1491;12965.96:117017.00:5790.75:1240593.80
1650999261;WAOU1;1492;14929.53:115259.13:5711.44:1143782.50
1651002924;WAOU1;1493;15676.93:117719.20:8324.34:1025306.30
1651006586;WAOU1;1494;16162.46:114606.97:8331.07:942959.06
1651010249;WAOU1;1495;17469.73:117467.35:8480.72:980269.94
1651013911;WAOU1;1496;16903.84:117887.73:8792.99:963920.94
1651017574;WAOU1;1497;18227.99:118120.46:6432.53:1004022.30
1651021233;WAOU1;1498;21040.11:119352.45:7123.16:1078747.80
1651024895;WAOU1;1499;20613.36:119268.53:7351.88:1197530.90
1651028557;WAOU1;1500;19904.90:110718.42:7474.74:1222230.30
1651032220;WAOU1;1501;21394.51:128454.99:7748.89:1213024.40
1651035880;WAOU1;1502;22337.71:120316.88:7571.98:1246243.40
1651039542;WAOU1;1503;22221.46:117842.88:7356.84:1154931.10
1651043205;WAOU1;1504;23256.35:119506.70:7467.89:1196931.10
1651046867;WAOU1;1505;24084.24:121625.69:7343.15:1141330.60
1651050530;WAOU1;1506;23506.78:119514.13:6960.30:1102975.50
1651054192;WAOU1;1507;24676.57:119663.66:6348.26:1018300.80
1651057851;WAOU1;1508;24251.83:117393.48:5786.85:1106506.90
1651061513;WAOU1;1509;25750.29:121498.82:4837.05:1390177.00
1651065175;WAOU1;1510;27713.03:122498.78:4832.10:1500042.30
1651068839;WAOU1;1511;30947.77:120344.97:4765.65:1426275.90
1651072501;WAOU1;1512;34239.50:122902.28:4649.52:1405625.90
1651076164;WAOU1;1513;36573.29:123520.22:4690.48:1418117.50
1651079826;WAOU1;1514;39658.50:121337.84:4870.33:1339599.50
1651083489;WAOU1;1515;40575.26:120912.39:4610.46:1244900.90
1651087148;WAOU1;1516;44572.62:119171.41:5244.80:1090464.30
1651090810;WAOU1;1517;44967.97:121746.54:5707.55:1032671.90
1651094469;WAOU1;1518;46770.21:124582.73:5533.35:983818.00
1651098132;WAOU1;1519;45709.95:127905.74:5780.01:957050.56
1651101795;WAOU1;1520;47877.21:128996.34:5606.76:962030.38
1651105457;WAOU1;1521;50439.49:128687.25:5819.19:955872.00
1651109119;WAOU1;1522;49496.41:128252.48:5799.60:943383.31
1651112782;WAOU1;1523;50469.35:127512.15:5676.27:963841.81
1651116441;WAOU1;1524;51070.41:131112.03:6452.12:1018587.80
1651120103;WAOU1;1525;51841.53:132680.36:7000.43:1059996.80
1651123765;WAOU1;1526;53520.56:131826.03:7419.74:1094601.00
1651127429;WAOU1;1527;52674.97:130130.01:7453.14:1122613.40
1651131092;WAOU1;1528;51845.90:34841.63:6984.73:1184539.50
1651134754;WAOU1;1529;52993.85:129691.58:6285.48:1158594.40
1651138416;WAOU1;1530;49188.27:127227.38:6245.23:1134521.50
1651142079;WAOU1;1531;52155.70:128055.03:5587.17:1107275.40
1651145741;WAOU1;1532;50438.43:128032.84:4699.33:1287484.50
1651149404;WAOU1;1533;47387.21:136347.39:4975.84:1519340.90
1651153066;WAOU1;1534;50506.88:31288.60:4835.16:1509518.80
1651156732;WAOU1;1535;50252.43:137713.33:4546.85:1428728.50
1651160392;WAOU1;1536;50095.35:140183.66:4587.92:1394508.60
1651164055;WAOU1;1537;52086.06:136368.88:5853.42:1343985.80
1651167717;WAOU1;1538;54520.29:133886.38:4877.18:1298993.80
1651171380;WAOU1;1539;55864.27:127143.59:4857.59:1230967.30
1651175042;WAOU1;1540;56299.75:126590.55:5026.71:1182174.80
1651178705;WAOU1;1541;59675.51:129564.00:5560.73:1057158.10
1651182367;WAOU1;1542;62856.43:135148.69:5653.73:1006597.30
1651186030;WAOU1;1543;63533.38:138947.78:9495.66:930296.19
1651189692;WAOU1;1544;67779.52:144372.44:9878.63:907895.19
1651193355;WAOU1;1545;66015.98:141178.31:9979.18:916613.13
1651197017;WAOU1;1546;69729.87:145135.31:10181.70:915056.50
1651200681;WAOU1;1547;69785.22:147007.41:6438.43:988421.88
1651204343;WAOU1;1548;71142.18:146582.55:6714.94:928651.81
1651208006;WAOU1;1549;71583.69:148260.98:6233.43:982803.06
1651211668;WAOU1;1550;76978.96:143103.28:7002.43:1061599.40
1651215332;WAOU1;1551;72733.29:143946.98:7798.10:1136417.10
1651218994;WAOU1;1552;73013.34:144359.70:6472.65:1131171.00
1651222656;WAOU1;1553;72838.21:143236.41:6325.72:1060519.50
1651226315;WAOU1;1554;70812.09:140925.63:6204.16:1040103.80
1651229977;WAOU1;1555;70875.34:144789.39:5729.15:1086407.80
1651233635;WAOU1;1556;67831.45:148267.48:5530.40:1173969.00
1651237299;WAOU1;1557;68410.79:149794.39:5160.66:1242152.50
1651240961;WAOU1;1558;67537.70:147136.28:5144.02:1177943.60
1651244624;WAOU1;1559;70549.97:149070.00:5670.37:1192632.90
1651248286;WAOU1;1560;69873.97:148665.31:5634.14:1198310.80
1651251949;WAOU1;1561;70072.59:146120.88:6059.12:1183913.90
1651255611;WAOU1;1562;70895.41:147653.56:5470.81:1135493.50
1651259275;WAOU1;1563;73023.38:149720.03:5763.37:1092723.40
1651262937;WAOU1;1564;73101.50:147492.70:5557.78:1137087.30
1651266599;WAOU1;1565;75385.13:148248.25:5710.50:1106467.90
1651270261;WAOU1;1566;75387.38:144124.72:5689.96:1101544.90
1651273925;WAOU1;1567;75162.09:153076.09:6243.35:1089558.60
1651277587;WAOU1;1568;79550.32:151025.78:5772.22:1083589.00
1651281250;WAOU1;1569;81929.78:149627.63:6838.62:1112539.10
1651284909;WAOU1;1570;81885.52:151625.31:6118.84:1131526.50
1651288571;WAOU1;1571;84482.96:155420.03:17757.46:1137145.30
1651292234;WAOU1;1572;85745.16:156766.14:6762.98:1176797.90
1651295896;WAOU1;1573;81293.66:154419.36:6901.41:1207903.90
1651299558;WAOU1;1574;85676.59:153356.14:6903.30:1199635.60
1651303222;WAOU1;1575;87753.10:150842.03:6791.42:1141003.50
1651306884;WAOU1;1576;86895.95:152169.72:6553.14:1121155.60
1651310547;WAOU1;1577;84773.64:150292.42:6366.79:1093173.00
1651314206;WAOU1;1578;83473.91:151796.44:6006.13:1053391.00
1651317868;WAOU1;1579;80914.24:146273.81:5580.33:1209025.50
1651321527;WAOU1;1580;79563.89:155065.03:5192.99:1356368.40
1651325189;WAOU1;1581;80449.02:156431.33:4948.46:1350312.10
1651328851;WAOU1;1582;77773.21:133999.91:5188.04:1309288.60
1651332515;WAOU1;1583;79588.67:157626.48:4971.95:1332424.80
1651336177;WAOU1;1584;80936.78:158339.55:4988.59:1275051.10
1651339840;WAOU1;1585;79140.45:154521.56:5074.50:1248358.80
1651343502;WAOU1;1586;82529.19:153125.19:5303.46:1187419.10
1651347165;WAOU1;1587;82751.77:126989.57:5532.29:1166219.80
1651350827;WAOU1;1588;84698.46:142738.38:13776.15:1115918.60
1651354490;WAOU1;1589;89717.85:162563.27:6361.95:1098495.80
1651358152;WAOU1;1590;88578.40:40455.70:6217.85:1093794.80
1651361815;WAOU1;1591;91460.02:43590.60:7843.19:994010.69
1651365477;WAOU1;1592;93920.68:43015.03:5660.58:1059411.60
1651369140;WAOU1;1593;93354.91:43671.91:6768.88:1083788.80
1651372799;WAOU1;1594;95844.01:41517.86:6365.85:1113941.40
1651376461;WAOU1;1595;96008.17:44781.86:6707.04:1133136.30
1651380120;WAOU1;1596;98606.67:46247.16:7442.28:1163844.50
1651383783;WAOU1;1597;100399.95:43983.12:13503.65:1176158.50
1651387445;WAOU1;1598;100803.91:47824.11:7706.64:1179522.60
1651391108;WAOU1;1599;103113.87:170412.81:7415.85:1164265.90
1651394771;WAOU1;1600;98994.24:180986.69:6391.34:1116058.90
1651398434;WAOU1;1601;99031.65:163337.58:6666.91:1075482.30
1651402096;WAOU1;1602;96267.92:162324.52:6337.41:1008969.60
1651405759;WAOU1;1603;92266.67:46148.62:26496.51:1241414.60
1651409421;WAOU1;1604;93009.70:68461.66:5090.20:1385459.60
1651413084;WAOU1;1605;91786.93:42937.02:5305.35:1383394.00
1651416746;WAOU1;1606;93906.76:178979.56:5426.67:1218886.40
1651420409;WAOU1;1607;90829.81:179097.00:4761.76:1299159.80
1651424071;WAOU1;1608;93686.41:45130.96:4868.33:1313828.60
1651427734;WAOU1;1609;93609.82:43286.94:5323.99:1275679.50
1651431396;WAOU1;1610;94402.31:148593.69:5973.91:1218246.00
1651435059;WAOU1;1611;97469.34:46985.60:5722.30:1168701.90
1651438721;WAOU1;1612;100201.55:162989.66:11632.84:1150135.60
1651442385;WAOU1;1613;101663.44:45682.33:7272.34:1110886.30
1651446047;WAOU1;1614;103126.85:48209.20:6264.82:1111104.00
1651449710;WAOU1;1615;107405.21:48864.20:6798.26:1098133.80
1651453369;WAOU1;1616;109660.75:48711.83:9156.48:1147439.30
1651457031;WAOU1;1617;109287.23:47933.63:6769.82:1153337.80
1651460693;WAOU1;1618;110305.95:194135.69:7145.71:1177813.50
1651464356;WAOU1;1619;114855.28:212626.27:7254.75:1202565.00
1651468015;WAOU1;1620;113534.55:211885.48:7552.27:1209082.90
1651471678;WAOU1;1621;116043.83:49698.11:7763.64:1244615.30
1651475337;WAOU1;1622;112698.28:50528.24:8123.60:1223467.80
1651478999;WAOU1;1623;113936.40:52048.42:7230.09:1196492.40
1651482658;WAOU1;1624;114331.28:51239.53:6534.49:1147290.50
1651486321;WAOU1;1625;114433.60:49394.09:6506.05:1119924.40
1651489983;WAOU1;1626;112296.31:47751.88:5972.02:1261010.30
1651493646;WAOU1;1627;108057.25:228107.66:5120.53:1320861.90
1651497308;WAOU1;1628;105136.33:212335.00:5364.00:1372851.10
1651500971;WAOU1;1629;102341.56:203694.84:5146.02:1348010.40
1651504633;WAOU1;1630;103217.72:207147.44:5522.61:1364424.60
1651508296;WAOU1;1631;103235.42:206578.95:6006.13:1374704.60
1651511958;WAOU1;1632;101676.41:49294.84:5706.60:1289355.40
1651515621;WAOU1;1633;107640.66:50718.48:5780.95:1261165.00
1651519283;WAOU1;1634;107939.35:204581.75:5410.97:1221708.10
1651522947;WAOU1;1635;108648.05:213439.30:5913.25:1202560.50
1651526609;WAOU1;1636;112188.33:220106.91:8093.03:1170718.80
1651530272;WAOU1;1637;114701.03:219048.06:8521.20:1199824.90
1651533934;WAOU1;1638;113812.48:216227.09:6770.76:1207307.90
1651537597;WAOU1;1639;116781.09:214352.28:6796.37:1239361.40
1651541256;WAOU1;1640;122962.23:209513.81:6408.92:1257054.50
1651544918;WAOU1;1641;121757.52:212227.84:6357.00:1212631.60
1651548577;WAOU1;1642;127253.34:216812.11:6802.16:1244329.40
1651552240;WAOU1;1643;129645.78:226521.61:8111.79:1226345.00
1651555899;WAOU1;1644;127888.39:225928.58:7080.91:1276211.50
1651559557;WAOU1;1645;128390.79:222170.91:6972.93:1226301.90
1651563219;WAOU1;1646;134604.05:231022.80:6442.32:1240088.40
1651566882;WAOU1;1647;128919.63:208121.80:6718.84:1211367.80
1651570541;WAOU1;1648;131865.81:195999.42:6719.78:1162370.50
1651574204;WAOU1;1649;125413.69:204753.58:5982.65:1199290.00
1651577866;WAOU1;1650;121858.89:157171.41:5554.83:1351329.00
1651581529;WAOU1;1651;122541.63:154764.80:5213.41:1488112.90
1651585191;WAOU1;1652;118288.99:154334.16:6062.07:1447179.80
1651588854;WAOU1;1653;118814.41:155005.56:5248.70:1364057.90
1651592516;WAOU1;1654;118302.33:49540.20:5342.52:1289996.60
1651596179;WAOU1;1655;120741.86:233514.14:5544.09:1272728.10
1651599841;WAOU1;1656;115056.50:183700.84:5527.45:1351556.30
1651603505;WAOU1;1657;117158.50:221485.00:5451.21:1335085.60
1651607167;WAOU1;1658;120267.08:227988.92:5398.34:1307119.30
1651610830;WAOU1;1659;125310.54:226468.98:17692.19:1322212.80
1651614492;WAOU1;1660;122983.01:249276.16:6256.09:1352585.40
1651618155;WAOU1;1661;129799.33:250270.33:6321.71:1356514.90
1651621817;WAOU1;1662;131930.36:250147.36:6739.37:1335891.60
1651625480;WAOU1;1663;133305.50:249625.14:6769.82:1360818.00
1651629142;WAOU1;1664;135135.00:249766.28:6304.01:1364736.90
1651632805;WAOU1;1665;136652.00:247339.84:6402.08:1300236.50
1651636467;WAOU1;1666;143062.81:269404.22:6679.66:1249670.40
1651640130;WAOU1;1667;147582.03:230595.92:23712.72:1248027.10
1651643792;WAOU1;1668;149713.55:57850.97:6580.52:1215826.60
1651647455;WAOU1;1669;148038.41:239291.20:7425.64:1218236.00
1651651117;WAOU1;1670;144622.75:242101.30:6126.74:1210616.90
1651654781;WAOU1;1671;141786.45:241058.86:7059.32:1212296.30
1651658440;WAOU1;1672;145268.91:244135.69:6050.39:1263013.30
1651662102;WAOU1;1673;141103.84:246134.55:6016.04:1377707.00
1651665764;WAOU1;1674;139008.09:243223.41:6376.59:1408263.80
1651669427;WAOU1;1675;134900.03:249986.27:6549.13:1415675.30
1651673089;WAOU1;1676;131899.33:249782.92:5630.25:1406339.90
1651676752;WAOU1;1677;130997.91:255973.98:5706.60:1405467.00
1651680414;WAOU1;1678;137181.19:55617.02:6061.01:1396632.80
1651684078;WAOU1;1679;135535.08:55187.44:6171.83:1456523.10
1651687740;WAOU1;1680;135844.17:243542.06:6248.18:1415846.90
1651691404;WAOU1;1681;140007.11:263850.34:6187.52:1442987.50
1651695066;WAOU1;1682;138872.25:264976.69:6280.52:1406612.30
1651698728;WAOU1;1683;137565.09:237952.77:22538.10:1387868.80
1651702390;WAOU1;1684;145900.53:270056.03:6111.99:1295894.30
1651706053;WAOU1;1685;146440.94:289468.91:6527.53:1193282.00
1651709715;WAOU1;1686;147589.70:289984.78:6818.92:1167648.50
1651713378;WAOU1;1687;151703.80:283024.59:26824.13:1165609.40
1651717040;WAOU1;1688;149452.02:285284.75:16389.52:1115270.80
1651720703;WAOU1;1689;151868.55:258921.00:6669.86:1120645.80
1651724362;WAOU1;1690;155255.52:293337.28:7047.63:1103789.10
1651728025;WAOU1;1691;152969.05:272608.75:6506.05:1074236.30
1651731684;WAOU1;1692;155194.63:276549.81:7324.38:1089678.30
1651735346;WAOU1;1693;153260.55:274336.28:6256.09:1099297.10
1651739009;WAOU1;1694;159423.89:276301.28:6232.49:1091387.90
1651742671;WAOU1;1695;160839.73:286233.00:7050.58:1101091.80
1651746334;WAOU1;1696;157163.73:285249.56:6672.69:1093854.40
1651749998;WAOU1;1697;154785.45:282103.59:6580.52:1226287.00
1651753661;WAOU1;1698;153132.86:284011.09:5888.70:1362631.00
1651757324;WAOU1;1699;153341.98:289310.53:6849.25:1331110.00
1651760983;WAOU1;1700;152187.89:279962.88:6270.73:1380866.40
1651764647;WAOU1;1701;156143.23:271740.38:13059.43:1378105.50
1651768309;WAOU1;1702;151793.95:273512.88:6301.17:1410486.80
1651771972;WAOU1;1703;154318.58:271162.22:6407.04:1402518.80
1651775634;WAOU1;1704;152223.89:58293.53:5862.27:1382226.90
1651779297;WAOU1;1705;156976.67:273331.72:6410.93:1360125.50
1651782959;WAOU1;1706;153383.30:276579.91:5946.41:1363664.60
1651786622;WAOU1;1707;156868.81:277956.47:6371.75:1241739.40
1651790284;WAOU1;1708;161825.30:234977.78:6090.51:1156649.80
1651793948;WAOU1;1709;161743.98:62952.73:6392.28:1077198.10
1651797610;WAOU1;1710;166793.11:126599.17:6713.05:1078473.30
1651801273;WAOU1;1711;172377.22:286498.44:6262.94:1123826.10
1651804932;WAOU1;1712;174566.55:286406.72:6439.37:1119313.40
1651808594;WAOU1;1713;170471.36:63873.15:8672.73:1149959.10
1651812256;WAOU1;1714;175958.33:218421.86:8655.03:1157756.30
1651815919;WAOU1;1715;172138.58:283781.91:9280.64:1143607.10
1651819578;WAOU1;1716;172760.19:273126.72:8963.29:1148106.90
1651823242;WAOU1;1717;176119.42:278853.88:9184.10:1129577.00
1651826904;WAOU1;1718;178313.36:279028.78:8418.76:1086727.10
1651830566;WAOU1;1719;166307.00:275110.13:6921.00:1040339.80
1651834228;WAOU1;1720;166425.84:278008.75:6414.94:1024520.80
1651837891;WAOU1;1721;169330.25:57352.46:5577.37:1104676.90
1651841553;WAOU1;1722;158886.67:55838.30:5289.65:1320609.10
1651845216;WAOU1;1723;157769.52:279781.38:5624.35:1417339.40
1651848878;WAOU1;1724;156673.97:281972.59:6251.13:1336388.50
1651852541;WAOU1;1725;157266.30:57569.14:5386.54:1417757.10
1651856204;WAOU1;1726;156470.16:301498.66:5776.12:1431359.50
1651859867;WAOU1;1727;158163.81:285334.66:5463.84:1447150.50
1651863529;WAOU1;1728;157899.58:289502.91:5848.58:1397094.00
1651867192;WAOU1;1729;158984.39:315304.41:6004.24:1393094.90
1651870854;WAOU1;1730;155432.89:303274.81:7173.20:1384323.30
1651874517;WAOU1;1731;158114.25:57362.38:6178.67:1320298.00
1651878176;WAOU1;1732;160161.38:57132.71:6301.17:1205964.40
1651881838;WAOU1;1733;167610.14:283184.63:6622.77:1125101.90
1651885497;WAOU1;1734;173406.67:58674.49:6488.35:1067881.60
1651889160;WAOU1;1735;171429.53:59399.35:40306.89:1085148.80
1651892822;WAOU1;1736;178592.47:60226.30:6936.70:1104911.00
1651896485;WAOU1;1737;181174.92:62237.31:6438.43:1102919.40
1651900147;WAOU1;1738;182885.23:61084.17:6419.78:1140810.90
1651903810;WAOU1;1739;185455.41:62194.71:7081.98:1152975.10
1651907469;WAOU1;1740;186211.55:62732.75:6858.22:1171770.40
1651911132;WAOU1;1741;185148.56:60917.17:6374.58:1133203.30
1651914791;WAOU1;1742;183105.45:59626.54:6404.08:1090840.50
1651918453;WAOU1;1743;181759.00:60302.54:5830.99:1066883.00
1651922115;WAOU1;1744;175030.00:57867.25:6405.03:1027811.80
1651925778;WAOU1;1745;170309.08:56795.07:5556.84:1354548.50
1651929440;WAOU1;1746;167963.61:58066.82:6130.64:1427481.50
1651933103;WAOU1;1747;163186.52:56859.98:6085.56:1469869.50
1651936765;WAOU1;1748;157867.13:58275.12:6142.44:1462126.60
1651940428;WAOU1;1749;158010.16:57231.26:80919.91:1428012.60
1651944090;WAOU1;1750;160612.20:57050.46:5913.25:1469176.30
1651947754;WAOU1;1751;158554.45:57548.61:5654.79:1506857.00
1651951416;WAOU1;1752;159819.23:57797.86:5958.22:1513763.60
1651955079;WAOU1;1753;161780.69:55850.22:5438.35:1530739.30
1651958741;WAOU1;1754;159409.48:55958.21:5687.96:1466921.40
1651962404;WAOU1;1755;161770.19:57417.49:5940.63:1400943.30
1651966066;WAOU1;1756;165453.50:60161.04:6702.20:1330355.30
1651969729;WAOU1;1757;168327.81:59943.29:6518.80:1239670.80
1651973391;WAOU1;1758;170697.36:60895.46:6659.95:1155830.90
1651977054;WAOU1;1759;170492.59:59984.60:6221.75:1082574.90
1651980713;WAOU1;1760;175251.28:62160.84:7274.34:1060565.10
1651984376;WAOU1;1761;183229.02:61857.06:6974.93:1111308.90
1651988035;WAOU1;1762;180625.31:63401.91:6496.14:1148459.10
1651991697;WAOU1;1763;182089.91:61905.09:6641.30:1163734.50
1651995356;WAOU1;1764;185929.02:62756.82:6674.70:1182491.80
1651999018;WAOU1;1765;181947.34:60462.69:6042.48:1120579.60
1652002680;WAOU1;1766;180423.75:59663.59:6432.53:1109222.90
1652006344;WAOU1;1767;182682.95:58671.19:6486.46:1205626.40
1652010006;WAOU1;1768;168740.05:57671.11:6231.54:1471465.50
1652013669;WAOU1;1769;165715.86:58326.11:5781.90:1561161.00
1652017331;WAOU1;1770;162434.73:59892.07:6176.67:1570493.80
1652020994;WAOU1;1771;162997.56:57237.75:6006.13:1514822.80
1652024656;WAOU1;1772;158001.19:58963.52:5704.60:1534760.80
1652028323;WAOU1;1773;158334.23:154304.30:6175.72:1542627.80
1652031985;WAOU1;1774;158513.97:303626.75:5677.22:1525623.60
1652035648;WAOU1;1775;159972.08:308484.69:6882.65:1562910.30
1652039310;WAOU1;1776;159228.22:307101.03:5773.17:1494532.50
1652042973;WAOU1;1777;163815.89:59937.87:5918.09:1499620.30
1652046635;WAOU1;1778;166847.17:61802.42:6727.69:1491878.30
1652050298;WAOU1;1779;163671.44:61822.13:6632.57:1482233.00
1652053960;WAOU1;1780;167933.05:62303.99:6744.33:1444467.50
1652057624;WAOU1;1781;171757.16:62214.30:6379.66:1317329.60
1652061286;WAOU1;1782;174707.23:63788.77:6606.01:1224130.80
1652064949;WAOU1;1783;171171.08:63310.91:6540.40:1165848.00
1652068611;WAOU1;1784;182545.81:64990.77:6085.56:1144092.80
1652072274;WAOU1;1785;179697.83:64969.88:7277.29:1168044.00
1652075936;WAOU1;1786;184046.52:62437.35:7090.71:1200995.10
1652079599;WAOU1;1787;186259.45:323808.16:7427.65:1185343.00
1652083261;WAOU1;1788;185578.27:316139.41:7378.44:1157487.40
1652086924;WAOU1;1789;181979.92:317430.97:6996.53:1106155.10
1652090586;WAOU1;1790;177984.56:63397.42:6824.82:1142403.40
1652094249;WAOU1;1791;177742.16:308321.59:6088.51:1431255.50
1652097912;WAOU1;1792;172066.47:314625.00:6365.85:1534031.30
1652101575;WAOU1;1793;168114.55:308929.38:6120.84:1549562.80
1652105237;WAOU1;1794;160070.03:151927.78:6086.62:1474760.40
1652108900;WAOU1;1795;161479.50:306599.47:5934.73:1511067.90
1652112562;WAOU1;1796;159519.13:61625.51:5588.23:1556055.50
1652116225;WAOU1;1797;157064.95:59390.62:5965.06:1571730.60
1652119887;WAOU1;1798;160651.38:61054.66:5798.54:1602339.80
1652123550;WAOU1;1799;162459.64:60679.61:6102.20:1520379.40
1652127212;WAOU1;1800;158418.97:59561.27:6439.37:1536096.50
1652130876;WAOU1;1801;162669.47:63214.50:6123.79:1514612.10
1652134538;WAOU1;1802;163630.61:64113.43:6242.40:1463201.80
1652138201;WAOU1;1803;166221.20:61976.14:6328.67:1350722.90
1652141863;WAOU1;1804;171076.55:63951.04:6618.88:1296751.30
1652145525;WAOU1;1805;172362.58:77783.24:7563.13:1204299.10
1652149187;WAOU1;1806;173169.00:312206.13:7359.79:1136761.00
1652152851;WAOU1;1807;175475.28:63962.02:6856.21:1165145.80
1652156513;WAOU1;1808;180630.63:69796.31:7489.37:1183680.40
1652160176;WAOU1;1809;180088.34:64977.55:6643.31:1193555.40
1652163838;WAOU1;1810;187634.00:67932.12:6722.73:1202598.50
1652167501;WAOU1;1811;186202.11:68352.14:7024.97:1192764.60
1652171163;WAOU1;1812;190159.11:66640.66:6615.93:1139511.30
1652174826;WAOU1;1813;186691.28:67732.08:6799.32:1149954.60
1652178488;WAOU1;1814;183167.88:68080.11:6666.91:1417219.10
1652182152;WAOU1;1815;174880.00:66182.27:5859.32:1547577.50
1652185814;WAOU1;1816;169538.55:85241.58:6057.11:1560312.60
1652189477;WAOU1;1817;167352.28:259064.16:6216.91:1563476.30
1652193139;WAOU1;1818;164249.97:310968.34:6084.61:1462672.80
1652196802;WAOU1;1819;163159.02:64314.18:5721.36:1567009.50
1652200467;WAOU1;1820;157472.94:63744.86:5912.19:1599151.60
1652204131;WAOU1;1821;163687.14:63653.88:6341.30:1557368.60
1652207793;WAOU1;1822;160916.80:62772.17:5990.55:1564481.00
1652211456;WAOU1;1823;164161.80:66164.57:6211.95:1595371.10
1652215118;WAOU1;1824;165322.97:63831.49:6709.99:1583035.80
1652218781;WAOU1;1825;168125.17:63639.59:6319.70:1510475.30
1652222443;WAOU1;1826;168937.48:67970.83:6385.44:1575988.40
1652226106;WAOU1;1827;167354.88:66792.77:6352.16:1489647.80
1652229768;WAOU1;1828;172722.89:66224.17:6658.06:1463843.50
1652233431;WAOU1;1829;177960.48:70133.61:6831.66:1384941.50
1652237094;WAOU1;1830;178095.16:70155.80:6733.59:1366391.80
1652240757;WAOU1;1831;180944.67:69793.01:6559.99:1328517.30
1652244416;WAOU1;1832;180837.88:69367.32:6900.35:1313509.00
1652248078;WAOU1;1833;187477.98:70051.47:6622.77:1277876.00
1652251740;WAOU1;1834;187056.44:69393.88:7508.14:1216220.50
1652255403;WAOU1;1835;187483.42:69165.75:7082.92:1174426.90
1652259065;WAOU1;1836;182695.11:69286.48:6888.55:1303550.60
1652262728;WAOU1;1837;175993.14:67961.98:6550.19:1602970.00
1652266390;WAOU1;1838;175771.75:68404.18:6382.49:1598701.80
1652270053;WAOU1;1839;168239.06:68359.93:5976.86:1648851.50
1652273715;WAOU1;1840;163670.03:63971.93:6015.10:1641083.90
1652277380;WAOU1;1841;158945.33:67516.70:5741.89:1651349.50
1652281041;WAOU1;1842;155308.50:67016.77:6053.22:1599429.80
1652284704;WAOU1;1843;157873.61:64944.51:6108.10:1689590.60
1652288366;WAOU1;1844;152705.88:68060.28:5910.30:1651473.10
1652292029;WAOU1;1845;153584.63:66839.04:5640.04:1651879.90
1652295691;WAOU1;1846;157255.91:67621.61:6104.20:1663161.40
1652299354;WAOU1;1847;158051.81:69101.43:5972.02:1637943.50
1652303016;WAOU1;1848;162698.27:71072.08:21632.91:1632350.10
1652306679;WAOU1;1849;163833.00:72457.95:6775.72:1631216.80
1652310341;WAOU1;1850;169910.42:73263.30:6576.63:1648706.90
1652314004;WAOU1;1851;170289.14:73924.55:6831.66:1615330.40
1652317662;WAOU1;1852;173802.39:76316.17:8974.26:1659718.10
1652321326;WAOU1;1853;168957.44:75351.50:9587.48:1497382.10
1652324988;WAOU1;1854;172205.14:334961.38:10272.69:1571620.60
1652328651;WAOU1;1855;180986.69:343597.63:9776.90:1537407.00
1652332313;WAOU1;1856;177232.20:346923.00:16212.49:1589280.50
1652335976;WAOU1;1857;185433.58:349299.16:15262.69:1608825.00
1652339638;WAOU1;1858;183839.64:351959.38:9497.67:1582650.00
1652343301;WAOU1;1859;186699.55:78946.30:15665.01:1630023.10
1652346963;WAOU1;1860;183256.16:77252.17:9975.29:1591325.30
1652350627;WAOU1;1861;183518.52:75182.27:9379.30:1652913.60
1652354289;WAOU1;1862;172410.61:73482.11:8960.34:1629982.30
1652357952;WAOU1;1863;169392.67:73914.52:9208.76:1676082.10
1652361614;WAOU1;1864;171421.52:72325.42:10251.80:1561546.40
1652365281;WAOU1;1865;166072.03:71933.25:10484.06:1535780.90
1652368943;WAOU1;1866;170661.48:72875.03:6509.00:1618988.00
1652372606;WAOU1;1867;175814.70:73527.90:6649.21:1605481.60
1652376268;WAOU1;1868;172139.89:75853.78:6545.23:1634293.60
1652379930;WAOU1;1869;171566.67:74635.84:6883.71:1654024.90
1652383592;WAOU1;1870;173401.38:356002.53:7165.41:1647614.50
1652387256;WAOU1;1871;171838.58:76823.88:28777.79:1583081.30
1652390918;WAOU1;1872;176988.73:74952.72:11406.95:1621921.40
1652394581;WAOU1;1873;172235.83:71363.46:6861.05:1632383.60
1652398243;WAOU1;1874;178263.56:77149.85:7120.21:1587645.80
1652401907;WAOU1;1875;181975.80:75501.62:7487.48:1599383.30
1652405570;WAOU1;1876;181272.53:76372.23:7076.08:1587075.30
1652409232;WAOU1;1877;181021.97:74745.48:7065.22:1533346.00
1652412894;WAOU1;1878;180633.47:79754.73:22191.95:1572080.60
1652416557;WAOU1;1879;181726.42:73414.02:7222.30:1549091.60
1652420219;WAOU1;1880;183755.25:76088.28:7447.24:1566893.10
1652423883;WAOU1;1881;184651.00:76302.72:7397.08:1554213.80
1652427545;WAOU1;1882;183351.41:79345.80:6777.73:1534798.80
1652431206;WAOU1;1883;185261.63:75802.21:6967.03:1529504.00
1652434865;WAOU1;1884;183417.95:78607.95:7144.76:1565254.00
1652438528;WAOU1;1885;186717.25:75157.60:7839.29:1548836.60
1652442190;WAOU1;1886;185076.34:71776.29:6977.88:1557823.50
1652445854;WAOU1;1887;186126.92:75579.04:6858.22:1579562.50
1652449516;WAOU1;1888;180633.47:74098.98:9070.68:1609498.90
1652453179;WAOU1;1889;178053.38:155760.86:8766.32:1481937.50
1652456841;WAOU1;1890;181310.41:343171.00:9697.00:1574292.80
1652460504;WAOU1;1891;184907.22:343162.25:8952.43:1571750.00
1652464166;WAOU1;1892;175288.81:73565.90:8792.99:1589885.00
1652467829;WAOU1;1893;180705.09:74825.02:9574.62:1520995.80
1652471491;WAOU1;1894;183525.36:72615.16:6760.02:1546757.50
1652475154;WAOU1;1895;186609.27:70733.13:6847.36:1624531.00
1652478817;WAOU1;1896;185885.34:72617.40:6684.49:1562112.40
1652482480;WAOU1;1897;194335.14:74714.21:7285.08:1577439.10
1652486142;WAOU1;1898;194188.45:73386.05:6973.99:1610914.30
1652489805;WAOU1;1899;202460.75:74579.91:7306.80:1590463.50
1652493464;WAOU1;1900;202615.23:78147.09:7068.17:1502702.40
1652497126;WAOU1;1901;200078.69:77017.20:7224.30:1454993.10
1652500784;WAOU1;1902;207603.34:80303.03:7092.72:1554878.80
1652504448;WAOU1;1903;213595.19:78847.05:7481.58:1604458.00
1652508110;WAOU1;1904;219036.50:78455.71:6982.72:1579765.00
1652511773;WAOU1;1905;219439.41:80002.32:7618.13:1580254.30
1652515435;WAOU1;1906;218844.59:79428.29:7383.39:1565196.50
1652519098;WAOU1;1907;211730.05:78624.95:7317.66:1561842.40
1652522761;WAOU1;1908;209113.38:76923.84:7455.15:1592918.00
1652526423;WAOU1;1909;200993.80:74368.42:6101.25:1579967.00
1652530085;WAOU1;1910;173087.44:65835.42:5514.71:1694071.80
1652533753;WAOU1;1911;168089.42:63635.23:5150.86:1723055.50
1652537414;WAOU1;1912;163986.91:61813.39:5360.10:1708661.50
1652541081;WAOU1;1913;172700.23:60533.50:5436.46:1637950.50
1652544756;WAOU1;1914;187842.31:62483.38:5592.13:1584782.10
1652548421;WAOU1;1915;211631.73:66126.09:5877.96:1656235.90
1652552083;WAOU1;1916;232442.06:68933.13:5715.34:1637862.00
1652555746;WAOU1;1917;240058.55:67818.23:6048.38:1637227.80
1652559408;WAOU1;1918;242687.61:72812.48:5947.48:1576808.00
1652563072;WAOU1;1919;241620.27:71396.87:6224.70:1576287.50
1652566734;WAOU1;1920;247788.91:73750.24:6342.24:1615893.10
1652570397;WAOU1;1921;252142.80:79130.30:6850.31:1597980.90
1652574059;WAOU1;1922;248966.95:82078.48:7560.18:1609712.30
1652577722;WAOU1;1923;258049.91:78115.46:7723.40:1605887.60
1652581384;WAOU1;1924;244441.00:78070.50:7213.45:1541786.10
1652585047;WAOU1;1925;239255.44:76070.34:7449.13:1539983.00
1652588709;WAOU1;1926;244225.84:83009.88:7399.09:1622568.10
1652592372;WAOU1;1927;241958.97:82113.65:7471.79:1576248.50
1652596034;WAOU1;1928;240421.80:82327.02:7467.89:1641651.50
1652599697;WAOU1;1929;241302.80:81472.82:7727.29:1603069.90
1652603359;WAOU1;1930;232132.27:80195.52:8170.80:1602618.30
1652607022;WAOU1;1931;231019.72:79524.35:7144.76:1601894.60
1652610684;WAOU1;1932;224952.70:80076.91:6863.05:1648473.40
1652614348;WAOU1;1933;204554.95:72035.69:6324.66:1671094.80
1652618010;WAOU1;1934;205910.63:68531.29:6220.80:1711908.90
1652621677;WAOU1;1935;212137.92:376110.31:5898.50:1668984.80
1652625339;WAOU1;1936;218100.50:367808.03:5769.27:1489994.00
1652629006;WAOU1;1937;239894.38:367811.69:6221.75:1616221.90
1652632668;WAOU1;1938;257508.69:369074.34:6113.05:1664545.00
1652636331;WAOU1;1939;269012.75:362908.91:6226.71:1653845.50
1652639993;WAOU1;1940;281934.22:353866.53:6349.21:1653866.10
1652643656;WAOU1;1941;284163.34:356283.41:6298.22:1657481.00
1652647318;WAOU1;1942;286334.28:73144.94:6436.42:1661952.60
1652650982;WAOU1;1943;289774.47:356974.53:6122.73:1646481.30
1652654643;WAOU1;1944;282242.63:74892.18:6426.63:1648693.10
1652658306;WAOU1;1945;281713.91:72954.22:6597.16:1665505.60
1652661968;WAOU1;1946;284379.78:74051.90:6417.78:1626828.10
1652665631;WAOU1;1947;283601.00:77990.48:6223.75:1623802.60
1652669293;WAOU1;1948;274461.03:76381.20:6630.56:1596137.00
1652672957;WAOU1;1949;282434.38:77032.89:7261.60:1583048.90
1652676619;WAOU1;1950;272235.69:370240.84:7285.08:1651707.80
1652680282;WAOU1;1951;274443.56:79487.06:7132.96:1637888.90
1652683944;WAOU1;1952;269258.47:85129.58:7393.19:1478316.50
1652687607;WAOU1;1953;270575.06:80840.60:7849.21:1599324.00
1652691269;WAOU1;1954;264717.19:83403.23:7532.68:1584651.10
1652694932;WAOU1;1955;269632.81:83396.50:6870.02:1626273.40
1652698594;WAOU1;1956;261481.38:80524.79:6722.73:1643896.50
1652702257;WAOU1;1957;261320.52:79593.16:7352.94:1631983.60
1652705919;WAOU1;1958;258580.75:76515.98:6293.39:1691619.80
1652709582;WAOU1;1959;256618.13:67850.21:6541.34:1630843.80
1652713244;WAOU1;1960;266117.69:69170.12:5751.57:1604571.00
1652716911;WAOU1;1961;287888.44:69304.18:5733.04:1593122.40
1652720603;WAOU1;1962;298663.88:374913.59:6353.10:1699195.80
1652724267;WAOU1;1963;305208.28:372718.97:6178.67:1654363.40
1652727929;WAOU1;1964;305092.41:375121.44:6528.59:1595094.00
1652731593;WAOU1;1965;312584.59:371189.69:6296.22:1664677.10
1652735262;WAOU1;1966;308240.03:378295.63:6637.41:1611074.50
1652738925;WAOU1;1967;306964.84:378306.72:6921.00:1643704.60
1652742587;WAOU1;1968;302194.00:80330.17:6898.34:1641507.80
1652746250;WAOU1;1969;308752.81:382385.88:6833.55:1640660.30
1652749912;WAOU1;1970;302218.78:385168.00:7205.66:1631942.50
1652753575;WAOU1;1971;298780.38:383336.84:7472.73:1497388.30
1652757237;WAOU1;1972;304958.22:382592.41:7236.11:1594045.00
1652760900;WAOU1;1973;292898.38:389481.78:7547.44:1617275.50
1652764562;WAOU1;1974;294910.09:390220.69:7624.15:1599866.60
1652768225;WAOU1;1975;288725.78:396288.88:8122.53:1607106.00
1652771887;WAOU1;1976;295673.44:400250.97:8209.04:1592569.10
1652775550;WAOU1;1977;292778.13:400839.03:7477.69:1570131.00
1652779212;WAOU1;1978;287656.28:401410.34:7118.21:1647394.30
1652782875;WAOU1;1979;282963.81:400583.06:6698.30:1625550.80
1652786537;WAOU1;1980;275190.72:395852.69:6860.10:1729145.30
1652790201;WAOU1;1981;277022.00:399520.31:6398.18:1754507.10
1652793863;WAOU1;1982;290366.56:395594.81:5814.24:1731270.80
1652797530;WAOU1;1983;305975.63:386380.88:5669.31:1559535.60
1652801192;WAOU1;1984;320296.31:376517.69:5782.96:1645829.60
1652804859;WAOU1;1985;329888.28:383880.91:5926.82:1650495.50
1652808522;WAOU1;1986;339246.34:377222.38:5926.82:1718093.10
1652812188;WAOU1;1987;347655.88:370666.66:6178.67:1719020.30
1652815850;WAOU1;1988;352096.28:372698.78:7008.33:1682858.30
1652819517;WAOU1;1989;346794.25:375463.94:6821.87:1677065.40
1652823179;WAOU1;1990;340382.97:377270.41:6962.19:1627930.60
1652826841;WAOU1;1991;342043.56:77472.63:6991.69:1621996.00
1652830500;WAOU1;1992;338222.88:76572.16:6498.15:1606726.30
1652834163;WAOU1;1993;339005.56:81616.68:6745.39:1606373.60
1652837825;WAOU1;1994;338088.81:74931.36:6868.96:1584219.60
1652841488;WAOU1;1995;334653.00:79857.63:7453.14:1551615.00
1652845150;WAOU1;1996;336236.66:80986.70:6960.30:1577862.50
1652848813;WAOU1;1997;338114.91:82272.62:7650.58:1580795.00
1652852475;WAOU1;1998;324004.19:414598.06:7771.43:1624031.80
1652856139;WAOU1;1999;324783.69:414644.81:8202.31:1550046.90
1652859801;WAOU1;2000;322218.22:411713.13:8121.59:1617664.50
1652863464;WAOU1;2001;324566.88:411550.16:7569.03:1624807.90
1652867126;WAOU1;2002;320208.28:417359.91:7465.89:1599416.30
1652870789;WAOU1;2003;318667.56:416201.09:6857.15:1664948.40
1652874450;WAOU1;2004;301762.31:412264.28:6509.00:1701912.10
1652878118;WAOU1;2005;314525.97:408654.59:6148.34:1705666.40
1652881780;WAOU1;2006;328093.13:397550.00:6214.90:1700796.40
1652885447;WAOU1;2007;349736.75:394210.38:6429.58:1607925.50
1652889108;WAOU1;2008;368871.97:388327.09:5898.50:1729590.40
1652892772;WAOU1;2009;379761.28:384139.97:6166.87:1690909.80
1652896434;WAOU1;2010;397945.59:384565.19:5820.14:1709524.90
1652900097;WAOU1;2011;396474.88:379448.19:6423.68:1720912.90
1652903759;WAOU1;2012;399724.47:379692.72:6545.23:1722132.60
1652907422;WAOU1;2013;396351.56:70935.41:7005.38:1685336.40
1652911084;WAOU1;2014;397092.00:75483.68:7015.18:1630843.80
1652914747;WAOU1;2015;387652.28:76966.57:7242.95:1636226.30
1652918409;WAOU1;2016;382960.72:80636.90:7061.32:1707001.50
1652922073;WAOU1;2017;383286.56:404107.16:7606.33:1670591.00
1652925735;WAOU1;2018;373084.00:235194.23:7078.08:1569063.90
1652929398;WAOU1;2019;366689.47:80738.75:7207.66:1576339.90
1652933061;WAOU1;2020;367678.81:82735.95:6991.69:1613722.80
1652936723;WAOU1;2021;362780.50:402987.19:7270.45:1617262.10
1652940385;WAOU1;2022;363279.47:423119.38:7172.26:1637602.60
1652944049;WAOU1;2023;358000.09:432757.50:7027.92:1566751.00
1652947711;WAOU1;2024;357531.91:424554.34:7182.05:1654826.00
1652951373;WAOU1;2025;358111.38:433399.28:7419.74:1656381.00
1652955035;WAOU1;2026;353470.72:431100.53:7708.53:1727065.50
1652958698;WAOU1;2027;344448.06:429059.44:7224.30:1782380.50
1652962360;WAOU1;2028;347371.47:431477.47:7343.15:1745109.60
1652966024;WAOU1;2029;357293.53:425808.16:7621.20:1699381.50
1652969686;WAOU1;2030;347247.78:428671.97:7706.64:1608971.60
1652973349;WAOU1;2031;356731.06:426067.34:7286.15:1707339.50
1652977011;WAOU1;2032;358163.44:419269.44:6878.75:1652431.80
1652980674;WAOU1;2033;381627.50:417641.63:7753.85:1707051.80
1652984336;WAOU1;2034;394749.69:410705.03:7506.25:1683916.60
1652987999;WAOU1;2035;387938.94:409427.63:7650.58:1669948.50
1652991661;WAOU1;2036;395054.66:415648.91:7251.80:1676285.90
1652995324;WAOU1;2037;385943.38:415243.16:7748.89:1673642.30
1652998986;WAOU1;2038;383104.13:415617.63:7619.07:1684192.30
1653002650;WAOU1;2039;384942.13:416810.66:7970.17:1645568.50
1653006312;WAOU1;2040;381024.06:415428.44:7559.24:1661723.30
1653009975;WAOU1;2041;377780.13:416861.41:7976.90:1664934.60
1653013637;WAOU1;2042;368556.63:422597.16:7466.95:1595378.00
1653017300;WAOU1;2043;362336.28:429242.34:7750.90:1697904.00
1653020962;WAOU1;2044;367151.16:423715.13:7880.60:1570701.00
1653024625;WAOU1;2045;354274.88:435137.91:7601.49:1627788.50
1653028287;WAOU1;2046;362587.19:431601.16:8179.65:1673347.60
1653031950;WAOU1;2047;362271.25:438591.56:7918.01:1611709.40
1653035612;WAOU1;2048;359561.09:439892.47:7621.20:1643533.30
1653039275;WAOU1;2049;358064.75:85275.80:7809.91:1661640.40
1653042937;WAOU1;2050;351582.56:89228.91:7792.09:1731417.30
1653046601;WAOU1;2051;343099.13:79051.23:7160.46:1689718.00
1653050262;WAOU1;2052;346210.41:77344.34:6991.69:1720535.40
1653053926;WAOU1;2053;357177.16:71517.01:6891.50:1693211.10
1653057588;WAOU1;2054;369660.06:75667.55:7060.26:1683507.30
1653061255;WAOU1;2055;381826.34:77817.00:7276.35:1749103.90
1653064917;WAOU1;2056;385076.53:79510.78:7076.08:1697383.00
1653068584;WAOU1;2057;390070.09:81392.33:7678.08:1717738.10
1653072246;WAOU1;2058;391451.94:79667.74:7826.55:1738117.60
1653075909;WAOU1;2059;389632.13:83330.52:7747.95:1716305.60
1653079571;WAOU1;2060;386539.97:83760.70:7908.21:1718100.30
1653083234;WAOU1;2061;392336.13:85499.56:7600.54:1667449.40
1653086896;WAOU1;2062;379863.13:85997.72:7567.97:1626463.30
1653090559;WAOU1;2063;384660.41:84040.75:7658.49:1627118.60
1653094221;WAOU1;2064;377456.88:86328.28:8080.28:1672773.90
1653097884;WAOU1;2065;376840.47:85699.48:7839.29:1665031.90
1653101546;WAOU1;2066;369021.59:100239.09:7644.68:1671640.10
1653105209;WAOU1;2067;369568.72:88042.24:7545.55:1630586.00
1653108871;WAOU1;2068;367198.47:112658.74:7300.78:1698753.30
1653112535;WAOU1;2069;368195.84:87677.45:7416.79:1600072.00
1653116197;WAOU1;2070;367560.44:89569.51:7560.18:1635041.90
1653119860;WAOU1;2071;363228.84:91918.64:8135.40:1657868.80
1653123523;WAOU1;2072;357962.44:463223.03:7972.06:1660855.50
1653127185;WAOU1;2073;355167.69:461648.34:7598.54:1654169.90
1653130847;WAOU1;2074;346681.31:454138.56:8351.84:1750712.10
1653134509;WAOU1;2075;338750.91:455847.56:6667.85:1740470.90
1653138171;WAOU1;2076;349724.38:446441.13:6436.42:1687989.10
1653141839;WAOU1;2077;374034.97:441042.19:6504.05:1664524.50
1653145500;WAOU1;2078;377174.47:425042.47:6426.63:1720999.90
1653149170;WAOU1;2079;402330.41:427460.66:6278.63:1777350.30
1653152829;WAOU1;2080;420264.31:419514.56:18704.90:1765911.90
1653156493;WAOU1;2081;427724.53:79574.04:6950.39:1719005.90
1653160155;WAOU1;2082;433137.41:433551.50:7252.75:1701568.60
1653163818;WAOU1;2083;428840.84:82173.84:8176.70:1701153.80
1653167481;WAOU1;2084;424307.47:79418.26:7171.20:1592918.00
1653171147;WAOU1;2085;416990.50:83612.70:8268.17:1681906.30
1653174809;WAOU1;2086;408376.44:84184.38:37739.07:1641767.60
1653178472;WAOU1;2087;406970.38:86941.73:33563.50:1651212.10
1653182134;WAOU1;2088;392179.53:92300.30:12621.47:1694135.60
1653185798;WAOU1;2089;391048.69:90513.88:12370.33:1487676.10
1653189460;WAOU1;2090;381088.97:91745.39:10173.79:1572463.50
1653193123;WAOU1;2091;373496.94:90929.06:8767.26:1616644.60
1653196785;WAOU1;2092;378922.66:92607.98:9943.66:1655592.60
1653200448;WAOU1;2093;371131.03:91067.50:11349.60:1629697.60
1653204110;WAOU1;2094;371012.19:92797.75:8206.21:1532396.60
1653207773;WAOU1;2095;361010.34:93411.79:7555.23:1698225.50
1653211435;WAOU1;2096;359703.19:92726.11:7523.83:1643286.50
1653215098;WAOU1;2097;358231.66:85910.85:7951.41:1689300.00
1653218760;WAOU1;2098;353388.81:88993.23:51085.39:1677198.50
1653222423;WAOU1;2099;354364.09:86098.38:8128.43:1731022.30
1653226085;WAOU1;2100;363037.31:84617.50:7569.03:1735856.10
1653229750;WAOU1;2101;372488.00:83558.06:6866.00:1711598.90
1653233412;WAOU1;2102;372970.22:77955.55:7374.54:1704597.90
1653237078;WAOU1;2103;384195.91:80738.75:7024.97:1738389.50
1653240740;WAOU1;2104;385956.47:84235.60:7367.58:1802708.30
1653244403;WAOU1;2105;395981.56:82278.16:7161.40:1727976.90
1653248065;WAOU1;2106;395993.00:82899.65:7248.85:1685477.50
1653251729;WAOU1;2107;394023.06:83752.67:7993.78:1671514.40
1653255390;WAOU1;2108;390591.25:85427.70:7251.80:1637657.10
1653259053;WAOU1;2109;389573.81:85644.61:7457.98:1644903.60
1653262715;WAOU1;2110;389184.97:89335.83:7802.00:1580090.80
1653266378;WAOU1;2111;380309.81:87249.88:7065.22:1656519.40
1653270040;WAOU1;2112;381909.91:92949.52:7047.63:1635974.30
1653273703;WAOU1;2113;376125.06:86188.66:7307.74:1530343.90
1653277365;WAOU1;2114;371969.44:90438.94:7329.34:1658713.30
1653281028;WAOU1;2115;368103.06:91189.77:7181.11:1622177.80
1653284690;WAOU1;2116;367480.41:89193.27:7192.91:1651473.10
1653288354;WAOU1;2117;375351.44:90515.06:7658.49:1552578.50
1653292016;WAOU1;2118;366900.13:92540.95:7125.17:1641569.10
1653295679;WAOU1;2119;368374.41:90190.16:7083.86:1610620.40
1653299342;WAOU1;2120;371174.94:95792.79:4337.96:1634749.30
1653303009;WAOU1;2121;360388.75:91743.03:4210.03:1607659.00
1653306671;WAOU1;2122;364508.38:92130.24:4700.27:1624092.50
1653310337;WAOU1;2123;361984.22:90053.02:4879.07:1620050.60
1653313999;WAOU1;2124;367003.97:87999.76:5130.33:1652004.30
1653317666;WAOU1;2125;365496.44:89965.45:4347.64:1596315.50
1653321329;WAOU1;2126;380649.25:94757.78:4224.78:1597068.10
1653324995;WAOU1;2127;363384.38:93309.70:4478.52:1638168.40
1653328657;WAOU1;2128;364504.84:92774.62:4305.74:1657460.40
1653332321;WAOU1;2129;362309.13:94590.55:4527.38:1625091.40
1653335983;WAOU1;2130;363490.97:97652.74:4374.07:1622858.50
1653339646;WAOU1;2131;360561.78:94837.91:4838.11:1602691.30
1653343308;WAOU1;2132;357541.00:100613.67:4701.21:1598542.90
1653346970;WAOU1;2133;350919.88:95861.48:4502.00:1602525.10
1653350632;WAOU1;2134;354971.06:98110.77:4624.03:1604345.10
1653354297;WAOU1;2135;353793.25:102661.03:4530.33:1612672.10
1653357959;WAOU1;2136;347816.63:98653.52:4450.31:1527768.80
1653361622;WAOU1;2137;344557.00:96607.11:4978.79:1600596.00
1653365283;WAOU1;2138;348554.00:100176.89:4969.00:1553491.30
1653368945;WAOU1;2139;349247.81:102057.73:5792.76:1604843.10
1653372607;WAOU1;2140;352218.91:104001.83:6418.84:1574884.00
1653376271;WAOU1;2141;353003.94:105344.75:6512.90:1613234.10
1653379933;WAOU1;2142;343035.88:104449.94:5841.62:1624180.00
1653383596;WAOU1;2143;344775.19:105437.16:6540.40:1634939.90
1653387258;WAOU1;2144;340057.94:106000.21:6207.11:1651260.00
1653390921;WAOU1;2145;321339.69:104330.39:4922.03:1656615.90
1653394583;WAOU1;2146;327501.50:99586.92:4228.67:1725579.80
1653398247;WAOU1;2147;325395.00:101862.30:4952.36:1739565.90
1653401909;WAOU1;2148;326280.59:99656.20:4490.32:1656643.50
1653405571;WAOU1;2149;323090.97:97723.91:4959.20:1660120.50
1653409233;WAOU1;2150;330900.41:90663.76:4595.83:1679110.90
1653412897;WAOU1;2151;338630.63:94933.15:4868.33:1669124.00
1653416559;WAOU1;2152;343774.88:93890.59:4877.18:1695060.80
1653420222;WAOU1;2153;354830.03:99304.51:4746.18:1656395.00
1653423884;WAOU1;2154;345875.59:99674.96:4323.32:1672444.60
1653427548;WAOU1;2155;344405.94:95724.10:4795.98:1636682.30
1653431211;WAOU1;2156;348704.34:101229.37:4685.64:1631711.60
1653434872;WAOU1;2157;339834.53:105238.18:5175.29:1622973.00
1653438534;WAOU1;2158;350371.56:100899.16:5813.29:1620958.60
1653442197;WAOU1;2159;347048.34:105414.61:5752.63:1542824.40
1653445859;WAOU1;2160;339757.59:100195.66:6197.20:1550002.30
1653449523;WAOU1;2161;340704.56:102351.00:6358.88:1578428.80
1653453185;WAOU1;2162;342225.69:107087.74:7180.17:1537022.90
1653456848;WAOU1;2163;338663.81:106744.43:7213.45:1572774.60
1653460510;WAOU1;2164;331169.13:111549.38:6740.43:1543660.50
1653464173;WAOU1;2165;329668.06:105746.48:7068.17:1531938.00
1653467832;WAOU1;2166;329152.44:110193.48:6608.02:1486573.60
1653471494;WAOU1;2167;327336.97:105296.24:6070.92:1551404.30
1653475156;WAOU1;2168;321365.19:100760.48:5546.10:1667261.30
1653478819;WAOU1;2169;302456.25:93772.22:5090.20:1695708.90
1653482481;WAOU1;2170;305183.38:86783.71:5026.71:1703000.00
1653486145;WAOU1;2171;311095.34:80969.71:4214.98:1778870.90
1653489807;WAOU1;2172;332639.25:78882.10:4381.86:1628634.50
1653493470;WAOU1;2173;339789.09:81961.52:4645.63:1710273.40
1653497132;WAOU1;2174;355101.47:81139.66:4471.67:1680265.10
1653500795;WAOU1;2175;364765.66:84880.92:4989.53:1683655.50
1653504457;WAOU1;2176;371356.09:87106.72:5099.05:1698960.00
1653508121;WAOU1;2177;371251.88:88789.77:5370.96:1661875.90
1653511783;WAOU1;2178;367049.41:89277.18:5350.43:1662112.10
1653515445;WAOU1;2179;366934.81:94004.23:4698.26:1615196.10
1653519104;WAOU1;2180;363784.22:91730.28:4638.78:1580234.30
1653522767;WAOU1;2181;362943.25:90292.59:4432.61:1567209.60
1653526429;WAOU1;2182;357754.25:97153.05:5470.81:1611689.60
1653530092;WAOU1;2183;345051.38:99351.36:5728.08:1570668.50
1653533754;WAOU1;2184;349309.91:94999.59:5244.80:1524175.10
1653537417;WAOU1;2185;346999.00:100511.47:5205.62:1575630.90
1653541079;WAOU1;2186;344542.94:100272.02:5759.36:1503714.90
1653544742;WAOU1;2187;342008.41:97608.25:6071.87:1569471.00
1653548404;WAOU1;2188;335462.47:98554.04:6198.26:1561456.30
1653552067;WAOU1;2189;333243.97:99230.75:5974.86:1542735.40
1653555729;WAOU1;2190;334289.13:98748.29:5967.07:1573429.90
1653559393;WAOU1;2191;328043.31:97645.66:4929.93:1612946.80
1653563056;WAOU1;2192;321932.63:95784.65:4973.95:1716146.90
1653566720;WAOU1;2193;316580.91:88843.82:4611.40:1736347.60
1653570382;WAOU1;2194;321382.19:93942.75:4958.26:1698774.50
1653574046;WAOU1;2195;317221.72:89591.22:4905.50:1500642.50
1653577708;WAOU1;2196;319146.34:87573.01:4882.96:1639260.30
1653581375;WAOU1;2197;329319.09:84028.24:5226.16:1701075.40
1653585037;WAOU1;2198;337557.88:84494.30:5017.85:1703752.30
1653588701;WAOU1;2199;342937.69:86447.24:5049.13:1658720.10
1653592363;WAOU1;2200;346117.06:91530.48:5301.45:1620353.30
1653596026;WAOU1;2201;346011.31:88090.40:4973.95:1631732.60
1653599688;WAOU1;2202;347647.03:89490.08:4863.37:1593478.10
1653603351;WAOU1;2203;345422.75:93129.02:4783.35:1516167.60
1653607013;WAOU1;2204;339590.00:93664.35:4726.59:1548181.90
1653610676;WAOU1;2205;345630.72:96590.82:5531.35:1536612.80
1653614338;WAOU1;2206;344801.53:97156.59:5863.21:1564532.50
1653618001;WAOU1;2207;339871.13:95734.73:5564.75:1463921.00
1653621663;WAOU1;2208;339389.38:102010.64:6160.03:1491421.80
1653625326;WAOU1;2209;340403.97:98536.45:6325.72:1483440.50
1653628989;WAOU1;2210;332990.00:99574.06:6683.55:1524811.90
1653632652;WAOU1;2211;328738.56:98626.62:6846.41:1466903.80
1653636311;WAOU1;2212;326054.84:96094.44:6565.89:1477769.40
1653639973;WAOU1;2213;323762.00:102247.38:6244.29:1505909.40
1653643635;WAOU1;2214;318388.56:96697.98:5560.73:1597974.40
1653647298;WAOU1;2215;310995.03:98032.40:4899.60:1602843.80
1653650960;WAOU1;2216;308052.03:94367.61:4640.67:1669711.10
1653654623;WAOU1;2217;313919.50:93781.54:5347.48:1631949.60
1653658285;WAOU1;2218;313642.63:89044.92:5396.34:1678675.00
1653661950;WAOU1;2219;302550.31:85729.23:4720.81:1613963.50
1653665612;WAOU1;2220;317400.53:84417.94:5111.80:1670661.40
1653669278;WAOU1;2221;323934.19:83906.45:4879.07:1713870.80
1653672940;WAOU1;2222;329257.25:85459.67:4921.08:1689647.50
1653676607;WAOU1;2223;338597.47:85100.08:4740.40:1613468.10
1653677169;WAOU1;1;341365.81:91309.91:4973.95:1581572.30
1653680830;WAOU1;2;343824.09:87089.49:5112.74:1563798.40
1653684493;WAOU1;3;340250.19:91242.99:4939.73:1643006.40
1653688155;WAOU1;4;334928.44:92993.42:4823.36:1588807.80
1653691818;WAOU1;5;340840.97:91538.63:4846.85:1576476.30
1653695480;WAOU1;6;336976.88:94221.27:5733.04:1553395.60
1653697938;WAOU1;1;339042.16:96724.89:6192.36:1593300.40
1653701597;WAOU1;2;338750.91:95176.27:6634.57:1552004.00
1653705260;WAOU1;3;339635.44:99762.89:6253.14:1460542.60
1653706803;WAOU1;1;333143.91:96804.20:6454.12:1481002.50
1653710463;WAOU1;2;332093.66:98437.08:7260.65:1420886.50
1653714125;WAOU1;3;332618.59:102780.12:6658.06:1511222.80
1653717787;WAOU1;4;332919.06:104271.38:7182.05:1504599.60
1653721450;WAOU1;5;327160.53:103053.68:7470.84:1511611.90
1653725113;WAOU1;6;323211.81:99793.34:6974.93:1532164.40
1653728775;WAOU1;7;317027.59:98858.41:5963.05:1607379.10
1653732124;WAOU1;1;313228.38:103060.76:5511.76:1643177.00
1653732643;WAOU1;1;312857.81:97398.05:5251.65:1642157.40
1653733351;WAOU1;1;310273.47:96677.09:5569.59:1574461.80
1653733533;WAOU1;1;312017.06:97909.78:5097.04:1608178.40
1653737194;WAOU1;2;303468.00:92797.75:5129.26:1500189.50
1653740857;WAOU1;3;297792.19:89770.96:5024.82:1695359.80
1653744519;WAOU1;4;310538.88:90117.46:5022.81:1588748.60
1653748182;WAOU1;5;311978.47:86266.44:5279.97:1540090.60
1653751843;WAOU1;6;320442.19:82444.10:4628.99:1644855.50
1653755509;WAOU1;7;332368.06:81312.91:5024.82:1685866.90
1653759169;WAOU1;8;351236.06:81204.21:4911.40:1675520.90
1653762833;WAOU1;9;350742.38:87563.92:5218.37:1480610.50
1653766495;WAOU1;10;356872.44:88778.32:5442.36:1601516.80
1653770159;WAOU1;11;350497.50:91629.85:4732.49:1607032.90
1653773821;WAOU1;12;354000.13:92006.56:4865.38:1598893.50
1653781528;WAOU1;13;352906.00:97528.82:5659.63:1593497.90
1653785190;WAOU1;14;342490.38:103175.23:6305.07:1624355.90
1653788853;WAOU1;15;342243.25:102353.48:6003.30:1627254.10
1653792515;WAOU1;16;344813.91:102134.33:7178.16:1579008.50
1653796178;WAOU1;17;327098.81:102565.56:7405.93:1626807.80
1653799840;WAOU1;18;343713.53:105251.16:6376.59:1607065.90
1653803504;WAOU1;19;333223.31:105367.17:6827.77:1608965.30
1653807166;WAOU1;20;336747.44:107211.42:6825.76:1588669.60
1653810828;WAOU1;21;326186.56:108543.13:7576.94:1643622.30
1653814487;WAOU1;22;325082.50:104827.24:7339.14:1669271.10
1653818150;WAOU1;23;323595.13:99438.10:6539.33:1707418.30
1653821813;WAOU1;24;304378.97:104464.10:4626.98:1633973.90
1653825476;WAOU1;25;307950.53:92940.20:4542.95:1735511.60
1653829138;WAOU1;26;316388.75:97582.64:5037.45:1719679.80
1653832800;WAOU1;27;316425.81:86995.55:4995.43:1509605.40
1653836462;WAOU1;28;329051.06:91640.23:4987.52:1686651.30
1653840125;WAOU1;29;335466.00:86022.97:5316.08:1713141.90
1653843787;WAOU1;30;342662.34:90867.93:5834.89:1673334.00
1653847452;WAOU1;31;347703.56:89813.45:4895.71:1712262.00
1653851114;WAOU1;32;352897.16:93293.42:4799.88:1613468.10
1653854777;WAOU1;33;354701.50:95049.40:5118.64:1663286.30
1653858438;WAOU1;34;351905.91:96171.27:4578.12:1601450.40
1653862101;WAOU1;35;352523.28:98018.48:5925.88:1630613.10
1653865764;WAOU1;36;343887.34:99390.07:5741.89:1648081.10
1653869426;WAOU1;37;346002.47:101824.65:6131.58:1617087.30
1653873089;WAOU1;38;347572.81:106080.94:5892.60:1653721.40
1653876751;WAOU1;39;342106.47:106854.89:7321.55:1479652.60
1653880413;WAOU1;40;341147.00:107691.88:7134.97:1580214.60
1653884075;WAOU1;41;346744.78:110847.65:6842.52:1559324.10
1653887738;WAOU1;42;338235.03:113065.91:7444.29:1551525.40
1653891402;WAOU1;43;339216.59:105991.95:6946.49:1591430.50
1653895064;WAOU1;44;334529.91:110503.16:6850.31:1597445.10
1653898727;WAOU1;45;339439.88:110834.55:7028.87:1650984.60
1653902389;WAOU1;46;327119.47:106351.43:6558.92:1581853.10
1653906052;WAOU1;47;328165.09:106952.26:6234.49:1676812.10
1653909714;WAOU1;48;311015.09:98101.44:5121.47:1655820.90
1653913377;WAOU1;49;307242.31:91967.26:5089.26:1728239.90
1653917039;WAOU1;50;316019.84:85816.09:5045.24:1699074.30
1653920706;WAOU1;51;332972.66:81575.96:4406.29:1629975.60
1653924367;WAOU1;52;344849.09:80067.82:4473.68:1669529.10
1653928030;WAOU1;53;366482.22:81570.30:4696.38:1705508.50
1653931692;WAOU1;54;376397.91:524612.63:5400.35:1702728.00
1653935356;WAOU1;55;382705.81:509469.25:5703.65:1695160.80
1653939015;WAOU1;56;393484.31:90375.56:5475.64:1697269.30
1653942678;WAOU1;57;394252.16:94395.46:5016.91:1645438.50
1653946340;WAOU1;58;384074.69:93721.23:5111.80:1571575.00
1653950003;WAOU1;59;384156.72:96612.89:4973.95:1661431.80
1653953665;WAOU1;60;378177.38:98177.45:5006.17:1640947.30
1653957328;WAOU1;61;374483.19:95987.28:5296.61:1648411.10
1653960993;WAOU1;62;378486.00:101177.68:5904.28:1625658.80
1653964657;WAOU1;63;364669.59:103857.61:6138.43:1482389.50
1653968319;WAOU1;64;361026.53:102170.79:6157.08:1632024.40
1653971979;WAOU1;65;359397.41:106799.07:7044.56:1534112.90
1653975641;WAOU1;66;361652.25:107332.63:6919.94:1593346.40
1653979304;WAOU1;67;359456.78:105087.70:6906.25:1552444.50
1653982966;WAOU1;68;359834.56:106698.16:6264.82:1625355.00
1653986629;WAOU1;69;353196.31:102158.99:5720.29:1646872.40
1653990291;WAOU1;70;345260.84:105368.47:5952.43:1682971.00
1653993954;WAOU1;71;337895.63:104069.22:4793.03:1686552.60
1653997618;WAOU1;72;325688.88:97254.55:5204.68:1667505.40
1654001283;WAOU1;73;332238.72:93863.91:5283.87:1700059.90
1654004944;WAOU1;74;348771.63:96025.63:4901.61:1653182.80
1654008607;WAOU1;75;356245.88:95841.77:4948.46:1612993.30
1654012269;WAOU1;76;363179.97:96030.36:5066.71:1675113.90
1654015933;WAOU1;77;372253.38:88755.30:5057.98:1718889.50
1654019594;WAOU1;78;378275.31:93220.48:5346.53:1705472.90
1654023258;WAOU1;79;384455.19:97692.39:5330.84:1711800.80
1654026920;WAOU1;80;384901.06:100805.09:5225.21:1675934.90
1654030584;WAOU1;81;383662.81:100117.05:5156.64:1750089.80
1654034246;WAOU1;82;374216.84:104491.37:5235.95:1592727.00
1654037909;WAOU1;83;372396.31:101927.09:4929.93:1686870.80
1654041571;WAOU1;84;368815.44:106019.21:5007.12:1669305.60
1654045234;WAOU1;85;370074.56:104328.15:5484.38:1645747.00
1654048896;WAOU1;86;361926.41:102709.30:5952.43:1556824.10
1654052560;WAOU1;87;356827.72:103470.28:6470.76:1504083.90
1654056222;WAOU1;88;354671.19:105299.66:6065.02:1541501.00
1654059884;WAOU1;89;353324.50:107892.85:6353.10:1586918.00
1654063546;WAOU1;90;351978.97:105023.86:6618.88:1641200.00
1654067209;WAOU1;91;352368.44:107872.67:7066.28:1589431.80
1654070868;WAOU1;92;352642.47:106444.08:5846.57:1651701.00
1654074531;WAOU1;93;344479.69:103562.45:5247.75:1662744.30
1654078194;WAOU1;94;342248.47:101638.77:4929.93:1709647.60
1654081856;WAOU1;95;341435.91:105632.59:5564.75:1682893.60
1654085518;WAOU1;96;344068.41:100825.04:5155.70:1684729.00
1654089181;WAOU1;97;338827.59:101957.77:5199.72:1689129.90
1654092843;WAOU1;98;340606.72:99887.16:4896.65:1544567.30
1654096506;WAOU1;99;339501.00:99874.18:5180.13:1662938.50
1654100168;WAOU1;100;335533.63:98276.81:4786.31:1693993.60
1654103832;WAOU1;101;344757.63:96940.63:5245.75:1734411.40
1654107494;WAOU1;102;347781.22:95102.98:5320.10:1632241.40
1654111157;WAOU1;103;350600.53:98064.03:5209.52:1682018.90
1654114819;WAOU1;104;351854.47:98470.95:5419.82:1605249.40
1654118482;WAOU1;105;344490.31:97598.92:5018.92:1588046.30
1654122144;WAOU1;106;343348.25:96762.18:5036.50:1679131.90
1654125803;WAOU1;107;348564.50:94040.23:5068.72:1587796.80
1654129464;WAOU1;108;349529.53:551035.38:5244.80:1658505.60
1654133128;WAOU1;109;350252.75:271047.63:5136.23:1620527.90
1654136790;WAOU1;110;345916.06:111497.81:5013.02:1525748.80
1654140453;WAOU1;111;346670.69:108891.28:6317.81:1617167.80
1654144115;WAOU1;112;346944.25:104170.83:6368.80:1627734.50
1654147779;WAOU1;113;352082.00:105227.44:6353.10:1618705.80
1654151441;WAOU1;114;350149.81:104810.72:6063.02:1624578.50
1654155104;WAOU1;115;341402.63:103338.10:5791.81:1630138.50
1654158766;WAOU1;116;342539.50:103861.15:5472.69:1634123.80
1654162429;WAOU1;117;337575.22:100615.91:5510.81:1617121.00
1654166091;WAOU1;118;338060.97:160046.42:5515.77:1668788.90
1654169754;WAOU1;119;333389.25:101051.87:4977.85:1597134.80
1654173416;WAOU1;120;341686.22:124173.09:5279.03:1671402.30
1654177083;WAOU1;121;337872.97:546171.19:4953.30:1711765.10
1654180745;WAOU1;122;341255.56:554184.00:7192.91:1647229.50
1654184408;WAOU1;123;356412.28:535081.56:5733.04:1595331.50
1654188070;WAOU1;124;368046.53:521779.88:4989.53:1723775.30
1654191733;WAOU1;125;376480.88:422106.78:5181.19:1700053.00
1654195395;WAOU1;126;385195.97:502587.69:4676.90:1691385.60
1654199059;WAOU1;127;379115.03:509291.75:5598.85:1690178.80
1654202721;WAOU1;128;397320.00:500527.22:5734.93:1688761.40
1654206384;WAOU1;129;387225.03:511385.28:5246.69:1626118.40
1654210046;WAOU1;130;385394.00:94655.58:4912.35:1668580.30
1654213709;WAOU1;131;389186.84:134540.31:5048.19:1613615.40
1654217371;WAOU1;132;379388.94:97554.66:4795.98:1622865.10
1654221034;WAOU1;133;380406.25:93113.91:5523.56:1627815.60
1654224696;WAOU1;134;375057.13:96356.55:4854.64:1640933.50
1654228359;WAOU1;135;365556.25:530999.94:5202.67:1575416.50
1654232021;WAOU1;136;367565.97:526070.63:5110.85:1633742.80
1654235685;WAOU1;137;369420.97:519168.88:5149.92:1638796.00
1654239347;WAOU1;138;369818.94:528536.94:4641.73:1554514.00
1654243010;WAOU1;139;363601.44:273106.31:5209.52:1623660.80
1654246669;WAOU1;140;360731.00:529899.81:5122.54:1632085.50
1654250331;WAOU1;141;363066.22:543828.31:5937.68:1638509.50
1654253993;WAOU1;142;363720.84:96059.39:4943.62:1645795.10
1654257656;WAOU1;143;353205.16:536198.38:5413.92:1645130.00
1654261318;WAOU1;144;357410.00:86958.84:4223.84:1661292.90
1654264981;WAOU1;145;368307.00:81115.81:4578.12:1653300.50
1654268643;WAOU1;146;380775.41:333600.38:4361.44:1657404.80
1654272310;WAOU1;147;393828.47:75110.63:3723.32:1676054.30
1654275972;WAOU1;148;405069.25:90774.46:4018.84:1693019.00
1654279639;WAOU1;149;422922.28:222783.42:4620.14:1646845.30
1654283301;WAOU1;150;430470.78:84716.64:4787.25:1695836.80
1654286964;WAOU1;151;435988.69:528004.31:5018.92:1685591.00
1654290628;WAOU1;152;426697.44:506898.38:4888.86:1598424.00
1654294293;WAOU1;153;417037.25:494688.66:5010.07:1629406.50
1654297955;WAOU1;154;411139.09:88610.50:5161.60:1626699.50
1654301618;WAOU1;155;408337.84:93921.98:5291.66:1664941.50
1654305280;WAOU1;156;405670.91:93544.91:5378.75:1626334.80
1654308944;WAOU1;157;397945.59:95504.23:5137.17:1495325.10
1654312606;WAOU1;158;387967.03:94229.41:5171.40:1588420.40
1654316269;WAOU1;159;389739.16:539986.63:5356.21:1613434.80
1654319931;WAOU1;160;382826.66:96304.16:5566.64:1549505.10
1654323594;WAOU1;161;378998.41:96656.09:4933.83:1633178.90
1654327256;WAOU1;162;377298.16:96016.31:4770.61:1625023.90
1654330919;WAOU1;163;371394.56:96213.16:5093.15:1604969.90
1654334581;WAOU1;164;372229.53:97192.59:4760.81:1584560.00
1654338244;WAOU1;165;366943.91:95865.02:5499.13:1641822.40
1654341906;WAOU1;166;356931.69:554358.19:5116.64:1728429.60
1654345570;WAOU1;167;369453.91:544102.56:4303.73:1755028.30
1654349234;WAOU1;168;380647.34:530531.94:4508.85:1705128.30
1654352900;WAOU1;169;394250.13:506781.19:4031.47:1615001.90
1654356565;WAOU1;170;407789.78:490220.78:3842.29:1674903.90
1654360231;WAOU1;171;430263.56:456587.06:4097.79:1670423.60
1654363899;WAOU1;172;435814.03:424396.34:4030.52:1753697.30
1654367564;WAOU1;173;445126.28:479460.69:4253.93:1725412.10
1654371226;WAOU1;174;448181.03:106168.74:4251.10:1713452.30
1654374889;WAOU1;175;434508.50:98141.09:4561.60:1643191.00
1654378551;WAOU1;176;424939.69:472614.72:4848.85:1653714.50
1654382218;WAOU1;177;418248.34:500424.06:5450.15:1688463.50
1654385880;WAOU1;178;410428.06:492435.13:5214.35:1664607.80
1654389543;WAOU1;179;401792.84:505812.84:5473.64:1701025.00
1654393205;WAOU1;180;399623.47:502519.59:5629.18:1655489.30
1654396868;WAOU1;181;396194.13:510353.34:5638.04:1535277.30
1654400530;WAOU1;182;388591.81:511158.44:5279.03:1637650.50
1654404192;WAOU1;183;381180.09:97095.81:4589.81:1183890.50
1654407854;WAOU1;184;374722.31:95057.66:4965.10:1097148.50
1654411519;WAOU1;185;374795.94:541453.31:4880.13:1053617.60
1654415181;WAOU1;186;371191.47:538829.44:5133.28:332394.03
1654418844;WAOU1;187;367740.66:534392.81:5100.00:114355.36
1654422506;WAOU1;188;365431.03:538845.50:5229.11:96731.97
1654426169;WAOU1;189;363273.94:100364.77:5431.62:107539.52
1654429831;WAOU1;190;354963.97:96606.05:5164.55:235499.55
1654433494;WAOU1;191;353174.97:549608.69:4571.40:524112.38
1654437156;WAOU1;192;361859.72:90841.38:3991.46:1029981.20
1654440819;WAOU1;193;361480.88:89968.99:4155.39:1522503.30
1654444484;WAOU1;194;380087.47:246074.23:5391.38:221790.89
1654448148;WAOU1;195;374961.41:537634.88:4917.19:198702.84
1654451810;WAOU1;196;374492.53:529074.50:5080.52:258779.25
1654455473;WAOU1;197;365166.34:140074.02:5670.37:326385.06
1654459135;WAOU1;198;358075.50:547323.19:5283.87:338595.81
1654462799;WAOU1;199;352041.28:107412.29:5406.13:345252.13
1654466461;WAOU1;200;346972.44:537333.13:5529.46:321271.97
1654470124;WAOU1;201;342259.06:532864.06:5057.04:330641.94
1654473786;WAOU1;202;342096.09:540432.75:4893.70:332983.03
1654477449;WAOU1;203;341507.66:538017.50:4258.89:334925.00
1654481111;WAOU1;204;335557.94:544734.94:4220.89:340234.50
1654484774;WAOU1;205;328094.88:126078.72:4478.52:344463.88
1654488436;WAOU1;206;331684.75:127273.05:4695.31:335426.00
1654492099;WAOU1;207;323491.16:124882.02:4795.04:347541.06
1654495758;WAOU1;208;322859.53:555399.81:5005.23:341376.31
1654499421;WAOU1;209;313597.31:130017.30:4433.55:347002.44
1654503083;WAOU1;210;312372.03:559082.50:4680.80:381189.28
1654506742;WAOU1;211;307903.91:566319.06:4409.24:413154.25
1654510404;WAOU1;212;305491.66:574952.38:5028.71:554040.25
1654514067;WAOU1;213;295086.19:535798.19:5219.31:1407162.50
1654517759;WAOU1;214;296915.09:572586.25:5214.35:1619115.50
1654521426;WAOU1;215;299607.44:574718.00:4915.30:1711123.80
1654525088;WAOU1;216;302545.34:558686.94:4697.32:1636198.90
1654528752;WAOU1;217;307990.44:116545.29:4160.34:1683147.60
1654532414;WAOU1;218;310463.81:117170.66:4874.23:1698489.40
1654536081;WAOU1;219;313706.34:547073.44:5101.88:1724487.60
1654539743;WAOU1;220;312422.22:548778.19:5383.59:1656893.00
1654543405;WAOU1;221;312961.66:120540.88:4841.07:1514822.80
1654547067;WAOU1;222;314914.25:498174.91:4991.54:1146050.60
1654550731;WAOU1;223;309886.25:541332.94:5224.27:865559.50
1654554393;WAOU1;224;315169.75:126628.80:5173.40:704127.88
1654558056;WAOU1;225;307185.78:125116.52:4988.59:502598.66
1654561718;WAOU1;226;304703.28:558689.19:4988.59:460241.09
1654565381;WAOU1;227;306178.03:514219.56:5133.28:472559.75
1654569043;WAOU1;228;303673.00:135438.78:4670.06:438978.66
1654572706;WAOU1;229;309200.94:275707.75:4889.81:430430.78
1654576368;WAOU1;230;302134.75:566173.25:4623.09:430508.44
1654580032;WAOU1;231;296803.94:557101.81:5295.67:435041.59
1654583695;WAOU1;232;297490.91:550665.06:4880.13:419969.75
1654587357;WAOU1;233;296109.41:553444.94:5444.37:446139.59
1654591019;WAOU1;234;288808.16:345873.72:4641.73:479932.16
1654594682;WAOU1;235;289171.53:573440.25:4728.60:495675.28
1654598341;WAOU1;236;288185.13:556442.69:4821.47:419416.47
1654602003;WAOU1;237;274482.97:564844.94:4941.62:559120.38
1654605665;WAOU1;238;268920.47:568392.88:5329.89:1239337.00
1654609328;WAOU1;239;265147.81:561130.00:4864.43:1598960.00
1654612991;WAOU1;240;273845.56:557267.31:4589.81:1557733.50
1654616657;WAOU1;241;281614.75:542403.38:4399.56:1679047.40
1654620319;WAOU1;242;291127.88:517226.19:4978.79:1661903.30
1654623982;WAOU1;243;291234.81:540277.75:4881.07:1709223.00
1654627644;WAOU1;244;296870.97:538991.00:5121.47:1714513.30
1654631308;WAOU1;245;289966.97:528999.31:5082.41:1634654.30
1654634970;WAOU1;246;290465.47:126034.46:5241.85:1624287.90
1654638633;WAOU1;247;290716.38:119703.78:4692.48:1369169.00
1654642295;WAOU1;248;284896.34:122543.98:4495.16:1140294.90
1654645958;WAOU1;249;292000.28:129656.88:4657.31:1023231.10
1654649620;WAOU1;250;294416.44:126014.75:4585.91:944701.69
1654653283;WAOU1;251;286949.03:129986.38:5319.04:885100.63
1654656944;WAOU1;252;286335.91:126500.74:5664.47:810652.81
1654660608;WAOU1;253;292388.31:128854.13:5326.94:783864.19
1654664270;WAOU1;254;285373.13:132980.36:5366.95:733954.88
1654667934;WAOU1;255;281175.97:126604.13:5508.81:690932.13
1654671596;WAOU1;256;277673.81:130752.20:5367.89:638399.50
1654675259;WAOU1;257;273325.34:131087.25:5113.69:642849.44
1654678921;WAOU1;258;269797.34:121401.22:4101.69:770307.44
1654682584;WAOU1;259;261176.66:123652.40:4134.02:1083427.60
1654686246;WAOU1;260;259276.81:122754.29:5329.89:1424018.10
1654689909;WAOU1;261;255132.88:124385.17:4506.84:1311357.80
1654693571;WAOU1;262;257190.75:127985.88:4544.96:663337.50
1654697234;WAOU1;263;256621.19:125992.68:5054.09:461641.97
1654700896;WAOU1;264;257694.67:129507.23:4761.76:325930.09
1654704559;WAOU1;265;253205.66:126404.68:4808.73:365032.16
1654708221;WAOU1;266;240118.38:122215.42:5123.48:490439.22
1654711885;WAOU1;267;240345.56:126860.23:4331.11:558360.13
1654715547;WAOU1;268;236247.30:126650.86:4548.85:617433.63
1654719211;WAOU1;269;243022.31:127774.86:4460.93:528796.56
1654722873;WAOU1;270;258422.14:133078.78:5410.97:318074.28
1654726536;WAOU1;271;250495.16:128626.83:5080.52:313738.22
1654730198;WAOU1;272;253118.69:128235.24:5308.30:305600.94
1654733860;WAOU1;273;254487.33:133539.88:5624.35:295559.19
1654737522;WAOU1;274;260598.84:132217.61:5559.67:261841.69
1654741185;WAOU1;275;257705.42:138786.69:5705.66:272729.84
1654744844;WAOU1;276;252395.70:146369.53:6336.46:273793.53
1654748506;WAOU1;277;259192.08:146318.55:6012.15:274800.44
1654752165;WAOU1;278;251086.42:142588.84:5943.46:273218.19
1654755828;WAOU1;279;249603.89:154272.08:5867.11:271049.16
1654759490;WAOU1;280;252537.56:153899.86:5314.20:275546.44
1654763153;WAOU1;281;247131.20:148998.36:5592.13:250650.11
1654766815;WAOU1;282;244056.02:154070.39:4469.78:256128.83
1654770478;WAOU1;283;229799.19:143634.83:4942.68:276399.34
1654774140;WAOU1;284;228950.53:137992.08:4441.46:317005.75
1654777804;WAOU1;285;218647.03:139778.86:3810.19:362280.22
1654781466;WAOU1;286;202433.95:128653.85:4593.82:636459.06
1654785129;WAOU1;287;205684.63:578496.00:4825.37:874911.38
1654788792;WAOU1;288;202870.86:554638.56:5285.75:1086437.50
1654792468;WAOU1;289;204035.33:541314.31:5056.09:916552.25
1654796127;WAOU1;290;204800.20:536980.75:4893.70:1248462.60
1654799790;WAOU1;291;212229.27:530205.50:4693.43:1090771.90
1654803452;WAOU1;292;212225.13:531109.63:4984.57:937217.38
1654807115;WAOU1;293;223710.80:129152.12:4071.59:811235.69
1654810777;WAOU1;294;228000.61:539947.31:3674.58:702627.31
1654814441;WAOU1;295;231771.02:534992.00:5019.86:613189.38
1654818103;WAOU1;296;233573.27:524619.50:5607.71:579186.13
1654821766;WAOU1;297;231271.58:503761.00:4890.75:536226.00
1654825428;WAOU1;298;237635.77:493875.06:5958.22:494155.72
1654829091;WAOU1;299;245594.61:482798.69:6384.49:503069.66
1654832753;WAOU1;300;237415.55:479799.84:6690.40:469886.53
1654836416;WAOU1;301;236924.72:409124.19:6901.41:467279.66
1654840079;WAOU1;302;240575.81:408451.84:6444.21:456243.97
1654843741;WAOU1;303;237833.69:412101.31:6866.95:479081.25
1654847400;WAOU1;304;237866.50:402447.13:6483.51:450744.63
1654851063;WAOU1;305;229766.86:409624.94:6022.89:448154.59
1654854725;WAOU1;306;230179.92:404777.16:4951.41:487877.19
1654858388;WAOU1;307;213073.33:372234.97:4557.71:1438524.40
1654862050;WAOU1;308;188506.98:372044.50:4997.44:1642533.90
1654865727;WAOU1;309;181607.22:408741.47:4070.53:1658685.60
1654869387;WAOU1;310;180630.63:532930.38:4152.44:1670654.50
1654873053;WAOU1;311;187777.88:511352.00:4154.44:1634592.90
1654876715;WAOU1;312;199082.39:502110.53:4343.74:1681666.30
1654880382;WAOU1;313;222973.78:474473.84:4040.32:1655634.30
1654884045;WAOU1;314;240645.92:479463.03:4701.21:1655026.40
1654887711;WAOU1;315;247912.94:475482.44:5228.16:1659524.30
1654891373;WAOU1;316;243372.11:89009.28:4493.27:1502100.90
1654895037;WAOU1;317;244701.34:88472.66:4593.82:1546243.40
1654898698;WAOU1;318;253295.70:93346.88:4307.75:1376849.30
1654902361;WAOU1;319;254054.67:91218.80:4383.87:1262066.50
1654906023;WAOU1;320;251577.84:94775.13:4018.84:1180871.40
1654909687;WAOU1;321;254745.78:96165.48:4729.54:1054888.60
1654913349;WAOU1;322;251392.20:420515.56:5009.12:972625.88
1654917012;WAOU1;323;244484.66:407521.75:5116.64:887857.88
1654920674;WAOU1;324;245300.88:407780.22:5633.20:866638.06
1654924337;WAOU1;325;247178.05:394246.34:5471.75:795910.19
1654927999;WAOU1;326;243050.88:361017.56:5591.06:802186.63
1654931662;WAOU1;327;243456.27:339042.16:5277.02:685950.19
1654935324;WAOU1;328;239892.73:319011.00:5177.30:701160.44
1654938987;WAOU1;329;237329.16:314892.31:4533.28:757197.50
1654942649;WAOU1;330;220785.52:320633.84:4343.74:1021184.40
1654946313;WAOU1;331;205965.63:336092.44:4519.59:1614352.30
1654949975;WAOU1;332;193307.09:372293.75:3768.17:1660765.40
1654953642;WAOU1;333;193703.98:471626.94:3748.70:1694889.80
1654957303;WAOU1;334;205601.42:464629.69:3268.25:1594124.60
1654960970;WAOU1;335;232626.53:454737.97:3586.78:1681433.50
1654964633;WAOU1;336;258255.97:444124.44:3611.21:1709611.50
1654968299;WAOU1;337;276100.16:428115.66:3833.55:1710453.50
1654971961;WAOU1;338;287266.25:425060.28:3822.81:1703501.80
1654975625;WAOU1;339;288090.00:408312.84:4156.33:1697283.40
1654979287;WAOU1;340;287155.19:428763.31:4807.78:1673676.80
1654982950;WAOU1;341;289496.41:423809.91:5073.56:1507872.60
1654986612;WAOU1;342;287707.88:424872.53:5013.96:1373794.50
1654990279;WAOU1;343;275069.06:425149.28:4664.16:1135439.90
1654993942;WAOU1;344;274615.63:422106.78:4390.59:1016434.90
1654997604;WAOU1;345;282659.91:403744.38:4443.47:919474.56
1655001267;WAOU1;346;275824.72:398697.25:4088.12:856035.25
1655004929;WAOU1;347;271121.38:386590.47:4503.89:808858.69
1655008588;WAOU1;348;272630.69:376407.13:4641.73:739164.63
1655012254;WAOU1;349;264232.38:377916.69:4320.37:663877.44
1655015916;WAOU1;350;271564.41:377011.97:4234.46:673152.38
1655019579;WAOU1;351;261557.03:321147.94:3949.56:689056.63
1655023241;WAOU1;352;246484.70:316471.25:4212.98:687365.69
1655026905;WAOU1;353;242768.69:310320.19:4252.99:736735.31
1655030567;WAOU1;354;245237.50:320399.81:5043.23:1488743.50
1655034230;WAOU1;355;222957.73:363919.84:3706.68:1644615.60
1655037899;WAOU1;356;223777.59:435400.72:3557.63:1588906.40
1655041562;WAOU1;357;245979.11:429873.16:3681.43:1680940.40
1655045224;WAOU1;358;276908.00:413517.75:3766.16:1611642.60
1655048905;WAOU1;359;283865.22:404700.31:3380.13:1704977.90
1655052564;WAOU1;360;301506.91:399341.16:3483.51:1699845.60
1655056229;WAOU1;361;296086.63:394004.31:3897.87:1585102.90
1655059891;WAOU1;362;307656.09:391370.88:3984.61:1310505.60
1655063557;WAOU1;363;302555.13:392562.59:3878.40:1347098.80
1655067220;WAOU1;364;294045.16:394857.81:4706.17:1146258.10
1655070886;WAOU1;365;298603.34:399999.09:5161.60:1011529.60
1655074548;WAOU1;366;294388.72:396556.53:4781.35:881016.56
1655078211;WAOU1;367;288955.06:398057.72:5709.55:927231.88
1655081873;WAOU1;368;289750.16:404514.09:5253.54:744602.13
1655085536;WAOU1;369;290973.88:397289.66:5097.04:673644.19
1655089198;WAOU1;370;285557.94:401907.44:4994.49:665526.50
1655092861;WAOU1;371;273372.56:400634.63:4988.59:738276.50
1655096523;WAOU1;372;277077.47:393919.22:5104.95:1039859.70
1655100186;WAOU1;373;276648.13:383892.00:4239.41:1210176.90
1655103848;WAOU1;374;274784.63:379283.56:4510.74:1212914.10
1655107511;WAOU1;375;267070.31:377757.94:4454.21:1351810.80
1655111173;WAOU1;376;264417.06:374420.78:4419.98:1322513.30
1655114837;WAOU1;377;263668.72:377623.16:4857.59:1545760.30
1655118499;WAOU1;378;251182.25:383347.94:5128.32:1700553.30
1655122162;WAOU1;379;244405.00:408882.63:3234.14:1751617.60
1655125824;WAOU1;380;258406.80:408646.81:3574.15:1701032.40
1655129491;WAOU1;381;288140.06:412491.47:3645.32:1680490.00
1655133152;WAOU1;382;301991.25:403763.63:3754.48:1680948.00
1655136816;WAOU1;383;318199.38:392902.50:3987.56:1721805.80
1655140478;WAOU1;384;320379.41:394361.78:3928.08:1772654.90
1655144141;WAOU1;385;328110.22:392806.06:4148.54:1759104.40
1655147803;WAOU1;386;325415.53:394278.47:3929.97:1715553.60
1655151466;WAOU1;387;322546.44:395166.41:4826.31:1700874.80
1655155128;WAOU1;388;314327.59:399787.28:5014.90:1687175.80
1655158791;WAOU1;389;305662.31:395365.28:4849.80:1661216.30
1655162453;WAOU1;390;306463.41:379987.41:4850.74:1576554.00
1655166117;WAOU1;391;302799.44:373572.09:4300.78:1606739.50
1655169779;WAOU1;392;300432.38:373478.53:4817.58:1547564.50
1655173442;WAOU1;393;297299.47:357960.69:4699.33:1359394.30
1655177104;WAOU1;394;294644.44:307985.47:5131.27:1320029.60
1655180767;WAOU1;395;289190.88:296370.69:5494.29:1207198.10
1655184429;WAOU1;396;296196.03:311903.16:5790.75:1165586.50
1655188091;WAOU1;397;292477.66:295272.06:5225.21:1134784.50
1655191751;WAOU1;398;278299.41:291150.56:5235.95:1193955.40
1655195413;WAOU1;399;276003.75:288512.75:4556.64:1297753.30
1655199072;WAOU1;400;266169.13:283721.00:4536.23:1476381.00
1655202735;WAOU1;401;261002.11:281718.63:4904.56:1655309.60
1655206399;WAOU1;402;243073.41:284036.72:4296.89:1744798.80
1655210065;WAOU1;403;244459.05:337533.56:3793.43:1752085.30
1655213726;WAOU1;404;265409.22:442718.38:3637.53:1734125.40
1655217393;WAOU1;405;283047.03:433443.28:3546.89:1647676.10
1655221055;WAOU1;406;300667.56:421494.66:3753.54:1660189.90
1655224722;WAOU1;407;311197.31:418479.53:3644.37:1748385.60
1655228384;WAOU1;408;319435.72:410147.28:3960.30:1722677.60
1655232047;WAOU1;409;321861.22:411589.00:4249.09:1721094.40
1655235709;WAOU1;410;326409.00:415926.00:4564.55:1694178.10
1655239373;WAOU1;411;320764.50:412580.91:4417.03:1742563.50
1655243035;WAOU1;412;314959.56:417223.13:5193.94:1641036.00
1655246697;WAOU1;413;311011.78:412870.31:5233.00:1636192.10
1655250359;WAOU1;414;308030.31:420364.38:5600.86:1563251.10
1655254022;WAOU1;415;304830.75:418665.66:5007.12:1511858.90
1655257684;WAOU1;416;297897.00:418796.78:4940.67:1447132.80
1655261347;WAOU1;417;299208.53:412227.34:4675.84:1285003.60
1655265009;WAOU1;418;294931.34:413984.75:4848.85:1108357.40
1655268673;WAOU1;419;284466.28:420177.81:4761.76:1096912.00
1655272335;WAOU1;420;292186.97:406151.94:5338.63:1013632.50
1655275998;WAOU1;421;285145.13:393427.56:5285.75:903884.63
1655279660;WAOU1;422;281059.38:393692.16:4733.43:892913.13
1655283323;WAOU1;423;274748.28:396898.31:4801.88:888899.38
1655286986;WAOU1;424;274296.88:370070.88:5502.08:1441486.40
1655290652;WAOU1;425;257980.64:370929.94:5546.10:1693538.50
1655294315;WAOU1;426;252429.34:441175.66:4046.10:1694078.50
1655297981;WAOU1;427;266621.16:447615.50:3526.35:1771178.80
1655301642;WAOU1;428;284644.38:440433.81:3780.80:1684658.30
1655305306;WAOU1;429;298593.41:427353.59:3753.54:1676643.90
1655308968;WAOU1;430;310579.00:420953.88:3489.30:1644944.50
1655312631;WAOU1;431;336365.19:414699.34:3543.94:1737287.80
1655316293;WAOU1;432;335207.56:413636.47:3755.54:1744260.40
1655319956;WAOU1;433;332299.00:414744.19:4035.36:1666592.10
1655323618;WAOU1;434;329229.75:413622.78:4057.90:1651604.10
1655327285;WAOU1;435;325413.78:413309.78:4369.23:1669857.40
1655330947;WAOU1;436;321180.25:417097.91:4713.02:1624011.50
1655334612;WAOU1;437;315949.03:418407.06:4525.49:1694861.00
1655338273;WAOU1;438;314682.22:419004.72:4444.41:1704841.80
1655341936;WAOU1;439;313479.88:421278.31:5286.82:1672717.90
1655345598;WAOU1;440;305997.22:417946.94:4836.11:1584396.30
1655349261;WAOU1;441;300851.69:425489.41:5347.48:1595265.10
1655352923;WAOU1;442;297255.34:424374.63:5326.00:1463641.50
1655356586;WAOU1;443;289669.31:432465.88:5704.60:1324437.40
1655360248;WAOU1;444;289648.31:430367.19:5351.37:1182822.90
1655363911;WAOU1;445;286569.25:434183.97:5778.95:1090361.90
1655367573;WAOU1;446;287727.22:431489.41:5508.81:1337452.50
1655371236;WAOU1;447;274508.25:437049.53:5522.61:1358615.60
1655374898;WAOU1;448;275674.47:435029.69:4755.03:1573851.40
1655378562;WAOU1;449;267004.81:437003.53:4284.26:1757404.00
1655382224;WAOU1;450;277147.22:437969.13:3691.11:1730058.00
1655385890;WAOU1;451;296514.56:430002.50:3921.24:1738691.00
1655389552;WAOU1;452;307962.09:427722.66:3581.94:1626990.00
1655393219;WAOU1;453;325019.25:419061.47:3398.78:1650110.10
1655396881;WAOU1;454;342627.16:409215.06:3728.28:1707899.50
1655400548;WAOU1;455;356095.66:403044.78:4010.11:1725048.10
1655404210;WAOU1;456;354928.22:411596.78:4049.05:1723753.50
1655407874;WAOU1;457;351968.22:410524.94:4473.68:1787329.90
1655411537;WAOU1;458;340402.19:414303.97:4317.54:1658914.40
1655415203;WAOU1;459;338092.38:425794.25:4878.12:1625881.60
1655418865;WAOU1;460;329133.44:420843.91:4355.54:1645150.50
1655422527;WAOU1;461;321689.75:428107.63:4924.98:1621874.80
1655426189;WAOU1;462;312177.78:428018.28:5191.93:1550116.80
1655429853;WAOU1;463;311886.41:439097.50:5234.89:1521836.80
1655433515;WAOU1;464;306264.31:436131.25:5372.97:1389349.40
1655437178;WAOU1;465;300603.38:436545.03:5584.22:1267055.30
1655440840;WAOU1;466;300639.50:442714.38:5256.49:1106424.40
1655444503;WAOU1;467;293434.88:452355.31:5153.81:1110990.80
1655448165;WAOU1;468;295596.84:448712.34:4887.92:967251.50
1655451828;WAOU1;469;276605.41:440472.03:5233.00:1074114.10
1655455490;WAOU1;470;283347.84:450754.88:5503.97:1325760.60
1655459154;WAOU1;471;276838.25:459425.25:5561.68:1560415.40
1655462816;WAOU1;472;269396.31:459377.69:5171.40:1725135.80
1655466479;WAOU1;473;259133.55:455868.22:4515.69:1744392.90
1655470141;WAOU1;474;275937.19:454179.75:4292.05:1777774.30
1655473808;WAOU1;475;292588.13:451827.66:4080.33:1747319.40
1655477471;WAOU1;476;303625.09:442683.91:4256.88:1652080.00
1655481136;WAOU1;477;311578.50:427432.91:3886.19:1705293.80
1655484798;WAOU1;478;331900.34:431052.75:4151.49:1701461.50
1655488462;WAOU1;479;338859.13:430275.47:4368.29:1737390.10
1655492124;WAOU1;480;344296.75:427720.63:4235.52:1704067.30
1655495787;WAOU1;481;335081.03:436227.69:4550.74:1748837.10
1655499449;WAOU1;482;334516.09:434694.88:4337.01:1728714.00
1655503112;WAOU1;483;327633.56:437393.56:4996.38:1687684.60
1655506774;WAOU1;484;318278.81:445608.28:5164.55:1677796.00
1655510435;WAOU1;485;314860.44:452287.56:5321.04:1595219.10
1655514096;WAOU1;486;313416.16:455432.84:5221.32:1557605.10
1655517759;WAOU1;487;310515.53:452221.84:6267.78:1459078.80
1655521422;WAOU1;488;298931.31:457355.94:5851.53:1382860.10
1655525084;WAOU1;489;298765.59:467032.16:5339.57:1188112.10
1655528746;WAOU1;490;292969.91:465997.50:5820.14:1054814.60
1655532409;WAOU1;491;287108.47:475794.13:5173.40:1113976.40
1655536071;WAOU1;492;275353.59:465250.69:6057.11:1122745.50
1655539734;WAOU1;493;283660.22:474927.03:5980.76:1274028.30
1655543396;WAOU1;494;276817.59:470802.47:5944.53:1558362.10
1655547059;WAOU1;495;269078.50:481091.44:5428.67:1672836.60
1655550721;WAOU1;496;259665.33:477461.47:4746.18:1746432.40
1655554384;WAOU1;497;260442.95:470794.09:4504.95:1768546.80
1655558047;WAOU1;498;284004.72:459873.47:4134.97:1776247.10
1655561713;WAOU1;499;293882.28:459998.00:4007.16:1645253.40
1655565374;WAOU1;500;314522.56:454698.91:4315.53:1747008.80
1655569042;WAOU1;501;333342.63:439444.47:4029.58:1719332.10
1655572704;WAOU1;502;344521.81:429127.16:3860.81:1690469.90
1655576371;WAOU1;503;343367.50:427474.69:4611.40:1742032.50
1655580033;WAOU1;504;347721.16:79412.48:4682.69:1777834.60
1655583696;WAOU1;505;336203.63:80488.55:4390.59:1735027.30
1655587358;WAOU1;506;335589.22:83386.35:4644.57:1707712.60
1655591022;WAOU1;507;342527.22:443907.06:5390.44:1718795.60
1655594684;WAOU1;508;322662.09:446932.44:5280.92:1764510.00
1655598347;WAOU1;509;318479.91:452012.34:5375.80:1813717.10
1655602021;WAOU1;510;315661.19:453247.41:5467.74:1742246.80
1655605687;WAOU1;511;308741.13:450486.50:5384.65:1715749.40
1655609349;WAOU1;512;299707.63:462166.56:5719.35:1713372.80
1655613012;WAOU1;513;306763.88:471099.63:5539.26:1691130.00
1655616674;WAOU1;514;293410.47:475075.41:5761.36:1727459.80
1655620337;WAOU1;515;296678.00:477844.31:5828.04:1743426.30
1655623999;WAOU1;516;285185.25:476800.56:6059.12:1701339.60
1655627663;WAOU1;517;278321.50:480837.22:5575.37:1750363.80
1655631325;WAOU1;518;278996.91:482222.75:5684.06:1786773.80
1655634991;WAOU1;519;277277.41:479712.41:5526.51:1772150.80
1655638653;WAOU1;520;272915.72:479642.06:4961.21:1793397.90
1655642320;WAOU1;521;290659.72:468060.09:4895.71:1810213.10
1655645982;WAOU1;522;294422.94:464134.72:5183.08:1749378.10
1655649649;WAOU1;523;316038.25:452119.03:4933.83:1683359.30
1655653311;WAOU1;524;323181.25:452708.78:4918.13:1774736.50
1655656978;WAOU1;525;334750.00:445966.56:4857.59:1773703.10
1655660640;WAOU1;526;341288.84:447456.41:4885.91:1791280.90
1655664303;WAOU1;527;340561.28:444552.84:5196.89:1798279.00
1655667964;WAOU1;528;331503.59:451536.28:5376.86:1799339.30
1655671628;WAOU1;529;325947.09:463175.00:5882.80:1742158.00
1655675290;WAOU1;530;321762.69:462493.59:5503.02:1724545.90
1655678954;WAOU1;531;320582.97:473109.09:5579.26:1759410.50
1655682616;WAOU1;532;316771.25:471732.31:5520.61:1741391.60
1655686279;WAOU1;533;313050.66:477869.81:6098.30:1767915.10
1655689941;WAOU1;534;306813.69:486797.56:5711.44:1744791.50
1655693604;WAOU1;535;290164.28:482263.34:6139.37:1721021.90
1655697266;WAOU1;536;290198.28:492882.31:6136.54:1772565.00
1655700929;WAOU1;537;287975.41:496722.22:6047.44:1714535.10
1655704591;WAOU1;538;286702.84:495657.94:6372.69:1721624.50
1655708254;WAOU1;539;280695.75:505002.44:6304.01:1626064.30
1655711917;WAOU1;540;279902.34:502884.72:6275.68:1683881.40
1655715580;WAOU1;541;275459.56:510186.69:6226.71:1666459.90
1655719242;WAOU1;542;268310.44:509538.06:6013.09:1735724.00
1655722905;WAOU1;543;264251.00:510702.31:5678.28:1764202.80
1655726567;WAOU1;544;268829.72:502475.44:5332.73:1745804.40
1655730233;WAOU1;545;291147.25:500779.53:5747.67:1774570.80
1655733895;WAOU1;546;303454.91:489727.69:5249.64:1703264.80
1655737559;WAOU1;547;319398.56:472293.72:5644.88:1755021.00
1655741221;WAOU1;548;339131.16:462643.47:5635.20:1769907.30
1655744888;WAOU1;549;356888.59:455146.19:5564.75:1765304.30
1655748550;WAOU1;550;363594.09:449278.59:6315.81:1786339.60
1655752217;WAOU1;551;365643.34:465403.28:6016.04:1730912.60
1655755879;WAOU1;552;356480.28:470865.72:6293.39:1755847.40
1655759542;WAOU1;553;342257.31:472171.22:6277.69:1738139.60
1655763204;WAOU1;554;342369.53:480734.78:6037.52:1748237.60
1655766871;WAOU1;555;331341.66:485439.91:6090.51:1697790.00
1655770533;WAOU1;556;324263.34:498146.56:6324.66:1703780.50
1655774196;WAOU1;557;318794.53:466106.31:6550.19:1643629.30
1655777858;WAOU1;558;303524.31:506705.88:6609.91:1462601.50
1655781521;WAOU1;559;302502.38:518242.91:7221.35:1619304.00
1655785183;WAOU1;560;291539.53:507896.91:7274.34:1611341.90
1655788846;WAOU1;561;294100.38:510931.38:7233.16:1581996.60
1655792508;WAOU1;562;290227.41:526937.94:6338.35:1587317.90
1655796171;WAOU1;563;285390.84:530369.75:6960.30:1573884.00
1655799833;WAOU1;564;288533.75:528439.13:6543.23:1607365.90
1655803497;WAOU1;565;276627.47:523399.53:6613.92:1686446.60
1655807159;WAOU1;566;273749.38:529017.63:6605.07:1731285.40
1655810822;WAOU1;567;270572.00:528842.25:6119.78:1731629.00
1655814484;WAOU1;568;270506.16:525158.69:5572.54:1703401.00
1655818151;WAOU1;569;278429.59:516824.69:5477.53:1747571.00
1655821813;WAOU1;570;308824.34:501581.00:5659.63:1621658.80
1655825480;WAOU1;571;328486.13:485889.31:5367.89:1737860.40
1655829142;WAOU1;572;352957.56:467028.03:6239.45:1742172.80
1655832809;WAOU1;573;365286.13:463679.88:6238.51:1712586.50
1655836471;WAOU1;574;363382.63:458786.78:6057.11:1786773.80
1655840134;WAOU1;575;355444.66:90840.31:5496.18:1555678.10
1655843796;WAOU1;576;342690.44:97530.12:6809.12:540347.31
1655847459;WAOU1;577;334782.81:100619.45:6925.84:614680.44
1655851121;WAOU1;578;325261.78:99245.85:6590.32:640357.56
1655854784;WAOU1;579;317630.06:101759.98:6000.35:627962.31
1655858446;WAOU1;580;317137.34:105472.80:6345.31:648346.38
1655862109;WAOU1;581;307258.84:106913.08:6545.23:701363.81
1655865771;WAOU1;582;304084.53:103032.55:6523.64:399036.44
1655869434;WAOU1;583;296130.63:107292.27:6796.37:339171.28
1655873096;WAOU1;584;293470.66:109527.04:7050.58:351305.34
1655876760;WAOU1;585;292049.00:111715.91:6775.72:366969.41
1655880422;WAOU1;586;288727.31:106888.17:7411.95:414148.31
1655884085;WAOU1;587;284423.09:109720.59:6425.56:414290.41
1655887747;WAOU1;588;282703.13:577549.13:7029.81:480555.41
1655891410;WAOU1;589;275196.97:573155.50:6801.21:567975.94
1655895072;WAOU1;590;266317.13:575588.75:10675.84:924777.69
1655898735;WAOU1;591;261363.83:570912.44:6545.23:1546910.10
1655902397;WAOU1;592;273118.94:571268.75:14930.59:1708834.30
1655906064;WAOU1;593;276077.97:570102.25:8653.96:1751869.80
1655909726;WAOU1;594;292381.81:565432.31:6562.82:1727452.60
1655913393;WAOU1;595;300243.31:554881.19:5917.15:1690235.60
1655917055;WAOU1;596;304781.06:560408.06:6439.37:927569.25
1655920718;WAOU1;597;303575.53:564362.81:7096.61:786132.13
1655924380;WAOU1;598;296553.72:568258.56:6765.93:918506.38
1655928044;WAOU1;599;289924.81:576865.25:6432.53:996458.63
1655931706;WAOU1;600;291654.72:576225.56:6128.75:925541.81
1655935368;WAOU1;601;288709.59:574251.63:6790.47:785288.31
1655939030;WAOU1;602;283770.69:107261.34:6887.60:813076.44
1655942694;WAOU1;603;283283.88:112063.59:6703.14:753807.00
1655946356;WAOU1;604;280173.06:553508.44:7281.19:834058.19
1655950019;WAOU1;605;275369.41:585783.19:7342.09:782554.00
1655953681;WAOU1;606;278056.44:114116.84:138802.97:730999.00
1655957344;WAOU1;607;278596.34:573503.06:7518.99:722070.25
1655961006;WAOU1;608;268288.50:587779.00:7381.39:643544.69
1655964669;WAOU1;609;269896.13:580271.31:49264.98:618559.50
1655968331;WAOU1;610;266550.94:579752.75:8347.95:635354.81
1655971994;WAOU1;611;259865.72:578396.50:9363.48:664060.94
1655975656;WAOU1;612;256783.83:586833.19:7318.60:839197.63
1655979320;WAOU1;613;247735.92:587299.81:7260.65:1449293.00
1655982982;WAOU1;614;237141.86:593517.00:6907.19:1722553.80
1655986645;WAOU1;615;237957.25:570607.13:6341.30:1687677.50
1655990306;WAOU1;616;254702.94:582704.81:74536.36:1725397.30
1655993970;WAOU1;617;270411.97:569806.75:9479.97:1643464.50
1655997632;WAOU1;618;303593.56:543874.81:85629.85:1717984.40
1656001295;WAOU1;619;309155.84:507604.34:6230.60:1705157.30
1656004957;WAOU1;620;319972.72:97801.09:504318.63:396871.66
1656008620;WAOU1;621;317204.84:103751.40:467969.81:478510.53
1656012282;WAOU1;622;304602.38:99617.49:12631.38:743117.94
1656015945;WAOU1;623;299329.97:103352.14:8426.66:906796.81
1656019608;WAOU1;624;293056.06:105509.38:436442.59:814525.31
1656023271;WAOU1;625;287930.34:105920.79:51520.17:820946.50
1656026933;WAOU1;626;289485.09:110539.16:9512.42:846581.50
1656030596;WAOU1;627;288532.09:111590.10:425277.81:908382.50
1656034258;WAOU1;628;292579.97:110281.99:414750.06:904132.69
1656037921;WAOU1;629;279991.56:112561.50:152931.64:883858.63
1656041583;WAOU1;630;276325.00:116548.83:6886.66:898580.13
1656045246;WAOU1;631;279899.16:111090.65:10389.17:934116.00
1656048908;WAOU1;632;274345.72:114821.52:14813.87:913978.50
1656052571;WAOU1;633;270052.84:115443.83:27272.48:901034.38
1656056233;WAOU1;634;263443.78:114724.99:18021.23:851798.56
1656059896;WAOU1;635;263634.59:121857.71:7240.95:801701.44
1656063558;WAOU1;636;251434.81:114190.37:9434.53:961289.63
1656067222;WAOU1;637;258879.45:113496.08:14141.41:578092.81
1656070884;WAOU1;638;251043.83:117104.09:25764.45:649739.06
1656074547;WAOU1;639;257696.22:114001.30:16867.73:648847.44
1656078209;WAOU1;640;259413.95:116841.63:8069.43:684071.94
1656081873;WAOU1;641;257084.77:117348.75:7323.44:710462.56
1656085534;WAOU1;642;249901.30:148520.75:6876.74:778094.69
1656089197;WAOU1;643;241626.28:216422.53:49632.02:938648.50
1656092859;WAOU1;644;238672.31:109149.98:11440.71:978129.63
1656096523;WAOU1;645;244793.28:232005.52:36305.98:913159.38
1656100185;WAOU1;646;241500.48:242129.75:10605.62:887572.19
1656103848;WAOU1;647;249261.05:449610.13:9689.09:868071.94
1656107510;WAOU1;648;249779.86:121130.61:15697.00:894608.81
1656111172;WAOU1;649;256579.77:119482.50:18157.65:792060.63
1656114834;WAOU1;650;255797.80:123463.80:7486.54:962079.38
1656118498;WAOU1;651;254265.58:121878.37:27436.99:972881.00
1656122160;WAOU1;652;255229.42:121105.12:15074.10:1015735.30
1656125823;WAOU1;653;253071.36:118962.52:37728.56:1094755.60
1656129485;WAOU1;654;254932.48:122525.80:12091.69:1127153.30
1656133148;WAOU1;655;255250.89:125277.38:19457.97:1119366.30
1656136810;WAOU1;656;251928.13:120431.24:45419.75:1107292.60
1656140473;WAOU1;657;251725.48:122695.63:10264.78:1092226.80
1656144135;WAOU1;658;251173.17:120027.27:45669.70:1071849.00
1656147799;WAOU1;659;237613.34:121300.08:9854.91:1040376.10
1656151461;WAOU1;660;231424.77:118656.62:7806.84:1057042.00
1656155124;WAOU1;661;220130.05:117794.38:6350.15:1084205.10
1656158786;WAOU1;662;205307.91:104542.11:77282.50:1426160.90
1656162451;WAOU1;663;219884.33:96306.40:6145.39:1685011.50
1656166113;WAOU1;664;232938.09:109174.99:5805.50:1634198.30
1656169778;WAOU1;665;264947.31:92631.11:6652.16:1628620.80
1656173440;WAOU1;666;275723.56:94403.49:6707.04:1665463.90
1656177103;WAOU1;667;284224.25:95391.41:6479.50:1477468.60
1656180766;WAOU1;668;291229.97:99929.41:7207.66:1183951.40
1656184432;WAOU1;669;291333.72:113515.31:34882.11:931881.50
1656188095;WAOU1;670;305998.88:103425.43:11802.31:795211.31
1656191761;WAOU1;671;297090.13:100654.74:16254.51:869078.31
1656195423;WAOU1;672;297361.69:107795.38:7007.39:765675.13
1656199086;WAOU1;673;300741.56:113577.86:9554.91:760277.38
1656202748;WAOU1;674;289722.78:112531.41:12617.57:908478.69
1656206412;WAOU1;675;290030.09:112568.70:10856.76:934946.19
1656210074;WAOU1;676;283876.56:113428.80:7966.16:964463.94
1656213736;WAOU1;677;285453.50:119692.80:10043.50:979273.75
1656217398;WAOU1;678;279935.84:115478.77:36686.71:912851.81
1656221061;WAOU1;679;280673.56:114138.56:33544.86:934785.19
1656224720;WAOU1;680;274527.25:113544.23:15594.08:828242.31
1656228383;WAOU1;681;274538.34:115472.74:67140.34:746740.94
1656232045;WAOU1;682;271094.72:119130.10:50376.35:761539.63
1656235708;WAOU1;683;268385.50:115089.19:47812.43:856769.06
1656239370;WAOU1;684;262268.91:111781.88:23459.10:772071.69
1656243033;WAOU1;685;260747.19:113139.20:83273.64:673594.94
1656246696;WAOU1;686;263113.31:131633.55:23066.81:547101.50
1656250358;WAOU1;687;254998.22:140755.33:34678.88:532557.06
1656254020;WAOU1;688;242584.11:136888.86:50098.54:457467.69
1656257684;WAOU1;689;239443.44:130001.13:20548.80:648182.06
1656261346;WAOU1;690;258723.91:136159.63:19230.55:872719.69
1656265009;WAOU1;691;266911.22:139550.84:14920.56:805576.75
1656268671;WAOU1;692;270570.47:153954.02:28987.86:712646.75
1656272335;WAOU1;693;266463.59:155482.23:6469.82:678385.25
1656275996;WAOU1;694;272111.53:160540.33:18051.32:671591.63
1656279659;WAOU1;695;270159.41:158786.23:30249.46:484368.19
1656287269;WAOU1;696;275214.44:210091.03:9473.00:520422.44
1656290931;WAOU1;697;271471.66:209543.78:19803.29:537655.56
1656294594;WAOU1;698;261377.64:214292.20:20813.98:548747.88
1656298256;WAOU1;699;243507.48:202274.05:11064.58:670994.81
1656301919;WAOU1;700;237799.45:201661.06:12904.47:599187.38
1656305581;WAOU1;701;225814.81:199166.17:11578.43:695110.69
1656309244;WAOU1;702;219575.13:196914.05:11911.36:751821.81
1656312906;WAOU1;703;209488.31:196112.02:13170.72:449908.94
1656316569;WAOU1;704;199321.25:187812.09:9502.63:461346.69
1656320231;WAOU1;705;192879.98:190765.83:25131.17:530335.63
1656323894;WAOU1;706;189177.91:186873.27:13062.38:550294.81
1656327556;WAOU1;707;182943.66:181541.95:7740.04:583584.56
1656331220;WAOU1;708;171794.56:181833.47:14203.13:605659.63
1656334882;WAOU1;709;163085.48:179406.08:10583.90:606736.44
1656338545;WAOU1;710;152025.63:177928.16:8980.05:621874.88
1656342207;WAOU1;711;152943.33:174633.47:36690.84:662220.81
1656345871;WAOU1;712;142724.33:166859.20:22438.85:705659.50
1656349533;WAOU1;713;148637.23:175469.97:11785.43:638991.38
1656353195;WAOU1;714;144835.19:171460.11:17372.49:628976.06
1656356857;WAOU1;715;143431.84:169626.23:10620.49:631916.38
1656360520;WAOU1;716;146860.59:175043.45:8310.42:658310.88
1656364182;WAOU1;717;145190.06:169817.55:10578.94:668161.06
1656367845;WAOU1;718;153643.98:168472.14:11753.69:617362.13
1656371507;WAOU1;719;150008.59:164174.78:13654.83:672510.75
1656375170;WAOU1;720;152317.95:164441.97:23518.94:671839.81
1656378832;WAOU1;721;158198.98:174563.95:8962.34:819015.25
1656382496;WAOU1;722;156322.28:174333.59:23410.48:881908.63
1656386158;WAOU1;723;157196.19:171520.06:53836.61:931046.75
1656389821;WAOU1;724;154627.78:167357.59:31276.21:968546.13
1656393483;WAOU1;725;160431.88:165598.55:35883.84:960177.44
1656397146;WAOU1;726;155570.27:156728.61:8702.35:934569.44
1656400808;WAOU1;727;154116.89:161003.19:10809.31:885631.94
1656404471;WAOU1;728;149312.17:163123.48:10314.11:904841.50
1656408133;WAOU1;729;148427.39:156045.88:9709.75:877710.88
1656411797;WAOU1;730;145885.19:150161.30:8216.95:802909.81
1656415458;WAOU1;731;129852.55:141168.16:7178.16:823488.81
1656419125;WAOU1;732;120419.20:135042.47:7362.74:941602.19
1656422787;WAOU1;733;118614.13:126522.81:31158.78:910951.75
1656426451;WAOU1;734;110125.38:115214.52:15762.85:1012250.00
1656430112;WAOU1;735;112939.74:116604.53:12808.17:929608.38
1656433776;WAOU1;736;112026.41:117548.43:9117.06:908354.31
1656437438;WAOU1;737;114168.66:113657.29:10208.37:913398.94
1656441101;WAOU1;738;117187.66:113139.20:9461.20:876464.88
1656444763;WAOU1;739;120938.01:120416.72:8394.09:756106.94
1656448426;WAOU1;740;127358.02:111467.95:8051.72:664523.06
1656452088;WAOU1;741;130825.37:110540.34:15527.17:666842.69
1656455751;WAOU1;742;132873.31:115159.05:7516.99:695879.19
1656459419;WAOU1;743;137402.00:113991.75:4710.07:653208.06
1656463084;WAOU1;744;137928.11:112973.26:4262.78:709115.88
1656466746;WAOU1;745;141964.78:113847.30:4607.51:660142.44
1656470409;WAOU1;746;141161.91:113577.86:4531.27:615838.19
1656474071;WAOU1;747;144968.67:105967.05:4601.61:609851.50
1656477735;WAOU1;748;146678.27:110381.25:4585.91:572902.19
1656481397;WAOU1;749;144655.92:109410.09:5204.68:584847.06
1656485059;WAOU1;750;151592.97:110445.80:6954.28:590290.13
1656488721;WAOU1;751;151226.41:107810.84:11359.51:693083.25
1656492384;WAOU1;752;147543.80:109067.72:6266.83:775290.38
1656496043;WAOU1;753;145414.06:107112.77:30955.08:773968.25
1656499706;WAOU1;754;140094.08:100342.35:7873.75:797530.25
1656503368;WAOU1;755;123017.23:90850.59:5227.10:1194271.00
1656507035;WAOU1;756;112362.28:89216.28:4118.45:1385977.90
1656510697;WAOU1;757;109588.05:81127.15:3962.31:1549117.10
1656514364;WAOU1;758;116347.13:93578.66:3783.75:1351621.30
1656518026;WAOU1;759;120187.89:80291.82:4642.68:1484045.00
1656521693;WAOU1;760;130698.97:76528.37:4284.26:1520678.30
1656525355;WAOU1;761;140641.56:81710.86:4565.50:1416612.60
1656529022;WAOU1;762;150389.78:84585.52:4916.24:1173192.40
1656532684;WAOU1;763;151275.39:85284.89:4804.83:765212.75
1656536348;WAOU1;764;157682.30:83928.05:4811.68:683554.56
1656540010;WAOU1;765;161969.28:88400.43:5318.09:621908.38
1656543676;WAOU1;766;163932.84:86902.79:5363.06:689360.19
1656547338;WAOU1;767;166526.16:87473.40:5160.66:633598.56
1656551001;WAOU1;768;173711.52:90252.23:4537.17:625577.50
1656554663;WAOU1;769;169825.45:91354.87:4511.68:578802.13
1656558326;WAOU1;770;173426.75:92640.31:4826.31:706080.00
1656561985;WAOU1;771;171149.84:92019.30:5612.66:906331.56
1656565647;WAOU1;772;169446.97:94405.85:5674.27:1067831.40
1656569309;WAOU1;773;165755.39:95555.34:5854.48:1035062.30
1656572973;WAOU1;774;165632.77:90496.65:5596.97:1029747.30
1656576635;WAOU1;775;165116.09:94376.82:5705.66:1020992.50
1656580298;WAOU1;776;161499.22:94851.95:5767.26:1021048.20
1656611670;WAOU1;777;158570.03:84211.64:15584.17:1094313.50
1656619310;WAOU1;778;173715.53:92824.42:5538.19:676716.06
1656670344;WAOU1;779;171973.25:103318.04:5257.43:913463.25
1656674038;WAOU1;780;169538.55:97825.63:5238.78:946584.88
1656677835;WAOU1;781;147114.58:93405.89:5544.09:1021352.20
1656705083;WAOU1;782;164268.25:91981.19:6367.85:723619.94
1656717195;WAOU1;783;182135.94:108202.41:7633.94:749766.06
1656720927;WAOU1;784;184475.28:93049.01:4966.16:794937.50
1656724594;WAOU1;785;190342.03:95643.85:5360.10:719045.38
1656728337;WAOU1;786;190245.61:95975.59:5280.92:604361.13
1656735972;WAOU1;787;201260.03:96552.34:6566.83:728029.81
1656743586;WAOU1;788;201614.67:97477.48:6652.16:997612.38
1656747303;WAOU1;789;197458.11:98995.30:6269.78:953277.19
1656751328;WAOU1;790;189889.55:98470.95:6468.76:933900.31
1656755058;WAOU1;791;188146.44:93899.91:6460.85:902890.06
1656762676;WAOU1;792;152400.44:83817.70:5460.89:1169369.10
1656766377;WAOU1;793;139497.86:80315.54:4482.53:1381027.10
1656770068;WAOU1;794;140769.27:73543.59:4256.88:1599257.40
1656773755;WAOU1;795;150156.23:71907.64:5311.25:1612685.60
1656777473;WAOU1;796;168588.86:76414.95:5355.27:1621174.40
1656781144;WAOU1;797;196306.38:75767.39:6275.68:1506506.00
1656784878;WAOU1;798;201410.03:79849.73:6370.69:1463112.50
1656788538;WAOU1;799;207556.48:83412.43:5968.01:1204023.50
1656792202;WAOU1;800;215840.83:90277.73:6179.62:751282.63
1656795864;WAOU1;801;218685.86:86161.29:6533.55:722348.06
1656799527;WAOU1;802;219114.39:91413.88:6192.36:633463.31
1656803189;WAOU1;803;220933.16:94787.99:6670.80:725777.06
1656806939;WAOU1;804;224038.06:105880.55:6886.66:792622.00
1656810601;WAOU1;805;221959.08:104610.80:7140.87:766542.94
1656814263;WAOU1;806;223030.44:91330.68:8228.75:761936.63
1656817922;WAOU1;807;226006.00:98955.41:7425.64:582016.44
1656821586;WAOU1;808;227912.69:102457.10:7113.37:599773.56
1656825248;WAOU1;809;231028.69:98645.27:7287.09:742148.75
1656828910;WAOU1;810;220953.33:101251.79:7538.58:919525.00
1656832577;WAOU1;811;214667.61:95986.10:7721.39:962557.25
1656836247;WAOU1;812;212068.05:98898.17:7012.23:976486.31
1656839905;WAOU1;813;204201.50:99371.30:5467.74:1021595.60
1656843571;WAOU1;814;194924.05:94930.91:4673.95:1069354.80
1656847231;WAOU1;815;181520.36:102114.26:5140.12:1150402.40
1656850898;WAOU1;816;166675.45:87835.71:4395.55:1342174.10
1656854559;WAOU1;817;174790.31:73840.77:3940.83:1588932.50
1656858225;WAOU1;818;190113.67:74897.73:3876.51:1571478.00
1656861887;WAOU1;819;202212.31:76781.16:4033.47:1343743.40
1656865552;WAOU1;820;221201.05:80395.91:17484.72:1333394.60
1656869214;WAOU1;821;234828.14:84145.67:8178.71:1343001.50
1656872877;WAOU1;822;239991.39:84290.24:10891.45:1187180.50
1656876540;WAOU1;823;237967.64:82275.92:10286.38:1141232.30
1656880202;WAOU1;824;240809.14:86875.29:7615.18:1106741.30
1656883864;WAOU1;825;244538.83:86443.82:8202.31:722579.75
1656887527;WAOU1;826;251457.59:93270.29:5796.65:774844.25
1656891189;WAOU1;827;248516.95:92005.38:6573.68:734324.69
1656894852;WAOU1;828;246447.05:87216.71:5281.86:759609.06
1656898514;WAOU1;829;250236.94:93229.69:5934.73:831594.25
1656902176;WAOU1;830;237821.77:90334.14:5507.86:766061.75
1656905842;WAOU1;831;237920.08:94659.00:5951.37:788615.00
1656909534;WAOU1;832;240317.23:92062.03:5198.78:828647.00
1656921163;WAOU1;833;226188.58:99151.09:5363.06:773916.06
1656924835;WAOU1;834;226980.59:91637.88:5291.66:790087.38
1656928497;WAOU1;835;213157.70:94675.28:4978.79:700564.81
1656932155;WAOU1;836;213229.11:95500.70:5166.56:690589.06
1656935819;WAOU1;837;198372.16:93324.81:4818.52:976120.00
1656939481;WAOU1;838;206167.66:90698.34:6353.10:977143.44
1656943145;WAOU1;839;204501.50:94369.85:6383.55:1023403.40
1656946806;WAOU1;840;208058.06:89384.22:5588.23:1064017.10
1656950469;WAOU1;841;205323.48:86678.44:4984.57:1095476.80
1656954131;WAOU1;842;209038.20:83238.35:5151.80:1125596.60
1656957795;WAOU1;843;207676.98:82642.72:5485.32:1237807.10
1656961457;WAOU1;844;215567.97:91669.03:6481.50:1127095.90
1656965121;WAOU1;845;220053.45:85618.41:7876.70:1115249.00
1656968783;WAOU1;846;221976.53:91140.31:6889.61:1067923.50
1656972446;WAOU1;847;226270.36:91302.95:6805.11:700601.44
1656976108;WAOU1;848;226203.09:88390.04:5816.24:670033.81
1656979773;WAOU1;849;223870.72:108439.51:6196.26:697578.88
1656983432;WAOU1;850;233140.38:88748.34:5824.03:663750.44
1656987095;WAOU1;851;229320.39:92373.01:6344.37:678086.00
1656990757;WAOU1;852;232664.77:92133.78:6091.46:710733.88
1656994421;WAOU1;853;236027.78:98627.68:6983.79:662493.19
1656998083;WAOU1;854;233150.77:98610.21:7151.61:703776.69
1657001747;WAOU1;855;240148.23:99549.39:23135.74:959096.63
1657005409;WAOU1;856;237345.56:96574.53:7854.04:956653.88
1657009071;WAOU1;857;228685.11:94990.27:45665.46:971972.19
1657012733;WAOU1;858;218305.14:97136.65:44607.43:961597.88
1657016396;WAOU1;859;214293.63:92177.57:27966.65:981931.19
1657020058;WAOU1;860;196263.42:91112.58:48066.63:1002747.30
1657023725;WAOU1;861;192257.22:83873.41:13701.56:1276206.60
1657027387;WAOU1;862;195134.83:72831.48:67751.90:1561533.50
1657031054;WAOU1;863;216319.03:69225.47:4943.62:1583447.60
1657034716;WAOU1;864;257783.78:74632.54:6132.65:1603148.90
1657038383;WAOU1;865;276375.63:73282.30:4532.33:1467081.90
1657042045;WAOU1;866;277994.47:76376.72:4778.52:1359553.10
1657045708;WAOU1;867;283146.28:81335.56:5837.72:1290017.40
1657049370;WAOU1;868;282568.69:80657.32:5152.75:1160026.60
1657053037;WAOU1;869;279636.56:82151.06:5620.45:981313.13
1657056700;WAOU1;870;285880.84:83767.55:5886.70:745577.06
1657060366;WAOU1;871;270263.03:85098.90:6181.62:765708.69
1657064028;WAOU1;872;276002.09:95125.05:6134.53:718117.31
1657067691;WAOU1;873;277508.81:100009.07:5947.48:726093.81
1657071353;WAOU1;874;273979.53:130454.67:5951.37:700925.94
1657075018;WAOU1;875;284020.66:100789.76:5817.19:699619.75
1657078677;WAOU1;876;277063.31:95928.98:6959.24:794720.63
1657082339;WAOU1;877;278459.81:101156.44:6407.98:959164.00
1657086001;WAOU1;878;275001.06:104488.88:7328.28:973014.13
1657089665;WAOU1;879;271212.50:100303.64:6522.69:956406.75
1657093327;WAOU1;880;265174.25:97921.34:7696.85:935345.06
1657096990;WAOU1;881;256104.28:99063.16:6145.39:934225.69
1657100652;WAOU1;882;250723.05:98988.22:6563.88:889450.31
1657104315;WAOU1;883;238739.34:101498.69:6929.85:993125.13
1657107977;WAOU1;884;222497.47:96515.05:5750.62:1145087.10
1657111644;WAOU1;885;224649.63:78756.77:5116.64:1344227.60
1657115307;WAOU1;886;243131.83:74728.84:5123.48:1477048.00
1657118973;WAOU1;887;267841.56:75639.58:4976.79:1540710.30
1657122635;WAOU1;888;287997.97:72914.09:4832.10:1467249.30
1657126302;WAOU1;889;291606.09:79295.05:5366.01:1378393.00
1657129964;WAOU1;890;294647.75:85690.40:5337.68:1323116.00
1657133627;WAOU1;891;303284.72:83338.43:6259.99:1212368.30
1657137289;WAOU1;892;300983.38:82329.27:7028.87:1178978.90
1657140954;WAOU1;893;293348.75:87967.66:6426.63:878117.56
1657144614;WAOU1;894;292396.34:90654.55:6459.91:800811.13
1657148278;WAOU1;895;291708.31:92340.66:7009.28:799564.38
1657151940;WAOU1;896;291264.09:98786.88:6581.46:856573.63
1657155602;WAOU1;897;292833.34:99894.24:8279.02:787141.75
1657159264;WAOU1;898;288835.53:102273.35:6912.03:822975.94
1657162928;WAOU1;899;284373.28:103991.20:8546.69:863321.88
1657166590;WAOU1;900;287696.53:105435.98:7979.97:748284.88
1657170253;WAOU1;901;282501.53:111090.65:7881.54:756998.44
1657173915;WAOU1;902;284492.13:108412.02:12231.54:768711.88
1657177578;WAOU1;903;278928.69:104589.44:23889.28:767631.31
1657181240;WAOU1;904;277515.19:103333.26:9442.44:713603.25
1657184903;WAOU1;905;269042.50:110626.37:8690.55:738896.13
1657188565;WAOU1;906;262377.38:103007.77:141762.38:785026.94
1657192229;WAOU1;907;243631.98:96490.63:7063.33:888407.94
1657195890;WAOU1;908;228922.80:88623.13:6731.58:1208472.00
1657199557;WAOU1;909;251234.06:83794.80:11310.06:1186198.10
1657203219;WAOU1;910;255926.42:86458.69:41004.37:1103971.10
1657206882;WAOU1;911;258189.77:88075.52:30883.92:1112875.30
1657210544;WAOU1;912;267254.44:87226.98:29258.59:1149525.50
1657214207;WAOU1;913;274689.88:88896.69:467344.69:1103079.40
1657217869;WAOU1;914;269867.91:85610.38:457736.78:1104447.40
1657221534;WAOU1;915;279308.69:92230.91:39925.45:1116518.60
1657225196;WAOU1;916;269285.16:242459.61:54451.36:1127051.80
1657228859;WAOU1;917;274187.94:201232.06:456805.97:1116698.50
1657232521;WAOU1;918;279735.22:92811.67:17801.60:1135248.30
1657236183;WAOU1;919;274296.88:93593.66:146962.69:1125782.40
1657239846;WAOU1;920;276413.63:100133.58:15091.09:1137055.80
1657243508;WAOU1;921;279137.00:97764.86:83117.86:1134838.00
1657247170;WAOU1;922;277924.72:99896.48:17865.80:1150040.80
1657250833;WAOU1;923;276711.50:100210.88:93401.17:1141797.30
1657254495;WAOU1;924;283602.53:105300.84:340671.38:1110594.30
1657258160;WAOU1;925;271258.03:99345.58:32433.96:1095588.10
1657261822;WAOU1;926;277516.84:101917.65:201533.36:1076809.90
1657265484;WAOU1;927;271005.13:99144.13:17775.40:1064691.90
1657269146;WAOU1;928;264885.13:101797.63:11538.78:1049522.90
1657272809;WAOU1;929;261997.94:96775.05:17360.45:1026245.20
1657276471;WAOU1;930;260645.23:96446.25:166478.72:1051562.30
1657280135;WAOU1;931;242806.22:95868.44:417839.19:971105.69
1657283797;WAOU1;932;236718.30:258185.28:13039.48:1260084.80
1657287463;WAOU1;933;260813.64:78622.59:14091.61:1489034.80
1657291125;WAOU1;934;272378.97:82526.95:184423.58:1479110.50
1657294792;WAOU1;935;288496.56:76257.76:503871.25:1516279.30
1657298454;WAOU1;936;306929.91:79551.38:7814.74:1378216.40
1657302121;WAOU1;937;314556.19:80110.90:6817.85:1215504.90
1657305784;WAOU1;938;319886.31:81725.61:7167.30:1168572.80
1657309450;WAOU1;939;320699.94:86024.03:7509.08:1135676.40
1657313112;WAOU1;940;314203.44:108940.14:13438.03:1083279.40
1657316776;WAOU1;941;311471.47:90509.27:8052.79:956425.50
1657320437;WAOU1;942;312779.09:93211.16:7402.98:807757.00
1657324100;WAOU1;943;312691.88:241133.69:9009.67:773587.25
1657327762;WAOU1;944;291589.94:99094.79:8019.27:755282.56
1657331426;WAOU1;945;301342.16:101098.84:7626.98:773750.13
1657335088;WAOU1;946;300424.09:99318.55:16343.49:748875.75
1657338751;WAOU1;947;292953.63:98571.50:7735.20:752052.19
1657342413;WAOU1;948;298473.75:300341.84:9639.64:732233.94
1657346076;WAOU1;949;300026.28:288172.28:8902.16:729686.88
1657349738;WAOU1;950;292474.34:279359.69:9487.87:766141.00
1657353401;WAOU1;951;294202.94:106322.99:9479.02:775868.88
1657357063;WAOU1;952;289051.97:258419.19:39052.71:758464.44
1657360726;WAOU1;953;275321.97:262160.56:8005.58:737029.81
1657364388;WAOU1;954;276575.19:265849.78:7590.63:728432.13
1657368055;WAOU1;955;267360.66:265387.41:19669.22:1138097.40
1657371717;WAOU1;956;280994.09:203708.78:7310.69:1293925.00
1657375385;WAOU1;957;293768.28:81255.20:6822.93:1507700.10
1657379046;WAOU1;958;303094.84:83147.37:7523.83:1491470.40
1657382713;WAOU1;959;313490.03:302406.78:504973.88:1408093.40
1657386375;WAOU1;960;326371.25:80114.32:377517.78:1239238.90
1657390042;WAOU1;961;326609.16:265052.94:480820.13:1248517.10
1657393704;WAOU1;962;330950.31:287574.03:473787.94:1116050.10
1657397367;WAOU1;963;332464.72:90309.83:174060.73:1135363.90
1657401029;WAOU1;964;322689.34:89032.29:465637.56:1136511.30
1657404692;WAOU1;965;328779.63:92060.85:441104.84:767780.69
1657408356;WAOU1;966;327237.63:95725.40:436794.28:764169.94
1657412021;WAOU1;967;318923.06:91835.44:435404.75:767741.06
1657415683;WAOU1;968;317858.06:101352.81:418477.66:769414.44
1657419346;WAOU1;969;315989.41:98413.71:412963.66:772595.94
1657423008;WAOU1;970;308559.63:100205.09:393559.84:778048.56
1657426672;WAOU1;971;303592.03:102287.51:81519.32:764692.56
1657430334;WAOU1;972;304911.81:103782.08:9170.29:765428.75
1657433997;WAOU1;973;307521.53:323697.34:8585.16:823349.13
1657437660;WAOU1;974;296107.75:105608.98:9019.46:767006.06
1657441322;WAOU1;975;299272.63:98159.86:8189.45:873778.81
1657444984;WAOU1;976;299531.91:286615.84:7907.15:886709.31
1657448647;WAOU1;977;290798.97:288782.31:7887.56:846844.56
1657452309;WAOU1;978;288877.53:100707.62:54751.95:907781.31
1657455972;WAOU1;979;287238.88:89762.82:467818.63:1201848.60
1657459635;WAOU1;980;302891.84:286060.94:59362.30:1424991.10
1657466965;WAOU1;981;332585.69:282370.44:531879.88:1504550.50
1657470626;WAOU1;982;340800.84:77044.10:513121.19:1341771.50
1657474446;WAOU1;983;344662.50:249353.58:494941.22:1317655.40
1657478108;WAOU1;984;354278.41:256413.95:482441.09:1236822.60
1657481774;WAOU1;985;345009.13:264888.06:485334.50:1158776.60
1657485436;WAOU1;986;342288.81:92707.59:479239.03:1176176.60
1657489099;WAOU1;987;340382.97:92587.20:482225.00:1080384.60
1657492761;WAOU1;988;337430.88:92445.94:440377.16:899644.25
1657496424;WAOU1;989;328141.16:96484.73:461477.69:965966.13
1657500086;WAOU1;990;331305.44:293387.69:451528.00:925853.38
1657503749;WAOU1;991;331201.94:293013.69:439698.69:829885.63
1657507412;WAOU1;992;319418.84:272443.41:423954.00:842000.31
1657511074;WAOU1;993;318529.00:102802.54:415590.34:825650.81
1657514736;WAOU1;994;316882.66:291745.59:417674.91:817356.19
1657518400;WAOU1;995;314974.69:296302.25:147602.58:837013.13
1657522062;WAOU1;996;311863.03:286883.03:82489.54:803779.94
1657525725;WAOU1;997;313588.94:282046.13:49756.88:768998.75
1657529387;WAOU1;998;306576.34:282880.63:161546.31:852140.19
1657533050;WAOU1;999;307581.38:279273.78:8548.69:1087446.80
1657536712;WAOU1;1000;302756.59:111947.34:459074.84:1089238.50
1657540375;WAOU1;1001;297510.63:95827.84:499148.53:1179978.00
1657547727;WAOU1;1002;327381.59:295746.97:538780.94:1600237.40
1657551389;WAOU1;1003;339195.72:309956.34:544063.19:1570105.50
1657555056;WAOU1;1004;360023.38:81712.04:517701.78:1489216.80
1657558717;WAOU1;1005;369105.41:80848.63:497549.75:1373910.10
1657562385;WAOU1;1006;375138.06:83191.73:494170.81:1395693.80
1657566047;WAOU1;1007;373236.22:84309.72:492192.13:1259055.40
1657569710;WAOU1;1008;373001.38:92030.76:481082.94:1221066.10
1657573372;WAOU1;1009;364856.31:296156.84:496065.56:1231079.10
1657577035;WAOU1;1010;354002.03:295128.56:490536.59:1220516.10
1657580697;WAOU1;1011;351129.47:274274.69:494760.53:1203700.60
1657584361;WAOU1;1012;351696.19:270845.09:494027.31:1172749.10
1657588023;WAOU1;1013;345012.66:268058.72:500022.81:1192477.60
1657591686;WAOU1;1014;334975.19:287045.69:496981.88:1171955.10
1657595348;WAOU1;1015;331472.66:120768.77:500419.72:1223889.10
1657599011;WAOU1;1016;331486.47:114820.23:488373.34:1264788.90
1657602673;WAOU1;1017;328652.53:111029.63:486291.63:1236034.50
1657606336;WAOU1;1018;330461.25:260751.80:496560.66:1261610.90
1657609998;WAOU1;1019;328726.41:241253.47:513197.06:1183330.90
1657613661;WAOU1;1020;319771.13:238138.88:493555.59:1175005.10
1657617323;WAOU1;1021;308757.78:220338.34:518550.56:1159643.40
1657620986;WAOU1;1022;317574.38:148703.80:536016.63:1129559.40
1657624648;WAOU1;1023;307308.75:186971.69:539187.19:1091071.10
1657628315;WAOU1;1024;314862.09:252354.64:543596.06:1234553.10
1657650513;WAOU1;1025;388991.53:89987.41:492248.56:1268378.80
1657654175;WAOU1;1026;391229.50:92830.20:482807.28:1282048.00
1657657842;WAOU1;1027;384384.13:183895.34:492717.31:1221404.10
1657661504;WAOU1;1028;374624.94:100277.80:504431.09:1228204.30
1657665167;WAOU1;1029;368452.75:316752.84:505309.28:1238395.30
1657668829;WAOU1;1030;357157.34:316265.66:498686.75:1224300.30
1657672493;WAOU1;1031;349820.09:313436.31:508311.16:1265652.50
1657676155;WAOU1;1032;347655.88:337858.94:499615.31:1310437.80
1657679818;WAOU1;1033;349440.91:327388.44:498586.06:1305661.30
1657683480;WAOU1;1034;336584.09:331145.16:483923.97:1344604.10
1657687142;WAOU1;1035;336441.66:336610.19:473847.19:1322951.80
1657690804;WAOU1;1036;334083.09:325615.47:459076.88:1328124.30
1657694468;WAOU1;1037;331396.78:340344.59:462956.22:1307343.50
1657698131;WAOU1;1038;329602.69:333256.13:41918.29:1249358.60
1657701793;WAOU1;1039;323104.66:339635.44:460313.56:1212105.00
1657705455;WAOU1;1040;319518.69:337977.41:507526.94:1178231.50
1657709118;WAOU1;1041;307883.97:324309.38:534555.81:1150167.50
1657712780;WAOU1;1042;306858.53:291525.03:537996.88:1212837.50
1657742388;WAOU1;1043;393784.91:307757.47:503750.03:1189588.80
1657746050;WAOU1;1044;388201.53:311642.22:503853.66:1174112.50
1657749713;WAOU1;1045;382371.00:315353.16:508235.97:1173650.10
1657753376;WAOU1;1046;371780.84:324473.19:507391.94:1171673.50
1657757043;WAOU1;1047;372786.81:321579.28:515881.50:1187962.50
1657760705;WAOU1;1048;362552.97:121662.39:523388.34:1198514.30
1657764371;WAOU1;1049;359183.44:326066.88:524225.44:1179722.40
1657768033;WAOU1;1050;356593.09:332040.09:526097.88:1202332.80
1657771701;WAOU1;1051;350025.78:325536.88:528170.50:1201981.50
1657775363;WAOU1;1052;349407.16:334593.97:523585.06:1263033.50
1657779026;WAOU1;1053;348094.19:329131.78:533292.31:1264312.10
1657782688;WAOU1;1054;342074.97:337853.72:532200.06:1236435.80
1657786354;WAOU1;1055;333216.38:334050.16:534360.75:1194864.60
1657790017;WAOU1;1056;332248.97:339602.16:535607.56:1184413.30
1657793683;WAOU1;1057;328425.94:333129.97:539670.00:1153247.30
1657797345;WAOU1;1058;326951.53:329901.97:534294.19:1117544.80
1657834392;WAOU1;1059;388263.47:283698.59:515962.09:1209603.40
1657838054;WAOU1;1060;374128.69:278543.94:507737.38:1193555.40
1657841721;WAOU1;1061;364912.59:294308.81:516874.00:1236068.90
1657845382;WAOU1;1062;362892.63:307450.03:515321.84:1309764.00
1657849049;WAOU1;1063;359208.72:323527.03:513603.28:1350641.90
1657852708;WAOU1;1064;357662.91:343156.94:507874.72:1358022.00
1657856372;WAOU1;1065;339801.25:350305.84:523365.56:1319966.10
1657860034;WAOU1;1066;338993.31:338283.91:538582.56:1338934.90
1657863696;WAOU1;1067;343270.97:332400.97:524501.69:1358506.80
1657867358;WAOU1;1068;341227.59:351369.28:529559.94:1349517.50
1657871021;WAOU1;1069;327748.28:303144.28:530230.50:1286056.50
1657874683;WAOU1;1070;331122.63:276477.00:546220.19:1223961.30
1657878346;WAOU1;1071;329934.66:239988.33:552157.00:1195090.80
1657882008;WAOU1;1072;324208.81:229614.25:571442.00:1156358.80
1657941294;WAOU1;1073;351692.66:111137.38:533984.50:1451786.40
1657956362;WAOU1;1074;335471.19:120694.30:517638.88:1389427.50
1657960047;WAOU1;1075;329719.63:119052.45:513942.59:1341889.80
1657963710;WAOU1;1076;318111.56:119635.69:538439.44:1303701.00
1658115679;WAOU1;1077;365344.06:127223.72:565465.69:1567125.40
1658119341;WAOU1;1078;361460.94:123399.02:575049.31:1566060.40
1658204842;WAOU1;1079;358626.66:197878.84:581087.31:1649855.60
1658208504;WAOU1;1080;371930.97:135203.69:600879.81:1705767.00
1659246684;WAOU1;1081;419808.78:201166.22:736579.44:1802053.90
1659250346;WAOU1;1082;418996.81:187580.66:722310.56:1805290.40
1659331810;WAOU1;1083;432309.84:184133.61:722611.75:1778333.60
1659335472;WAOU1;1084;429363.91:183607.03:719002.06:1799600.40
1659339135;WAOU1;1085;424710.50:184995.84:746481.81:1758134.30
1659420654;WAOU1;1086;432675.59:197570.94:734973.56:1764757.40
1659424316;WAOU1;1087;429083.38:202119.56:733397.44:1747268.30
1660258327;WAOU1;1088;581938.31:230263.59:833779.00:1764869.50
1660261989;WAOU1;1089;568431.38:233246.70:832961.63:1797028.50
1660265651;WAOU1;1090;550098.00:240246.91:824440.88:1760089.40
1660269313;WAOU1;1091;546019.75:252110.81:826044.75:1828629.00
1660272977;WAOU1;1092;530716.75:257364.23:817104.44:1735430.60
1660276639;WAOU1;1093;531333.50:262457.84:836841.75:1840144.30
1660280302;WAOU1;1094;522999.47:271171.53:835215.38:1767052.10
1660283964;WAOU1;1095;524739.50:276231.63:831017.88:1802453.50
1660287627;WAOU1;1096;511619.06:282445.59:825940.63:1839519.60
1660291289;WAOU1;1097;507743.97:471350.53:841092.63:1762362.10
1660294951;WAOU1;1098;508725.88:273394.75:847044.50:1783747.10
1660339622;WAOU1;1099;609295.75:985515.94:849727.50:1763319.50
1660343284;WAOU1;1100;593851.31:433287.28:852579.25:1729692.60
1660346951;WAOU1;1101;575327.44:247581.67:847151.19:1764173.00
1660358061;WAOU1;1102;548105.13:273866.09:840394.19:1689413.40
1660361723;WAOU1;1103;537798.56:289525.44:820920.69:1781735.40
1660365386;WAOU1;1104;526888.13:278323.16:836350.81:1823328.10
1660369048;WAOU1;1105;522466.16:494558.16:843333.31:1809648.40
1660372711;WAOU1;1106;511000.41:492951.69:831679.44:1777501.90
1660376373;WAOU1;1107;511156.09:298259.09:850038.19:1789654.50
1660435693;WAOU1;1108;584712.44:262098.61:860754.63:1817891.40
1660439355;WAOU1;1109;570669.44:273402.53:867652.88:1796576.30
1660443019;WAOU1;1110;559817.31:279880.03:865515.31:1769658.90
1660446681;WAOU1;1111;546653.63:283080.66:865131.31:1821048.10
1660450343;WAOU1;1112;547701.19:284296.34:857142.88:1876779.10
1660454005;WAOU1;1113;530397.13:274150.06:866202.31:1853509.90
1660457668;WAOU1;1114;526050.06:279245.09:864601.44:1819270.30
1660461330;WAOU1;1115;529922.56:298308.19:872510.69:1763888.50
1660464994;WAOU1;1116;526225.00:294734.03:873429.13:1778818.50
1660468656;WAOU1;1117;529708.06:294703.09:885114.56:1797934.10
1660472319;WAOU1;1118;533583.25:284325.25:893799.25:1788762.60
1660475981;WAOU1;1119;537482.88:287835.22:909849.69:1799700.10
1660479644;WAOU1;1120;543603.00:291082.56:896044.38:1815511.60
1660483306;WAOU1;1121;553282.81:300460.22:905703.25:1737015.80
1660486969;WAOU1;1122;549426.25:290888.09:922835.56:1594137.40
1660512889;WAOU1;1123;470183.22:285699.34:900127.44:618406.19
1660516550;WAOU1;1124;563006.69:291121.41:902706.13:585594.38
1660520214;WAOU1;1125;554817.50:289255.66:915418.56:844675.06
1660523876;WAOU1;1126;546390.38:285255.94:910869.56:864227.75
1660527538;WAOU1;1127;434158.00:283450.41:896114.63:771544.38
1660531200;WAOU1;1128;353077.00:360786.84:905370.00:721934.31
1660534863;WAOU1;1129;355498.25:319129.34:908094.44:770693.13
1660538525;WAOU1;1130;358912.13:300591.81:910509.38:860605.81
1660542188;WAOU1;1131;365901.09:280893.56:909500.50:916853.63
1660545850;WAOU1;1132;367296.66:259176.63:905008.00:889910.81
1660549514;WAOU1;1133;370425.28:241587.45:912859.00:883557.00
1660553176;WAOU1;1134;433049.47:227580.47:917388.75:857409.13
1660598202;WAOU1;1135;521389.34:41542.05:693245.38:684179.81
1660601864;WAOU1;1136;517212.59:39163.54:664317.75:672150.69
1660605527;WAOU1;1137;501550.06:41457.91:643070.63:686643.75
1660609189;WAOU1;1138;507340.94:43688.79:635853.31:706329.88
1660612854;WAOU1;1139;514999.66:43303.81:588841.63:744590.19
1660616516;WAOU1;1140;493034.19:40481.91:584896.06:722658.00
1660620179;WAOU1;1141;500123.59:42900.20:558251.31:812765.06
1660623841;WAOU1;1142;502114.91:42815.93:510929.25:855584.44
1660627504;WAOU1;1143;497403.41:43388.08:459983.59:891982.38
1660631166;WAOU1;1144;511993.28:44602.24:460016.88:917130.19
1660634828;WAOU1;1145;499021.69:43627.54:458662.38:945511.75
1660638491;WAOU1;1146;507673.03:44534.50:451722.97:965713.25
1660642153;WAOU1;1147;509595.78:203940.92:452201.19:921341.25
1660686545;WAOU1;1148;579456.19:36693.08:564136.25:948720.19
1660690207;WAOU1;1149;573490.88:39202.25:564179.19:933809.06
1660693870;WAOU1;1150;399291.59:36242.49:561158.56:642417.75
1660697532;WAOU1;1151;488522.16:41026.32:532069.81:796477.31
1660701195;WAOU1;1152;525317.56:39258.66:492721.44:818928.19
1660704857;WAOU1;1153;518647.34:42970.77:472661.13:824512.13
1660708520;WAOU1;1154;516009.06:41621.83:470490.78:849253.06
1660712182;WAOU1;1155;516793.28:42345.39:463686.03:829967.50
1660715846;WAOU1;1156;509655.84:41346.62:448385.34:868007.19
1660719508;WAOU1;1157;503787.44:43295.32:461943.84:863081.25
1660723171;WAOU1;1158;502719.63:42026.52:440149.03:855665.13
1660726833;WAOU1;1159;509471.50:41527.30:448352.66:847121.19
1660730496;WAOU1;1160;502510.72:41342.37:447064.84:837491.13
1660734158;WAOU1;1161;504552.44:40566.88:461596.28:846028.81
1660767728;WAOU1;1162;550313.50:38919.95:565055.00:949875.13
1660771390;WAOU1;1163;547022.13:39626.99:542969.38:944022.13
1660775052;WAOU1;1164;530150.69:42102.28:517905.97:922868.38
1660778715;WAOU1;1165;529756.06:41739.61:478067.72:941130.94
1660782379;WAOU1;1166;523591.78:42379.03:479831.97:892594.63
1660786041;WAOU1;1167;513112.34:42884.38:472439.38:936953.19
1660789703;WAOU1;1168;504272.25:43388.08:460209.84:953985.75
1660793362;WAOU1;1169;500509.63:44973.29:465524.50:939843.06
1660797024;WAOU1;1170;493736.03:46235.60:457058.31:927881.63
1660800686;WAOU1;1171;490454.44:45127.65:467661.44:950038.44
1660804349;WAOU1;1172;493075.50:47439.25:455641.25:945415.38
1660808011;WAOU1;1173;489008.16:45952.59:457213.25:817649.56
1660811674;WAOU1;1174;486377.66:46012.90:456380.41:817117.31
1660815336;WAOU1;1175;488455.25:46843.39:454208.53:840920.44
1660819000;WAOU1;1176;488403.53:44460.50:461531.75:954306.75
1660822662;WAOU1;1177;493186.31:42700.04:470385.38:977640.31
1660852293;WAOU1;1178;505589.81:41785.88:570263.25:1014191.60
1660855955;WAOU1;1179;506203.97:42561.13:568347.56:845652.81
1660859618;WAOU1;1180;503672.84:44840.04:571593.50:772951.75
1660863280;WAOU1;1181;499074.19:45221.83:561182.25:826608.25
1660866943;WAOU1;1182;502260.06:42653.77:555305.38:853478.19
1660870605;WAOU1;1183;490664.41:48504.13:577541.81:862084.81
1660874268;WAOU1;1184;488727.28:47327.73:557681.19:878589.50
1660877930;WAOU1;1185;485057.41:46125.37:558088.00:861441.63
1660881593;WAOU1;1186;481476.19:47206.52:542011.69:876929.38
1660885255;WAOU1;1187;478410.44:46820.02:537651.06:880466.94
1660888918;WAOU1;1188;480756.03:47341.54:552991.06:878972.50
1660892580;WAOU1;1189;478465.91:48219.94:548110.00:888624.06
1660896243;WAOU1;1190;479181.56:47345.79:542266.63:876754.00
1660899906;WAOU1;1191;480835.09:47266.00:545018.63:890846.44
1660903569;WAOU1;1192;479531.25:45247.20:563366.31:892458.06
1660948274;WAOU1;1193;536571.06:40745.20:567654.81:1229964.40
1660951936;WAOU1;1194;529188.38:39877.30:568155.56:1204190.10
1660955598;WAOU1;1195;518544.06:42900.20:566409.94:1256905.10
1660959261;WAOU1;1196;523087.50:43029.78:547906.63:1337233.00
1660962923;WAOU1;1197;506606.41:44625.37:557390.25:1125198.90
1660966585;WAOU1;1198;457807.00:50704.55:522371.25:999666.31
1660970248;WAOU1;1199;446453.28:45420.80:501567.66:816859.44
1660973910;WAOU1;1200;469930.66:37281.39:492899.66:816450.06
1660977574;WAOU1;1201;469979.06:36364.29:499266.91:937437.25
1660981236;WAOU1;1202;485407.69:34317.16:505960.97:929892.06
1660984899;WAOU1;1203;477272.16:34922.59:523915.41:983821.81
1660988561;WAOU1;1204;476369.34:32225.66:510693.34:1055946.40
1660992224;WAOU1;1205;479454.41:30738.88:528445.81:1004085.10
1661066357;WAOU1;1206;457471.84:42257.95:449397.34:909703.56
1661140471;WAOU1;1207;480190.38:44832.61:509418.16:1311859.80
1661144133;WAOU1;1208;472048.84:44094.06:492356.88:1303992.30
1661147796;WAOU1;1209;466933.75:46904.99:477631.53:1328787.50
1661151458;WAOU1;1210;464011.53:47605.07:478921.56:1311415.10
1661155121;WAOU1;1211;460492.38:48855.70:475893.97:1077713.00
1661158783;WAOU1;1212;452145.94:46446.49:488591.31:1057911.40
1661162469;WAOU1;1213;450355.28:46128.44:496702.63:1031396.20
1661203212;WAOU1;1214;543250.13:38766.29:581448.19:1381449.10
1661206874;WAOU1;1215;530273.94:38832.14:568472.19:1384902.30
1661210537;WAOU1;1216;520138.72:41394.89:572793.63:1406130.30
1661214199;WAOU1;1217;513014.16:43439.89:540562.31:1365060.10
1661217863;WAOU1;1218;501739.13:45726.94:546725.88:1325818.40
1661221525;WAOU1;1219;487463.19:48169.90:517019.66:1353897.80
1661225188;WAOU1;1220;484355.19:47890.08:501631.50:1370345.40
1661228850;WAOU1;1221;476214.38:46169.86:494962.94:1363396.50
1661232513;WAOU1;1222;468799.34:50939.88:488086.44:1370362.10
1661236175;WAOU1;1223;467042.78:50040.95:485512.94:1349922.50
1661239837;WAOU1;1224;459556.00:51120.68:504245.81:1367313.00
1661243496;WAOU1;1225;454645.31:52569.70:504987.09:1390299.90
1661247159;WAOU1;1226;449033.25:49256.48:497123.84:1433799.40
1661250821;WAOU1;1227;452949.28:50001.29:494616.81:1446781.30
1661254485;WAOU1;1228;448101.50:45295.00:522838.97:1116269.30
1661287795;WAOU1;1229;553654.31:40211.53:570095.06:1630667.00
1661291457;WAOU1;1230;538780.94:41475.84:578131.69:1557650.50
1661295198;WAOU1;1231;530175.88:43374.39:594565.06:1434936.90
1661298858;WAOU1;1232;525600.94:45503.42:565195.81:1400660.90
1661302522;WAOU1;1233;505616.34:47117.30:562770.88:1429370.00
1661306183;WAOU1;1234;496111.38:46521.91:534080.94:1474232.60
1661309846;WAOU1;1235;491439.78:49698.11:527588.19:1393319.30
1661313508;WAOU1;1236;486571.44:51805.07:507077.66:1399662.50
1661317171;WAOU1;1237;475083.88:52447.43:490649.19:1401287.40
1661320833;WAOU1;1238;466902.34:52708.13:497523.69:1394694.10
1661324497;WAOU1;1239;459062.34:52364.82:498413.28:1413591.60
1661328156;WAOU1;1240;456423.72:53933.50:490976.22:1456109.10
1661331818;WAOU1;1241;451394.66:52256.48:496015.41:1473471.40
1661335480;WAOU1;1242;450582.69:52555.77:490941.50:1520143.40
1661339143;WAOU1;1243;445240.19:47521.04:514595.09:1365081.80
1661372460;WAOU1;1244;556679.00:44388.63:567824.88:1672003.60
1661376122;WAOU1;1245;538674.75:42945.39:569074.44:1609252.50
1661379784;WAOU1;1246;538437.19:47367.97:582780.50:1523089.40
1661383446;WAOU1;1247;519200.38:45464.36:551234.81:1489465.80
1661387109;WAOU1;1248;502625.09:47186.46:539718.50:1543596.80
1661390771;WAOU1;1249;495583.84:49911.60:509107.41:1513138.90
1661394434;WAOU1;1250;488766.22:51601.48:494377.56:1425838.00
1661398096;WAOU1;1251;471127.00:49474.11:480469.97:1468645.40
1661401759;WAOU1;1252;472101.59:51430.13:481196.34:1474196.30
1661405422;WAOU1;1253;466020.53:55359.04:490374.31:1470275.80
1661409084;WAOU1;1254;461078.44:56862.10:504607.53:1498060.50
1661412743;WAOU1;1255;455150.31:57663.44:493257.94:1479646.80
1661416406;WAOU1;1256;451197.69:58873.23:503584.81:1154199.90
1661420069;WAOU1;1257;443413.84:56039.29:501073.63:1148229.30
1661423735;WAOU1;1258;442005.22:55597.66:501934.69:1154059.30
1661427397;WAOU1;1259;439922.78:52878.90:522330.66:1126321.90
1661457031;WAOU1;1260;576109.31:40796.54:588762.75:1704784.40
1661460693;WAOU1;1261;549955.19:42735.91:580738.88:1673103.10
1661464360;WAOU1;1262;540643.25:44944.73:586273.69:1633069.80
1661468022;WAOU1;1263;525480.75:48129.54:587110.75:1606220.10
1661471685;WAOU1;1264;515136.22:51207.43:582387.50:1482250.90
1661475347;WAOU1;1265;505227.72:48243.30:561555.44:1362368.80
1661479010;WAOU1;1266;497917.03:53286.06:550946.31:1463653.50
1661482673;WAOU1;1267;490129.78:53050.73:537040.69:1518042.00
1661486337;WAOU1;1268;482578.09:57118.55:524374.94:1510333.40
1661489999;WAOU1;1269;474061.03:56203.57:524585.50:1526298.80
1661493662;WAOU1;1270;465714.84:54237.05:523872.31:1546414.50
1661497324;WAOU1;1271;461771.06:55086.18:512254.00:1499124.50
1661500986;WAOU1;1272;466902.34:56880.51:502640.44:1513461.00
1661504648;WAOU1;1273;459203.50:57310.33:507781.75:1549919.10
1661508311;WAOU1;1274;461987.53:56681.42:512735.38:1519347.00
1661511973;WAOU1;1275;459054.22:55633.19:532687.63:1564906.60
1661515636;WAOU1;1276;462447.66:53005.77:532912.06:961932.56
1661519299;WAOU1;1277;464364.63:55612.65:536232.94:820237.69
1661522962;WAOU1;1278;465493.22:54447.12:540735.81:860328.63
1661526624;WAOU1;1279;468039.09:55067.89:533998.31:833112.56
1661530287;WAOU1;1280;465399.03:55018.20:529106.38:967111.63
1661533949;WAOU1;1281;467860.66:53824.81:542248.06:1176315.90
1661537612;WAOU1;1282;471664.69:53681.77:547540.06:1223153.40
1661541274;WAOU1;1283;469819.16:54571.98:568335.44:1222036.90
1661544937;WAOU1;1284;468106.25:53949.67:577474.06:1104871.80
1661548599;WAOU1;1285;465413.69:53909.79:571692.31:956537.75
1661552262;WAOU1;1286;468398.09:56043.65:568289.88:958987.56
1661555924;WAOU1;1287;468043.34:56043.65:560807.00:998654.69
1661559587;WAOU1;1288;454105.63:58100.46:557976.81:1028342.60
1661563249;WAOU1;1289;459203.50:56344.01:551694.50:1025915.90
1661566912;WAOU1;1290;456570.41:59292.66:563480.69:1028085.30
1661570571;WAOU1;1291;455100.88:61107.06:547710.50:1079525.80
1661574234;WAOU1;1292;449280.63:62213.24:528511.81:1063409.00
1661577896;WAOU1;1293;450765.16:65958.75:535359.38:1104767.80
1661581559;WAOU1;1294;442027.50:63060.13:520659.06:881642.38
1661585221;WAOU1;1295;450144.38:62384.84:515720.28:878537.94
1661588884;WAOU1;1296;448953.47:65375.51:521247.50:864679.44
1661592546;WAOU1;1297;440854.06:63529.01:501170.28:887798.75
1661596210;WAOU1;1298;443738.53:60890.03:526642.75:898791.56
1661599872;WAOU1;1299;447276.91:57567.02:534037.25:911879.69
1661633257;WAOU1;1300;535917.88:52633.07:615672.69:952375.31
1661636919;WAOU1;1301;529111.00:54211.20:623037.94:965029.81
1661640583;WAOU1;1302;517933.09:54700.26:614843.19:957050.56
1661644246;WAOU1;1303;510753.53:57073.23:607066.19:980381.00
1661647911;WAOU1;1304;506573.13:60279.64:583958.63:993797.06
1661651573;WAOU1;1305;502209.44:59564.58:569355.06:1002088.80
1661655237;WAOU1;1306;496877.06:60132.59:552922.81:1035621.20
1661658899;WAOU1;1307;488155.47:62128.03:566842.88:1035459.10
1661662562;WAOU1;1308;479731.66:62601.52:547892.69:1019994.80
1661666224;WAOU1;1309;471394.78:63287.90:559876.63:994597.94
1661669887;WAOU1;1310;470556.03:63660.48:535439.63:1005016.30
1661673549;WAOU1;1311;466979.78:65910.36:545046.50:967005.63
1661677212;WAOU1;1312;465675.09:64575.47:520701.78:991673.94
1661680874;WAOU1;1313;468603.91:63953.16:525936.69:987842.44
1661684538;WAOU1;1314;459446.13:59451.52:533218.94:982987.63
1661721562;WAOU1;1315;554322.75:51742.99:615026.31:1013232.20
1661725224;WAOU1;1316;541696.56:52739.41:598529.31:976345.19
1661728887;WAOU1;1317;529074.50:56010.14:613877.44:995624.94
1661732549;WAOU1;1318;522258.44:57139.21:599234.56:1006797.90
1661736213;WAOU1;1319;516006.81:58686.53:576300.75:1044320.00
1661739875;WAOU1;1320;505198.94:60798.33:545949.81:1152100.10
1661743539;WAOU1;1321;502501.88:61187.67:555036.75:1234084.10
1661747201;WAOU1;1322;495061.00:60968.51:550051.13:1241164.30
1661750863;WAOU1;1323;486446.72:61896.36:554659.69:1265210.60
1661754525;WAOU1;1324;486369.06:64920.43:543122.44:1225477.40
1661758188;WAOU1;1325;480356.78:63434.71:542936.81:1235912.00
1661761850;WAOU1;1326;479740.13:65669.25:533487.06:1243053.00
1661765513;WAOU1;1327;473180.97:64184.71:531594.06:1263614.90
1661769175;WAOU1;1328;472405.59:62972.56:554122.75:1313807.80
1661772838;WAOU1;1329;473616.59:60571.62:549744.38:1043691.00
1661806184;WAOU1;1330;567666.88:53211.00:615138.19:1416430.10
1661809851;WAOU1;1331;553388.56:54552.62:612109.06:1346721.10
1661813517;WAOU1;1332;538220.38:55664.46:594458.38:1365416.00
1661817179;WAOU1;1333;531861.75:59629.84:601127.19:1447285.30
1661820842;WAOU1;1334;532074.38:61805.72:571757.44:1435081.80
1661824504;WAOU1;1335;516011.19:65221.50:572528.31:1470598.60
1661828168;WAOU1;1336;517266.44:65081.88:550728.31:1434060.30
1661831830;WAOU1;1337;504737.72:66569.02:538178.81:1438349.90
1661835492;WAOU1;1338;493996.84:66084.20:545081.44:1442368.00
1661839154;WAOU1;1339;486575.81:63949.98:539328.19:1343948.00
1661842817;WAOU1;1340;485184.28:66369.57:539258.81:1432999.00
1661846479;WAOU1;1341;487422.34:64110.13:541453.31:1437069.50
1661850143;WAOU1;1342;484205.09:65670.31:533966.19:1452045.60
1661853806;WAOU1;1343;483842.53:66753.13:527508.56:1431921.00
1661857471;WAOU1;1344;485347.63:64718.27:545898.69:1261310.60
1661879665;WAOU1;1345;486420.75:9465.10:638805.38:903817.50
1661883327;WAOU1;1346;448937.06:15251.72:604235.44:858140.69
1661886991;WAOU1;1347;435148.06:15702.90:594614.69:917848.63
1661890653;WAOU1;1348;417142.88:16257.46:587675.69:899859.44
1661894316;WAOU1;1349;405520.91:18286.06:589447.13:927616.44
1661897978;WAOU1;1350;389483.66:19864.65:590186.56:990925.75
1661901642;WAOU1;1351;376397.91:20602.26:578926.06:945796.56
1661905304;WAOU1;1352;373131.66:21491.40:575228.31:916351.13
1661908966;WAOU1;1353;365128.22:22275.04:567443.94:964188.69
1661912628;WAOU1;1354;347426.22:21018.86:569734.63:988081.88
1661916291;WAOU1;1355;349644.72:22487.47:552993.56:1038578.90
1661919953;WAOU1;1356;344293.34:22397.42:528104.56:1020545.40
1661923634;WAOU1;1357;335384.47:23219.88:513951.56:1062593.40
1661927294;WAOU1;1358;324758.06:22357.89:514601.84:1065204.80
1661930960;WAOU1;1359;326078.81:21080.47:522703.34:1071647.90
1661934638;WAOU1;1360;326912.13:23195.57:526926.63:1063737.90
1661938302;WAOU1;1361;316907.81:21829.99:534801.31:1096791.60
1661941964;WAOU1;1362;308511.34:24226.45:528812.38:1143984.90
1661945626;WAOU1;1363;311832.81:22168.82:527249.38:1127472.40
1661971553;WAOU1;1364;346818.91:23878.18:621797.94:1040095.70
1661975215;WAOU1;1365;332328.41:24392.03:616490.19:1123358.30
1661978881;WAOU1;1366;336297.44:25780.74:610106.75:1168853.40
1661982543;WAOU1;1367;327025.31:25837.86:593851.31:1166729.60
1661986206;WAOU1;1368;323334.44:26803.71:586879.81:1089972.90
1661989868;WAOU1;1369;317485.03:27289.82:556652.88:1029106.90
1661993532;WAOU1;1370;323036.56:27592.42:535393.88:1031686.50
1661997194;WAOU1;1371;316675.19:29348.87:546133.88:991828.56
1662000860;WAOU1;1372;313907.94:27159.06:526699.44:984418.38
1662004522;WAOU1;1373;315544.94:28797.14:512614.91:940976.25
1662008185;WAOU1;1374;315356.47:32073.89:512895.91:930427.25
1662011847;WAOU1;1375;316881.00:30752.21:496612.94:868160.56
1662015512;WAOU1;1376;310919.84:31637.81:522800.50:814821.06
1662019174;WAOU1;1377;313365.88:29173.50:507755.06:804587.44
1662022837;WAOU1;1378;301948.41:32021.25:513643.41:811476.00
1662026499;WAOU1;1379;299270.84:30918.03:518680.97:820629.25
1662030161;WAOU1;1380;295203.63:29062.68:507440.66:824434.13
1662059783;WAOU1;1381;332254.16:27063.11:618621.00:992523.19
1662063445;WAOU1;1382;332214.41:30349.07:624843.38:999135.00
1662067110;WAOU1;1383;331543.34:30876.84:626028.56:996965.13
1662070772;WAOU1;1384;328959.97:32305.08:583968.44:1022083.20
1662074436;WAOU1;1385;328983.91:33389.78:578974.69:1014814.30
1662078098;WAOU1;1386;329559.72:32375.19:559369.19:1034993.40
1662081761;WAOU1;1387;319806.66:34801.15:543568.19:1024428.40
1662085423;WAOU1;1388;320371.03:34005.36:559881.38:1013509.50
1662089086;WAOU1;1389;315240.47:36540.01:516363.00:999791.44
1662092748;WAOU1;1390;314208.41:35466.29:510622.28:1001653.90
1662096411;WAOU1;1391;314582.97:33826.32:518325.97:991991.44
1662100073;WAOU1;1392;319029.63:36726.36:520764.94:1006510.60
1662103736;WAOU1;1393;317356.75:36809.56:531870.69:974788.75
1662107398;WAOU1;1394;315375.00:37006.42:535600.63:940163.13
1662111062;WAOU1;1395;309282.59:35359.37:527049.25:928699.25
1662114724;WAOU1;1396;305362.41:35537.93:528625.81:918999.44
1662118388;WAOU1;1397;294588.97:32666.33:537496.69:928037.88
1662136900;WAOU1;1398;297901.84:32706.58:609146.69:842739.31
1662140560;WAOU1;1399;304125.94:33255.24:643347.13:895475.56
1662144223;WAOU1;1400;301989.59:34135.88:650068.31:913270.06
1662147885;WAOU1;1401;302090.16:33787.02:650894.56:927834.44
1662151548;WAOU1;1402;303545.78:34271.61:641494.88:936568.44
1662155210;WAOU1;1403;305438.53:35262.83:630263.63:939071.13
1662158873;WAOU1;1404;307117.56:36762.71:644749.75:948089.63
1662162535;WAOU1;1405;303696.13:35016.88:626413.00:940284.19
1662166198;WAOU1;1406;309060.97:36269.52:594577.38:925929.63
1662169860;WAOU1;1407;307626.22:36947.05:595683.88:941466.13
1662173523;WAOU1;1408;312192.78:37070.86:602150.31:933834.56
1662177185;WAOU1;1409;307745.88:37412.63:578036.88:909504.13
1662180848;WAOU1;1410;308952.63:37972.74:566374.19:841748.31
1662184510;WAOU1;1411;305079.19:39084.11:576494.56:849319.81
1662188174;WAOU1;1412;306133.31:38224.23:575172.63:849657.38
1662191836;WAOU1;1413;308866.00:39559.01:568714.38:869286.25
1662195499;WAOU1;1414;307785.78:37945.60:568380.94:879483.13
1662199161;WAOU1;1415;304116.03:38126.05:588656.94:892696.13
1662202824;WAOU1;1416;301368.59:38102.09:573896.50:889296.88
1662206486;WAOU1;1417;290297.06:34712.99:582641.25:931527.69
1662210149;WAOU1;1418;295404.25:34698.59:605003.81:962756.94
1662236064;WAOU1;1419;314033.72:36752.32:645322.63:995441.75
1662239726;WAOU1;1420;327462.09:38682.73:637650.94:1008887.00
1662243389;WAOU1;1421;323879.66:39034.89:626717.44:983075.81
1662247051;WAOU1;1422;321346.53:38625.26:619254.75:996306.63
1662250714;WAOU1;1423;322352.53:40225.10:600165.50:1013148.80
1662254376;WAOU1;1424;322971.88:42708.54:576223.19:976856.88
1662258039;WAOU1;1425;315890.13:42982.34:560709.50:985747.13
1662261701;WAOU1;1426;321664.13:41001.18:563128.13:969409.88
1662265365;WAOU1;1427;311463.19:43513.65:549950.44:895047.25
1662269027;WAOU1;1428;319904.97:42704.29:535157.38:889572.44
1662272690;WAOU1;1429;321946.19:43539.96:515420.28:912215.56
1662276352;WAOU1;1430;326302.78:43042.41:503904.28:920310.00
1662280016;WAOU1;1431;319269.91:43969.43:538986.44:918359.19
1662283678;WAOU1;1432;312978.41:41797.44:527970.25:914823.63
1662287340;WAOU1;1433;307689.38:41160.74:528867.19:893263.31
1662291002;WAOU1;1434;306622.84:41549.37:570599.81:910480.81
1662327989;WAOU1;1435;361415.88:41386.51:621359.38:1016530.00
1662331651;WAOU1;1436;357919.38:41452.71:625373.94:1056016.50
1662335314;WAOU1;1437;352048.25:42171.79:594567.44:1062372.90
1662338976;WAOU1;1438;351730.06:42981.27:574742.31:997620.13
1662342639;WAOU1;1439;348778.69:42735.91:571470.88:993645.31
1662346301;WAOU1;1440;344064.75:44019.12:563761.88:1041190.90
1662349964;WAOU1;1441;334373.88:45136.15:552175.94:1037681.30
1662353626;WAOU1;1442;341789.50:43586.35:558066.63:1034281.00
1662357289;WAOU1;1443;339432.91:46454.99:562102.31:999181.75
1662360951;WAOU1;1444;338562.78:47638.00:563609.44:1002077.20
1662364614;WAOU1;1445;334238.97:45881.55:531502.75:1014496.60
1662368276;WAOU1;1446;338275.16:45032.53:539235.69:1024268.40
1662371939;WAOU1;1447;332257.59:46478.36:551232.50:1011098.60
1662375601;WAOU1;1448;326101.09:42380.09:589656.63:1012578.60
1662408520;WAOU1;1;400556.38:42083.40:636707.25:1098185.60
1662412182;WAOU1;2;392119.34:40357.16:630543.44:1089422.10
1662415845;WAOU1;3;388785.13:40837.49:633278.63:1087353.40
1662419507;WAOU1;4;388289.56:44175.37:630994.75:1072038.00
1662423170;WAOU1;5;386074.38:43873.36:622626.88:1052941.60
1662426832;WAOU1;6;381434.41:43981.11:627755.63:1067518.00
1662430496;WAOU1;7;378917.00:43918.80:623459.38:1058193.10
1662434158;WAOU1;8;369273.22:46201.61:610693.56:1054661.90
1662437822;WAOU1;9;371908.88:47387.21:606696.19:1062435.00
1662441483;WAOU1;10;365276.91:44249.25:609790.94:1084026.60
1662445146;WAOU1;11;369605.31:46431.74:623713.69:1135471.30
1662448808;WAOU1;12;361821.72:46668.37:630214.31:1152680.40
1662452472;WAOU1;13;363892.81:46173.05:630336.25:1222984.40
1662456134;WAOU1;14;358062.88:47378.71:612732.69:1196893.60
1662459800;WAOU1;15;368002.88:46200.55:629605.31:1175950.00
1662463462;WAOU1;16;361300.44:47227.77:631773.56:1142358.40
1662467125;WAOU1;17;358249.47:41895.16:632820.81:1140012.60
1662470787;WAOU1;18;365676.06:44759.68:671839.81:1120262.60
1662474450;WAOU1;19;363554.34:45604.09:669682.94:1103265.60
1662478112;WAOU1;20;362171.88:45769.31:668210.06:1098947.80
1662489432;WAOU1;21;363167.47:44331.74:666769.56:1102565.00
1662489989;WAOU1;1;361529.50:46018.21:647739.63:1098814.30
1662491523;WAOU1;1;365868.41:49480.48:662271.94:1118422.30
1662495185;WAOU1;2;366151.66:44198.50:663785.63:1109083.60
1662498847;WAOU1;3;364647.88:46649.25:657712.88:1140303.90
1662502509;WAOU1;4;362072.63:46247.16:661878.44:1192303.40
1662506173;WAOU1;5;359978.41:46798.77:652483.44:1219291.10
1662509833;WAOU1;6;361257.25:51921.90:665412.81:1234201.00
1662513502;WAOU1;7;360462.63:52274.66:660723.38:1243102.50
1662517163;WAOU1;8;354903.31:51737.56:646138.94:1233483.40
1662520826;WAOU1;9;355035.50:51800.82:640462.56:1289996.60
1662524488;WAOU1;10;351291.06:51764.35:644198.38:1295749.80
1662528152;WAOU1;11;351915.00:54302.66:624107.38:1311849.40
1662531811;WAOU1;12;351204.06:52778.00:622498.44:1294326.80
1662535473;WAOU1;13;356546.59:54511.67:622521.50:1272384.50
1662539135;WAOU1;14;353313.88:52653.49:609644.25:1264999.60
1662542799;WAOU1;15;350004.53:52832.88:606643.31:1242866.30
1662546461;WAOU1;16;346619.56:53491.41:641883.88:1232966.00
1662550125;WAOU1;17;346894.78:48438.15:641405.50:1214789.50
1662553787;WAOU1;18;346771.22:48200.70:653304.25:1190668.10
1662564868;WAOU1;19;358798.94:50869.30:685379.06:1168103.50
1662575966;WAOU1;20;367822.66:51158.21:673767.25:1200530.60
1662579628;WAOU1;21;366651.22:51603.73:670107.31:1300738.80
1662583292;WAOU1;22;362289.31:52980.99:664823.19:1337388.10
1662586954;WAOU1;23;364858.06:52179.18:672008.94:1327329.00
1662590617;WAOU1;24;361001.28:55415.09:655194.19:1348345.00
1662594279;WAOU1;25;363393.34:57482.52:641902.25:1144088.30
1662597942;WAOU1;26;345768.09:57685.15:635289.63:966869.56
1662601604;WAOU1;27;352284.88:59920.40:644739.25:1065037.90
1662605268;WAOU1;28;355687.78:55436.69:610225.75:1193832.90
1662608930;WAOU1;29;352603.28:58073.31:598028.69:1207303.40
1662612593;WAOU1;30;350896.88:58726.66:589888.31:1219513.00
1662616255;WAOU1;31;352265.28:59692.86:620570.19:1265085.10
1662619918;WAOU1;32;355471.47:56853.48:625894.50:1245414.00
1662623580;WAOU1;33;354294.47:60129.41:599401.69:1284717.00
1662627243;WAOU1;34;360514.81:60725.28:606547.63:1280560.80
1662630905;WAOU1;35;352742.19:61553.40:586602.50:1287418.00
1662634568;WAOU1;36;353363.78:60026.02:591800.56:1316315.40
1662638230;WAOU1;37;345613.00:57828.19:611559.31:1307515.40
1662660442;WAOU1;38;364483.00:59067.84:697176.81:1150049.80
1662664111;WAOU1;39;366538.53:57145.70:705608.63:1145406.80
1662667774;WAOU1;40;369176.56:60096.72:705736.13:1143674.90
1662671436;WAOU1;41;369254.91:61451.91:687838.19:1185464.40
1662675100;WAOU1;42;369189.31:62214.30:685939.06:1280449.00
1662678762;WAOU1;43;367314.84:62103.95:658396.81:1313037.60
1662682425;WAOU1;44;365853.91:63261.59:646707.31:1325691.10
1662686087;WAOU1;45;361886.63:64535.93:624915.44:1356015.30
1662689750;WAOU1;46;361100.41:66913.04:648248.25:1347255.00
1662693412;WAOU1;47;357923.03:68471.69:615573.44:1349079.40
1662697075;WAOU1;48;359604.19:69977.23:623621.25:1367143.10
1662700737;WAOU1;49;354515.88:63476.38:618646.38:1383750.30
1662704400;WAOU1;50;356720.31:63968.63:608884.13:1399527.30
1662708062;WAOU1;51;355562.56:67560.84:616518.44:1391604.00
1662711725;WAOU1;52;355673.50:65389.79:616253.38:1411106.60
1662715387;WAOU1;53;357573.22:63170.71:612943.19:1412445.40
1662719051;WAOU1;54;354537.34:67328.93:620959.50:1399617.10
1662722713;WAOU1;55;351379.91:66035.81:619894.31:1387333.00
1662726376;WAOU1;56;351518.47:69493.72:657214.31:1364693.00
1662737467;WAOU1;57;354169.59:63178.38:698797.06:1226563.60
1662741129;WAOU1;58;355644.94:63481.80:708178.81:1267679.10
1662744793;WAOU1;59;359886.59:65212.76:722000.75:1421862.50
1662748455;WAOU1;60;361224.78:67856.94:725553.31:1441404.50
1662752117;WAOU1;61;367183.97:67685.70:721445.25:1353533.80
1662755780;WAOU1;62;361233.75:67387.59:708862.25:1384290.00
1662759443;WAOU1;63;360509.50:69275.27:692867.75:1387433.80
1662763105;WAOU1;64;361731.56:74587.70:663512.88:1402609.40
1662766768;WAOU1;65;359992.81:71466.97:664928.81:1386301.00
1662770430;WAOU1;66;356682.66:71818.54:650134.69:1398304.40
1662774093;WAOU1;67;355648.38:73741.27:648200.63:1391239.90
1662777755;WAOU1;68;355609.19:74016.14:645734.63:1398084.60
1662781418;WAOU1;69;355839.78:74951.54:655573.81:1398896.10
1662785080;WAOU1;70;349595.03:73746.82:612385.31:1406096.30
1662788743;WAOU1;71;352085.66:74153.74:602247.88:1425912.80
1662792405;WAOU1;72;357962.44:72882.82:627365.50:1412365.10
1662796068;WAOU1;73;354639.09:74473.69:612050.63:1417459.50
1662799730;WAOU1;74;349506.41:72659.77:620027.31:1396734.00
1662803394;WAOU1;75;354903.31:72377.70:617785.81:1400401.00
1662807056;WAOU1;76;344161.50:72524.75:653955.13:1425451.60
1662810719;WAOU1;77;343725.78:74254.41:660691.19:1347567.80
1662814381;WAOU1;78;340849.84:75679.95:676507.63:1365196.80
1662818048;WAOU1;79;339134.56:71618.27:672658.25:1294224.00
1662821710;WAOU1;80;345134.09:69952.69:681778.25:1280194.10
1662825373;WAOU1;81;341328.97:72264.05:677940.25:1289376.10
1662829035;WAOU1;82;340727.34:69836.32:682302.88:1295032.90
1662832699;WAOU1;83;342271.34:71562.56:696575.38:1282588.50
1662836361;WAOU1;84;344562.31:71814.17:720358.56:1279146.40
1662840024;WAOU1;85;345026.81:69621.06:724101.56:1323010.30
1662843686;WAOU1;86;344963.44:69957.17:732922.44:1332605.80
1662847348;WAOU1;87;345032.13:71538.13:710625.31:1339545.90
1662851011;WAOU1;88;348456.63:69890.61:722148.44:1342013.30
1662854673;WAOU1;89;347454.44:70877.59:716956.94:1337944.60
1662858335;WAOU1;90;351165.00:73970.34:691613.13:1352563.90
1662861999;WAOU1;91;352318.50:72759.02:675830.56:1349436.00
1662865662;WAOU1;92;350250.84:73061.38:666883.44:1365838.00
1662869324;WAOU1;93;351047.69:74039.74:656373.50:1372173.30
1662872986;WAOU1;94;353401.09:77334.19:644256.44:1370824.30
1662876649;WAOU1;95;353727.41:76160.16:632171.06:1403661.40
1662880311;WAOU1;96;354449.78:77443.48:618861.06:1392108.40
1662883974;WAOU1;97;353937.72:75930.14:613628.44:1351951.60
1662887636;WAOU1;98;356360.38:73982.73:615046.63:1348345.00
1662891299;WAOU1;99;345613.00:73094.77:630118.50:1370559.90
1662894961;WAOU1;100;343945.31:74014.02:667585.75:1273507.00
1662920890;WAOU1;101;378798.63:62147.62:699619.75:1312085.00
1662924553;WAOU1;102;385366.03:65759.42:686346.81:1419338.10
1662928219;WAOU1;103;391060.13:65301.75:713823.94:1425163.90
1662931881;WAOU1;104;392804.31:70054.77:707105.94:1411676.40
1662935545;WAOU1;105;384029.97:68413.03:690940.44:1399036.50
1662939207;WAOU1;106;382802.59:70498.75:684058.13:1400937.50
1662942869;WAOU1;107;388400.38:74245.45:658675.81:1399667.90
1662946531;WAOU1;108;387196.97:75100.59:630165.00:1398845.10
1662950195;WAOU1;109;386315.50:75163.27:617931.31:1363724.60
1662953858;WAOU1;110;380191.22:75670.98:588706.13:1378111.10
1662957521;WAOU1;111;374398.69:76817.04:590391.19:1393975.50
1662961183;WAOU1;112;378182.81:75436.71:595458.00:1386858.80
1662964845;WAOU1;113;379777.94:80441.11:581460.25:1399104.30
1662968508;WAOU1;114;384882.41:79433.95:558428.81:1376031.00
1662972170;WAOU1;115;374635.91:78614.80:550913.50:1395070.30
1662975833;WAOU1;116;374231.47:78485.09:572810.63:1426356.80
1662979499;WAOU1;117;374452.03:78688.09:621977.44:1368487.80
1662983161;WAOU1;118;362831.13:70675.42:646662.50:1199105.50
1663013063;WAOU1;119;431553.38:66040.18:695971.75:1536625.50
1663016725;WAOU1;120;427216.72:67158.04:694289.50:1550824.10
1663020388;WAOU1;121;422090.88:70511.02:693544.69:1517210.30
1663024050;WAOU1;122;420372.19:67482.47:686996.50:1516279.30
1663027713;WAOU1;123;416302.72:71853.12:689496.56:1529021.10
1663031375;WAOU1;124;417921.44:76554.22:698690.25:1499987.30
1663035038;WAOU1;125;409137.78:73301.30:696218.75:1450092.10
1663038701;WAOU1;126;401643.56:77620.03:661662.81:1470903.40
1663042364;WAOU1;127;400770.22:76590.21:632352.88:1501205.90
1663046027;WAOU1;128;398170.06:79053.59:645449.38:1497290.50
1663049689;WAOU1;129;399093.44:75799.97:637415.63:1508303.90
1663053351;WAOU1;130;399106.91:74882.15:638852.44:1518520.40
1663057014;WAOU1;131;397293.56:76465.47:662239.69:1500568.90
1663060676;WAOU1;132;389532.53:77419.75:678866.56:1506376.80
1663064339;WAOU1;133;390205.44:70438.91:702717.81:1520684.60
1663068001;WAOU1;134;390728.75:71090.96:693066.25:1525967.30
1663101349;WAOU1;135;430125.94:67768.54:710888.13:1584481.40
1663105011;WAOU1;136;425109.75:67086.16:692057.19:1560897.40
1663108674;WAOU1;137;428689.78:70419.91:702010.75:1556317.80
1663112336;WAOU1;138;421858.59:68464.96:704547.44:1562131.50
1663115999;WAOU1;139;429067.44:71265.63:717359.88:1578103.30
1663119666;WAOU1;140;422944.00:71666.18:702010.75:1581128.30
1663123332;WAOU1;141;432136.13:71113.27:717725.38:1474148.50
1663126994;WAOU1;142;423024.72:73946.86:681866.69:1479339.60
1663130657;WAOU1;143;418812.69:75937.81:704802.56:1499044.80
1663134320;WAOU1;144;416359.34:74710.91:711119.38:1478815.60
1663137984;WAOU1;145;412046.91:73168.42:711019.50:1476140.90
1663141646;WAOU1;146;412258.50:72977.59:711073.81:1486307.10
1663145309;WAOU1;147;416834.03:74570.94:716640.56:1495429.00
1663148971;WAOU1;148;408733.69:74845.21:721092.50:1471692.90
1663152633;WAOU1;149;404398.91:71777.47:715180.94:1475114.10
1663156295;WAOU1;150;405105.72:73591.51:702253.88:1480230.90
1663159960;WAOU1;151;406124.91:72687.62:727910.25:1470198.00
1663163620;WAOU1;152;405947.88:72818.02:729155.56:1471620.90
1663167283;WAOU1;153;402382.13:73041.20:730247.81:1457084.90
1663174650;WAOU1;154;404339.31:69888.48:720422.06:1506696.50
1663178312;WAOU1;155;417788.44:70869.91:716654.81:1500048.90
1663181975;WAOU1;156;423196.34:71610.48:707325.00:1509574.50
1663185637;WAOU1;157;418483.44:75371.68:707108.63:1474946.10
1663189300;WAOU1;158;412357.50:76547.48:721555.25:1522702.80
1663192962;WAOU1;159;413103.63:75505.04:720679.19:1461740.90
1663196626;WAOU1;160;400504.81:79984.27:720711.06:1464277.60
1663200288;WAOU1;161;400037.22:82043.20:723692.56:1452139.80
1663203950;WAOU1;162;400197.50:82503.11:721960.31:1461384.50
1663207655;WAOU1;163;406319.41:82265.66:713196.44:1455312.10
1663211321;WAOU1;164;400787.34:81524.98:718785.88:1456115.30
1663214983;WAOU1;165;398621.13:84049.84:700666.31:1472890.50
1663218646;WAOU1;166;396038.44:85597.88:700073.75:1475132.40
1663222308;WAOU1;167;377916.69:83112.20:702805.50:1348555.60
1663225971;WAOU1;168;357318.66:84870.65:710508.25:1203172.80
1663229633;WAOU1;169;398029.28:83991.90:699371.81:1252124.90
1663233296;WAOU1;170;394736.47:83164.48:715930.56:1280168.90
1663236958;WAOU1;171;369762.28:81572.54:717371.31:1030464.80
1663240623;WAOU1;172;394785.69:83809.68:724040.56:1044512.10
1663244285;WAOU1;173;391640.41:83783.48:711954.31:1095734.30
1663247948;WAOU1;174;393414.47:81330.02:731900.06:1155581.00
1663251610;WAOU1;175;392700.34:78950.91:756227.31:1064571.00
1663255276;WAOU1;176;386534.28:77836.23:750995.25:970570.69
1663258938;WAOU1;177;390485.84:77914.95:769115.00:986260.13
1663262603;WAOU1;178;394161.16:76844.06:767298.94:965380.88
1663266263;WAOU1;179;395564.50:78556.02:757740.13:977303.94
1663269927;WAOU1;180;391736.59:78805.39:746463.81:957391.25
1663273589;WAOU1;181;390903.75:79918.65:757806.63:997862.06
1663277252;WAOU1;182;402613.78:78784.98:750863.50:1049732.50
1663280914;WAOU1;183;400892.50:77634.66:749401.50:1100543.10
1663284577;WAOU1;184;401500.28:84446.50:729365.63:1116913.10
1663288239;WAOU1;185;405301.75:84247.05:720817.88:1139488.90
1663291901;WAOU1;186;399244.03:85712.12:683493.88:1141039.10
1663295563;WAOU1;187;393482.44:87255.54:680171.00:1152032.40
1663299227;WAOU1;188;397514.03:87772.70:653474.81:1142448.00
1663302889;WAOU1;189;390295.84:86375.13:647178.44:1153369.80
1663306552;WAOU1;190;392451.31:89653.41:630393.13:1166872.10
1663310214;WAOU1;191;390510.41:89225.48:631449.00:1066932.90
1663313877;WAOU1;192;395744.47:86404.88:632937.81:1074004.60
1663317539;WAOU1;193;395657.25:88685.32:647175.75:1044536.40
1663321203;WAOU1;194;388518.63:88155.78:640441.56:1079788.00
1663324865;WAOU1;195;385550.97:87626.95:639714.94:1087340.60
1663328527;WAOU1;196;385153.03:83239.53:676600.88:1082647.30
1663332189;WAOU1;197;374806.91:81344.65:683870.00:1016084.90
1663335852;WAOU1;198;374944.88:83920.02:694743.25:980898.88
1663339514;WAOU1;199;381293.25:82516.80:698028.88:962357.88
1663343179;WAOU1;200;380106.00:81370.73:723869.44:980212.63
1663346841;WAOU1;201;379411.25:80524.79:752106.38:976864.69
1663350503;WAOU1;202;380959.16:82196.50:749377.44:888258.31
1663354165;WAOU1;203;387950.25:85560.23:753996.31:891985.88
1663357828;WAOU1;204;390325.94:83958.85:740381.81:895865.25
1663361490;WAOU1;205;390004.34:87889.53:733781.63:956623.94
1663365153;WAOU1;206;388785.13:86249.33:705020.94:976032.19
1663368815;WAOU1;207;388878.94:87365.65:685085.31:964614.75
1663372478;WAOU1;208;383830.50:87005.94:678478.88:966185.31
1663376140;WAOU1;209;391210.72:94322.30:687954.94:971413.69
1663379803;WAOU1;210;386354.78:97163.44:660096.75:952837.31
1663383465;WAOU1;211;388924.03:93743.30:659196.63:958822.56
1663387129;WAOU1;212;384727.44:91681.77:645652.75:926810.75
1663390790;WAOU1;213;386004.97:96174.81:618209.50:949763.94
1663394461;WAOU1;214;385250.16:95791.73:608503.06:979840.81
1663398121;WAOU1;215;387537.91:96223.79:603302.50:961349.69
1663401783;WAOU1;216;389132.31:100452.81:613638.69:920029.13
1663405445;WAOU1;217;385218.41:97589.60:621805.69:926350.13
1663409108;WAOU1;218;383634.97:97211.35:609414.38:921752.44
1663412767;WAOU1;219;375905.91:97971.63:605066.63:921117.63
1663416429;WAOU1;220;376099.31:96668.95:590403.56:935161.88
1663420092;WAOU1;221;373606.91:94174.77:599753.63:920072.19
1663423754;WAOU1;222;369384.50:94307.19:633739.25:937154.94
1663427416;WAOU1;223;359616.81:87451.57:651870.81:947118.19
1663431080;WAOU1;224;354955.00:89639.61:659279.94:964452.69
1663434742;WAOU1;225;359751.69:89540.71:675082.81:962655.31
1663438405;WAOU1;226;357664.69:89999.91:679526.88:984761.13
1663442067;WAOU1;227;368079.22:93926.59:699050.69:979929.00
1663445730;WAOU1;228;373348.13:98603.13:710097.19:947522.44
1663449393;WAOU1;229;375237.44:96159.70:680443.75:950931.00
1663453056;WAOU1;230;381763.09:100324.77:681499.75:956466.69
1663456718;WAOU1;231;377623.16:99795.70:656336.13:929488.19
1663460380;WAOU1;232;378772.78:102644.40:653592.19:939104.00
1663464043;WAOU1;233;382884.50:104084.55:642294.06:857665.31
1663467706;WAOU1;234;377676.63:103436.05:616686.50:868382.19
1663471369;WAOU1;235;379311.28:106318.27:615369.88:849540.31
1663475031;WAOU1;236;380927.66:105541.36:617367.31:851386.56
1663478693;WAOU1;237;380256.13:108495.57:624225.63:873271.31
1663482356;WAOU1;238;384175.38:114084.51:618173.81:1036829.00
1663486015;WAOU1;239;383402.00:114221.65:635289.63:1049502.40
1663489677;WAOU1;240;381735.34:114151.90:640187.13:1047278.70
1663493339;WAOU1;241;377491.94:111260.59:645367.50:1033031.40
1663497002;WAOU1;242;371822.97:102474.69:649229.50:1067284.00
1663500664;WAOU1;243;360062.91:102833.10:636150.94:1067472.10
1663504328;WAOU1;244;343235.91:92441.34:658514.81:1083653.00
1663522842;WAOU1;245;354785.31:88920.77:803341.63:1069346.30
1663526504;WAOU1;246;355950.59:93235.59:797240.25:1069731.50
1663530172;WAOU1;247;363550.78:93031.77:798107.94:1090319.10
1663533834;WAOU1;248;366447.66:97336.22:787313.38:1044446.80
1663537496;WAOU1;249;360671.53:93665.53:731390.94:1038757.60
1663541158;WAOU1;250;372740.91:96972.13:735382.13:1025274.20
1663544821;WAOU1;251;371129.28:97242.87:714256.94:1027836.10
1663548484;WAOU1;252;371085.38:102732.91:700612.75:1020840.80
1663552147;WAOU1;253;372973.88:98761.16:698757.88:1029445.40
1663555810;WAOU1;254;372055.59:108196.52:670384.88:986973.56
1663559472;WAOU1;255;372733.59:103070.20:664604.19:1009731.30
1663563134;WAOU1;256;371687.38:102366.34:672232.44:1013006.30
1663566797;WAOU1;257;378582.19:102283.85:671218.31:1003567.30
1663570460;WAOU1;258;380359.97:104662.84:645024.31:1006290.60
1663574122;WAOU1;259;378216.19:107720.43:651761.75:1032514.30
1663577784;WAOU1;260;378010.97:105087.70:647244.56:1014604.00
1663581447;WAOU1;261;376215.47:102146.13:640247.31:1020222.10
1663585109;WAOU1;262;370489.38:102307.45:661630.63:1034139.10
1663588772;WAOU1;263;366044.63:99848.45:677053.56:1045767.90
1663607261;WAOU1;264;364352.59:85707.51:818333.75:1020501.30
1663610923;WAOU1;265;367616.97:89283.08:795189.38:1028242.10
1663614585;WAOU1;266;371184.16:91899.05:802440.25:1036082.90
1663618248;WAOU1;267;376176.63:92031.94:788290.06:1023715.40
1663621911;WAOU1;268;378539.81:95169.19:779299.56:1046987.90
1663625574;WAOU1;269;382493.72:98044.20:745538.50:1063142.40
1663629236;WAOU1;270;384242.41:101446.88:709817.63:1036496.60
1663632898;WAOU1;271;383135.75:101618.71:680033.25:1031779.80
1663636561;WAOU1;272;386996.69:106320.52:662490.38:1002116.40
1663640224;WAOU1;273;386987.13:104520.87:669639.38:1008251.80
1663643886;WAOU1;274;387671.03:109789.74:650650.06:1007964.10
1663647545;WAOU1;275;384026.19:108992.54:634953.44:1006196.00
1663651208;WAOU1;276;385069.09:108408.47:635255.88:1014405.80
1663654870;WAOU1;277;394388.34:112346.70:653736.19:1014699.10
1663658533;WAOU1;278;391054.34:110328.73:664007.13:1008421.60
1663662196;WAOU1;279;392906.28:112700.76:661827.31:1038839.10
1663665858;WAOU1;280;390493.41:112189.51:658520.00:1029059.00
1663669518;WAOU1;281;378062.78:112088.72:647713.19:1017683.50
1663673179;WAOU1;282;376733.44:104668.74:651298.94:1029852.10
1663695385;WAOU1;283;374262.88:93543.85:827025.56:1097880.00
1663699047;WAOU1;284;380458.19:95069.34:822142.13:1112648.30
1663702713;WAOU1;285;381527.19:93984.53:812826.06:1121983.60
1663706376;WAOU1;286;384932.78:99739.40:832364.44:1128154.30
1663710040;WAOU1;287;389307.09:101578.70:807045.63:1088018.30
1663713702;WAOU1;288;388220.28:101887.08:790106.13:1094094.50
1663717364;WAOU1;289;383426.31:105738.22:754449.81:1092530.50
1663721026;WAOU1;290;390540.50:105561.66:746702.00:1100867.30
1663724689;WAOU1;291;392573.94:107552.73:726760.06:1096215.50
1663728352;WAOU1;292;388299.00:110509.18:726073.56:1096881.80
1663732014;WAOU1;293;388719.38:106696.98:669750.75:1105925.50
1663735677;WAOU1;294;382860.28:108131.02:687254.88:1109514.40
1663739339;WAOU1;295;394473.44:111170.90:686163.81:1098009.10
1663743001;WAOU1;296;395418.50:110673.10:673860.00:1095600.90
1663746665;WAOU1;297;395968.22:110670.63:677108.31:1080223.60
1663750328;WAOU1;298;394577.63:112147.61:648415.25:1067400.60
1663753990;WAOU1;299;387389.78:109540.26:655199.38:1071794.40
1663757653;WAOU1;300;385033.59:108234.63:688413.88:1068919.30
1663761319;WAOU1;301;377504.91:101874.09:723576.56:1107001.50
1663779800;WAOU1;302;386508.22:89952.83:821623.44:1232756.10
1663783462;WAOU1;303;395147.53:94229.41:832000.56:1238331.40
1663787124;WAOU1;304;390416.22:92741.10:826673.38:1232380.90
1663790786;WAOU1;305;393076.22:92469.07:818052.94:1224334.00
1663794449;WAOU1;306;395393.84:97790.47:818608.44:1212171.90
1663798111;WAOU1;307;393945.53:102868.51:781564.88:1139117.10
1663801775;WAOU1;308;400678.53:104369.45:744358.56:1142439.00
1663805437;WAOU1;309;399423.06:107280.34:742640.69:1136497.40
1663809100;WAOU1;310;403894.16:109226.33:710151.38:1126799.60
1663812763;WAOU1;311;401299.41:111735.02:704717.50:1153097.40
1663816430;WAOU1;312;403606.31:115280.97:702265.25:1173442.10
1663820092;WAOU1;313;399995.22:118353.31:693914.19:1209001.50
1663823754;WAOU1;314;404973.06:117015.82:668902.56:1219252.90
1663827417;WAOU1;315;402993.09:116477.66:669011.31:1213364.80
1663831079;WAOU1;316;404323.97:116163.38:663704.63:1178797.50
1663834738;WAOU1;317;403790.41:120621.25:659715.06:1165214.80
1663838400;WAOU1;318;397799.16:112764.37:658335.00:1174903.60
1663842062;WAOU1;319;398983.09:110364.49:650325.88:1178486.60
1663845726;WAOU1;320;396997.09:112902.57:682998.94:1189912.60
1663871618;WAOU1;321;394117.72:93062.93:826481.06:1311603.50
1663875280;WAOU1;322;402248.03:94453.41:816369.69:1334135.50
1663878943;WAOU1;323;400052.44:100610.13:828624.25:1374285.30
1663882605;WAOU1;324;400140.25:100947.30:814216.69:1508908.40
1663886268;WAOU1;325;406475.31:106290.89:792480.88:1500691.60
1663889930;WAOU1;326;404533.22:104370.63:753320.88:1457161.60
1663893593;WAOU1;327;409971.22:110384.79:706451.88:1448558.90
1663897255;WAOU1;328;408536.81:110663.55:726646.50:1373082.60
1663900919;WAOU1;329;408403.47:110719.60:728819.94:1322001.50
1663904582;WAOU1;330;409481.78:114097.61:710731.06:1341079.50
1663908244;WAOU1;331;404084.16:113081.48:708554.63:1286532.10
1663911907;WAOU1;332;403577.75:113410.87:697764.31:1338822.50
1663915569;WAOU1;333;406714.16:113630.73:686571.75:1351074.80
1663919231;WAOU1;334;409541.75:116564.64:685107.50:1351313.00
1663922894;WAOU1;335;405286.28:120145.28:657214.31:1363740.90
1663926554;WAOU1;336;403102.25:110486.52:662832.88:1388952.40
1663930217;WAOU1;337;394738.50:111555.40:684204.94:1447619.50
1663933879;WAOU1;338;384322.66:103427.79:734486.19:1281227.50
1663952370;WAOU1;339;395236.66:102944.04:843515.88:1597987.30
1663956032;WAOU1;340;400947.84:92518.88:842265.25:1620252.00
1663959695;WAOU1;341;402127.56:98765.88:830179.94:1630985.90
1663963357;WAOU1;342;404736.91:97596.68:841377.31:1587744.40
1663967020;WAOU1;343;407099.63:100040.82:827628.75:1569128.50
1663970682;WAOU1;344;407598.81:101078.90:848825.81:1508507.40
1663974346;WAOU1;345;412045.00:102252.11:831201.25:1477684.90
1663978008;WAOU1;346;408554.19:103993.57:842059.75:1478827.80
1663981671;WAOU1;347;412782.97:105380.27:835070.69:1472836.50
1663985333;WAOU1;348;408090.84:101837.63:836146.63:1434217.30
1663988996;WAOU1;349;410424.28:104550.49:830710.06:1461894.90
1663992658;WAOU1;350;392123.13:101877.64:843141.06:1411254.40
1663996321;WAOU1;351;386126.53:104592.98:839045.75:1427920.50
1663999983;WAOU1;352;387322.53:105035.54:847054.63:1432477.10
1664003646;WAOU1;353;389720.53:101663.44:845060.75:1453724.80
1664007308;WAOU1;354;369703.84:103842.27:844881.13:1450597.80
1664010971;WAOU1;355;385590.16:104302.06:852508.88:1451633.50
1664014633;WAOU1;356;408445.94:102496.05:845855.56:1421511.80
1664018297;WAOU1;357;404825.19:104592.98:860152.88:1325124.90
1664021959;WAOU1;358;396431.22:94337.28:849199.56:1320899.00
1664025623;WAOU1;359;404823.28:99165.13:855446.50:1305947.40
1664029285;WAOU1;360;401353.00:91416.12:862450.81:1284906.10
1664044062;WAOU1;361;414076.19:95308.80:830428.63:1249076.30
1664047724;WAOU1;362;417713.97:100282.52:824158.00:1253366.50
1664051386;WAOU1;363;416828.25:99352.54:821792.00:1269189.80
1664055045;WAOU1;364;416343.78:102438.34:841582.63:1265220.60
1664058712;WAOU1;365;421347.13:102283.85:824626.06:1281498.00
1664062374;WAOU1;366;420588.38:105149.31:824470.00:1302616.00
1664066036;WAOU1;367;415912.31:107365.91:834432.81:1316867.30
1664069695;WAOU1;368;417751.25:104151.95:831060.31:1294682.40
1664073359;WAOU1;369;413858.22:107078.30:793227.94:1266693.50
1664077021;WAOU1;370;410664.44:111251.16:795673.94:1290679.80
1664080683;WAOU1;371;409350.31:111651.23:800595.88:1247004.10
1664084346;WAOU1;372;406698.81:111506.30:755011.94:1265135.40
1664088008;WAOU1;373;409031.44:109222.79:754525.00:1115551.00
1664091670;WAOU1;374;407716.59:110475.78:758557.88:1095386.50
1664095333;WAOU1;375;404448.72:105172.91:767780.69:1067722.90
1664098996;WAOU1;376;400835.16:111574.52:779203.69:1052542.30
1664102658;WAOU1;377;399707.25:106843.09:791678.13:1062855.40
1664106320;WAOU1;378;400655.63:107890.61:793768.19:1044888.10
1664109988;WAOU1;379;391568.66:99387.71:828510.00:1115515.80
1664113650;WAOU1;380;396579.31:106206.74:854962.63:1128752.60
1664117312;WAOU1;381;401874.88:101318.83:858879.56:1102500.10
1664120974;WAOU1;382;396195.88:100941.41:829601.31:1114973.10
1664124638;WAOU1;383;403318.81:99313.95:851818.63:1076304.10
1664128297;WAOU1;384;402935.63:103085.54:854062.13:1089738.00
1664131960;WAOU1;385;409862.88:100706.44:833900.56:1102275.30
1664135622;WAOU1;386;412909.25:102033.06:844020.63:1129173.40
1664139284;WAOU1;387;406434.81:102448.84:841344.38:1114767.50
1664142947;WAOU1;388;410087.34:108381.09:844176.75:1139027.90
1664146609;WAOU1;389;406142.25:106111.74:839458.56:1171359.60
1664150271;WAOU1;390;404875.22:108600.37:841553.00:1159743.60
1664153935;WAOU1;391;404804.06:109704.89:822103.19:1209741.90
1664157597;WAOU1;392;408081.16:106026.30:823569.94:1189297.80
1664161260;WAOU1;393;406569.72:109909.18:806593.00:1174260.30
1664164922;WAOU1;394;407398.31:108903.09:798430.00:1196699.80
1664168585;WAOU1;395;408189.25:110463.74:789011.63:1197299.40
1664172244;WAOU1;396;408050.34:109322.98:799779.63:1124655.80
1664175906;WAOU1;397;410182.22:111543.37:780821.50:1101977.10
1664179569;WAOU1;398;413947.78:109559.38:781695.06:1090190.80
1664183231;WAOU1;399;415500.66:114151.90:760356.13:1106211.80
1664186893;WAOU1;400;403324.59:110062.13:769185.31:1106359.30
1664190557;WAOU1;401;410585.00:108113.20:787815.56:1112692.10
1664194219;WAOU1;402;405642.09:107406.39:793761.63:1136189.50
1664197882;WAOU1;403;401922.78:109064.18:820888.19:1144735.90
1664201544;WAOU1;404;403186.50:106729.09:833201.19:1136587.00
1664205208;WAOU1;405;398204.31:108410.95:873110.31:1162517.10
1664208870;WAOU1;406;401687.59:109814.77:869330.63:1158986.30
1664212533;WAOU1;407;399514.66:108854.23:870604.81:1158617.30
1664216195;WAOU1;408;404757.91:109417.28:885541.81:1143351.10
1664219857;WAOU1;409;401205.84:109008.00:855907.19:1128721.30
1664223519;WAOU1;410;406459.97:117219.16:855295.31:1126958.80
1664227182;WAOU1;411;405303.63:111823.77:831604.19:1095932.00
1664230844;WAOU1;412;399890.41:112698.28:819836.44:1095884.80
1664234508;WAOU1;413;399423.06:114534.74:799981.94:1090340.40
1664238170;WAOU1;414;399800.72:120594.45:795082.31:1095008.60
1664241833;WAOU1;415;399551.00:123215.50:791486.94:1094583.80
1664245495;WAOU1;416;403050.56:120009.09:803068.56:1094613.80
1664249158;WAOU1;417;395704.69:117496.39:814059.25:1055173.60
1664252820;WAOU1;418;402280.63:121763.66:801603.13:1095364.80
1664256483;WAOU1;419;400510.59:117283.25:799634.13:1087736.90
1664260146;WAOU1;420;404189.66:123310.86:806303.06:1087378.90
1664263808;WAOU1;421;400692.00:119394.93:805007.31:1081294.80
1664267470;WAOU1;422;406743.09:121984.58:798881.63:1057306.90
1664271133;WAOU1;423;406167.28:122511.17:797388.38:1049133.00
1664274796;WAOU1;424;399512.75:115924.16:801822.06:1063537.90
1664278459;WAOU1;425;404132.06:119984.78:785926.44:1034948.80
1664282121;WAOU1;426;390973.38:114193.91:811200.50:1051158.90
1664285784;WAOU1;427;400638.41:117472.20:813750.63:1040396.60
1664289447;WAOU1;428;393696.03:119040.17:814959.50:1029944.60
1664293110;WAOU1;429;389602.03:115099.93:830513.69:1050636.50
1664296772;WAOU1;430;385861.13:113417.95:844429.06:1046639.80
1664300434;WAOU1;431;393233.06:115688.72:839313.19:1054277.90
1664304097;WAOU1;432;394199.03:117225.18:848548.63:1062173.10
1664307759;WAOU1;433;392885.50:118217.47:842958.50:1056198.30
1664311418;WAOU1;434;390350.50:118503.78:834350.44:1053114.90
1664315081;WAOU1;435;391587.56:116977.11:818475.94:1061682.50
1664318744;WAOU1;436;397892.38:118036.79:825914.56:1048262.90
1664322406;WAOU1;437;399360.28:120949.10:811533.81:1051450.90
1664326068;WAOU1;438;388173.44:121398.86:799241.94:1054183.10
1664329731;WAOU1;439;386193.94:123441.86:802456.19:1051455.10
1664333390;WAOU1;440;388162.09:124578.95:301483.91:1046017.30
1664337053;WAOU1;441;373173.81:123863.06:284336.47:1019954.90
1664340715;WAOU1;442;373102.16:125512.00:283255.09:990437.38
1664344378;WAOU1;443;70328.93:124628.05:291346.69:975562.94
1664348037;WAOU1;444;14076.74:122625.88:326434.63:955658.88
1664351699;WAOU1;445;15106.08:119162.91:462341.47:956563.81
1664355361;WAOU1;446;18578.38:121851.58:446905.75:949927.00
1664359024;WAOU1;447;21107.73:119425.38:469996.06:957028.13
1664362687;WAOU1;448;24403.24:121150.08:480326.94:952088.63
1664366350;WAOU1;449;27097.69:116644.42:458221.13:955064.81
1664370012;WAOU1;450;27356.27:120745.52:399095.44:938174.88
1664373680;WAOU1;451;25439.67:121306.22:492932.22:935304.69
1664377342;WAOU1;452;25138.37:121840.48:516136.75:959385.25
1664381004;WAOU1;453;26262.96:115331.48:511990.94:942383.75
1664384666;WAOU1;454;28364.96:116181.44:526928.88:957271.50
1664388329;WAOU1;455;28631.21:121257.48:531390.63:955857.06
1664391991;WAOU1;456;29582.90:122533.01:528393.44:958035.38
1664395654;WAOU1;457;30072.67:116856.14:535118.19:950057.19
1664399317;WAOU1;458;31425.62:116517.55:536209.94:967682.69
1664402979;WAOU1;459;31611.02:120168.41:523908.56:959948.25
1664406641;WAOU1;460;32349.46:115912.13:534594.88:956766.13
1664410428;WAOU1;461;33163.30:116931.09:532229.81:966294.94
1664414091;WAOU1;462;35174.55:121745.36:542781.50:977002.06
1664417754;WAOU1;463;36981.40:122314.32:536543.50:968670.75
1664421416;WAOU1;464;36944.93:124216.05:527444.81:979017.44
1664425079;WAOU1;465;37107.44:120913.58:445832.16:949154.63
1664428737;WAOU1;466;37150.04:116769.05:480388.75:943704.56
1664432400;WAOU1;467;37048.08:118086.48:500362.69:954975.31
1664436059;WAOU1;468;37268.89:120085.56:510791.28:962658.94
1664439722;WAOU1;469;35934.70:115943.52:522335.03:935886.75
1664443385;WAOU1;470;37578.45:120411.77:502950.69:938240.88
1664447047;WAOU1;471;35997.13:119254.02:497372.84:941120.00
1664450709;WAOU1;472;34189.70:120471.60:493423.06:940192.25
1664454372;WAOU1;473;34911.14:124103.23:491368.13:918269.13
1664458031;WAOU1;474;31908.90:118466.13:482950.69:924738.00
1664461694;WAOU1;475;30481.84:121671.01:479221.94:907571.63
1664465356;WAOU1;476;29750.25:117180.45:466858.22:915820.19
1664469019;WAOU1;477;25789.94:114617.83:484331.59:956466.69
1664472681;WAOU1;478;26836.29:119015.86:482447.56:953650.00
1664476344;WAOU1;479;26611.82:116819.80:485306.66:954030.94
1664480006;WAOU1;480;25812.37:117262.71:492784.47:962109.44
1664483669;WAOU1;481;28232.90:118856.89:480177.41:981808.19
1664487328;WAOU1;482;29102.69:122547.76:491760.66:978856.69
1664490990;WAOU1;483;30098.40:118354.49:496935.97:991836.56
1664494652;WAOU1;484;29285.26:117916.77:477840.06:993183.19
1664498314;WAOU1;485;29458.74:132822.34:474958.91:981823.63
1664501973;WAOU1;486;31424.56:129338.94:479637.69:973908.56
1664505636;WAOU1;487;31389.51:131768.92:480346.16:961278.13
1664509295;WAOU1;488;31401.90:128143.90:470286.50:974659.19
1664512957;WAOU1;489;33228.45:131860.84:470865.72:991131.06
1664516620;WAOU1;490;33445.60:129975.05:483778.09:995274.69
1664520282;WAOU1;491;33830.46:127971.00:485745.22:979637.63
1664523944;WAOU1;492;32480.57:129910.73:485764.56:989740.69
1664527608;WAOU1;493;32511.50:130722.45:479392.47:992973.56
1664531270;WAOU1;494;32494.97:123765.11:479330.75:1001250.80
1664534933;WAOU1;495;32960.79:127126.35:489853.03:1023135.20
1664538592;WAOU1;496;33149.85:128298.15:465051.97:1012036.20
1664542254;WAOU1;497;30771.80:126781.51:460155.91:979170.63
1664545916;WAOU1;498;29284.20:120165.94:455078.22:1056078.50
1664549579;WAOU1;499;27960.63:108394.31:469880.28:1035304.90
1664556946;WAOU1;500;30542.38:117640.48:511757.16:1019217.10
1664560608;WAOU1;501;31660.47:122365.66:507201.56:1013112.90
1664564271;WAOU1;502;31834.67:120466.64:504376.00:1026028.50
1664567933;WAOU1;503;33509.68:120012.63:506944.88:1020972.40
1664571596;WAOU1;504;32718.97:119524.98:499645.88:1003818.20
1664575255;WAOU1;505;32536.28:125691.38:509302.75:1009107.70
1664578918;WAOU1;506;34386.55:127250.86:488736.00:1024316.10
1664582577;WAOU1;507;34293.32:125550.12:486199.09:1021495.80
1664586239;WAOU1;508;33285.21:129368.56:479486.28:1021292.00
1664589898;WAOU1;509;34411.34:125390.32:471447.53:1018408.10
1664593560;WAOU1;510;35139.38:128792.28:471772.44:1015906.20
1664597219;WAOU1;511;34242.57:128881.27:467481.00:1004450.50
1664600882;WAOU1;512;34090.33:127010.46:465081.22:1022991.00
1664604544;WAOU1;513;33642.10:132471.36:466133.47:1007830.10
1664608207;WAOU1;514;33089.90:131072.38:476038.28:1017500.60
1664611866;WAOU1;515;36569.16:130822.89:468452.75:1003390.40
1664615528;WAOU1;516;33737.34:136616.83:485831.25:1000906.20
1664619190;WAOU1;517;33242.85:130108.88:483829.56:968360.38
1664622856;WAOU1;518;34629.08:142474.84:470834.22:962301.50
1664626517;WAOU1;519;33940.21:137634.25:469234.50:956167.56
1664630180;WAOU1;520;33347.29:138445.97:480269.34:946562.56
1664633843;WAOU1;521;33590.41:138910.02:443310.47:926263.19
1664637504;WAOU1;522;14221.07:138408.09:469947.53:870515.88
1664641163;WAOU1;523;15882.64:137134.69:466121.06:889774.75
1664644825;WAOU1;524;17826.62:140205.14:471409.53:881656.19
1664648484;WAOU1;525;14133.50:140727.48:468402.34:864170.06
1664652147;WAOU1;526;17161.12:136625.67:472504.97:861431.50
1664655810;WAOU1;527;13357.54:138408.09:483529.31:860896.75
1664659472;WAOU1;528;13551.44:138284.88:477104.34:880650.13
1664663134;WAOU1;529;13641.84:137418.28:472162.72:879976.69
1664666797;WAOU1;530;13680.67:147943.77:465725.38:873672.56
1664670461;WAOU1;531;12654.28:142890.39:478989.78:870922.63
1664674126;WAOU1;532;13429.06:149666.22:476747.34:880183.81
1664677788;WAOU1;533;13736.38:149682.86:468858.25:878686.19
1664681451;WAOU1;534;13282.95:144239.08:487139.94:882690.88
1664685113;WAOU1;535;13544.48:148907.48:478725.53:882670.06
1664688776;WAOU1;536;14093.61:148642.42:491117.00:883127.50
1664692439;WAOU1;537;13474.73:148687.16:494508.00:889087.63
1664696101;WAOU1;538;12944.13:152203.36:502453.50:895981.38
1664699763;WAOU1;539;13243.18:152115.78:500108.38:890249.50
1664703427;WAOU1;540;13411.12:147782.78:495603.44:879741.88
1664707089;WAOU1;541;13266.08:150362.88:494118.66:872452.50
1664710757;WAOU1;542;11418.87:147258.91:509582.31:898868.88
1664714418;WAOU1;543;11933.07:144410.56:490190.44:907439.88
1664718081;WAOU1;544;11919.26:146298.13:499974.66:909546.75
1664725460;WAOU1;545;13378.31:142566.08:584979.38:917349.19
1664729121;WAOU1;546;12834.84:148344.19:567513.56:903559.00
1664732784;WAOU1;547;14221.07:150622.39:569850.06:1018471.90
1664736447;WAOU1;548;14866.74:147287.00:560918.63:874708.88
1664740109;WAOU1;549;16391.53:155834.63:565114.75:753350.75
1664743771;WAOU1;550;15419.30:153629.95:571374.50:735455.56
1664747434;WAOU1;551;17722.29:155952.53:545651.69:728035.69
1664751096;WAOU1;552;17446.60:163331.08:534778.38:725262.75
1664754759;WAOU1;553;18518.08:165515.45:531916.50:731443.69
1664758421;WAOU1;554;19672.29:170652.16:530027.63:698546.75
1664762084;WAOU1;555;18579.33:168141.11:520082.44:689142.75
1664765746;WAOU1;556;19862.53:166839.38:536428.38:693032.75
1664769410;WAOU1;557;20391.60:173134.17:522143.25:692470.75
1664773072;WAOU1;558;21355.09:177781.22:513255.13:717092.19
1664776735;WAOU1;559;20760.64:178306.64:506288.00:733931.38
1664780398;WAOU1;560;22654.58:174314.94:511403.09:761182.25
1664784060;WAOU1;561;21734.99:175322.33:508457.63:762233.63
1664787719;WAOU1;562;23202.65:176850.30:500283.75:779475.63
1664791381;WAOU1;563;24073.15:175536.89:507447.28:818640.56
1664795043;WAOU1;564;23803.13:177131.30:502554.75:902607.06
1664798706;WAOU1;565;23185.42:176742.80:500790.41:959445.44
1664802368;WAOU1;566;22740.62:165170.03:517634.41:1222462.00
1664806032;WAOU1;567;21593.49:156493.52:540203.75:1376959.80
1664809694;WAOU1;568;21682.36:153139.23:597864.25:1441515.40
1664813361;WAOU1;569;22751.83:157813.78:582323.88:1418135.00
1664817023;WAOU1;570;22748.76:152360.56:569504.00:1247636.80
1664820686;WAOU1;571;24560.68:159550.41:532850.13:1176339.30
1664824345;WAOU1;572;26568.86:164294.58:514014.09:1090357.40
1664828007;WAOU1;573;27835.77:162253.81:499188.06:1042274.80
1664831669;WAOU1;574;28881.29:161130.06:485661.31:985223.00
1664835333;WAOU1;575;28684.55:163224.75:481234.72:966567.00
1664838996;WAOU1;576;29194.03:165793.75:474539.34:977697.56
1664842658;WAOU1;577;30732.74:171566.67:451786.59:956627.56
1664846320;WAOU1;578;30604.10:180058.59:459209.63:940703.88
1664849983;WAOU1;579;32079.08:167247.72:443884.75:958425.19
1664853645;WAOU1;580;31131.05:165454.92:462104.13:956496.69
1664857309;WAOU1;581;31843.99:168660.50:460490.25:926455.31
1664860970;WAOU1;582;31154.65:168856.64:454785.28:909892.50
1664864633;WAOU1;583;32491.79:161178.45:462324.81:878696.44
1664868292;WAOU1;584;33286.39:160567.83:470240.13:871312.56
1664871954;WAOU1;585;32437.14:163396.70:496536.69:835583.69
1664875617;WAOU1;586;33085.77:154564.30:467172.72:840324.81
1664879280;WAOU1;587;33335.96:158011.45:467871.16:826976.50
1664882942;WAOU1;588;32920.43:150017.67:474405.88:882753.44
1664886605;WAOU1;589;31161.97:147247.45:468463.25:1006581.60
1664901421;WAOU1;590;29799.58:128762.66:600482.50:1495282.40
1664905083;WAOU1;591;31180.38:127419.63:575530.69:1317056.40
1664908746;WAOU1;592;33962.99:164318.30:553797.81:1196865.30
1664912408;WAOU1;593;32435.14:181624.81:533491.56:910181.31
1664916072;WAOU1;594;35103.98:175516.83:494686.44:902925.38
1664919734;WAOU1;595;35461.10:185149.86:500514.00:930248.94
1664923396;WAOU1;596;38382.97:201157.83:514297.81:962828.56
1664927058;WAOU1;597;34638.40:186973.11:507557.97:982668.63
1664930721;WAOU1;598;37386.67:191851.59:511705.94:1015675.60
1664934380;WAOU1;599;37421.01:192902.06:511643.50:958721.44
1664938043;WAOU1;600;36170.74:199776.67:490170.97:979530.56
1664941702;WAOU1;601;36875.06:196544.06:478932.31:1013414.40
1664945364;WAOU1;602;39061.10:262299.94:489606.63:1043005.10
1664949026;WAOU1;603;37132.34:170669.50:501717.06:1037624.40
1664952691;WAOU1;604;38341.19:221740.16:507228.13:1046578.10
1664956353;WAOU1;605;39003.50:192516.73:512715.31:1047828.40
1664960015;WAOU1;606;37696.23:259731.66:492841.00:624230.69
1664963678;WAOU1;607;36803.31:277905.59:497567.22:448626.44
1664967366;WAOU1;608;38649.33:336794.28:476004.31:458235.63
1664971025;WAOU1;609;36795.99:257086.30:499652.47:707987.88
1665000644;WAOU1;610;37263.70:291043.63:538568.63:1304693.60
1665004306;WAOU1;611;36979.27:267458.94:505296.06:1289314.30
1665007969;WAOU1;612;38746.46:315696.47:503750.03:1244708.80
1665011631;WAOU1;613;37469.04:301912.19:507310.03:1197011.40
1665015294;WAOU1;614;39963.22:266635.06:499135.56:1173974.00
1665018956;WAOU1;615;39043.27:259680.67:489232.84:1146830.50
1665022619;WAOU1;616;39262.91:236392.92:483893.88:1131224.40
1665026281;WAOU1;617;39007.75:222815.52:470817.22:1139009.90
1665029945;WAOU1;618;39986.23:295228.03:457279.47:1125053.50
1665033607;WAOU1;619;40060.58:503071.78:459307.13:1124496.60
1665037270;WAOU1;620;38530.14:232110.20:466787.03:1106641.40
1665040932;WAOU1;621;39850.16:162656.38:466219.38:1106463.40
1665044596;WAOU1;622;39909.76:504949.44:471911.72:1008121.80
1665048258;WAOU1;623;39580.96:154579.88:464205.91:1083916.40
1665051921;WAOU1;624;39972.66:245959.64:481735.00:1068596.90
1665055582;WAOU1;625;36698.16:165796.34:472158.59:1073929.10
1665074084;WAOU1;626;37344.89:614347.50:548570.25:1365717.40
1665077746;WAOU1;627;39279.66:609760.63:547320.69:1285959.30
1665081409;WAOU1;628;39236.71:509384.88:540777.31:1199592.90
1665085071;WAOU1;629;41988.75:565905.44:529170.25:1085680.40
1665088734;WAOU1;630;40793.47:407512.09:486405.75:777783.13
1665092396;WAOU1;631;42756.92:452831.97:495736.31:758645.31
1665096059;WAOU1;632;42542.13:351047.69:474615.59:766159.25
1665099721;WAOU1;633;41302.48:425262.09:481033.84:812450.56
1665103385;WAOU1;634;44713.18:488371.22:494044.78:784874.56
1665107047;WAOU1;635;43523.09:459242.78:491337.94:748431.06
1665110710;WAOU1;636;45753.38:459977.34:447482.97:674316.88
1665114372;WAOU1;637;45844.37:415648.91:415114.63:592636.13
1665118035;WAOU1;638;44409.75:424726.31:412555.66:525197.44
1665121698;WAOU1;639;45291.70:463181.25:469692.88:729899.88
1665125360;WAOU1;640;43624.35:454940.00:480420.88:771792.69
1665129022;WAOU1;641;42437.92:441201.88:481807.69:735011.94
1665132695;WAOU1;642;44151.06:439509.03:467971.81:711659.75
1665136355;WAOU1;643;41808.89:434692.84:467747.47:821986.50
1665140018;WAOU1;644;41221.64:429013.88:465085.47:1079187.30
1665143680;WAOU1;645;41297.29:426933.22:480903.44:1189401.60
1665147343;WAOU1;646;37590.96:448232.16:504212.78:1296895.80
1665162174;WAOU1;647;39560.07:393168.75:573614.06:1319523.60
1665165836;WAOU1;648;39206.49:126750.70:557014.38:1283583.40
1665169499;WAOU1;649;39166.60:171068.64:544149.06:1263936.10
1665173158;WAOU1;650;41287.73:156803.78:513752.94:1254783.40
1665176821;WAOU1;651;41843.71:237763.58:502233.63:1203087.40
1665180480;WAOU1;652;43948.30:507287.72:498997.59:1204698.80
1665184142;WAOU1;653;44009.68:341603.97:496870.56:1185394.30
1665187804;WAOU1;654;44774.54:481320.16:493512.16:1134066.90
1665191468;WAOU1;655;45579.66:485478.59:501791.88:1102033.30
1665195130;WAOU1;656;44034.93:473792.19:499527.50:1115270.80
1665198793;WAOU1;657;44077.18:457105.75:459348.53:1113866.90
1665202455;WAOU1;658;45145.71:471664.69:467512.38:1089494.90
1665206118;WAOU1;659;45015.65:394295.47:460270.03:1088009.80
1665209780;WAOU1;660;45844.37:457937.53:464736.38:1094009.00
1665213443;WAOU1;661;44569.43:458233.63:467751.59:1103992.40
1665217105;WAOU1;662;44980.60:457209.25:470589.78:1121582.80
1665220768;WAOU1;663;43562.15:472460.50:466529.28:1109745.00
1665224430;WAOU1;664;43117.23:465850.94:465938.84:1171013.90
1665228105;WAOU1;665;44133.12:460290.91:462212.47:1210616.90
1665231767;WAOU1;666;40725.14:361511.47:456824.63:1290207.30
1665250250;WAOU1;667;42416.91:523795.50:543064.50:1359018.80
1665253912;WAOU1;668;44474.31:512672.84:530892.56:1326332.50
1665257580;WAOU1;669;44012.74:484730.97:517847.66:1336495.40
1665261241;WAOU1;670;47971.87:484580.63:502293.09:1312744.30
1665264904;WAOU1;671;47226.71:450078.88:494991.28:1310542.30
1665268567;WAOU1;672;47480.68:442834.03:494497.25:1280540.60
1665272229;WAOU1;673;48397.55:284318.88:493240.47:1266597.40
1665275892;WAOU1;674;48527.61:455577.31:494605.94:1329387.80
1665279554;WAOU1;675;47708.10:454793.56:472270.47:1359274.60
1665283216;WAOU1;676;47651.80:427308.06:464020.00:1318681.30
1665286879;WAOU1;677;47582.76:423074.06:462406.00:1326894.00
1665290541;WAOU1;678;46984.65:422658.28:462743.41:1349409.10
1665294204;WAOU1;679;47410.58:429393.53:464784.41:1336768.00
1665297866;WAOU1;680;47812.43:415042.28:471903.22:1340966.90
1665301530;WAOU1;681;47423.32:399196.47:469535.31:1334407.80
1665305193;WAOU1;682;47297.99:397825.81:478704.31:1304018.50
1665308855;WAOU1;683;47300.00:411474.63:477784.72:1252681.00
1665312524;WAOU1;684;45943.03:419545.94:464870.09:1249517.00
1665316187;WAOU1;685;44593.74:425307.44:468360.44:1259824.90
1665334668;WAOU1;686;40620.34:340923.13:584161.75:1412713.30
1665338331;WAOU1;687;43410.38:581787.13:558073.69:1332403.80
1665341997;WAOU1;688;43660.23:569167.94:538852.50:1327186.00
1665345659;WAOU1;689;46801.96:541784.63:528348.00:1304964.00
1665349322;WAOU1;690;46747.91:506893.91:504181.97:1310239.30
1665352984;WAOU1;691;48177.34:502504.13:499718.22:1316846.00
1665356647;WAOU1;692;48021.91:504318.63:494847.63:1319729.30
1665360312;WAOU1;693;46129.62:487995.81:499529.75:1354369.90
1665363978;WAOU1;694;49081.58:465658.34:497759.59:1367044.10
1665367662;WAOU1;695;48677.73:484836.13:509462.53:1333026.90
1665371324;WAOU1;696;49364.23:467684.44:485687.16:1388416.10
1665374986;WAOU1;697;48152.79:437502.25:476930.03:1377048.00
1665378649;WAOU1;698;49074.15:431535.31:482642.31:1375953.30
1665382308;WAOU1;699;49514.59:446543.09:482822.16:1361615.10
1665385970;WAOU1;700;49437.76:454218.81:496120.09:1350717.60
1665389632;WAOU1;701;49577.61:445057.13:490536.59:1369630.60
1665393296;WAOU1;702;48112.30:452034.91:487984.94:1276440.00
1665396958;WAOU1;703;45060.97:455094.59:491580.69:1268434.00
1665400621;WAOU1;704;45939.85:469709.75:473104.97:1283394.80
1665404283;WAOU1;705;42787.49:527360.81:468803.50:1336100.10
1665423014;WAOU1;706;41815.26:222726.78:575322.75:1319934.80
1665426676;WAOU1;707;42047.64:256834.56:545107.13:1296043.90
1665430340;WAOU1;708;44873.80:447821.81:544727.88:1294074.10
1665434002;WAOU1;709;48130.48:460294.91:542424.25:1286670.50
1665437665;WAOU1;710;48335.95:465422.06:542577.31:1263604.80
1665441327;WAOU1;711;46537.84:366311.44:529341.25:1262928.50
1665444990;WAOU1;712;46309.71:163702.95:510511.13:1267633.60
1665448652;WAOU1;713;47889.02:511670.28:510346.84:1246761.80
1665452315;WAOU1;714;48016.59:331386.38:506405.19:1251519.50
1665455978;WAOU1;715;49714.15:389064.81:487443.72:1191767.60
1665459640;WAOU1;716;50611.56:445356.06:481901.75:1225986.30
1665463302;WAOU1;717;51889.80:462762.31:497833.84:1216725.30
1665466965;WAOU1;718;50264.23:468024.34:497962.81:1214760.60
1665470627;WAOU1;719;51070.41:461914.72:489366.69:1208204.40
1665474291;WAOU1;720;49677.92:471848.34:511912.94:1195723.10
1665477954;WAOU1;721;51406.64:437460.00:499048.00:1214189.80
1665481616;WAOU1;722;50654.28:441912.22:505496.91:1188389.00
1665485278;WAOU1;723;48980.32:469291.13:498308.25:1207665.80
1665488941;WAOU1;724;48548.85:452906.09:503666.34:1219112.90
1665492603;WAOU1;725;47131.23:394725.16:508291.34:1252770.30
1665496266;WAOU1;726;46305.46:523182.50:515252.47:1312362.40
1665499954;WAOU1;727;43284.81:539873.31:580797.31:1459617.80
1665503618;WAOU1;728;46597.20:547873.94:583609.06:1394711.00
1665507280;WAOU1;729;47943.30:514525.81:552366.06:1314788.30
1665510943;WAOU1;730;48841.89:495721.09:547932.50:1300469.50
1665514605;WAOU1;731;50946.25:356911.84:539968.06:1282905.00
1665518268;WAOU1;732;51902.66:477278.66:527013.00:1260995.40
1665521931;WAOU1;733;54999.91:452314.25:504839.34:1262011.30
1665525597;WAOU1;734;51026.50:445498.41:509724.53:1255077.30
1665529260;WAOU1;735;54486.89:332404.41:492773.72:1246929.80
1665532922;WAOU1;736;53682.84:365155.34:482693.75:1233444.30
1665536581;WAOU1;737;55396.80:443460.59:471135.38:1218583.00
1665540244;WAOU1;738;54848.96:441246.34:488332.38:1268731.60
1665543906;WAOU1;739;54547.20:437264.81:487963.34:1294759.90
1665547569;WAOU1;740;57754.55:460112.22:474920.69:1319618.50
1665551231;WAOU1;741;53399.00:447368.72:478169.91:1308338.90
1665554894;WAOU1;742;54967.57:431096.53:467103.56:1281146.30
1665558556;WAOU1;743;54517.10:432226.06:466977.75:1275451.30
1665562219;WAOU1;744;55985.23:429226.53:466225.63:1263534.60
1665565881;WAOU1;745;54793.97:428097.72:461255.09:1253868.30
1665569544;WAOU1;746;53885.00:439359.72:467275.41:1234260.00
1665573206;WAOU1;747;52404.59:435506.94:447703.31:1259475.30
1665576869;WAOU1;748;51097.20:463930.31:456293.53:1246425.90
1665580531;WAOU1;749;51621.90:391617.75:473559.47:1244891.00
1665584194;WAOU1;750;52486.14:478900.22:477097.97:1225409.40
1665587856;WAOU1;751;51806.13:459603.81:468074.84:1233776.50
1665591520;WAOU1;752;52843.50:305645.78:478327.34:1231235.40
1665595182;WAOU1;753;52658.80:446720.34:479870.19:1235971.00
1665598845;WAOU1;754;53905.54:427571.81:482028.03:1234357.50
1665602504;WAOU1;755;53264.58:453093.16:469490.94:1233107.60
1665606166;WAOU1;756;55767.14:444798.91:474912.19:1220511.00
1665609828;WAOU1;757;51675.48:444869.97:483135.03:1206540.50
1665613491;WAOU1;758;52064.46:158187.19:480830.75:1211659.60
1665617153;WAOU1;759;55846.92:192703.08:479215.69:1188192.10
1665620817;WAOU1;760;54140.15:310228.38:458838.59:1188815.30
1665624479;WAOU1;761;54878.11:257869.94:473553.22:1192962.30
1665628142;WAOU1;762;55324.46:241737.22:461875.06:1128047.80
1665631801;WAOU1;763;56824.22:132590.78:455517.47:1052900.60
1665635463;WAOU1;764;56033.98:330507.75:458169.44:1093906.10
1665639122;WAOU1;765;54625.79:375171.25:455214.28:1106914.60
1665642786;WAOU1;766;56135.47:292198.44:463767.47:1126941.00
1665646447;WAOU1;767;55664.46:470347.50:481123.53:1143967.10
1665650110;WAOU1;768;53630.20:440977.41:475039.28:1144605.60
1665653769;WAOU1;769;54290.86:449325.81:474562.72:1137578.60
1665657431;WAOU1;770;54328.51:445883.13:467988.56:1162906.00
1665661093;WAOU1;771;52955.26:441183.81:470886.84:1212928.60
1665664756;WAOU1;772;53852.78:410916.28:461446.53:1230135.00
1665668418;WAOU1;773;53522.57:445264.50:468291.06:1209823.10
1665672081;WAOU1;774;52918.79:450990.69:456956.81:1217239.80
1665675743;WAOU1;775;53598.93:457846.41:452698.50:1217268.80
1665679407;WAOU1;776;52161.00:439777.50:452895.84:1195303.10
1665683069;WAOU1;777;52717.93:406506.09:456017.03:1165196.80
1665686733;WAOU1;778;54196.21:402146.66:452084.22:1141200.60
1665690395;WAOU1;779;53823.75:380909.00:455346.22:1143522.30
1665694057;WAOU1;780;55397.86:377056.31:458797.16:1158977.00
1665697716;WAOU1;781;53868.83:365186.28:453728.78:1136734.50
1665701378;WAOU1;782;55370.95:389859.53:460612.84:1131126.40
1665705040;WAOU1;783;52585.87:461498.47:455292.66:1128752.60
1665708704;WAOU1;784;52276.90:455781.59:452542.38:1153582.80
1665712366;WAOU1;785;54880.24:452741.59:470353.75:1191889.90
1665716029;WAOU1;786;55495.11:458759.75:454859.63:1132620.00
1665719691;WAOU1;787;55431.38:466158.59:451136.19:1100474.30
1665723354;WAOU1;788;55332.13:461710.66:451400.78:1104915.30
1665727016;WAOU1;789;54571.98:357750.84:453891.44:1174861.60
1665730679;WAOU1;790;53807.58:372130.66:461340.44:1149159.40
1665734341;WAOU1;791;53750.58:274860.53:463654.88:1151035.90
1665738004;WAOU1;792;53908.72:343234.13:457523.63:1097965.90
1665741666;WAOU1;793;54269.38:202201.11:469583.47:1028008.90
1665745329;WAOU1;794;53804.39:214554.31:461221.94:999783.63
1665748991;WAOU1;795;53660.30:189013.16:455426.59:1026642.40
1665752655;WAOU1;796;55097.04:160148.28:462076.97:1131713.10
1665756317;WAOU1;797;53334.45:441475.06:462856.13:1063971.00
1665759980;WAOU1;798;53261.40:396317.31:457391.22:1057654.50
1665763639;WAOU1;799;53150.82:318224.63:462081.22:946044.50
1665767301;WAOU1;800;55206.91:259316.94:462945.81:908325.63
1665770963;WAOU1;801;55674.26:462676.88:457602.25:909806.94
1665774626;WAOU1;802;55200.54:375226.34:457871.19:927965.19
1665778288;WAOU1;803;55214.58:294002.78:465932.59:890490.25
1665781951;WAOU1;804;57339.48:489085.81:452377.84:924397.69
1665785610;WAOU1;805;57283.19:462829.09:445402.91:1055549.60
1665789273;WAOU1;806;52603.10:457699.38:450777.44:1200426.50
1665792935;WAOU1;807;54176.74:349401.94:442973.88:1277835.50
1665796598;WAOU1;808;55017.14:433351.25:443213.00:1282043.00
1665800260;WAOU1;809;54345.74:474744.81:458005.75:1271778.40
1665803923;WAOU1;810;53199.08:468469.63:447948.31:1286127.80
1665807585;WAOU1;811;54873.75:478887.47:448505.94:1276703.60
1665811248;WAOU1;812;55528.51:473419.97:439337.66:1300749.30
1665814911;WAOU1;813;52014.19:458289.44:451651.09:1300189.80
1665818573;WAOU1;814;55279.25:457050.03:450519.19:1297267.50
1665822235;WAOU1;815;54416.90:457982.97:456155.22:1273906.90
1665825899;WAOU1;816;54968.63:470033.94:450490.53:1275451.30
1665833607;WAOU1;817;52598.73:464799.16:446027.69:1286230.50
1665837270;WAOU1;818;53082.01:458975.25:460301.28:1284860.10
1665840933;WAOU1;819;52350.89:447842.09:457759.44:1292632.90
1665844596;WAOU1;820;51168.95:460934.94:451066.44:1270904.80
1665848258;WAOU1;821;49935.20:487232.69:465790.28:1326777.60
1665851917;WAOU1;822;49362.11:474609.34:466523.03:1298233.50
1665855580;WAOU1;823;52054.79:312960.00:459850.69:1310787.80
1665859242;WAOU1;824;50574.14:463425.22:460808.19:1346969.00
1665862905;WAOU1;825;52973.43:471002.75:470848.84:1342759.80
1665866567;WAOU1;826;52368.01:463296.09:469478.44:1325220.50
1665870230;WAOU1;827;51555.46:453648.53:473322.59:1317466.40
1665873892;WAOU1;828;53185.16:460596.22:470823.59:1306108.90
1665877555;WAOU1;829;50550.66:464644.44:481345.75:1289591.60
1665881217;WAOU1;830;51024.50:452842.25:475696.75:1288858.00
1665884880;WAOU1;831;54562.30:436067.06:476227.25:1293760.30
1665888542;WAOU1;832;53560.21:365398.47:465066.72:1281054.50
1665892206;WAOU1;833;55311.59:330469.75:473073.22:1287669.10
1665895868;WAOU1;834;54877.05:137573.94:454093.22:1299382.10
1665899531;WAOU1;835;52267.22:145079.36:470280.13:1332696.60
1665903193;WAOU1;836;53002.47:491689.03:456973.44:1316042.10
1665906856;WAOU1;837;52827.33:365195.38:457867.06:1312226.10
1665910518;WAOU1;838;52182.48:273804.63:464159.88:1320292.90
1665914181;WAOU1;839;51045.86:121982.10:472017.22:1342281.80
1665917843;WAOU1;840;50704.55:125190.16:453366.72:1321152.00
1665920324;WAOU1;1;48509.43:118775.58:440328.66:1372355.10
1665946231;WAOU1;2;49388.78:495224.22:524966.13:1360070.50
1665949893;WAOU1;3;51155.03:262251.91:507606.72:1357026.10
1665953558;WAOU1;4;51898.42:494508.00:507380.84:1352006.00
1665957218;WAOU1;5;55029.06:373702.41:490595.13:1346268.40
1665960881;WAOU1;6;52721.23:464383.28:475467.69:1352948.60
1665964543;WAOU1;7;56672.80:464468.94:467485.13:1383015.90
1665968206;WAOU1;8;55841.61:464034.66:468719.56:1393661.30
1665971868;WAOU1;9;54693.77:450754.88:473591.22:1423362.60
1665975532;WAOU1;10;58746.25:468131.50:469146.09:1426189.90
1665979194;WAOU1;11;56369.97:470825.59:472352.75:1452646.00
1665982857;WAOU1;12;54884.49:472752.00:458967.00:1444900.10
1665986520;WAOU1;13;56219.73:476513.78:475902.47:1430717.30
1665990182;WAOU1;14;57085.15:480630.00:480587.38:1422218.60
1665993844;WAOU1;15;54622.73:480593.75:481995.91:1401987.90
1665997507;WAOU1;16;53969.03:488606.41:471198.75:1356923.00
1666001169;WAOU1;17;52963.76:407236.28:459514.47:1344571.80
1666004832;WAOU1;18;51495.50:160627.89:464888.97:1345072.50
1666008494;WAOU1;19;51311.28:156941.52:477527.31:1332792.50
1666027026;WAOU1;20;51881.19:506960.44:555489.38:1412240.00
1666030688;WAOU1;21;50496.02:491002.16:538594.00:1424547.90
1666034351;WAOU1;22;52200.66:508056.25:542530.94:1469373.60
1666038013;WAOU1;23;53168.99:484059.09:513886.75:1444982.30
1666041677;WAOU1;24;55720.64:452700.50:509809.03:1431169.00
1666045339;WAOU1;25;52898.26:413624.66:494573.25:1388913.00
1666049002;WAOU1;26;53375.40:459564.28:496717.75:1364222.60
1666052664;WAOU1;27;56226.23:495287.38:499295.34:1395581.30
1666056328;WAOU1;28;56342.95:467214.63:497320.34:1390428.80
1666059990;WAOU1;29;54050.81:276312.38:477929.41:1402671.30
1666063652;WAOU1;30;57389.40:186109.22:483632.22:1398411.50
1666067311;WAOU1;31;58190.50:315279.16:491576.31:1407162.50
1666070974;WAOU1;32;55532.75:260564.86:483143.53:1425284.80
1666074636;WAOU1;33;56541.92:472703.38:480546.78:1421943.00
1666078299;WAOU1;34;53422.61:472794.25:504923.00:1435238.80
1666081961;WAOU1;35;57104.51:432096.13:500288.13:1415492.40
1666085624;WAOU1;36;55200.54:459396.34:494218.72:1399577.80
1666089286;WAOU1;37;54713.25:437936.91:487030.19:1421035.40
1666092949;WAOU1;38;54324.26:444567.13:489459.69:1433358.50
1666096611;WAOU1;39;52360.57:394431.75:489753.66:1516291.80
1666115071;WAOU1;40;52682.41:505382.09:571468.31:1457687.80
1666118733;WAOU1;41;53219.50:492096.66:542317.69:1467350.80
1666122397;WAOU1;42;56592.79:499146.41:536025.88:1486549.60
1666126059;WAOU1;43;55062.46:470762.47:524639.88:1485605.00
1666129722;WAOU1;44;59002.58:402089.19:489053.47:1486549.60
1666133381;WAOU1;45;59677.75:478254.91:482417.47:1514358.30
1666137043;WAOU1;46;60725.28:347124.09:488858.97:1468728.80
1666140703;WAOU1;47;60321.07:457351.81:479588.59:1483283.50
1666144367;WAOU1;48;57855.34:440553.00:464349.88:1481364.10
1666148030;WAOU1;49;63091.88:452158.09:483688.16:1453370.90
1666151692;WAOU1;50;60726.46:437087.91:468435.97:1498066.40
1666155351;WAOU1;51;60626.26:434340.22:454972.94:1493728.40
1666159013;WAOU1;52;62299.63:440997.69:459709.66:1477372.40
1666162675;WAOU1;53;60553.21:447836.09:463177.03:1484473.60
1666166338;WAOU1;54;62860.80:444737.91:459286.34:1507367.80
1666170001;WAOU1;55;59048.13:437087.91:460143.38:1465539.40
1666173663;WAOU1;56;60822.41:432252.03:458080.31:1448858.40
1666177322;WAOU1;57;56232.71:431796.84:455193.63:1433004.80
1666180985;WAOU1;58;53399.00:432078.19:445775.25:1442584.10
1666199480;WAOU1;59;53399.00:528172.75:582765.88:1520566.10
1666203142;WAOU1;60;57619.06:501826.94:560754.69:1506875.30
1666206806;WAOU1;61;61288.10:516885.22:552009.13:1499381.40
1666210468;WAOU1;62;60369.10:419241.81:535432.94:1514643.40
1666214131;WAOU1;63;61240.07:496174.50:497663.41:1479050.50
1666217790;WAOU1;64;60897.58:462937.44:493383.88:1500765.50
1666221452;WAOU1;65;61366.70:469796.00:499858.28:1495611.60
1666225115;WAOU1;66;64084.87:467055.41:503085.00:1494855.10
1666228778;WAOU1;67;62750.33:459392.09:500193.94:1481617.60
1666232440;WAOU1;68;63564.06:453809.16:490746.66:1460500.80
1666236102;WAOU1;69;62983.42:440645.88:501971.97:1478033.90
1666239761;WAOU1;70;60519.34:435470.94:493405.72:1470454.90
1666243424;WAOU1;71;61638.61:441349.63:499869.50:1498849.80
1666247086;WAOU1;72;63521.22:445327.50:487295.13:1483483.00
1666250749;WAOU1;73;61964.10:444786.63:482723.72:1513423.50
1666254411;WAOU1;74;62486.68:458401.34:478553.13:1517973.80
1666258074;WAOU1;75;59019.93:457622.91:480489.19:1483561.40
1666261736;WAOU1;76;60370.16:485706.38:478968.44:1489058.90
1666265399;WAOU1;77;59595.03:483844.66:485014.44:1505644.80
1666269061;WAOU1;78;57708.99:470524.41:495013.09:1482854.90
1666272724;WAOU1;79;56266.23:202439.63:500564.50:1518302.80
1666276386;WAOU1;80;58826.50:492500.28:514541.41:1375859.10
1666280050;WAOU1;81;56067.38:492993.00:510233.44:1457622.90
1666283712;WAOU1;82;58659.39:485446.38:509320.56:1552770.00
1666287375;WAOU1;83;58531.22:481454.81:502561.25:1557118.40
1666291037;WAOU1;84;57338.42:176850.30:504470.88:1564771.40
1666294700;WAOU1;85;60329.80:514742.63:514700.03:1541077.00
1666298362;WAOU1;86;60963.08:500193.94:513667.97:1525730.10
1666302025;WAOU1;87;61097.27:488045.38:505236.47:1510802.60
1666305687;WAOU1;88;61528.27:478463.66:526147.69:1537199.00
1666309351;WAOU1;89;62291.95:512690.91:513719.31:1528263.80
1666313013;WAOU1;90;60282.95:505923.31:508477.56:1536908.90
1666316676;WAOU1;91;61046.99:506460.41:511476.63:1553370.30
1666320338;WAOU1;92;60590.15:513330.91:509475.88:1495276.50
1666324001;WAOU1;93;58488.85:494033.91:516477.25:1373358.40
1666327663;WAOU1;94;62176.18:501648.97:500294.72:1013089.40
1666331326;WAOU1;95;11138.82:245689.61:418961.53:974381.00
1666334988;WAOU1;96;10814.27:179947.78:429240.47:960165.94
1666338651;WAOU1;97;11036.85:214194.84:431337.75:884534.88
1666342313;WAOU1;98;13270.09:296522.81:446017.56:833667.31
1666345976;WAOU1;99;11645.70:225398.80:441244.47:778857.56
1666349638;WAOU1;100;13831.85:288872.69:461525.47:712615.31
1666353301;WAOU1;101;12674.10:305321.00:451472.66:653442.94
1666356963;WAOU1;102;12599.63:259458.69:443923.34:603006.88
1666360627;WAOU1;103;12015.33:280538.09:455798.13:624627.00
1666364289;WAOU1;104;11017.02:287854.56:446785.59:831640.19
1666367952;WAOU1;105;12333.74:288556.28:429019.78:847131.13
1666371614;WAOU1;106;10381.26:282931.72:443373.38:764449.56
1666375277;WAOU1;107;11817.18:284795.22:450408.63:648052.25
1666378939;WAOU1;108;11036.85:284798.41:455175.09:633411.25
1666382603;WAOU1;109;12900.46:283506.47:447991.16:617222.06
1666386265;WAOU1;110;12547.00:285513.00:449825.03:627926.19
1666389927;WAOU1;111;11196.17:283586.47:451899.53:616095.31
1666393589;WAOU1;112;11441.65:262552.38:432223.94:608129.88
1666397252;WAOU1;113;11197.12:271902.41:431142.44:610860.69
1666400914;WAOU1;114;11616.90:273932.31:436659.72:618166.19
1666404578;WAOU1;115;11612.07:279353.19:437194.34:628365.69
1666408240;WAOU1;116;10995.31:278556.69:434594.66:600682.50
1666411903;WAOU1;117;12215.61:293654.53:451021.47:601687.44
1666415565;WAOU1;118;10808.37:289711.44:440797.53:571600.81
1666419228;WAOU1;119;11590.23:300210.38:446938.31:561852.63
1666422890;WAOU1;120;11729.02:300800.81:446785.59:574976.69
1666426553;WAOU1;121;12567.89:308880.97:466290.53:576937.94
1666430215;WAOU1;122;11182.37:310741.06:470368.75:563287.69
1666433878;WAOU1;123;12637.40:313357.50:448513.97:557967.25
1666437540;WAOU1;124;10667.93:303646.44:443878.72:1159414.90
1666441203;WAOU1;125;11665.53:301462.41:447964.59:937385.94
1666459711;WAOU1;126;10627.33:251482.02:487644.22:1433526.60
1666463373;WAOU1;127;9726.50:227602.30:483282.78:1337270.50
1666467037;WAOU1;128;10267.61:223696.17:481589.59:1301863.80
1666470699;WAOU1;129;10585.91:236657.28:471207.16:1233473.50
1666474361;WAOU1;130;11112.97:238635.02:474452.63:1184740.10
1666478023;WAOU1;131;11172.45:237051.23:473870.44:1132807.00
1666481686;WAOU1;132;11538.78:244823.25:472937.97:1096318.60
1666485348;WAOU1;133;12965.96:253031.70:477155.22:1081545.00
1666489011;WAOU1;134;13007.74:250469.31:475919.44:1037291.60
1666492673;WAOU1;135;12096.64:257777.77:481442.06:987985.31
1666496336;WAOU1;136;12679.06:263308.75:486429.34:940722.38
1666499998;WAOU1;137;12327.84:267994.75:468404.47:932348.38
1666503661;WAOU1;138;13035.59:276044.81:496373.13:912601.38
1666507323;WAOU1;139;14709.19:286234.53:492157.31:895187.81
1666510987;WAOU1;140;14820.84:293464.16:484720.22:842912.00
1666514649;WAOU1;141;16346.44:303659.78:480040.84:801546.25
1666518312;WAOU1;142;15751.87:305476.78:488444.63:825465.25
1666521974;WAOU1;143;14568.63:301103.53:494555.91:1034887.80
1666525637;WAOU1;144;15031.26:298672.13:475961.81:1450033.40
1666529299;WAOU1;145;14963.40:284591.50:496610.81:1588440.10
1666536668;WAOU1;146;15204.86:280099.88:491756.19:1642794.00
1666540330;WAOU1;147;15296.68:273700.41:491953.50:1641651.50
1666543993;WAOU1;148;15982.60:278814.22:497414.28:1631392.80
1666547660;WAOU1;149;15111.98:267416.81:491504.81:1627977.90
1666551326;WAOU1;150;17605.10:268834.31:506615.25:1649841.90
1666554985;WAOU1;151;17244.32:268814.03:498341.06:1661647.00
1666558647;WAOU1;152;17072.96:275750.50:515279.25:1628302.60
1666562325;WAOU1;153;19164.22:274849.44:503465.97:1603049.80
1666565987;WAOU1;154;19124.10:279380.34:511318.59:1618148.00
1666569650;WAOU1;155;20243.37:287319.59:506515.66:1625719.80
1666573312;WAOU1;156;19703.56:288556.28:514226.41:1636464.50
1666576971;WAOU1;157;20015.60:285079.28:515294.94:1580919.40
1666580634;WAOU1;158;21217.72:286329.53:516282.16:1611094.50
1666584296;WAOU1;159;20915.95:295017.75:517154.31:1641302.60
1666587959;WAOU1;160;21120.83:301492.03:534817.38:1589260.90
1666591621;WAOU1;161;20527.56:301040.88:536545.81:1601244.90
1666595284;WAOU1;162;23549.39:312294.88:541652.56:1560132.90
1666598943;WAOU1;163;24444.90:322384.88:544620.94:1604371.40
1666602606;WAOU1;164;23437.86:326626.16:538211.06:1600641.80
1666606268;WAOU1;165;22149.59:327880.44:552286.25:1575403.50
1666609931;WAOU1;166;21755.17:318924.72:541842.44:1628776.80
1666613593;WAOU1;167;23019.25:318863.81:557085.31:1605016.40
1666621290;WAOU1;168;21179.37:307770.91:535403.06:1623255.80
1666624952;WAOU1;169;23240.06:313290.34:530534.13:1633838.40
1666628615;WAOU1;170;23974.60:303372.28:523637.09:1619808.30
1666632277;WAOU1;171;25076.18:301955.03:534553.44:1631698.50
1666635940;WAOU1;172;25379.60:307742.59:531281.06:1640749.00
1666639602;WAOU1;173;27596.43:320450.69:540118.31:1547444.10
1666643265;WAOU1;174;28116.18:315957.41:528304.69:1521301.10
1666646927;WAOU1;175;27200.96:323823.50:541122.31:1529923.80
1666650590;WAOU1;176;28833.02:340141.84:544258.25:1587193.30
1666654252;WAOU1;177;28770.59:347316.69:539961.13:1561732.60
1666657915;WAOU1;178;30879.79:344783.94:538571.00:1575754.30
1666661577;WAOU1;179;29636.24:349137.94:528605.38:1565428.80
1666665241;WAOU1;180;30746.08:358863.63:523372.41:1489574.90
1666668900;WAOU1;181;31673.93:357461.94:510340.13:1542387.30
1666672562;WAOU1;182;31103.31:359773.31:522255.97:1536423.90
1666676221;WAOU1;183;31441.08:375749.16:531571.31:1529648.00
1666679883;WAOU1;184;32439.27:380604.75:539649.06:1520746.80
1666683542;WAOU1;185;33440.41:382006.56:547535.38:1504999.30
1666687206;WAOU1;186;31414.17:388749.34:543798.13:1484606.80
1666690868;WAOU1;187;32061.61:387792.72:550983.81:1514234.80
1666694530;WAOU1;188;31452.29:391140.97:527945.19:1545265.00
1666698192;WAOU1;189;32232.86:390660.88:517421.25:1592509.90
1666701855;WAOU1;190;30338.92:376775.91:530435.94:1588466.10
1666716905;WAOU1;191;30146.67:346631.97:561027.94:1604059.30
1666720567;WAOU1;192;31036.28:333344.41:558364.88:1571549.40
1666724230;WAOU1;193;31497.61:332950.22:548895.25:1596566.10
1666727893;WAOU1;194;30711.14:329497.88:535074.63:1574870.60
1666731555;WAOU1;195;32116.26:331915.94:523302.28:1593610.00
1666735214;WAOU1;196;32457.80:321648.91:523551.06:1594150.60
1666738877;WAOU1;197;30494.11:327582.09:531804.50:1539118.00
1666742539;WAOU1;198;32022.43:350492.19:540499.75:1587770.80
1666746202;WAOU1;199;32574.40:335074.06:542398.69:1578090.30
1666749864;WAOU1;200;32713.89:349249.72:541013.50:1576293.90
1666753527;WAOU1;201;34471.52:339707.06:546784.19:1507589.30
1666757189;WAOU1;202;34798.08:343608.00:542275.94:1513832.10
1666760852;WAOU1;203;33225.38:354157.22:543375.50:1535573.40
1666764514;WAOU1;204;32720.03:352373.75:550814.94:1577653.90
1666768178;WAOU1;205;33433.09:360432.06:557659.94:1557195.40
1666771840;WAOU1;206;34251.89:347099.56:545512.06:1542761.10
1666775501;WAOU1;207;31927.55:350336.06:540176.19:1510845.80
1666779160;WAOU1;208;32866.73:375979.41:540668.63:1578780.80
1666782824;WAOU1;209;33103.35:367280.38:566529.63:1613662.40
1666786486;WAOU1;210;32118.26:374181.91:550203.38:1629989.40
1666805526;WAOU1;211;31391.63:339949.72:601112.19:1635327.80
1666809188;WAOU1;212;32191.55:328903.31:585994.00:1600370.30
1666812851;WAOU1;213;32295.76:332179.94:556976.50:1566525.40
1666816513;WAOU1;214;34107.91:328474.06:550180.00:1575065.80
1666820176;WAOU1;215;33830.46:332195.41:542428.88:1583578.60
1666823838;WAOU1;216;35492.25:339638.97:541282.00:1563547.30
1666827502;WAOU1;217;36054.37:352927.34:550168.19:1583912.10
1666831164;WAOU1;218;34630.14:357655.59:549817.00:1583938.10
1666834827;WAOU1;219;36412.08:355693.09:556591.63:1608451.90
1666838489;WAOU1;220;35920.30:365570.78:541080.50:1573182.90
1666842152;WAOU1;221;35842.29:371764.31:530874.25:1513454.10
1666845811;WAOU1;222;35216.09:379463.16:539094.75:1567086.60
1666849474;WAOU1;223;36533.76:382957.06:529938.63:1562884.00
1666853136;WAOU1;224;36812.63:389966.81:540550.75:1545728.60
1666856799;WAOU1;225;34648.79:386506.19:546045.50:1553108.30
1666860462;WAOU1;226;35055.36:402644.47:544004.88:1560794.10
1666864124;WAOU1;227;35772.66:402993.09:559120.38:1535447.40
1666867786;WAOU1;228;34398.95:401764.06:538254.94:1580802.10
1666871449;WAOU1;229;33721.76:395473.50:537722.44:1576138.10
1666875111;WAOU1;230;34459.13:402255.72:551668.81:1661633.00
1666889897;WAOU1;231;32469.13:359206.94:593554.13:1690051.40
1666893559;WAOU1;232;32478.45:362583.66:591481.88:1636498.90
1666897221;WAOU1;233;36360.04:346483.75:591793.25:1657301.10
1666900880;WAOU1;234;34675.70:348890.09:566025.00:1603414.60
1666904542;WAOU1;235;38227.42:353552.72:549920.00:1611889.80
1666908204;WAOU1;236;37659.76:350584.47:541854.00:1601185.40
1666911867;WAOU1;237;37609.72:348600.03:533693.25:1601450.40
1666915530;WAOU1;238;39238.83:353572.22:551143.25:1597101.50
1666919192;WAOU1;239;38076.01:362294.75:545186.25:1596837.10
1666922854;WAOU1;240;38575.10:369231.19:555586.00:1491951.00
1666926518;WAOU1;241;39574.71:378153.31:554652.63:1577341.60
1666930180;WAOU1;242;38988.99:378157.06:543921.19:1610033.10
1666933843;WAOU1;243;36795.99:376809.09:546478.75:1581513.30
1666937505;WAOU1;244;38093.83:389353.97:553611.94:1614707.00
1666941168;WAOU1;245;38541.70:395763.47:538912.69:1597332.50
1666944830;WAOU1;246;38013.34:405872.94:544123.50:1546230.40
1666948493;WAOU1;247;37615.98:414498.69:532065.19:1555908.50
1666952155;WAOU1;248;37376.28:406061.53:539711.50:1594038.60
1666955818;WAOU1;249;37165.74:402542.84:539228.81:1653942.40
1666959480;WAOU1;250;35147.64:398034.94:547997.88:1675198.40
1666977971;WAOU1;251;36173.92:370412.56:602693.63:1700910.60
1666981633;WAOU1;252;37412.63:362574.69:585023.38:1671779.60
1666985296;WAOU1;253;39020.26:364952.38:589403.00:1608618.80
1666988958;WAOU1;254;39399.92:361527.75:568119.69:1403304.50
1666992621;WAOU1;255;40215.66:366905.78:563630.88:1439619.80
1666996283;WAOU1;256;40133.87:364439.59:556119.31:1539041.80
1666999946;WAOU1;257;42157.04:379570.56:553325.06:1593986.30
1667003608;WAOU1;258;41063.14:389231.94:550772.81:1575481.40
1667007271;WAOU1;259;41422.15:386618.44:553028.69:1579197.40
1667010930;WAOU1;260;42351.65:380792.03:554252.19:1541077.00
1667014593;WAOU1;261;44197.56:398647.81:545912.50:1596170.10
1667018256;WAOU1;262;42884.38:398396.44:547682.50:1587409.90
1667021918;WAOU1;263;42591.58:401731.59:530559.31:1572787.40
1667025580;WAOU1;264;40988.55:411241.91:528987.88:1596956.10
1667029243;WAOU1;265;42337.96:413904.97:528411.75:1580339.00
1667032902;WAOU1;266;43710.97:412301.22:464161.88:1248645.50
1667036565;WAOU1;267;41753.19:420289.81:493262.19:1122428.30
1667040228;WAOU1;268;41047.32:420046.34:489809.84:1185281.90
1667043890;WAOU1;269;37765.15:416419.91:489029.63:1329069.30
1667047552;WAOU1;270;36416.21:416783.28:509609.13:1484770.10
1667062363;WAOU1;271;37926.83:388392.81:577376.81:1669521.80
1667066025;WAOU1;272;38090.64:403088.81:550709.69:1699752.90
1667069688;WAOU1;273;40534.30:379770.50:537063.69:1702892.40
1667073350;WAOU1;274;40785.09:393894.56:552178.13:1702312.90
1667077013;WAOU1;275;40816.48:383379.81:531802.25:1747734.10
1667080675;WAOU1;276;41882.53:379190.91:529881.50:1636723.40
1667084338;WAOU1;277;42876.00:388565.47:528318.38:1566370.30
1667088000;WAOU1;278;42876.95:404575.56:538119.00:1569801.30
1667091663;WAOU1;279;44038.00:403489.34:546420.56:1536852.50
1667095325;WAOU1;280;43571.71:407132.31:541379.25:1499247.00
1667095389;WAOU1;281;43433.52:406527.22:519416.22:1376495.30
1667099052;WAOU1;282;44766.05:403136.72:521933.19:1318144.80
1667102714;WAOU1;283;43264.75:415235.38:507117.31:1197956.50
1667106377;WAOU1;284;44464.75:423731.06:505505.78:1078731.00
1667110039;WAOU1;285;45632.53:419449.88:511814.97:993750.13
1667113701;WAOU1;286;45630.52:436979.22:507146.22:925937.06
1667117364;WAOU1;287;42354.84:430907.09:512195.94:898140.00
1667121023;WAOU1;288;42576.95:433645.47:515456.03:898541.38
1667124685;WAOU1;289;43070.85:423202.34:516652.16:986159.75
1667128347;WAOU1;290;40614.09:413854.44:520057.66:1675464.60
1667132011;WAOU1;291;40200.91:414377.97:538965.56:1700595.80
1667146785;WAOU1;292;39719.16:420317.31:616523.38:1687826.30
1667150447;WAOU1;293;41307.79:337161.22:593428.00:1641405.40
1667154110;WAOU1;294;42925.45:371451.22:560009.56:1557951.90
1667157772;WAOU1;295;43225.80:417923.44:547869.38:1472800.40
1667161436;WAOU1;296;45600.90:415867.34:548888.19:1451798.50
1667165099;WAOU1;297;45938.79:424819.31:545877.69:1400531.40
1667168761;WAOU1;298;46820.02:428314.16:559781.88:1391761.00
1667172423;WAOU1;299;44773.36:420902.78:563352.00:1380616.10
1667176086;WAOU1;300;46772.34:429702.03:562266.38:1315407.10
1667179745;WAOU1;301;44952.16:427881.38:532449.56:1272996.50
1667183407;WAOU1;302;46259.91:432307.97:531130.13:1223322.60
1667187066;WAOU1;303;47932.57:439787.53:541050.56:1192256.50
1667190729;WAOU1;304;46126.31:449460.72:539499.00:1039029.80
1667194392;WAOU1;305;45251.45:443265.88:524445.06:1000026.30
1667198054;WAOU1;306;46145.43:463126.97:543159.63:1059950.60
1667201716;WAOU1;307;46607.82:469642.47:564971.44:1041056.10
1667205379;WAOU1;308;46481.66:457749.06:552319.06:984837.94
1667209041;WAOU1;309;42902.32:464759.41:548925.63:941996.50
1667212704;WAOU1;310;43520.02:458712.06:551166.75:848962.63
1667216366;WAOU1;311;42982.34:405284.50:558206.25:952218.81
1667220029;WAOU1;312;41858.34:438863.72:578561.63:1039525.90
1667223691;WAOU1;313;40152.75:495396.41:576194.06:1439112.80
1667227359;WAOU1;314;39337.14:464769.78:607544.88:1605661.80
1667231021;WAOU1;315;40044.89:494834.53:621205.56:1681060.40
1667234683;WAOU1;316;42497.88:474931.28:611296.06:1695516.30
1667238345;WAOU1;317;42364.28:474200.53:589769.94:1640660.30
1667242009;WAOU1;318;46873.13:424441.78:578935.69:1621739.90
1667245671;WAOU1;319;45384.93:487396.38:575666.19:1658180.40
1667249335;WAOU1;320;46708.61:468345.69:580242.06:1649525.60
1667252997;WAOU1;321;46456.17:467613.16:597792.13:1613809.60
1667256659;WAOU1;322;45645.27:468387.59:575056.50:1613836.10
1667260321;WAOU1;323;45461.05:481826.91:598544.19:1610386.60
1667263984;WAOU1;324;48168.84:468954.91:453669.19:396571.78
1667267646;WAOU1;325;48879.06:326403.81:483349.34:354406.94
1667271309;WAOU1;326;45716.32:291700.16:499496.81:426229.84
1667274971;WAOU1;327;25474.25:268607.50:499207.78:470141.22
1667278635;WAOU1;328;23141.88:271719.97:509240.66:492901.78
1667282297;WAOU1;329;21922.99:289785.91:520602.66:546297.00
1667285959;WAOU1;330;22161.74:298345.94:534204.75:612717.56
1667289622;WAOU1;331;21297.50:310515.53:539311.94:654363.44
1667293285;WAOU1;332;22391.40:320985.06:532506.81:724606.44
1667296944;WAOU1;333;21225.87:318005.00:545765.81:807817.56
1667300606;WAOU1;334;21049.19:321822.16:527911.00:1028366.90
1667304265;WAOU1;335;19546.48:320986.72:532877.75:1222288.00
1667307928;WAOU1;336;19318.12:314436.75:524877.69:1430312.30
1667311590;WAOU1;337;18719.89:317339.88:541960.69:1673768.00
1667315253;WAOU1;338;18056.28:315977.59:546157.25:1728239.90
1667318915;WAOU1;339;16750.65:315099.19:547617.13:1614666.90
1667322578;WAOU1;340;13981.14:245095.98:491255.56:973177.56
1667326240;WAOU1;341;15787.87:336962.94:488438.00:945349.00
1667329903;WAOU1;342;13045.38:352202.97:497718.06:910124.31
1667333562;WAOU1;343;12250.42:347609.97:496078.56:893690.56
1667337225;WAOU1;344;12471.58:364486.66:524028.47:872387.38
1667340884;WAOU1;345;11937.08:356056.22:526617.75:852324.44
1667344546;WAOU1;346;11364.47:367267.63:528999.31:842162.56
1667348205;WAOU1;347;11247.63:365855.78:536237.44:849112.94
1667351867;WAOU1;348;12460.73:372040.94:519758.13:845812.38
1667355526;WAOU1;349;12063.01:364484.78:520176.97:872031.19
1667359189;WAOU1;350;11493.22:357824.38:533521.38:842096.13
1667362851;WAOU1;351;12347.67:376056.97:523456.06:838457.75
1667366514;WAOU1;352;11284.21:382761.75:534053.44:857607.94
1667370173;WAOU1;353;12940.23:406633.22:547057.13:851068.50
1667373835;WAOU1;354;11802.31:398640.13:543528.81:859227.38
1667377494;WAOU1;355;12171.94:394681.59:550908.88:735920.31
1667381157;WAOU1;356;11991.61:403146.28:546537.06:1438309.10
1667384824;WAOU1;357;12263.29:388330.97:543243.31:1531366.90
1667388486;WAOU1;358;12668.08:388364.75:550580.69:1648514.50
1667392148;WAOU1;359;10547.31:385812.50:575417.06:1654846.80
1667395812;WAOU1;360;11306.99:370908.00:566319.06:1647050.90
1667399557;WAOU1;361;14221.07:361791.03:565296.25:1526943.30
1667403223;WAOU1;362;11983.70:351680.16:542477.63:1670067.00
1667406882;WAOU1;363;12075.87:347090.69:545598.13:1634599.80
1667410543;WAOU1;364;12149.28:349099.13:553499.00:1617913.40
1667414202;WAOU1;365;11812.22:352343.53:554278.06:1593669.50
1667417865;WAOU1;366;11851.88:354176.81:564267.50:1577979.60
1667421527;WAOU1;367;12635.39:364363.47:554916.50:1525792.60
1667425191;WAOU1;368;11619.03:361165.31:547941.81:1536575.10
1667428853;WAOU1;369;11365.41:382895.69:570092.69:1488500.90
1667432516;WAOU1;370;11866.63:392723.00:574647.94:1484945.80
1667436175;WAOU1;371;12572.84:385321.19:580585.50:1461461.80
1667439837;WAOU1;372;12998.77:383877.13:577976.38:1446768.80
1667443499;WAOU1;373;12825.99:418714.63:593380.88:1432964.40
1667447162;WAOU1;374;13038.54:427333.78:589523.63:1414161.90
1667450821;WAOU1;375;14283.86:416863.53:600370.25:1408667.10
1667454484;WAOU1;376;14632.48:431439.59:599137.56:1365355.60
1667458143;WAOU1;377;14680.28:431686.97:593596.19:1356618.80
1667461805;WAOU1;378;13119.03:445771.13:604100.06:1111989.40
1667465465;WAOU1;379;15122.02:445288.91:581102.06:976658.25
1667469127;WAOU1;380;13320.72:437333.25:588499.50:963193.69
1667472789;WAOU1;381;14601.56:434662.75:578238.50:977892.50
1667476452;WAOU1;382;14248.92:427946.88:595336.56:1085854.80
1667480114;WAOU1;383;14592.59:420790.78:586514.06:1182720.30
1667483777;WAOU1;384;14417.22:413990.53:585827.19:1242639.60
1667487439;WAOU1;385;15251.72:411777.22:587705.25:1463748.40
1667491102;WAOU1;386;15249.71:414882.50:590364.06:1113451.90
1667494764;WAOU1;387;14436.22:376574.81:493284.03:713565.94
1667498427;WAOU1;388;13410.18:358547.56:500303.47:620096.44
1667502086;WAOU1;389;18032.20:348982.28:502425.06:451784.59
1667505749;WAOU1;390;23720.87:359303.94:510164.38:543445.13
1667509408;WAOU1;391;22956.35:360822.94:526027.44:580001.19
1667513070;WAOU1;392;22161.74:369338.84:535508.69:626872.31
1667516729;WAOU1;393;21829.99:377102.47:570960.56:651264.19
1667520391;WAOU1;394;19796.21:382451.00:586335.06:669894.88
1667524054;WAOU1;395;20598.25:387601.63:586585.38:671962.44
1667527717;WAOU1;396;20109.42:391063.78:586477.25:710542.38
1667531376;WAOU1;397;18703.84:402787.97:586958.44:748759.38
1667535045;WAOU1;398;17206.20:392961.03:580147.19:764194.25
1667538704;WAOU1;399;17093.96:404099.50:577144.19:763583.63
1667542367;WAOU1;400;16044.56:412734.34:594426.19:741061.94
1667546027;WAOU1;401;16220.52:416740.19:591761.13:763328.63
1667549688;WAOU1;402;17271.23:422453.41:594641.94:768369.75
1667553347;WAOU1;403;16656.59:420089.53:590595.94:773040.88
1667557010;WAOU1;404;16802.70:420731.78:587162.25:694323.00
1667560669;WAOU1;405;15690.86:392723.00:578267.50:522475.22
1667564331;WAOU1;406;16330.39:395814.69:564830.56:520997.19
1667567990;WAOU1;407;17662.22:377061.88:555034.31:505764.13
1667571653;WAOU1;408;17531.81:389776.81:560192.25:507883.59
1667575312;WAOU1;409;18240.97:390468.97:564350.94:515536.66
1667578974;WAOU1;410;18868.71:405063.34:561467.38:509278.31
1667582634;WAOU1;411;18587.35:397785.94:572914.25:543944.56
1667586295;WAOU1;412;17213.16:409433.53:583303.44:565747.75
1667589954;WAOU1;413;17614.07:429708.06:574420.75:509708.97
1667593617;WAOU1;414;17132.08:411858.66:581887.06:552032.50
1667597276;WAOU1;415;17419.57:423640.19:553120.50:520629.78
1667600938;WAOU1;416;17872.76:416543.00:558528.31:530390.31
1667604600;WAOU1;417;17557.89:407793.66:569494.44:524639.88
1667608263;WAOU1;418;17860.72:406546.59:581643.13:570465.13
1667611923;WAOU1;419;17367.41:419265.41:585851.75:596933.69
1667615585;WAOU1;420;17490.74:418023.16:580692.63:662342.00
1667619244;WAOU1;421;18227.99:420749.47:591931.56:651980.00
1667622907;WAOU1;422;18704.90:423237.75:599157.50:662439.13
1667626569;WAOU1;423;17806.55:417440.03:593982.69:738736.69
1667630231;WAOU1;424;17683.22:425932.78:596141.00:770977.69
1667633890;WAOU1;425;18273.07:431008.72:610794.69:769863.94
1667637553;WAOU1;426;17808.56:429960.84:622077.50:707965.19
1667641215;WAOU1;427;18045.30:436711.91:609472.56:730648.13
1667644878;WAOU1;428;17507.73:445657.13:598404.69:813741.06
1667648537;WAOU1;429;17907.81:433355.38:590053.50:846331.63
1667652199;WAOU1;430;17577.95:425958.53:589738.06:872031.19
1667655861;WAOU1;431;17903.80:417127.19:589870.94:809846.38
1667659525;WAOU1;432;18054.39:424301.56:594188.25:797344.25
1667663187;WAOU1;433;17558.83:411050.00:570696.00:772056.13
1667666850;WAOU1;434;17862.73:413068.69:576685.81:780815.25
1667670509;WAOU1;435;17505.85:421986.66:577243.56:809651.44
1667674171;WAOU1;436;17562.85:433737.50:594599.81:834380.31
1667677830;WAOU1;437;18355.45:441760.31:592754.94:847841.31
1667681493;WAOU1;438;17571.93:429835.38:604130.13:870194.75
1667685155;WAOU1;439;18080.35:446353.56:602716.31:876403.13
1667688818;WAOU1;440;17703.29:446634.66:589730.50:883896.75
1667692477;WAOU1;441;18833.54:443557.97:599454.19:855019.63
1667696139;WAOU1;442;18510.05:447809.53:599489.13:889523.69
1667699801;WAOU1;443;18485.98:463074.94:612256.13:894500.25
1667703477;WAOU1;444;18236.96:460294.91:608434.81:905692.75
1667707138;WAOU1;445;19642.19:475011.78:618199.31:913366.69
1667710801;WAOU1;446;18127.56:461450.53:600175.50:924513.56
1667714463;WAOU1;447;18591.37:474122.28:621067.13:936070.06
1667718126;WAOU1;448;19571.62:469560.44:643154.88:938376.94
1667721785;WAOU1;449;18529.17:488941.13:645343.75:941237.63
1667725447;WAOU1;450;18922.05:482090.09:630852.06:941827.13
1667729106;WAOU1;451;19307.02:468494.75:631646.31:926799.88
1667732769;WAOU1;452;19792.07:479514.03:629255.63:942015.06
1667736431;WAOU1;453;17598.96:475170.88:600729.81:955236.75
1667740095;WAOU1;454;18839.56:474736.34:598372.31:844256.31
1667743757;WAOU1;455;18533.18:482657.28:614367.69:821801.75
1667747419;WAOU1;456;18595.38:474031.28:611774.56:845353.31
1667751078;WAOU1;457;19043.61:470842.47:606281.00:864197.31
1667754740;WAOU1;458;18979.29:462993.63:610847.81:860399.63
1667758399;WAOU1;459;20437.86:462710.25:601980.13:813233.63
1667762062;WAOU1;460;19600.77:471964.47:611888.50:835188.94
1667765721;WAOU1;461;18389.56:482334.03:595984.38:813660.81
1667769383;WAOU1;462;19413.71:479936.41:612425.81:920000.31
1667773042;WAOU1;463;18489.99:465192.03:607744.06:964505.44
1667776705;WAOU1;464;18704.90:453747.31:618140.69:1127618.30
1667780364;WAOU1;465;18587.35:464118.09:601619.94:1255256.40
1667784026;WAOU1;466;18409.62:469621.47:615239.94:1292484.00
1667787685;WAOU1;467;18382.48:475857.97:612223.06:1308803.10
1667791348;WAOU1;468;18653.68:495361.59:614830.50:1264342.30
1667795010;WAOU1;469;19128.11:475009.78:606567.69:1307744.30
1667798672;WAOU1;470;18123.55:468545.25:613171.56:1249027.00
1667802334;WAOU1;471;18987.31:484567.75:616793.63:1225729.40
1667805998;WAOU1;472;19834.32:491743.19:631249.06:1183601.50
1667809657;WAOU1;473;18588.42:483640.84:619641.00:1210310.80
1667813319;WAOU1;474;18580.39:485594.84:625477.13:1391525.60
1667816979;WAOU1;475;18249.94:494719.13:625654.81:1498329.60
1667820644;WAOU1;476;19485.11:477578.41:626818.13:1585004.80
1667824303;WAOU1;477;18364.42:460172.53:632301.00:1576827.50
1667827966;WAOU1;478;18013.20:459081.13:638373.31:1596031.50
1667831628;WAOU1;479;18056.28:442817.63:632448.94:1509463.10
1667835291;WAOU1;480;18211.82:440021.69:615410.56:1561482.00
1667838950;WAOU1;481;19661.19:439218.59:616849.56:1476837.50
1667842612;WAOU1;482;19977.36:450937.22:629670.13:1363822.80
1667846271;WAOU1;483;18885.82:456454.75:626325.31:1269593.40
1667849934;WAOU1;484;18975.28:457982.97:634252.13:1172809.10
1667853596;WAOU1;485;19654.23:457587.72:620682.88:1082473.40
1667857259;WAOU1;486;20218.23:455255.34:630984.38:1043278.60
1667860918;WAOU1;487;18959.11:453557.91:612230.75:1016188.50
1667864580;WAOU1;488;19318.12:451811.25:622673.13:1008038.70
1667868242;WAOU1;489;20368.35:458894.53:615069.63:999439.75
1667871905;WAOU1;490;20276.65:467023.91:626495.56:1030638.10
1667875564;WAOU1;491;20524.61:479682.56:644747.06:1017564.30
1667879227;WAOU1;492;20037.90:481347.88:629085.00:1030093.50
1667882886;WAOU1;493;19632.99:471333.66:620539.38:1035284.90
1667886548;WAOU1;494;20417.68:470414.91:642133.69:1022363.10
1667890207;WAOU1;495;21465.20:477323.28:642415.25:1040249.80
1667893870;WAOU1;496;20373.43:484198.59:641074.50:1037799.10
1667897530;WAOU1;497;19035.58:472373.88:619162.69:1058939.00
1667901192;WAOU1;498;20657.73:476208.00:630263.63:1260080.00
1667904854;WAOU1;499;20562.96:476532.78:625327.56:1341020.30
1667908516;WAOU1;500;20591.17:464527.38:640512.50:1563927.10
1667912178;WAOU1;501;19786.05:464905.72:628991.75:1682886.00
1667915841;WAOU1;502;18825.51:436764.19:636822.06:1551430.00
1667919503;WAOU1;503;21183.50:435178.03:625438.38:1633314.80
1667923167;WAOU1;504;19298.05:428429.44:634260.06:1632106.10
1667926829;WAOU1;505;19853.56:416419.91:625706.38:1590620.90
1667930492;WAOU1;506;19918.00:426687.53:619753.63:1533634.90
1667934154;WAOU1;507;21018.86:425521.16:622881.06:1529077.80
1667937817;WAOU1;508;21672.32:428111.75:630372.31:1510123.50
1667941479;WAOU1;509;21653.09:419649.91:620183.44:1540514.10
1667945142;WAOU1;510;21815.83:415015.16:607675.88:1552348.90
1667948804;WAOU1;511;22225.47:412866.53:620939.00:1567997.80
1667952468;WAOU1;512;23100.33:414738.28:623713.69:1482800.40
1667956130;WAOU1;513;22231.49:412870.31:631770.94:1380877.30
1667959792;WAOU1;514;21951.32:411686.13:634564.75:1228748.50
1667963455;WAOU1;515;20433.85:410339.06:623497.69:1214103.40
1667967118;WAOU1;516;20891.76:398626.91:536407.75:1166605.60
1667970780;WAOU1;517;19594.87:400100.13:554433.56:1225307.90
1667974443;WAOU1;518;20063.04:403044.78:568038.13:1217321.90
1667978102;WAOU1;519;18910.96:409068.03:571225.31:1213460.60
1667981764;WAOU1;520;19198.45:405967.13:567594.88:1169861.80
1667985423;WAOU1;521;18680.82:413714.25:579550.94:1180736.10
1667989086;WAOU1;522;18876.73:412275.97:577626.81:1134900.10
1667992745;WAOU1;523;17842.67:380921.97:551769.81:1026646.40
1667996407;WAOU1;524;18599.39:378475.00:539492.00:1016188.50
1668000069;WAOU1;525;18750.10:374781.19:550838.44:864513.13
1668003732;WAOU1;526;19006.43:382110.66:550533.81:834613.50
1668007395;WAOU1;527;18213.83:183282.00:539344.13:848281.63
1668011057;WAOU1;528;25934.63:380905.34:537480.50:855712.25
1668014719;WAOU1;529;24263.98:381367.50:544797.50:862078.06
1668018383;WAOU1;530;21559.14:385239.06:546933.44:865916.63
1668022045;WAOU1;531;20303.80:388664.84:555852.63:840401.06
1668025708;WAOU1;532;19113.95:382748.53:546171.19:833792.06
1668029370;WAOU1;533;19262.77:384473.72:543414.88:842912.00
1668033033;WAOU1;534;19672.29:378282.75:528571.19:844555.38
1668036692;WAOU1;535;18163.67:382702.03:543898.06:844625.25
1668040354;WAOU1;536;18397.58:375804.53:533051.81:846558.13
1668044013;WAOU1;537;19470.01:384320.75:533399.94:851634.50
1668047677;WAOU1;538;19463.99:377279.63:534819.69:862223.75
1668051339;WAOU1;539;17772.45:387264.34:524759.94:851369.94
1668055001;WAOU1;540;18252.07:388788.78:526256.63:869491.25
1668058660;WAOU1;541;18492.94:391751.59:538453.31:881715.06
1668062322;WAOU1;542;19987.39:394643.84:545586.56:876588.69
1668065981;WAOU1;543;19425.75:396695.09:552439.00:880857.56
1668069644;WAOU1;544;18856.55:406109.56:555006.06:893690.56
1668073307;WAOU1;545;18515.01:404312.41:547486.50:887154.75
1668076969;WAOU1;546;19868.67:391615.88:543456.69:880871.38
1668080631;WAOU1;547;18930.08:388516.63:554092.06:881704.56
1668084294;WAOU1;548;18701.95:379477.81:548257.13:898460.56
1668087953;WAOU1;549;18369.49:381230.25:531900.56:913971.44
1668091615;WAOU1;550;19257.81:380104.13:516358.53:936209.31
1668095277;WAOU1;551;18682.83:383815.66:508552.84:885447.75
1668098946;WAOU1;552;17971.07:374086.31:511786.06:880308.19
1668102608;WAOU1;553;19281.88:371112.75:524673.75:885496.38
1668106270;WAOU1;554;17687.24:367629.59:522242.50:880480.75
1668109932;WAOU1;555;19018.47:393580.75:538006.06:906395.56
1668113595;WAOU1;556;19705.45:396526.09:551748.44:879486.44
1668117254;WAOU1;557;18461.78:397386.56:549014.56:822745.44
1668120916;WAOU1;558;19720.67:400409.44:560166.00:811655.38
1668124575;WAOU1;559;19096.83:405378.56:554961.38:806726.75
1668128237;WAOU1;560;20211.15:409779.78:570554.13:786434.25
1668131899;WAOU1;561;19618.94:412245.03:562187.88:798085.88
1668135563;WAOU1;562;18684.84:403192.31:551462.25:783230.56
1668139225;WAOU1;563;19052.58:396306.00:541872.63:793397.38
1668142888;WAOU1;564;19596.76:393943.75:540458.13:792063.81
1668146547;WAOU1;565;19312.10:394132.81:546763.06:812460.38
1668150209;WAOU1;566;19329.21:383305.22:544995.38:820389.69
1668153868;WAOU1;567;19481.10:389323.97:535336.38:845027.44
1668157531;WAOU1;568;18151.63:400075.34:537305.38:834235.69
1668161190;WAOU1;569;18075.40:382951.41:527469.94:846078.63
1668164852;WAOU1;570;18347.43:379063.22:531169.06:844685.06
1668168514;WAOU1;571;19301.00:375850.53:529404.88:536884.06
1668172177;WAOU1;572;19624.02:378266.00:524692.06:553572.06
1668175839;WAOU1;573;19926.97:376425.53:535058.44:562770.88
1668179502;WAOU1;574;19734.72:370516.75:521843.00:569698.50
1668183164;WAOU1;575;20196.99:369939.31:500505.28:595314.13
1668186828;WAOU1;576;18414.58:373054.59:515127.13:594649.25
1668190487;WAOU1;577;19201.40:371738.72:519893.38:608089.38
1668194149;WAOU1;578;19805.17:371255.44:522423.19:618015.56
1668197811;WAOU1;579;18511.00:385134.50:529302.44:610850.38
1668201474;WAOU1;580;20313.83:385276.34:537853.94:600669.88
1668205133;WAOU1;581;20200.06:389806.91:543080.81:598168.06
1668208795;WAOU1;582;20248.45:387487.28:537531.25:570405.06
1668212454;WAOU1;583;20082.16:395456.38:551697.00:565876.75
1668216117;WAOU1;584;18803.33:407533.31:559660.94:550470.44
1668219776;WAOU1;585;18422.60:408921.31:566965.00:547677.94
1668223438;WAOU1;586;20215.17:403525.94:562540.06:535706.50
1668227097;WAOU1;587;21040.11:417287.56:563928.88:527131.13
1668230760;WAOU1;588;20727.36:416585.94:564973.81:523856.50
1668234419;WAOU1;589;20394.55:424234.41:576807.19:526806.31
1668238081;WAOU1;590;19721.62:431004.81:576693.13:537621.19
1668241740;WAOU1;591;19565.72:433521.41:579079.25:535095.25
1668245403;WAOU1;592;20424.76:441879.88:578272.56:536111.19
1668249065;WAOU1;593;21489.52:422900.59:569391.19:522391.56
1668252728;WAOU1;594;19999.55:402845.44:558788.75:519897.84
1668256387;WAOU1;595;19264.77:406617.88:538755.56:519287.94
1668260049;WAOU1;596;20403.64:387159.53:544506.94:525494.25
1668263712;WAOU1;597;18589.36:391348.22:550636.94:530449.75
1668267374;WAOU1;598;20121.46:381284.06:529236.31:544665.19
1668271033;WAOU1;599;19610.92:380436.09:519395.94:558412.19
1668274696;WAOU1;600;19108.99:379611.16:522310.25:601222.19
1668278355;WAOU1;601;19954.23:376291.00:523537.50:623351.25
1668282017;WAOU1;602;19155.25:378158.84:526685.88:620490.63
1668285676;WAOU1;603;20004.62:373172.03:508479.69:601850.06
1668289338;WAOU1;604;20560.96:372284.53:511679.13:609103.88
1668292997;WAOU1;605;19350.34:363921.72:536564.25:603590.81
1668296660;WAOU1;606;20388.53:364381.63:524386.19:595219.88
1668300323;WAOU1;607;20708.12:371826.63:520253.56:589028.69
1668303985;WAOU1;608;19891.80:368985.13:521001.56:586730.06
1668307647;WAOU1;609;20258.48:377346.06:521540.53:575284.00
1668311310;WAOU1;610;19366.39:374227.94:511227.47:575569.38
1668314969;WAOU1;611;19939.12:368830.06:516995.09:576681.13
1668318632;WAOU1;612;19411.59:364032.06:522479.59:572256.19
1668322294;WAOU1;613;20009.70:376580.38:537948.38:582834.19
1668325957;WAOU1;614;20124.41:376615.41:533830.88:577187.63
1668329616;WAOU1;615;20680.86:375362.66:534787.63:568074.13
1668333278;WAOU1;616;19946.21:376478.88:536380.13:564532.31
1668336941;WAOU1;617;21199.67:383199.00:539201.13:575192.00
1668340603;WAOU1;618;20698.09:380022.56:530803.56:574602.00
1668344262;WAOU1;619;18605.53:373412.31:534509.81:569513.56
1668347925;WAOU1;620;21070.44:363362.69:540485.94:568541.69
1668351584;WAOU1;621;20831.21:383787.69:536014.38:565300.94
1668355246;WAOU1;622;21176.42:375972.22:526626.81:556648.19
1668358905;WAOU1;623;20448.01:380960.94:524603.69:566598.94
1668362566;WAOU1;624;21566.23:377205.75:527099.38:559743.75
1668366225;WAOU1;625;21047.19:372229.53:529395.75:561923.88
1668369889;WAOU1;626;21434.87:386860.03:540095.19:577714.13
1668373548;WAOU1;627;21113.87:384065.38:532776.81:560341.63
1668377210;WAOU1;628;20346.16:383349.84:533228.13:564489.38
1668380872;WAOU1;629;21308.71:376729.78:552417.75:555753.63
1668384536;WAOU1;630;20801.95:365536.44:520746.88:566409.94
1668388195;WAOU1;631;22365.08:384281.56:517468.47:562199.69
1668391857;WAOU1;632;21437.94:373313.28:526558.63:562157.13
1668395519;WAOU1;633;22016.11:383774.47:516954.75:558710.63
1668399182;WAOU1;634;22494.55:384397.22:520983.63:558492.69
1668402842;WAOU1;635;20379.45:384380.59:525412.69:552694.94
1668406504;WAOU1;636;20602.26:384867.41:520742.50:558672.75
1668410163;WAOU1;637;20841.25:372796.03:541346.88:567932.75
1668413825;WAOU1;638;20772.68:385646.22:543461.50:567058.44
1668417488;WAOU1;639;20857.42:396433.22:544748.75:559720.19
1668421150;WAOU1;640;21267.29:378841.09:537001.50:575426.69
1668424812;WAOU1;641;21463.20:305831.31:536798.88:581987.19
1668428475;WAOU1;642;21548.05:371065.19:534291.69:606429.38
1668432137;WAOU1;643;21019.93:370145.84:519276.84:626789.69
1668435800;WAOU1;644;21349.07:364517.47:536674.69:643992.94
1668439462;WAOU1;645;21429.92:377467.97:526440.63:650450.81
1668443126;WAOU1;646;22275.04:373111.50:519103.72:649603.56
1668446788;WAOU1;647;21496.48:364289.34:527813.25:635866.25
1668450451;WAOU1;648;22401.43:360532.97:532566.31:561726.56
1668454110;WAOU1;649;21897.74:348852.94:528054.38:559110.94
1668457772;WAOU1;650;22248.60:349793.53:530666.56:555706.38
1668461434;WAOU1;651;21231.88:339694.81:516537.78:445091.72
1668465097;WAOU1;652;22590.73:340989.69:518874.28:430215.75
1668468756;WAOU1;653;22341.72:341761.50:518948.53:434266.09
1668472419;WAOU1;654;20786.84:349451.53:505795.16:460735.34
1668476081;WAOU1;655;22124.33:354141.06:506971.44:460131.13
1668479744;WAOU1;656;20697.03:357295.28:481788.34:445158.75
1668483403;WAOU1;657;20546.79:334777.72:483400.81:460182.91
1668487065;WAOU1;658;20643.57:356303.13:483085.69:462074.84
1668490727;WAOU1;659;21289.48:360754.38:487836.25:466164.97
1668494390;WAOU1;660;20731.37:348449.56:509123.00:476494.66
1668498049;WAOU1;661;19724.69:346787.16:495943.56:478606.34
1668501712;WAOU1;662;19978.42:331767.47:485644.06:481557.50
1668505371;WAOU1;663;20141.64:356004.31:489911.44:470105.44
1668509034;WAOU1;664;19899.94:355596.56:480047.34:478046.34
1668512696;WAOU1;665;19261.82:349727.91:481303.03:498312.75
1668516358;WAOU1;666;19380.55:346926.53:485970.97:503236.91
1668520020;WAOU1;667;20450.02:319853.97:490471.81:532676.19
1668523684;WAOU1;668;19674.41:336983.81:494260.03:520080.19
1668527347;WAOU1;669;20044.98:321681.13:486085.09:527206.19
1668531010;WAOU1;670;19850.49:320371.03:484797.53:530716.75
1668534671;WAOU1;671;20013.71:346549.00:496779.00:525741.56
1668538334;WAOU1;672;20133.62:348062.22:498450.59:512080.03
1668541996;WAOU1;673;20482.24:353743.44:496709.00:510024.41
1668545659;WAOU1;674;19932.16:341838.59:496850.88:487920.38
1668549321;WAOU1;675;20329.05:323353.19:458666.53:470777.22
1668552984;WAOU1;676;19167.29:323857.47:472044.59:459778.00
1668556643;WAOU1;677;18515.01:329224.56:462260.25:443511.34
1668560306;WAOU1;678;22064.61:332390.59:480939.66:452840.25
1668563965;WAOU1;679;30059.33:335323.78:478817.13:450201.72
1668567627;WAOU1;680;29877.59:338146.28:491489.69:462308.19
1668571286;WAOU1;681;28983.84:347551.56:489935.28:428119.66
1668574949;WAOU1;682;26369.05:345281.97:492391.59:417039.25
1668578608;WAOU1;683;23972.60:345792.75:498100.56:427095.75
1668582270;WAOU1;684;21490.46:353871.84:504450.94:432621.53
1668585929;WAOU1;685;20981.57:360016.19:508630.50:433453.31
1668589591;WAOU1;686;20463.12:365046.66:500382.41:433653.47
1668593253;WAOU1;687;19745.81:353157.03:492574.03:436874.75
1668596916;WAOU1;688;19790.07:353149.94:495494.38:450871.72
1668600575;WAOU1;689;20394.55:350778.03:500303.47:437148.22
1668604238;WAOU1;690;19032.52:349800.63:489306.16:434526.56
1668607900;WAOU1;691;19348.33:317029.34:488856.84:440648.00
1668611563;WAOU1;692;19150.18:351776.22:489243.59:439848.09
1668615222;WAOU1;693;19903.96:349162.84:482608.06:441046.19
1668618884;WAOU1;694;18477.95:337049.91:491994.69:440571.19
1668622547;WAOU1;695;19060.72:348315.13:486978.38:445522.81
1668626210;WAOU1;696;19920.00:346120.47:505711.25:457122.25
1668629872;WAOU1;697;18554.19:344469.19:514375.94:446540.97
1668633535;WAOU1;698;18484.92:350041.72:498542.41:437663.22
1668637194;WAOU1;699;19622.96:350066.50:508714.78:435294.41
1668640856;WAOU1;700;18878.74:328638.84:497794.66:422183.50
1668644518;WAOU1;701;19356.35:356895.81:481632.19:436006.88
1668648182;WAOU1;702;18892.78:350911.03:506307.94:428582.41
1668651844;WAOU1;703;20259.54:345618.31:510931.38:438345.72
1668655506;WAOU1;704;18685.78:114682.98:503798.53:424183.06
1668659165;WAOU1;705;18689.91:229765.44:483748.13:416734.41
1668662828;WAOU1;706;19170.24:189320.70:494843.16:417348.22
1668666487;WAOU1;707;19345.26:356312.09:501602.81:416076.34
1668670150;WAOU1;708;19596.76:361709.97:502539.41:413611.09
1668673812;WAOU1;709;18704.90:354671.19:499790.44:413877.69
1668677474;WAOU1;710;19315.05:364101.00:506398.47:416898.59
1668681136;WAOU1;711;19045.62:357688.06:506889.53:414882.50
1668684800;WAOU1;712;18263.04:361369.13:503230.28:421994.56
1668688459;WAOU1;713;18330.31:349272.59:510544.53:413179.38
1668692121;WAOU1;714;17855.65:343041.19:499577.88:421878.31
1668695783;WAOU1;715;18562.22:349042.47:496384.00:406298.28
1668699446;WAOU1;716;18405.61:340797.19:491600.16:412852.94
1668703108;WAOU1;717;18404.66:355376.69:494053.38:408266.44
1668706771;WAOU1;718;18203.80:358750.56:492250.66:403865.34
1668710433;WAOU1;719;18268.12:357440.56:508519.69:393153.63
1668714096;WAOU1;720;19081.73:361122.00:491684.66:391078.91
1668717755;WAOU1;721;18584.40:351424.41:494891.19:390175.34
1668721418;WAOU1;722;19540.46:353964.50:495352.88:373965.09
1668725077;WAOU1;723;18364.42:341701.91:485091.75:287419.31
1668728739;WAOU1;724;20470.20:350403.56:483930.34:293996.19
1668732402;WAOU1;725;19635.11:357723.81:478721.41:304043.22
1668736065;WAOU1;726;18875.67:357026.56:508912.22:301444.38
1668739724;WAOU1;727;19379.49:334377.53:490640.56:310704.22
1668743386;WAOU1;728;19103.92:350272.22:495596.81:300241.66
1668747048;WAOU1;729;19103.92:348927.28:499369.81:295298.16
1668750711;WAOU1;730;20229.21:359839.75:496300.91:290943.06
1668754370;WAOU1;731;19194.44:365474.59:509249.50:285950.00
1668758033;WAOU1;732;18726.03:366803.81:513810.88:279270.59
1668761696;WAOU1;733;18396.64:368381.72:517398.84:268188.53
1668765358;WAOU1;734;18360.41:363610.50:512717.44:267791.66
1668769020;WAOU1;735;19183.34:363948.88:508512.97:260490.75
1668772683;WAOU1;736;18270.01:368707.91:498862.00:248685.13
1668776345;WAOU1;737;18666.78:354833.56:504504.03:258683.78
1668780008;WAOU1;738;19706.63:350548.97:502913.28:257001.80
1668783667;WAOU1;739;19707.57:363015.47:488373.34:266390.44
1668787329;WAOU1;740;18743.14:359749.94:481029.47:262357.19
1668790988;WAOU1;741;19317.17:376126.94:486655.47:257959.16
1668794651;WAOU1;742;20465.13:369842.66:501651.22:266836.28
1668798313;WAOU1;743;19703.56:369473.97:499757.63:264731.09
1668801976;WAOU1;744;19212.49:363261.41:507414.13:253165.89
1668805635;WAOU1;745;19073.70:366969.41:497034.38:251084.89
1668809297;WAOU1;746;20570.04:364291.13:510037.88:241572.34
1668812959;WAOU1;747;18310.25:353936.06:507168.28:245961.06
1668816624;WAOU1;748;19480.04:367082.00:518139.41:247041.97
1668820286;WAOU1;749;19204.47:355537.66:521123.34:246839.58
1668823948;WAOU1;750;19815.32:363737.16:517699.53:246540.52
1668827607;WAOU1;751;18072.33:359370.38:513094.41:242023.41
1668831269;WAOU1;752;19567.61:363974.13:502614.13:245483.09
1668834928;WAOU1;753;18611.43:369119.91:505817.34:235640.45
1668838590;WAOU1;754;19809.19:373853.09:514266.53:240299.19
1668842249;WAOU1;755;19262.77:382309.63:518780.00:247049.64
1668845912;WAOU1;756;20105.41:364052.00:527208.44:243235.45
1668849574;WAOU1;757;18849.59:376855.22:521500.06:230653.41
1668853237;WAOU1;758;18911.90:372471.47:509482.47:218336.89
1668856896;WAOU1;759;19671.34:374562.28:493490.44:216368.00
1668860559;WAOU1;760;19136.13:365093.88:496416.69:212657.55
1668864218;WAOU1;761;19143.21:361176.16:496506.13:213887.05
1668867880;WAOU1;762;17989.01:361598.09:502534.94:210108.02
1668871542;WAOU1;763;19263.83:361405.00:506179.53:214878.16
1668875205;WAOU1;764;19697.42:358448.78:477725.22:223251.25
1668878867;WAOU1;765;19657.18:359964.00:492917.00:234672.70
1668882530;WAOU1;766;19816.27:370657.56:502114.91:236736.13
1668886189;WAOU1;767;19177.32:371727.72:502761.53:237490.02
1668889852;WAOU1;768;20309.81:368565.69:484170.75:234298.13
1668893511;WAOU1;769;19793.14:368906.66:495113.19:235690.97
1668897173;WAOU1;770;20017.72:368855.56:500380.28:237765.23
1668900835;WAOU1;771;19382.44:369712.94:504753.19:235690.97
1668904498;WAOU1;772;19562.65:362679.34:505143.69:238420.47
1668908157;WAOU1;773;20386.41:366524.00:502517.22:247807.08
1668911821;WAOU1;774;20068.00:372416.47:517367.44:256717.84
1668915483;WAOU1;775;19763.99:371757.00:516714.94:252238.86
1668919145;WAOU1;776;20209.03:370087.41:514912.44:232611.66
1668922804;WAOU1;777;20341.09:367223.97:520384.19:241265.39
1668926466;WAOU1;778;19040.54:368895.56:518986.75:253057.67
1668930125;WAOU1;779;19349.27:368633.22:519395.94:260804.31
1668933788;WAOU1;780;19505.29:372337.66:526926.63:263373.91
1668937447;WAOU1;781;19620.95:376971.47:534305.63:258847.00
1668941109;WAOU1;782;20085.23:371363.41:526045.63:265616.22
1668944768;WAOU1;783;20171.85:369913.81:526272.56:259395.55
1668948437;WAOU1;784;18829.53:368757.13:519420.72:47953.81
1668952100;WAOU1;785;20082.16:357313.22:503410.97:49982.17
1668955763;WAOU1;786;20010.64:363606.97:511890.75:52676.03
1668959422;WAOU1;787;20665.87:352909.41:506323.41:52086.06
1668963085;WAOU1;788;18285.11:361657.69:513136.88:280818.63
1668966747;WAOU1;789;18935.98:365311.38:524843.69:271614.69
1668970417;WAOU1;790;20987.59:363840.28:504885.59:121505.08
1668974080;WAOU1;791;20616.31:365365.78:512927.16:57133.78
1668977742;WAOU1;792;18944.12:359323.78:517095.88:60954.35
1668981401;WAOU1;793;19465.99:355607.41:527040.25:59689.68
1668985064;WAOU1;794;19455.96:354883.63:522161.31:60873.63
1668988726;WAOU1;795;20142.59:357847.63:517686.09:61283.73
1668992389;WAOU1;796;19751.83:369736.78:519283.56:65308.47
1668996048;WAOU1;797;19142.04:374919.16:533258.00:60828.89
1668999710;WAOU1;798;20524.61:374639.69:524510.81:60630.51
1669003368;WAOU1;799;19246.72:375828.34:518418.16:61907.22
1669007032;WAOU1;800;20422.76:372123.31:524805.25:63063.32
1669010691;WAOU1;801;20501.47:376360.84:537008.44:63355.76
1669014353;WAOU1;802;20114.38:386351.00:554412.31:71164.37
1669018013;WAOU1;803;19179.33:382748.53:543426.56:340764.03
1669021675;WAOU1;804;19161.27:382432.38:539083.31:463331.50
1669025337;WAOU1;805;19624.96:376606.22:521152.63:463863.53
1669029000;WAOU1;806;19863.59:370494.81:536352.50:532891.44
1669032659;WAOU1;807;18298.21:362639.69:524628.56:617916.06
1669036321;WAOU1;808;19387.51:357860.25:515836.66:713944.31
1669039980;WAOU1;809;19880.71:357849.38:517484.03:792195.38
1669043643;WAOU1;810;19471.07:356138.59:508814.63:922590.00
1669047302;WAOU1;811;18397.58:352751.03:502992.47:817443.06
1669050964;WAOU1;812;19826.30:361899.38:512296.25:605214.88
1669054623;WAOU1;813;19516.27:353080.53:505157.03:569146.31
1669058285;WAOU1;814;19354.35:357513.97:516855.97:551077.63
1669061944;WAOU1;815;20385.46:355473.34:519274.59:520235.63
1669065607;WAOU1;816;19143.21:345371.78:489286.78:471346.28
1669069270;WAOU1;817;31360.71:347270.69:510335.50:481198.38
1669072932;WAOU1;818;30857.25:357831.44:509080.88:488554.59
1669076592;WAOU1;819;30750.21:355693.09:513480.44:477491.22
1669080253;WAOU1;820;25239.04:367587.81:508623.91:484705.13
1669083912;WAOU1;821;22736.60:364934.31:515682.16:505887.91
1669087575;WAOU1;822;22473.31:367467.66:530630.00:531557.63
1669091235;WAOU1;823;21505.68:366222.47:511748.28:515863.56
1669094896;WAOU1;824;20454.03:372176.44:525562.31:530367.50
1669098555;WAOU1;825;20010.64:375259.53:526656.25:529238.56
1669102218;WAOU1;826;19711.59:384414.00:537588.88:527440.19
1669105880;WAOU1;827;20610.29:361614.38:537655.56:527344.88
1669109543;WAOU1;828;19992.59:380128.19:546672.31:534670.56
1669113205;WAOU1;829;20777.75:385466.81:525301.63:524248.09
1669116868;WAOU1;830;20352.18:382819.22:523616.69:575760.69
1669120530;WAOU1;831;20295.77:370370.66:519789.75:617349.50
1669124193;WAOU1;832;20290.81:373276.59:515823.19:684340.44
1669127852;WAOU1;833;19912.92:374108.25:528639.38:752768.81
1669131514;WAOU1;834;19997.54:359021.88:527444.81:1258546.30
1669135173;WAOU1;835;20274.65:339445.06:522362.16:959910.69
1669138836;WAOU1;836;19090.93:352569.53:522701.13:818653.56
1669142497;WAOU1;837;19447.82:377693.28:529790.31:841437.00
1669146157;WAOU1;838;20295.77:382514.16:535072.38:873827.06
1669149817;WAOU1;839;19709.58:378010.97:537690.25:825774.44
1669153479;WAOU1;840;20135.50:380437.88:538640.19:825257.06
1669157138;WAOU1;841;20371.42:390088.97:535354.81:826363.88
1669160800;WAOU1;842;19706.63:389959.28:546688.56:837167.94
1669164463;WAOU1;843;19591.80:406215.44:547584.44:945356.25
1669168126;WAOU1;844;20044.98:394876.69:551891.81:825449.00
1669171789;WAOU1;845;19884.72:390371.16:555560.06:833532.56
1669175450;WAOU1;846;20434.79:407284.66:551115.19:801660.38
1669179109;WAOU1;847;20121.46:409346.53:568086.06:796908.88
1669182772;WAOU1;848;19687.39:405940.22:569160.56:747697.38
1669186431;WAOU1;849;20346.16:414500.72:577432.63:1164027.60
1669190093;WAOU1;850;20639.55:418892.84:586043.06:1098745.30
1669193752;WAOU1;851;20208.08:417966.53:603520.56:823569.94
1669197415;WAOU1;852;18634.56:413969.03:575898.56:670673.31
1669201074;WAOU1;853;18505.10:416306.59:574135.63:772227.94
1669204736;WAOU1;854;20513.51:407726.16:557941.19:1361085.00
1669208395;WAOU1;855;20102.34:403094.59:548743.25:1416767.00
1669212057;WAOU1;856;20027.75:396989.56:555253.56:1353876.00
1669215719;WAOU1;857;19535.39:394085.50:555225.38:531573.63
1669219383;WAOU1;858;20811.04:373803.41:513670.09:543867.88
1669223042;WAOU1;859;20164.77:368053.84:524961.63:547365.06
1669226704;WAOU1;860;19847.54:370158.69:512396.56:618710.38
1669230366;WAOU1;861;19984.44:373686.00:512704.13:656890.19
1669234029;WAOU1;862;20545.85:378744.91:524055.72:677890.75
1669237688;WAOU1;863;19998.49:381843.09:522233.53:666105.81
1669241350;WAOU1;864;20950.29:377013.84:521743.66:693332.00
1669245009;WAOU1;865;20286.80:376211.69:516891.84:750695.94
1669248672;WAOU1;866;20624.45:380897.91:524288.81:801172.25
1669252334;WAOU1;867;20644.51:383007.34:526892.50:852656.44
1669255997;WAOU1;868;21416.70:379329.81:521705.28:874688.25
1669259656;WAOU1;869;20961.39:375896.56:522884.16:880332.38
1669263319;WAOU1;870;20458.04:374621.28:513641.16:895356.25
1669266978;WAOU1;871;20417.68:370768.97:523125.97:976776.50
1669270640;WAOU1;872;20333.06:374821.69:518541.59:842613.38
1669274299;WAOU1;873;19725.63:386715.91:527176.44:478614.84
1669277961;WAOU1;874;19252.74:394980.91:526365.56:589609.88
1669281620;WAOU1;875;20219.18:392913.81:523994.59:831918.81
1669285283;WAOU1;876;19911.98:390498.97:516921.09:949953.25
1669288946;WAOU1;877;20568.98:378484.22:528878.63:1205821.40
1669292608;WAOU1;878;19526.42:366028.22:508841.19:1327132.60
1669296267;WAOU1;879;18832.48:368498.31:527053.94:1303420.40
1669299929;WAOU1;880;19486.17:360934.47:519647.91:1270192.90
1669303588;WAOU1;881;19852.50:363245.13:514581.66:1253411.10
1669307251;WAOU1;882;20086.17:352021.56:496602.09:1173756.50
1669310910;WAOU1;883;19858.52:358919.31:496602.09:1079830.00
1669314572;WAOU1;884;19523.35:370090.94:499856.16:1010067.40
1669318235;WAOU1;885;20648.64:358664.28:490452.22:1006451.80
1669321897;WAOU1;886;18663.71:362780.50:505507.91:942144.00
1669325560;WAOU1;887;19998.49:365552.72:501416.13:919762.44
1669329222;WAOU1;888;19984.44:364122.72:502530.56:964411.25
1669332882;WAOU1;889;19225.59:361955.31:506650.53:965033.44
1669336544;WAOU1;890;19876.69:360867.91:503247.88:1012614.00
1669340203;WAOU1;891;19718.67:361527.75:503794.06:1063338.00
1669343865;WAOU1;892;20629.52:358720.00:502906.81:1073016.90
1669347524;WAOU1;893;19376.54:355610.94:494505.88:1104412.50
1669351187;WAOU1;894;20167.84:350249.19:500792.75:1098189.90
1669354846;WAOU1;895;19202.46:358508.03:502363.34:1021839.10
1669358508;WAOU1;896;20353.25:355653.78:514769.28:490510.75
1669362171;WAOU1;897;19031.57:349745.63:494769.28:578471.81
1669365833;WAOU1;898;19343.25:346741.25:504786.22:696412.63
1669369496;WAOU1;899;21896.67:347648.81:500614.91:859261.00
1669373158;WAOU1;900;27450.21:340038.81:499111.38:1000565.80
1669376817;WAOU1;901;29248.32:345680.03:477176.56:1201237.10
1669380480;WAOU1;902;30040.80:325969.28:484140.66:1230811.30
1669384142;WAOU1;903;29464.76:339450.38:478472.03:1232746.50
1669387805;WAOU1;904;28135.65:333444.72:479748.63:1228845.80
1669391467;WAOU1;905;26245.49:332805.06:475217.38:1247399.30
1669395130;WAOU1;906;24949.07:330616.22:476388.44:1121529.90
1669398789;WAOU1;907;23896.48:340021.22:500187.31:917086.88
1669402452;WAOU1;908;22574.56:342925.28:488835.38:911715.44
1669406114;WAOU1;909;22719.37:339277.72:496416.69:926767.31
1669409777;WAOU1;910;23809.14:346515.38:501277.81:1000444.80
1669413439;WAOU1;911;24319.80:356206.47:513415.75:953855.44
1669417102;WAOU1;912;22266.89:377104.25:516602.69:942988.56
1669420764;WAOU1;913;25549.54:385056.00:515639.69:968538.31
1669424427;WAOU1;914;25164.81:379626.03:507301.16:969561.56
1669428086;WAOU1;915;24962.29:387386.13:522197.41:981489.69
1669431748;WAOU1;916;22592.74:392115.56:520127.50:998022.13
1669435407;WAOU1;917;22195.02:392966.69:511398.72:945138.13
1669439071;WAOU1;918;21894.67:386416.38:516463.91:943538.50
1669442733;WAOU1;919;19940.19:387590.31:508663.78:939140.94
1669446395;WAOU1;920;21317.68:392468.31:510471.13:932742.56
1669450057;WAOU1;921;20320.91:388122.69:519981.06:915060.13
1669453720;WAOU1;922;20835.35:386154.63:513757.31:910755.38
1669457382;WAOU1;923;20827.20:384734.88:504636.22:924292.75
1669461045;WAOU1;924;19437.90:385377.13:501591.84:930292.63
1669464704;WAOU1;925;20110.37:381245.00:496484.41:964037.88
1669468367;WAOU1;926;20581.14:384512.88:489864.00:1105617.40
1669472026;WAOU1;927;19231.61:392389.00:479656.94:1118500.90
1669475688;WAOU1;928;19670.40:384917.94:489256.47:1148287.80
1669479350;WAOU1;929;19069.69:388946.56:489543.94:1174371.40
1669483013;WAOU1;930;19389.52:378824.59:486194.75:1177335.50
1669486672;WAOU1;931;19263.83:383312.78:501866.47:1185702.50
1669490335;WAOU1;932;20403.64:390589.38:481290.28:1145014.90
1669493997;WAOU1;933;19340.30:390173.59:500062.22:1159487.80
1669497661;WAOU1;934;19852.50:391135.44:495708.00:1167418.80
1669501323;WAOU1;935;20347.23:389748.59:495864.94:1227981.30
1669504985;WAOU1;936;19269.85:392481.41:498566.47:1206274.10
1669508648;WAOU1;937;18496.01:390659.09:500073.31:1227971.00
1669512310;WAOU1;938;19173.31:396057.44:508233.63:1228039.30
1669515972;WAOU1;939;19605.96:391127.88:515657.50:1258910.60
1669519635;WAOU1;940;19874.69:392760.75:510575.56:1298539.00
1669523294;WAOU1;941;20232.28:391114.66:526029.69:1282762.00
1669526957;WAOU1;942;20135.50:391271.03:503080.53:1318791.60
1669530616;WAOU1;943;19060.72:396765.31:517733.19:1341905.60
1669534278;WAOU1;944;20472.21:401559.41:512026.56:1349728.30
1669537945;WAOU1;945;20261.43:399087.78:520499.03:1346829.00
1669541607;WAOU1;946;20525.67:411713.13:524744.13:1326899.50
1669545267;WAOU1;947;19500.22:392796.75:502763.66:1357831.30
1669548929;WAOU1;948;19403.56:397171.88:493247.09:1354798.50
1669552591;WAOU1;949;19057.65:396911.53:502957.31:1318676.30
1669556254;WAOU1;950;19227.60:384345.06:491686.78:1331312.60
1669559913;WAOU1;951;18865.76:389286.34:501642.38:1307796.50
1669563575;WAOU1;952;19597.82:393238.63:491656.47:1293492.40
1669567238;WAOU1;953;19506.24:400117.38:489688.63:1281380.60
1669570900;WAOU1;954;20106.35:392902.50:493307.88:1292129.00
1669574558;WAOU1;955;18975.28:402466.25:496434.16:1257767.80
1669578222;WAOU1;956;19876.69:409184.16:511374.28:1251434.80
1669581881;WAOU1;957;20327.05:401324.31:509669.06:1186651.60
1669585543;WAOU1;958;19675.36:407014.75:511567.97:1190147.30
1669589202;WAOU1;959;19073.70:405311.31:518171.03:1242472.30
1669592866;WAOU1;960;19258.75:402485.50:525088.50:1214088.90
1669596528;WAOU1;961;19080.79:412221.69:515254.81:1248284.40
1669600190;WAOU1;962;18710.92:395695.25:513772.88:1268091.80
1669603849;WAOU1;963;20687.00:393943.75:500792.75:1331801.90
1669607511;WAOU1;964;19471.07:396416.00:501826.94:1361107.30
1669611170;WAOU1;965;19946.21:397403.69:505143.69:1330541.30
1669614833;WAOU1;966;19741.80:399972.31:496453.75:1356613.10
1669618492;WAOU1;967;20380.51:390787.03:509402.59:1288022.50
1669622154;WAOU1;968;20158.75:399665.25:514402.84:1157956.40
1669625816;WAOU1;969;19958.24:399194.47:504307.53:734069.31
1669629479;WAOU1;970;20181.88:403690.69:501660.06:718944.38
1669633138;WAOU1;971;21109.74:406525.34:512880.31:671777.00
1669636800;WAOU1;972;21423.78:394570.09:504082.84:620350.06
1669640459;WAOU1;973;21366.19:386410.97:492194.38:593049.25
1669644122;WAOU1;974;20783.77:377233.47:490854.88:543791.25
1669647781;WAOU1;975;20103.29:374715.00:496569.28:774303.13
1669651443;WAOU1;976;20040.85:381824.47:501110.94:690388.19
1669655102;WAOU1;977;20562.96:373882.50:499558.19:676271.81
1669658765;WAOU1;978;20605.33:380547.28:486913.81:749571.81
1669662427;WAOU1;979;18740.07:387099.59:495045.69:769909.75
1669666090;WAOU1;980;20993.72:385797.63:492964.69:802411.69
1669669750;WAOU1;981;20279.72:383353.59:494373.22:819393.38
1669673412;WAOU1;982;20403.64:389299.56:493553.47:793545.06
1669677074;WAOU1;983;20789.79:386556.84:488492.06:547696.69
1669680736;WAOU1;984;20759.58:390267.66:492146.59:558369.56
1669684396;WAOU1;985;21088.49:384192.00:492801.94:633978.69
1669688058;WAOU1;986;21314.61:386620.44:490796.34:771949.06
1669691717;WAOU1;987;19532.44:397835.25:484765.31:740396.56
1669695379;WAOU1;988;21091.56:387283.09:499396.13:679785.56
1669699038;WAOU1;989;19558.64:389370.84:504753.19:789296.19
1669702701;WAOU1;990;20109.42:388188.41:493273.19:743755.94
1669706363;WAOU1;991;20763.59:397595.69:504572.25:676290.94
1669710026;WAOU1;992;19465.05:401200.06:508413.25:657479.56
1669713685;WAOU1;993;21012.84:391500.94:498209.84:579064.56
1669717347;WAOU1;994;20263.55:389316.44:499858.28:462695.75
1669721006;WAOU1;995;19731.77:384274.16:498393.59:785957.69
1669724669;WAOU1;996;20146.60:387350.50:486125.81:930598.38
1669728332;WAOU1;997;20046.87:389891.53:491964.38:966155.31
1669731994;WAOU1;998;19960.37:385840.59:496312.00:989094.56
1669735653;WAOU1;999;17884.80:386175.16:485818.25:987070.13
1669739315;WAOU1;1000;19128.11:384697.72:483332.13:1079301.50
1669742978;WAOU1;1001;18351.44:385771.44:494495.00:1061005.50
1669746640;WAOU1;1002;19095.89:387665.38:488211.53:1040632.70
1669750299;WAOU1;1003;18340.34:391523.47:497742.00:1052031.50
1669753962;WAOU1;1004;19832.44:390619.47:493951.31:1055247.90
1669757624;WAOU1;1005;19746.87:395158.88:493366.53:1078076.00
1669761287;WAOU1;1006;18520.08:403796.19:492524.00:1100444.00
1669764946;WAOU1;1007;19221.58:393654.38:507418.47:1034887.80
1669768608;WAOU1;1008;19747.82:409717.81:508535.16:1048788.10
1669772267;WAOU1;1009;18903.88:397388.44:494105.56:1051817.40
1669775930;WAOU1;1010;19768.94:395408.94:498017.47:1094197.90
1669779589;WAOU1;1011;19501.28:385425.75:489719.09:1123870.30
1669783251;WAOU1;1012;19273.86:389577.59:489217.63:1134396.90
1669786910;WAOU1;1013;19327.09:396158.00:494453.69:1119937.60
1669790573;WAOU1;1014;19543.53:389081.69:493512.16:1114544.80
1669794232;WAOU1;1015;19161.27:396226.34:499277.88:558831.25
1669797894;WAOU1;1016;20582.08:398175.88:501145.97:461427.78
1669801553;WAOU1;1017;20305.80:392060.81:496371.00:594681.69
1669805215;WAOU1;1018;20613.36:384865.66:497674.38:857436.00
1669808874;WAOU1;1019;19529.49:383305.22:473697.06:443537.66
1669812537;WAOU1;1020;20747.54:362643.25:457931.28:732263.31
1669816196;WAOU1;1021;19035.58:380578.78:471911.72:908425.19
1669819858;WAOU1;1022;20423.82:379503.88:476048.81:952259.75
1669823517;WAOU1;1023;19936.17:383182.25:479554.50:928775.50
1669827180;WAOU1;1024;18677.76:384479.38:487396.38:917561.06
1669830839;WAOU1;1025;19800.22:395896.25:478964.19:906988.69
1669834501;WAOU1;1026;18834.60:396427.44:480871.47:894317.94
1669838163;WAOU1;1027;20177.87:384992.50:484451.84:885007.06
1669841826;WAOU1;1028;19640.07:384583.81:473978.44:894177.69
1669845486;WAOU1;1029;18982.36:390760.59:484140.66:937257.63
1669849148;WAOU1;1030;21138.06:396311.66:484430.38:893448.81
1669852807;WAOU1;1031;19100.85:401255.41:498433.00:903346.44
1669856469;WAOU1;1032;20309.81:396974.31:499564.78:904515.44
1669860128;WAOU1;1033;19695.54:401704.69:500314.44:918093.06
1669863790;WAOU1;1034;19360.37:399253.47:495335.41:926636.56
1669867449;WAOU1;1035;19910.92:399316.50:493829.50:965301.69
1669871112;WAOU1;1036;20033.77:375300.00:504025.38:972443.50
1669874770;WAOU1;1037;21010.84:396890.78:509866.75:966759.81
1669878434;WAOU1;1038;20682.99:404671.53:511643.50:1026971.90
1669882096;WAOU1;1039;21501.55:389292.13:514635.22:1130255.90
1669885758;WAOU1;1040;20002.62:375064.44:510195.44:1100456.80
1669889421;WAOU1;1041;20524.61:379144.75:498734.88:1216134.10
1669893084;WAOU1;1042;19536.45:399461.19:503122.41:1318934.30
1669896747;WAOU1;1043;19585.78:393423.78:509304.88:1299501.00
1669900409;WAOU1;1044;19492.19:388351.53:495562.00:1313173.60
1669904068;WAOU1;1045;19247.78:388089.06:509846.69:994543.19
1669907730;WAOU1;1046;18826.46:397768.69:484773.94:1306348.60
1669911387;WAOU1;1047;18498.02:398840.19:500944.06:1316058.40
1669915052;WAOU1;1048;19562.65:391327.44:494610.44:1321626.90
1669918714;WAOU1;1049;18987.31:399428.84:512548.09:1278958.50
1669922377;WAOU1;1050;19457.02:400642.31:512427.72:1277180.60
1669926036;WAOU1;1051;20068.00:403550.72:492977.78:1298213.00
1669929698;WAOU1;1052;18405.61:403489.34:500055.75:1301646.10
1669933360;WAOU1;1053;19445.93:404030.34:500062.22:1307327.80
1669937030;WAOU1;1054;19798.09:390728.75:501372.22:1335555.30
1669940689;WAOU1;1055;18524.10:403364.84:511331.94:1305801.80
1669944359;WAOU1;1056;19030.51:404506.41:510513.38:1310897.50
1669948019;WAOU1;1057;20230.27:401081.56:516817.84:1281222.50
1669951681;WAOU1;1058;20073.19:406223.09:514007.38:1269351.00
1669955340;WAOU1;1059;19162.22:404512.09:504728.88:1293332.50
1669959002;WAOU1;1060;19883.77:411292.28:515832.16:1268167.30
1669962664;WAOU1;1061;19587.79:410571.44:510206.63:1278435.30
1669966329;WAOU1;1062;18641.64:420869.38:524991.13:1288576.00
1669969991;WAOU1;1063;19071.81:421146.59:524864.25:1254002.90
1669973653;WAOU1;1064;19747.82:413115.31:511877.41:1261610.90
1669977312;WAOU1;1065;20003.56:416816.44:528113.63:1250814.90
1669980974;WAOU1;1066;19059.66:419084.97:517499.75:1252099.90
1669984633;WAOU1;1067;18665.72:403807.88:509635.78:1241714.60
1669988296;WAOU1;1068;20520.59:404875.22:505276.13:1258845.80
1669991955;WAOU1;1069;20017.72:402866.56:514744.88:1265120.00
1669995617;WAOU1;1070;20286.80:409135.75:507916.88:1238483.50
1669999276;WAOU1;1071;19409.70:402539.06:500316.69:1277617.40
1670002938;WAOU1;1072;20972.48:399327.94:510135.59:1299320.30
1670006601;WAOU1;1073;20587.16:402839.78:504514.91:1295889.00
1670010264;WAOU1;1074;19961.31:397875.16:503650.91:1298053.00
1670013923;WAOU1;1075;20454.03:401245.97:500018.44:1250250.10
1670017586;WAOU1;1076;20917.96:407568.03:497355.28:948089.63
1670021248;WAOU1;1077;20511.51:395989.25:494116.53:441841.28
1670024910;WAOU1;1078;21060.29:404270.28:496316.38:469867.66
1670028569;WAOU1;1079;21514.77:398063.50:494736.59:475427.31
1670032231;WAOU1;1080;21833.06:403602.53:504058.53:481938.09
1670035890;WAOU1;1081;21445.02:415758.19:491855.91:588233.81
1670039553;WAOU1;1082;22244.59:394104.50:503813.88:698957.69
1670043216;WAOU1;1083;21983.65:409919.03:507438.44:709928.81
1670046878;WAOU1;1084;20460.17:415633.19:518409.06:699803.13
1670050537;WAOU1;1085;21274.25:423855.34:517775.78:665410.13
1670054200;WAOU1;1086;20906.87:430883.16:531637.63:668807.56
1670057862;WAOU1;1087;20753.56:436081.09:537579.56:655154.06
1670061526;WAOU1;1088;20333.06:431166.38:538940.19:787275.94
1670065188;WAOU1;1089;20221.18:437971.25:530169.00:899799.31
1670068850;WAOU1;1090;20199.00:425513.25:515192.03:1084498.00
1670072512;WAOU1;1091;20359.26:408726.00:512389.84:1287694.60
1670076175;WAOU1;1092;19264.77:407548.66:509276.06:1142115.90
1670079834;WAOU1;1093;19638.18:408467.31:507919.00:1146176.90
1670083497;WAOU1;1094;19697.42:408285.81:500193.94:1113155.30
1670087159;WAOU1;1095;20370.36:404158.84:505490.31:1085825.00
1670090822;WAOU1;1096;21236.01:416205.13:517315.75:1101557.90
1670094482;WAOU1;1097;20800.88:415005.47:523623.53:1073794.60
1670098143;WAOU1;1098;21358.16:425728.97:518577.59:1081095.90
1670101802;WAOU1;1099;20305.80:441165.50:526774.38:1082935.80
1670105464;WAOU1;1100;20631.53:436229.69:525285.69:1052550.50
1670109127;WAOU1;1101;21725.90:431262.09:521615.13:1059424.40
1670112791;WAOU1;1102;21443.96:439934.94:521303.78:1044250.60
1670116453;WAOU1;1103;21655.21:441244.47:516853.72:1036707.40
1670120115;WAOU1;1104;20803.95:436499.00:521815.88:1080447.90
1670123774;WAOU1;1105;21051.20:437731.56:524503.94:1086901.80
1670127436;WAOU1;1106;21205.57:443811.69:528168.13:1087685.60
1670131095;WAOU1;1107;20868.51:433371.41:520084.78:1095137.50
1670134758;WAOU1;1108;20478.23:432010.44:511926.38:1112002.40
1670138420;WAOU1;1109;21970.55:441260.63:513112.34:1096615.40
1670142084;WAOU1;1110;19871.74:439880.44:522179.38:1117259.60
1670145746;WAOU1;1111;20842.31:441778.50:521003.91:1140568.50
1670149408;WAOU1;1112;21165.20:393714.94:515312.88:722852.00
1670153067;WAOU1;1113;21168.27:403487.56:517930.63:661956.69
1670156729;WAOU1;1114;20856.47:386438.94:508065.22:51633.70
1670160388;WAOU1;1115;21004.82:381826.34:510084.50:47793.19
1670164058;WAOU1;1116;21729.92:378319.69:515744.81:42519.95
1670167718;WAOU1;1117;20789.79:368485.56:502904.44:41685.92
1670171380;WAOU1;1118;21022.88:410865.91:498113.66:40301.57
1670175039;WAOU1;1119;21010.84:399084.00:507775.00:37442.96
1670178701;WAOU1;1120;21876.49:409298.16:520021.66:39971.60
1670182363;WAOU1;1121;21614.73:378201.34:511850.72:40422.19
1670186026;WAOU1;1122;21341.99:372398.19:511452.19:42238.00
1670189688;WAOU1;1123;20568.98:406184.63:514431.88:40724.20
1670193353;WAOU1;1124;21240.97:379663.22:500931.06:41497.80
1670197015;WAOU1;1125;22519.80:400692.00:497066.97:43319.63
1670200676;WAOU1;1126;21285.46:407111.06:505746.66:43117.23
1670204335;WAOU1;1127;23007.10:409307.72:521493.22:41421.20
1670215342;WAOU1;1128;23020.20:414006.09:502997.09:42061.21
1670219002;WAOU1;1129;21582.39:425159.31:514373.69:41050.51
1670222663;WAOU1;1130;21949.31:428650.03:513654.50:41194.38
1670226322;WAOU1;1131;22866.19:427851.53:520523.81:41293.04
1670229986;WAOU1;1132;21062.29:423689.53:526231.69:40953.97
1670233648;WAOU1;1133;22776.14:416955.22:524359.00:38846.78
1670237311;WAOU1;1134;21726.85:423271.16:527836.06:40359.29
1670240973;WAOU1;1135;22720.44:409843.50:516786.44:38860.35
1670244636;WAOU1;1136;21067.37:410924.06:518694.44:39354.96
1670248298;WAOU1;1137;21388.49:403445.22:504561.16:39692.96
1670251960;WAOU1;1138;21899.74:385444.41:512037.66:39748.43
1670255619;WAOU1;1139;20998.68:354091.13:510955.94:39283.79
1670259282;WAOU1;1140;20695.02:401154.16:520559.94:39477.46
1670262941;WAOU1;1141;21445.02:408760.81:512057.72:38317.12
1670266603;WAOU1;1142;20951.24:405869.03:505472.72:38110.47
1670270265;WAOU1;1143;21466.27:405651.66:514539.16:37652.44
1670273929;WAOU1;1144;21481.37:401175.28:514078.78:37424.20
1670277591;WAOU1;1145;21256.20:405424.72:503298.63:40078.40
1670281254;WAOU1;1146;21723.90:413331.03:519927.00:38367.27
1670284916;WAOU1;1147;22237.63:419139.84:517196.78:38309.80
1670288579;WAOU1;1148;22825.71:431262.09:536633.19:39442.76
1670292241;WAOU1;1149;21752.22:428065.97:539309.69:38305.55
1670295904;WAOU1;1150;21722.84:430677.91:544221.06:39834.34
1670299566;WAOU1;1151;23674.13:438889.91:542593.50:39668.88
1670303225;WAOU1;1152;22939.12:438555.22:557626.63:38871.91
1670306885;WAOU1;1153;21919.92:446011.41:546513.81:40256.61
1670310547;WAOU1;1154;22255.80:453214.59:560607.50:39071.60
1670314210;WAOU1;1155;24087.31:458374.44:562594.69:40014.56
1670317872;WAOU1;1156;23702.57:452677.97:565707.19:40627.66
1670321531;WAOU1;1157;23136.80:457484.22:554440.56:40180.02
1670325193;WAOU1;1158;23104.34:449317.56:556112.25:38808.18
1670328855;WAOU1;1159;23172.21:426067.34:520291.91:40478.84
1670332518;WAOU1;1160;22057.53:427270.28:522321.69:39343.51
1670336180;WAOU1;1161;22802.34:419359.47:520541.88:39152.09
1670339844;WAOU1;1162;22548.25:408617.78:523361.19:38957.48
1670343504;WAOU1;1163;23086.05:412963.66:513058.75:39396.74
1670347165;WAOU1;1164;21763.20:412835.38:513699.25:40503.97
1670350824;WAOU1;1165;21573.31:418798.78:510246.66:39481.59
1670354486;WAOU1;1166;23784.71:413745.41:512505.72:39707.71
1670358149;WAOU1;1167;20556.94:409487.56:505591.94:37872.54
1670361827;WAOU1;1168;22804.46:410852.31:509229.56:40551.18
1670365487;WAOU1;1169;23502.77:417080.31:510240.03:39229.39
1670369148;WAOU1;1170;22374.17:415931.78:521529.31:38647.21
1670372810;WAOU1;1171;23738.10:408137.09:503040.97:40899.45
1670376473;WAOU1;1172;22998.96:420900.78:521527.19:39462.71
1670380132;WAOU1;1173;22536.09:427617.50:502400.75:38390.29
1670383794;WAOU1;1174;23035.42:406296.38:500470.09:38932.46
1670387456;WAOU1;1175;24798.60:412159.59:503313.97:36427.66
1670391120;WAOU1;1176;22958.47:408886.41:504115.88:36875.06
1670394779;WAOU1;1177;23611.35:415836.19:516486.22:38324.43
1670398441;WAOU1;1178;23200.53:414185.25:518220.47:37182.38
1670402100;WAOU1;1179;23577.83:421339.22:516517.50:38307.79
1670405763;WAOU1;1180;23888.33:415978.63:517504.34:38279.59
1670409425;WAOU1;1181;23757.45:423596.88:508078.56:38398.66
1670413088;WAOU1;1182;23259.42:375154.59:499043.50:38733.95
1670416751;WAOU1;1183;22598.88:406762.31:505786.31:38486.35
1670420413;WAOU1;1184;22581.65:415143.66:524993.38:38735.96
1670424072;WAOU1;1185;23487.55:416410.09:516669.97:39914.95
1670427734;WAOU1;1186;22627.20:415645.00:512891.41:40451.46
1670431396;WAOU1;1187;24911.54:412479.91:522301.28:39128.96
1670435060;WAOU1;1188;25924.37:434566.59:549463.50:39353.89
1670438722;WAOU1;1189;23834.52:430259.53:532355.75:38058.19
1670442385;WAOU1;1190;25958.12:437822.19:531504.94:39910.82
1670446047;WAOU1;1191;25473.19:426152.53:538972.50:37419.00
1670449710;WAOU1;1192;25518.03:426760.81:549763.31:39495.16
1670453372;WAOU1;1193;25718.66:435236.22:537542.75:39546.50
1670457035;WAOU1;1194;26960.79:437904.69:546150.19:39256.65
1670460694;WAOU1;1195;28153.00:447952.44:552013.88:40716.76
1670464356;WAOU1;1196;27377.63:445706.00:557792.25:39903.38
1670468015;WAOU1;1197;28879.16:445099.84:561802.56:39554.76
1670471678;WAOU1;1198;31698.59:449229.63:557555.75:40080.53
1670475338;WAOU1;1199;28758.31:440100.53:550044.19:40457.83
1670478999;WAOU1;1200;29844.66:442819.75:575697.69:40755.70
1670482658;WAOU1;1201;28563.58:442574.53:556650.63:39880.49
1670486320;WAOU1;1202;28549.30:457811.13:568923.13:38627.27
1670489979;WAOU1;1203;28591.20:446439.13:573109.56:40311.13
1670493642;WAOU1;1204;28793.13:435784.03:562190.25:39335.13
1670497301;WAOU1;1205;29532.62:442900.84:548222.00:38415.30
1670500963;WAOU1;1206;26855.76:434572.72:526526.88:39020.26
1670504622;WAOU1;1207;28207.17:425509.34:526753.94:38562.59
1670508285;WAOU1;1208;27550.53:429435.44:527683.56:39529.74
1670511945;WAOU1;1209;27123.30:429493.13:528470.88:39145.71
1670515606;WAOU1;1210;26717.91:424364.69:538047.50:37680.65
1670519268;WAOU1;1211;29161.11:431758.84:545966.06:38225.30
1670522932;WAOU1;1212;29808.78:439995.50:541666.38:38095.83
1670526594;WAOU1;1213;30640.10:435087.75:550430.69:39955.90
1670530257;WAOU1;1214;29229.91:422421.78:549702.25:38121.91
1670533920;WAOU1;1215;28123.26:423531.75:548638.00:37210.59
1670537582;WAOU1;1216;28628.14:428477.13:552020.81:37863.10
1670541241;WAOU1;1217;28370.98:431505.34:553381.44:38348.51
1670544903;WAOU1;1218;29555.16:442015.34:557884.50:38113.54
1670548563;WAOU1;1219;29176.56:438206.81:554219.25:38001.89
1670552224;WAOU1;1220;30970.43:422441.50:570378.63:39165.66
1670555883;WAOU1;1221;28846.35:437971.25:558847.88:39578.96
1670559546;WAOU1;1222;30328.53:429749.81:562332.94:38989.93
1670563205;WAOU1;1223;29627.04:429421.50:558454.88:38841.58
1670566867;WAOU1;1224;29451.54:438317.63:562159.31:37385.61
1670570529;WAOU1;1225;30197.06:441458.91:550941.69:38743.28
1670574192;WAOU1;1226;30158.00:439444.47:553734.31:39337.14
1670577851;WAOU1;1227;31167.04:431792.72:551910.50:38471.72
1670581521;WAOU1;1228;30439.59:429373.81:554812.75:39164.60
1670585181;WAOU1;1229;31000.29:425287.84:535345.69:38855.16
1670588843;WAOU1;1230;29412.48:420780.88:532216.13:36551.46
1670592502;WAOU1;1231;28587.19:423220.06:543993.31:38371.40
1670596164;WAOU1;1232;30405.71:417422.56:524107.66:39144.65
1670599826;WAOU1;1233;28782.86:413148.34:522649.06:37705.67
1670603489;WAOU1;1234;30205.20:421911.84:543835.25:37630.61
1670607148;WAOU1;1235;30119.99:422242.63:534748.44:35995.13
1670610812;WAOU1;1236;29806.66:420555.00:531921.06:37947.72
1670614474;WAOU1;1237;31605.95:424783.53:541193.94:38194.02
1670618136;WAOU1;1238;32815.15:421335.44:544123.50:40216.72
1670621795;WAOU1;1239;31344.19:425948.63:538831.81:37938.16
1670625457;WAOU1;1240;31744.97:423829.63:535556.94:38578.29
1670629116;WAOU1;1241;30955.08:427794.03:542377.88:38004.96
1670632779;WAOU1;1242;31941.95:410015.81:544841.75:39350.71
1670636438;WAOU1;1243;30463.31:428653.91:558189.69:39316.25
1670640100;WAOU1;1244;32296.82:418021.16:548815.75:37973.80
1670643763;WAOU1;1245;32166.77:431270.00:538921.88:37373.10
1670647425;WAOU1;1246;33129.20:430074.38:564260.19:37037.57
1670651084;WAOU1;1247;33620.39:372401.84:535246.81:38932.46
1670654747;WAOU1;1248;32126.52:431102.53:551234.81:37894.50
1670658406;WAOU1;1249;31588.37:429853.31:557019.19:36982.34
1670662068;WAOU1;1250;32370.11:422849.38:550573.56:37554.37
1670665727;WAOU1;1251;32037.77:432048.22:548439.38:40921.40
1670669390;WAOU1;1252;32553.75:429926.84:529872.44:37543.04
1670673050;WAOU1;1253;33031.01:419995.22:542581.94:38593.87
1670676711;WAOU1;1254;33135.34:417743.34:534824.44:40195.71
1670680370;WAOU1;1255;32892.45:429938.88:528106.75:37536.67
1670684029;WAOU1;1256;31107.45:379842.84:537521.94:37584.70
1670687688;WAOU1;1257;32362.79:415660.59:540564.56:39047.52
1670691350;WAOU1;1258;34363.77:423401.44:537611.75:37316.80
1670695009;WAOU1;1259;31397.77:430247.50:526692.56:37668.14
1670698672;WAOU1;1260;31975.93:428485.16:535963.88:39516.17
1670702334;WAOU1;1261;34121.37:432909.38:548362.31:37186.51
1670705996;WAOU1;1262;33262.56:438112.16:556100.44:38724.51
1670709655;WAOU1;1263;34667.43:441246.34:547096.69:39073.61
1670713319;WAOU1;1264;34524.40:448804.28:551094.06:36978.21
1670716981;WAOU1;1265;35140.33:446109.25:558303.50:38141.74
1670720643;WAOU1;1266;35616.88:449368.66:563859.63:39339.26
1670724303;WAOU1;1267;36582.62:452008.34:579353.88:38923.02
1670727965;WAOU1;1268;37178.25:456901.09:563528.44:38213.73
1670731628;WAOU1;1269;36413.03:458691.41:571037.63:40721.01
1670735291;WAOU1;1270;35648.04:453467.50:559924.06:38882.30
1670738953;WAOU1;1271;36438.05:456446.50:567247.63:38865.54
1670742622;WAOU1;1272;38270.14:454334.22:565501.69:39623.92
1670746282;WAOU1;1273;38256.57:453543.75:568249.00:39106.06
1670749944;WAOU1;1274;36622.27:454968.81:577621.94:39829.15
1670753603;WAOU1;1275;38059.25:453854.25:571600.81:37973.80
1670757265;WAOU1;1276;37636.86:453138.47:564269.75:38854.09
1670760924;WAOU1;1277;37504.33:456797.72:558947.50:39071.60
1670764586;WAOU1;1278;37314.68:452573.06:560358.19:37539.86
1670768245;WAOU1;1279;37578.45:453424.31:565062.19:39660.50
1670771908;WAOU1;1280;35564.95:449951.91:559556.56:37298.04
1670775567;WAOU1;1281;37495.01:449929.47:556995.50:37691.04
1670779230;WAOU1;1282;38105.16:455144.19:570414.75:40240.80
1670782892;WAOU1;1283;38387.10:464412.53:577129.44:40399.18
1670786556;WAOU1;1284;39439.81:471367.41:577896.13:39613.42
1670790218;WAOU1;1285;40057.40:460916.28:581372.56:40318.33
1670793881;WAOU1;1286;39454.33:459296.72:587643.75:39272.35
1670797544;WAOU1;1287;40158.07:455183.25:573198.88:37435.64
1670801205;WAOU1;1288;38095.83:455253.34:596183.13:38722.39
1670804864;WAOU1;1289;40664.36:453947.00:579200.81:39569.52
1670808526;WAOU1;1290;40131.87:461510.97:591501.69:40052.20
1670812186;WAOU1;1291;40450.51:457985.22:578304.19:40120.30
1670815848;WAOU1;1292;42519.00:462143.53:595924.75:39940.09
1670819508;WAOU1;1293;40138.12:453730.91:595875.19:36955.32
1670823169;WAOU1;1294;40054.33:463740.31:592191.19:39299.49
1670826829;WAOU1;1295;39738.04:460469.47:592591.63:37531.48
1670830490;WAOU1;1296;41399.13:478320.88:588509.25:39149.96
1670834149;WAOU1;1297;41516.80:471122.88:588027.31:39530.69
1670837812;WAOU1;1298;40798.66:477499.69:586406.06:41062.08
1670841472;WAOU1;1299;40122.43:474846.56:595862.81:40348.78
1670845133;WAOU1;1300;41849.96:471673.19:589846.44:39996.73
1670848793;WAOU1;1301;40230.29:475834.47:591548.56:38912.63
1670852455;WAOU1;1302;41291.98:481756.34:581340.81:39766.37
1670856118;WAOU1;1303;41679.66:464047.03:590378.88:37828.76
1670859780;WAOU1;1304;41731.12:469299.63:582131.06:38055.12
1670863442;WAOU1;1305;40947.60:463930.31:590063.31:39100.87
1670867106;WAOU1;1306;41626.08:478847.00:594436.13:38916.88
1670870768;WAOU1;1307;41862.59:487644.22:598629.00:39325.69
1670874430;WAOU1;1308;44217.62:483220.72:589361.13:38560.46
1670878089;WAOU1;1309;45286.50:484773.94:606945.44:42672.78
1670881752;WAOU1;1310;44437.37:484754.56:601027.25:40385.48
1670885411;WAOU1;1311;45337.25:477042.63:600430.06:39825.02
1670889073;WAOU1;1312;46403.06:486143.03:593546.75:38976.36
1670892735;WAOU1;1313;48158.10:488485.56:602921.56:39591.46
1670896398;WAOU1;1314;47321.24:498266.84:594156.19:42008.69
1670900057;WAOU1;1315;49428.20:488628.13:605913.63:40133.87
1670903720;WAOU1;1316;49602.16:491660.81:621133.81:39485.84
1670907380;WAOU1;1317;50094.29:491860.28:622811.81:39058.97
1670911041;WAOU1;1318;49989.72:494919.41:609659.50:38673.29
1670914701;WAOU1;1319;51195.74:499626.16:618786.94:38402.80
1670918362;WAOU1;1320;52241.49:505998.50:600809.88:40516.60
1670922021;WAOU1;1321;51255.70:491119.25:608674.63:40684.30
1670925684;WAOU1;1322;51245.90:479695.41:605745.19:39977.85
1670929344;WAOU1;1323;53709.75:424653.03:593819.25:40258.62
1670933005;WAOU1;1324;53326.89:478012.38:582441.06:40060.58
1670936664;WAOU1;1325;55552.23:478154.94:584793.13:39350.71
1670940327;WAOU1;1326;52549.40:476535.03:586445.38:39081.98
1670943986;WAOU1;1327;52092.44:478310.25:586327.63:42006.57
1670947648;WAOU1;1328;51825.48:475908.84:580429.56:39291.11
1670951307;WAOU1;1329;51768.60:474723.69:564021.75:39241.90
1670954969;WAOU1;1330;48181.58:475045.78:563344.81:39568.45
1670958628;WAOU1;1331;47762.39:475374.34:578639.38:38923.02
1670962291;WAOU1;1332;44986.03:476053.16:568045.31:37838.08
1670965951;WAOU1;1333;41940.36:472152.22:562325.88:38461.21
1670969612;WAOU1;1334;42670.54:469686.63:569194.31:40950.79
1670973271;WAOU1;1335;42744.29:464640.19:559300.50:37644.18
1670976935;WAOU1;1336;40387.61:457687.09:571742.94:39405.12
1670980593;WAOU1;1337;40719.00:459852.81:565700.00:39822.78
1670984255;WAOU1;1338;37446.03:464155.63:573565.69:37267.82
1670987918;WAOU1;1339;38252.44:467415.97:572943.06:37361.65
1670991580;WAOU1;1340;38729.70:448027.97:559973.88:39377.03
1670995240;WAOU1;1341;37997.76:408090.84:549875.38:40324.71
1670998902;WAOU1;1342;39431.43:407008.97:518128.31:38588.67
1671002561;WAOU1;1343;38861.41:432477.69:495039.19:51340.31
1671006230;WAOU1;1344;35259.76:426871.75:515456.03:46641.70
1671009890;WAOU1;1345;35128.88:436499.00:527924.81:45863.49
1671013552;WAOU1;1346;32999.97:430647.94:486612.41:42530.57
1671017211;WAOU1;1347;29658.78:434035.84:511950.94:40519.67
1671020874;WAOU1;1348;22791.24:418357.97:512224.97:40501.85
1671024536;WAOU1;1349;20134.56:416570.25:502130.25:39051.66
1671028198;WAOU1;1350;20112.37:419432.06:497425.25:37949.73
1671031861;WAOU1;1351;20779.76:414331.22:494051.16:37652.44
1671035524;WAOU1;1352;20271.58:416062.53:510820.22:35623.02
1671039186;WAOU1;1353;20866.50:418796.78:503822.84:35683.32
1671042849;WAOU1;1354;21261.15:414101.56:503333.78:36553.46
1671046511;WAOU1;1355;20012.65:409269.13:487051.53:39024.39
1671050174;WAOU1;1356;19841.40:395858.25:494412.41:37049.02
1671053836;WAOU1;1357;19399.55:403846.13:502721.97:37231.36
1671057499;WAOU1;1358;20479.17:408154.44:488384.06:37465.86
1671061158;WAOU1;1359;19899.94:404327.88:490629.72:36120.82
1671064822;WAOU1;1360;19807.30:407778.22:502875.88:36279.90
1671068484;WAOU1;1361;20245.38:411342.69:518984.41:36120.82
1671072147;WAOU1;1362;20082.16:424319.25:512407.66:33577.90
1671075809;WAOU1;1363;19596.76:415736.69:524900.38:29418.62
1671079471;WAOU1;1364;20737.39:422543.94:525789.25:27270.35
1671083133;WAOU1;1365;20351.24:423046.56:523874.56:26385.34
1671086797;WAOU1;1366;19826.30:419728.28:528229.63:26451.67
1671090459;WAOU1;1367;21112.69:418994.81:528154.56:25220.75
1671094122;WAOU1;1368;20832.28:417518.28:524513.06:25122.08
1671097784;WAOU1;1369;20750.49:422490.72:523349.84:26385.34
1671101446;WAOU1;1370;19688.46:412594.50:524200.53:25098.72
1671105106;WAOU1;1371;19563.59:427218.59:516862.69:25377.47
1671108768;WAOU1;1372;20685.94:412666.38:532831.81:27624.05
1671112427;WAOU1;1373;19341.25:404281.72:511755.03:25372.40
1671116090;WAOU1;1374;19764.93:419402.78:517567.13:24893.13
1671119752;WAOU1;1375;19577.75:415134.00:517147.59:24956.27
1671123414;WAOU1;1376;20376.38:423011.03:514809.66:24190.81
1671127073;WAOU1;1377;19458.91:422116.59:529142.88:25976.41
1671130736;WAOU1;1378;19961.31:419912.75:527485.75:25014.22
1671134395;WAOU1;1379;18891.84:429648.22:544627.75:25694.23
1671138064;WAOU1;1380;20367.41:425206.63:539480.56:26669.88
1671141724;WAOU1;1381;20756.51:421789.81:514563.72:23975.55
1671145382;WAOU1;1382;20259.54:427913.13:536617.25:24905.29
1671149041;WAOU1;1383;21116.82:435769.88:533874.38:24533.30
1671152705;WAOU1;1384;21097.70:425129.56:538554.94:25176.96
1671156367;WAOU1;1385;21084.48:432849.44:542735.00:26459.81
1671160030;WAOU1;1386;21081.53:439220.59:537860.69:24115.75
1671163693;WAOU1;1387;20827.20:431457.41:535665.06:25441.68
1671167354;WAOU1;1388;21607.65:440502.59:542060.31:25301.12
1671171013;WAOU1;1389;21098.64:437327.25:543884.00:25359.18
1671174675;WAOU1;1390;20425.83:449608.00:548904.56:24402.18
1671178335;WAOU1;1391;21399.47:427659.16:547493.44:25585.18
1671181997;WAOU1;1392;21054.27:405032.66:541830.88:25563.82
1671185656;WAOU1;1393;21107.73:420401.81:542447.38:25977.47
1671189325;WAOU1;1394;20999.74:419275.22:545856.69:25486.40
1671192986;WAOU1;1395;20004.62:409754.53:536773.63:27143.72
1671196647;WAOU1;1396;19556.51:404638.84:540916.25:24578.97
1671200307;WAOU1;1397;20023.74:359791.25:549725.75:24394.04
1671203969;WAOU1;1398;20650.65:404725.22:533161.56:27209.10
1671207628;WAOU1;1399;21556.08:415042.28:533303.69:23638.61
1671211305;WAOU1;1400;20567.92:420199.41:527092.44:24618.62
1671214964;WAOU1;1401;19961.31:437922.88:550536.06:24060.87
1671218628;WAOU1;1402;20609.34:439557.53:546823.81:25181.09
1671222291;WAOU1;1403;21577.32:460488.22:546546.38:26219.05
1671225953;WAOU1;1404;21873.54:433547.50:561847.75:25945.84
1671229611;WAOU1;1405;20158.75:444739.91:564887.88:26075.31
1671233273;WAOU1;1406;20710.25:425718.94:557498.94:26522.95
1671236932;WAOU1;1407;22819.57:442517.88:564620.56:28370.98
1671240594;WAOU1;1408;22627.20:454107.63:566675.50:27212.17
1671244254;WAOU1;1409;22613.04:444032.84:570092.69:28291.20
1671247917;WAOU1;1410;21888.65:454218.81:576414.50:28017.87
1671251579;WAOU1;1411;23466.30:457192.59:572856.44:29288.33
1671255248;WAOU1;1412;24213.23:462308.19:586781.63:29823.06
1671258909;WAOU1;1413;22616.11:463287.72:586070.00:27444.19
1671262570;WAOU1;1414;23180.35:473709.59:592030.44:29466.89
1671266230;WAOU1;1415;22941.13:468534.66:584876.44:28927.43
1671269891;WAOU1;1416;24279.21:484907.06:580025.38:28915.04
1671273551;WAOU1;1417;23963.39:470478.28:572017.56:24982.59
1671277213;WAOU1;1418;24203.08:481200.50:591200.56:25408.04
1671280876;WAOU1;1419;23383.10:458409.59:570035.00:28483.69
1671284538;WAOU1;1420;23210.80:475058.53:579278.56:28684.55
1671288197;WAOU1;1421;22642.43:461409.00:579808.81:28340.29
1671291859;WAOU1;1422;22635.34:453576.56:576102.00:28469.29
1671295519;WAOU1;1423;22475.31:454064.44:579840.44:29261.77
1671299181;WAOU1;1424;21311.66:456425.84:590650.13:28720.43
1671302841;WAOU1;1425;22752.77:459354.78:581311.50:29376.61
1671306502;WAOU1;1426;23192.50:464251.69:576778.00:27800.96
1671310161;WAOU1;1427;22901.71:463252.31:592960.19:28227.71
1671313824;WAOU1;1428;23758.40:479915.03:579740.69:28385.38
1671317483;WAOU1;1429;22576.57:457010.75:582009.13:27860.32
1671321145;WAOU1;1430;22272.91:465359.28:585513.50:27905.40
1671324805;WAOU1;1431;22702.14:470505.53:594877.50:28182.63
1671328466;WAOU1;1432;23894.35:477837.94:575600.81:28740.85
1671332126;WAOU1;1433;23548.33:465173.28:590507.19:27854.18
1671335788;WAOU1;1434;22765.87:470038.06:588433.06:27109.97
1671339448;WAOU1;1435;23190.50:465112.50:571321.63:29467.95
1671343109;WAOU1;1436;23236.05:472040.47:600837.38:29290.45
1671346769;WAOU1;1437;24681.64:470246.47:581004.44:28934.63
1671350431;WAOU1;1438;24352.38:480032.34:588664.25:28523.69
1671354091;WAOU1;1439;25649.38:484670.78:606094.69:24948.13
1671357752;WAOU1;1440;26168.07:491045.47:609386.63:24094.39
1671361412;WAOU1;1441;24285.34:486132.44:593098.75:22446.99
1671365073;WAOU1;1442;24955.21:484952.25:588681.56:21419.77
1671368733;WAOU1;1443;23852.81:473369.22:563347.44:21787.51
1671372395;WAOU1;1444;24342.23:473967.81:568287.50:19956.24
1671376054;WAOU1;1445;23286.80:465746.38:573894.13:20308.87
1671379716;WAOU1;1446;23279.72:463066.56:564172.00:20497.35
1671383376;WAOU1;1447;23936.01:464109.72:581750.44:19488.06
1671387038;WAOU1;1448;22641.36:458498.69:563800.00:20651.71
1671390697;WAOU1;1449;22915.87:455362.63:562226.00:20133.62
1671394359;WAOU1;1450;23726.88:467388.69:564391.50:19477.09
1671398019;WAOU1;1451;21469.33:459062.34:563516.56:20386.41
1671401681;WAOU1;1452;22573.62:401228.72:566711.50:20442.94
1671405344;WAOU1;1453;21553.01:396216.91:558033.56:19941.13
1671409005;WAOU1;1454;22569.49:418536.31:552086.69:18265.05
1671412664;WAOU1;1455;22164.81:411177.94:551980.94:18308.24
1671416327;WAOU1;1456;22999.90:446950.72:555935.25:20054.90
1671419986;WAOU1;1457;22989.75:445708.00:552119.50:17739.40
1671423648;WAOU1;1458;21853.24:439761.34:556168.88:17838.65
1671427308;WAOU1;1459;22705.21:410321.72:550437.63:19455.96
1671430970;WAOU1;1460;22993.88:437908.72:586570.63:19103.92
1671434632;WAOU1;1461;21796.71:446430.97:559608.75:17534.88
1671438295;WAOU1;1462;23636.60:454884.31:563854.88:19049.63
1671441954;WAOU1;1463;23054.66:448890.09:559651.38:19590.86
1671445616;WAOU1;1464;22022.13:443148.09:553856.69:16340.54
1671449275;WAOU1;1465;22968.51:435910.56:543173.56:16475.55
1671452938;WAOU1;1466;21358.16:424384.53:519771.81:39588.28
1671456600;WAOU1;1467;20482.24:440462.00:552664.50:37777.66
1671460263;WAOU1;1468;21288.41:436794.28:547610.06:37664.95
1671463925;WAOU1;1469;21434.87:432354.00:547269.44:35545.25
1671467588;WAOU1;1470;19882.71:428848.75:538577.88:31025.07
1671471250;WAOU1;1471;19884.72:434933.50:543726.13:29594.23
1671474913;WAOU1;1472;20790.85:442151.19:547755.00:30330.66
1671478572;WAOU1;1473;19637.00:422569.53:546052.25:29665.98
1671482235;WAOU1;1474;20801.95:428868.72:539711.50:28664.02
1671485898;WAOU1;1475;20429.84:417993.91:537579.56:27826.57
1671489560;WAOU1;1476;20714.26:419396.78:547701.19:27315.32
1671493219;WAOU1;1477;21392.51:414979.97:545360.75:28637.35
1671496881;WAOU1;1478;21046.13:418677.44:548182.19:28516.50
1671500540;WAOU1;1479;21852.18:426148.66:544083.94:28754.18
1671504203;WAOU1;1480;21798.60:388922.13:566125.44:28356.70
1671507865;WAOU1;1481;21466.27:414642.91:559215.25:29085.34
1671511528;WAOU1;1482;21241.92:416296.94:537669.50:28036.40
1671515190;WAOU1;1483;21158.24:419836.25:556083.94:27747.85
1671518853;WAOU1;1484;21166.27:410679.91:570681.69:28338.29
1671522515;WAOU1;1485;22169.77:372801.34:546448.56:28136.60
1671526178;WAOU1;1486;21670.32:411593.00:557089.94:29116.02
1671529837;WAOU1;1487;21789.63:364658.84:556560.75:28639.47
1671533500;WAOU1;1488;21559.14:397966.50:569686.56:27709.02
1671537159;WAOU1;1489;22334.75:408911.53:600619.94:27421.65
1671540821;WAOU1;1490;20190.03:409901.47:610764.38:28193.96
1671544484;WAOU1;1491;20600.14:413790.13:590526.88:27894.07
1671548146;WAOU1;1492;22102.03:418483.44:578226.31:27746.79
1671551808;WAOU1;1493;22512.84:385405.22:606965.63:27579.08
1671555471;WAOU1;1494;22615.04:409690.69:564222.19:28126.45
1671559133;WAOU1;1495;22144.51:377069.19:567889.69:28393.64
1671562797;WAOU1;1496;23722.87:361825.38:565219.75:28314.80
1671566456;WAOU1;1497;23674.13:368558.38:560417.63:29888.80
1671570118;WAOU1;1498;23154.97:362515.06:549475.31:28650.68
1671573776;WAOU1;1499;23538.29:348576.88:546728.38:27337.86
1671577439;WAOU1;1500;24177.71:354531.91:541358.31:28228.65
1671581098;WAOU1;1501;25125.04:384660.41:530988.50:28470.47
1671584761;WAOU1;1502;23966.46:384382.38:533558.13:39017.19
1671588423;WAOU1;1503;21338.93:352238.50:490790.09:41286.78
1671592086;WAOU1;1504;19773.90:331188.13:458844.59:41424.39
1671595745;WAOU1;1505;19136.13:359751.69:443718.22:37701.54
1671599407;WAOU1;1506;19368.51:309524.28:447087.25:40353.97
1671603069;WAOU1;1507;27733.57:306976.41:456256.50:27114.10
1671606732;WAOU1;1508;28909.96:335542.38:458287.34:24198.01
1671610391;WAOU1;1509;29311.93:306729.06:471690.06:20805.96
1671614054;WAOU1;1510;29066.81:339298.63:475524.81:22111.11
1671617713;WAOU1;1511;29099.62:341516.41:463596.34:29785.06
1671621375;WAOU1;1512;29662.91:332021.09:459385.84:21703.72
1671625037;WAOU1;1513;28197.97:334794.97:460361.38:34995.05
1671628702;WAOU1;1514;28583.06:338738.75:461741.94:31598.63
1671632364;WAOU1;1515;29752.25:349882.16:474236.66:27780.54
1671636026;WAOU1;1516;29547.96:355330.31:469339.53:27748.79
1671639688;WAOU1;1517;29306.86:348929.06:478125.19:28462.21
1671643352;WAOU1;1518;29659.85:357533.81:480098.56:28505.17
1671647014;WAOU1;1519;29358.08:357736.44:488492.06:28488.76
1671650676;WAOU1;1520;26692.42:356401.56:482222.75:28639.47
1671654338;WAOU1;1521;26528.02:356917.28:479622.84:28435.54
1671658001;WAOU1;1522;23570.75:355244.50:485788.16:28038.29
1671661663;WAOU1;1523;19643.14:354983.56:471396.78:29203.24
1671665326;WAOU1;1524;19653.17:354881.84:481796.94:29889.86
1671668985;WAOU1;1525;19189.36:348403.53:473212.72:40015.50
1671672648;WAOU1;1526;22863.12:353260.53:479661.19:37730.69
1671676307;WAOU1;1527;20681.92:343866.22:473694.81:32752.01
1671679969;WAOU1;1528;20295.77:307428.44:470832.09:30557.84
1671683629;WAOU1;1529;24554.66:333398.00:464550.38:29366.34
1671687290;WAOU1;1530;19988.57:349820.09:478291.25:29150.96
1671690949;WAOU1;1531;22550.25:338400.63:475832.47:29243.25
1671694612;WAOU1;1532;28243.05:307908.88:490634.19:30722.47
1671698274;WAOU1;1533;28601.59:336559.78:492953.81:39236.71
1671701937;WAOU1;1534;26514.80:336406.84:477374.25:38703.62
1671705599;WAOU1;1535;27300.09:340217.03:484935.03:32860.59
1671709262;WAOU1;1536;21279.45:341619.66:480926.91:32211.14
1671712921;WAOU1;1537;19575.63:330492.16:491199.25:31225.70
1671716584;WAOU1;1538;19265.84:334429.47:481546.88:30805.79
1671720247;WAOU1;1539;18844.51:341152.31:483349.34:30495.17
1671723909;WAOU1;1540;17925.99:333946.41:481268.81:29199.11
1671727571;WAOU1;1541;17775.40:337780.69:467541.75:30460.12
1671731234;WAOU1;1542;17986.18:342855.19:483677.31:31202.09
1671734893;WAOU1;1543;20141.64:333565.81:455063.69:43534.77
1671738555;WAOU1;1544;23621.38:328989.09:460114.25:36543.20
1671742217;WAOU1;1545;28334.16:322173.97:462322.81:43464.08
1671745880;WAOU1;1546;30484.79:332293.94:461490.19:41376.00
1671749539;WAOU1;1547;28272.67:325152.47:466872.97:40700.00
1671753202;WAOU1;1548;30223.73:332694.59:461117.84:39307.87
1671756861;WAOU1;1549;27686.48:319100.69:463256.31:37685.84
1671760523;WAOU1;1550;24651.20:321465.50:469589.84:37036.51
1671764182;WAOU1;1551;22679.84:322284.44:464364.63:37730.69
1671767845;WAOU1;1552;22193.13:321061.31:462779.06:37511.65
1671771504;WAOU1;1553;22035.35:336307.81:450670.84:37729.63
1671775166;WAOU1;1554;23658.91:332022.97:455218.41:39179.23
1671778828;WAOU1;1555;23089.12:285414.91:456062.34:38414.24
1671782491;WAOU1;1556;20963.39:321103.78:461779.47:37208.46
1671786150;WAOU1;1557;20325.04:327823.81:457887.84:35321.01
1671789814;WAOU1;1558;20364.34:272825.91:453916.22:33667.95
1671793476;WAOU1;1559;20388.53:283508.09:468708.97:33172.63
1671797138;WAOU1;1560;19830.31:279907.16:459014.78:35644.97
1671800800;WAOU1;1561;20590.11:278888.91:455969.47:31541.98
1671804463;WAOU1;1562;20146.60:283828.41:447721.59:34294.38
1671808122;WAOU1;1563;19159.27:283191.13:453817.31:31303.00
1671811784;WAOU1;1564;20919.02:285700.88:444865.94:40786.04
1671815443;WAOU1;1565;21644.00:276499.19:438482.75:24847.34
1671819106;WAOU1;1566;20631.53:285360.28:450074.75:32131.72
1671822765;WAOU1;1567;20719.22:288106.06:451302.38:40627.66
1671826427;WAOU1;1568;20269.57:288515.94:451446.00:35147.64
1671830089;WAOU1;1569;19958.24:288290.06:448781.75:34712.99
1671833752;WAOU1;1570;18887.83:292849.66:458161.06:34110.04
1671837411;WAOU1;1571;19068.75:284347.69:457517.38:33426.95
1671841074;WAOU1;1572;18298.21:291016.00:456427.84:33251.11
1671844733;WAOU1;1573;19524.29:283772.34:456456.88:33164.37
1671848395;WAOU1;1574;18297.15:290182.22:459323.63:33531.40
1671852057;WAOU1;1575;18344.36:291625.56:474615.59:33282.27
1671855720;WAOU1;1576;18834.60:294753.63:457411.88:34090.33
1671859382;WAOU1;1577;17162.06:298431.16:450515.19:33484.90
1671863045;WAOU1;1578;18223.98:292588.13:454964.69:34240.45
1671866704;WAOU1;1579;18252.07:288667.69:460633.63:33558.31
1671870367;WAOU1;1580;17615.96:281716.97:454321.72:33359.68
1671874026;WAOU1;1581;18621.58:288517.47:456985.84:33824.32
1671877688;WAOU1;1582;18267.06:288701.56:464343.63:34224.87
1671881350;WAOU1;1583;17763.36:286997.41:468681.69:34287.06
1671885014;WAOU1;1584;17928.82:284674.81:470383.25:34476.72
1671888676;WAOU1;1585;17623.04:279816.41:462172.81:33925.70
1671892339;WAOU1;1586;17283.26:278266.03:466194.25:35036.59
1671895998;WAOU1;1587;17611.00:285008.69:465346.75:34983.72
1671899660;WAOU1;1588;18211.82:283371.91:456049.97:34788.64
1671903319;WAOU1;1589;17737.39:283684.31:470777.22:35743.52
1671906982;WAOU1;1590;17102.93:282965.34:466583.81:35354.18
1671910644;WAOU1;1591;16878.70:280946.06:464017.88:35184.00
1671914307;WAOU1;1592;16670.52:284341.31:460885.00:35442.45
1671917966;WAOU1;1593;17984.99:292685.47:466663.38:34285.06
1671921628;WAOU1;1594;17724.29:288830.81:459543.50:35306.38
1671925290;WAOU1;1595;18067.37:286020.81:464542.13:34929.79
1671928953;WAOU1;1596;17024.92:290036.47:471006.88:37019.87
1671932612;WAOU1;1597;17814.58:290326.19:453990.31:35164.29
1671936275;WAOU1;1598;18058.40:294470.13:479209.31:35262.83
1671939934;WAOU1;1599;18882.75:283522.50:465894.84:34743.08
1671943596;WAOU1;1600;19649.15:287625.63:454480.34:36743.00
1671947258;WAOU1;1601;19337.24:284538.53:457254.69:35396.78
1671950921;WAOU1;1602;17665.17:291176.41:467353.06:35667.75
1671954580;WAOU1;1603;19244.71:296648.63:472830.13:35768.54
1671958243;WAOU1;1604;18690.86:290930.09:481275.31:34441.55
1671961906;WAOU1;1605;19884.72:298080.53:469059.94:36243.55
1671965568;WAOU1;1606;18923.94:325964.22:480888.56:35775.85
1671969227;WAOU1;1607;19340.30:326164.25:471011.25:35446.58
1671972889;WAOU1;1608;18011.20:291155.38:462906.16:36001.27
1671976548;WAOU1;1609;16688.58:322211.38:461929.34:36360.04
1671980211;WAOU1;1610;17862.73:321710.03:484915.78:36423.53
1671983873;WAOU1;1611;15637.99:330907.34:469045.31:35770.66
1671987536;WAOU1;1612;16542.47:323026.28:476401.31:35324.08
1671991199;WAOU1;1613;16718.55:323796.13:473381.84:35737.38
1671994861;WAOU1;1614;16525.48:326711.84:477995.25:34760.79
1671998520;WAOU1;1615;16403.56:333410.03:476473.31:35646.03
1672002182;WAOU1;1616;18165.68:335597.84:479121.84:36790.80
1672005845;WAOU1;1617;17984.99:342148.72:478216.66:36240.48
1672009508;WAOU1;1618;17897.90:338526.06:484314.50:37097.05
1672013171;WAOU1;1619;17673.19:340886.41:479974.75:36293.47
1672016833;WAOU1;1620;16918.71:345976.03:477827.31:34990.92
1672020492;WAOU1;1621;16650.57:340225.63:490086.59:35847.49
1672024154;WAOU1;1622;17299.31:338007.03:469200.84:36422.47
1672027816;WAOU1;1623;17559.90:321292.25:477993.25:35649.10
1672031479;WAOU1;1624;17167.13:329413.50:487836.25:35593.99
1672035138;WAOU1;1625;16825.71:329181.59:486607.91:38281.71
1672038801;WAOU1;1626;16779.69:287470.88:489435.84:35062.55
1672042460;WAOU1;1627;17673.19:329783.25:485798.91:37125.02
1672046122;WAOU1;1628;19492.19:320118.34:487282.25:37208.46
1672049785;WAOU1;1629;17653.13:329803.91:467722.34:49735.52
1672053447;WAOU1;1630;19221.58:320555.84:446037.84:44029.62
1672057106;WAOU1;1631;19659.19:304183.91:444693.16:32714.84
1672060769;WAOU1;1632;20002.62:295414.03:456539.50:26637.31
1672064431;WAOU1;1633;19655.17:304039.91:454931.75:24878.97
1672068095;WAOU1;1634;19910.92:323494.56:454746.34:20745.42
1672071757;WAOU1;1635;22739.67:326456.94:450748.75:17721.34
1672075419;WAOU1;1636;27756.94:339171.28:459622.34:14854.82
1672079081;WAOU1;1637;28535.97:339614.44:477057.63:14058.80
1672082744;WAOU1;1638;28831.13:337718.00:464531.63:42054.01
1672086403;WAOU1;1639;28951.98:335946.69:454701.03:46282.21
1672090065;WAOU1;1640;28612.68:334911.09:465089.50:43085.72
1672093724;WAOU1;1641;28079.24:345912.53:472173.34:29735.85
1672097387;WAOU1;1642;29417.67:347433.19:470812.97:22102.03
1672101049;WAOU1;1643;29410.47:343251.72:465217.06:19323.07
1672104712;WAOU1;1644;29416.61:355859.38:464255.94:16917.77
1672108371;WAOU1;1645;29783.06:355239.19:477512.44:26546.43
1672112034;WAOU1;1646;28546.12:353800.44:479543.88:38957.48
1672115693;WAOU1;1647;28370.98:353109.00:461421.50:37454.29
1672119355;WAOU1;1648;26175.15:348164.91:473432.59:35151.78
1672123017;WAOU1;1649;21406.55:351479.41:473417.84:40220.85
1672126680;WAOU1;1650;19412.77:354899.66:476675.13:40165.38
1672130339;WAOU1;1651;20634.48:366153.53:480008.97:38849.96
1672134001;WAOU1;1652;19235.74:362020.34:473732.94:37633.68
1672137663;WAOU1;1653;20170.79:350958.94:475041.53:35250.44
1672141327;WAOU1;1654;18272.13:351833.09:466332.44:37582.58
1672144986;WAOU1;1655;18759.19:351404.81:469059.94:38930.45
1672148648;WAOU1;1656;18013.20:352151.41:475529.06:31564.64
1672152310;WAOU1;1657;17741.41:347507.41:471945.47:38154.25
1672155973;WAOU1;1658;18470.87:344732.84:459545.63:37676.52
1672159635;WAOU1;1659;18048.25:350882.59:465154.41:35051.23
1672163298;WAOU1;1660;17952.89:359476.59:469314.25:35946.27
1672166957;WAOU1;1661;17820.60:359138.59:479994.00:37626.48
1672170620;WAOU1;1662;17589.99:381755.66:494253.66:37705.67
1672174279;WAOU1;1663;18697.94:390704.31:485257.22:38891.74
1672177943;WAOU1;1664;16650.57:389596.47:487318.84:39716.09
1672181605;WAOU1;1665;19581.77:397014.22:497410.03:38694.18
1672185266;WAOU1;1666;18863.63:398341.31:491188.41:38826.83
1672188925;WAOU1;1667;18520.08:402822.44:487885.94:38725.57
1672192588;WAOU1;1668;18570.24:407452.25:490413.25:38050.87
1672196250;WAOU1;1669;19262.77:413632.47:492560.94:37851.66
1672199913;WAOU1;1670;18707.85:407593.03:485302.41:38116.72
1672203572;WAOU1;1671;18532.12:412190.63:498866.25:39335.13
1672207235;WAOU1;1672;19444.87:408604.44:496957.91:39566.33
1672210897;WAOU1;1673;18969.14:416640.59:503554.00:38559.41
1672214560;WAOU1;1674;18220.91:417279.78:504334.09:38707.75
1672218219;WAOU1;1675;17700.22:411980.91:503943.94:39428.25
1672221884;WAOU1;1676;18697.94:408424.94:505850.38:38409.05
1672225544;WAOU1;1677;17834.64:408419.03:495880.28:36581.67
1672229206;WAOU1;1678;17585.04:401020.44:496818.19:30269.99
1672232865;WAOU1;1679;18411.63:396719.75:490383.06:23994.90
1672236528;WAOU1;1680;17095.03:396302.22:507952.16:24701.94
1672240190;WAOU1;1681;18121.54:391617.75:502614.13:24817.96
1672243853;WAOU1;1682;18445.73:388541.06:484786.78:26710.71
1672247515;WAOU1;1683;18091.45:388301.00:494334.03:26297.54
1672251178;WAOU1;1684;18496.95:390918.75:482488.06:33198.36
1672254837;WAOU1;1685;18518.08:389868.97:499004.22:37945.60
1672258499;WAOU1;1686;17118.98:382380.19:487971.97:38304.61
1672262158;WAOU1;1687;17437.63:389692.19:478663.81:38200.16
1672265821;WAOU1;1688;17619.97:335408.78:496853.09:36867.86
1672269484;WAOU1;1689;17708.24:376737.22:492628.22:36894.89
1672273146;WAOU1;1690;18083.42:381540.16:494536.31:36026.16
1672276808;WAOU1;1691;17970.13:374128.69:490660.03:35724.87
1672280471;WAOU1;1692;17533.81:378186.59:505728.81:34043.71
1672284130;WAOU1;1693;17749.43:373970.66:490272.72:28089.51
1672287793;WAOU1;1694;17869.81:372638.25:492059.72:27935.97
1672291453;WAOU1;1695;18416.70:374286.69:490755.41:29398.20
1672295114;WAOU1;1696;17371.42:374409.78:492506.66:29801.58
1672298773;WAOU1;1697;17686.18:374941.22:489280.28:30098.40
1672302435;WAOU1;1698;17200.18:376338.91:512245.03:28925.43
1672306094;WAOU1;1699;16800.69:375325.84:490000.19:29555.16
1672309757;WAOU1;1700;16951.87:375695.81:510084.50:29696.90
1672313419;WAOU1;1701;16869.73:380063.41:493027.69:30928.18
1672317082;WAOU1;1702;18500.97:327588.94:492493.66:33379.39
1672320744;WAOU1;1703;17344.52:358475.81:492701.97:30486.91
1672324408;WAOU1;1704;18007.18:366093.59:489608.75:36927.23
1672328069;WAOU1;1705;18442.78:374731.50:489126.75:37330.38
1672331732;WAOU1;1706;16628.62:370470.97:487075.38:36688.83
1672335394;WAOU1;1707;17009.94:377056.31:500303.47:37568.06
1672339057;WAOU1;1708;17810.56:377562.03:496065.56:36104.18
1672342716;WAOU1;1709;17797.58:374562.28:497691.84:36294.54
1672346379;WAOU1;1710;18345.42:363773.25:454262.13:41897.17
1672350041;WAOU1;1711;18172.76:348915.00:447229.94:48434.85
1672353704;WAOU1;1712;27262.21:348552.22:462756.06:38336.94
1672357363;WAOU1;1713;24371.73:342879.84:465924.22:29408.35
1672361025;WAOU1;1714;23544.31:353977.00:466265.41:32158.62
1672364687;WAOU1;1715;23170.20:367833.53:462868.53:45291.70
1672368350;WAOU1;1716;22834.79:365208.00:479200.81:36572.35
1672372010;WAOU1;1717;21531.88:375450.94:484561.25:39520.30
1672375672;WAOU1;1718;20255.53:375648.03:480463.59:28819.80
1672379331;WAOU1;1719;19533.50:368175.88:522927.00:28914.10
1672382993;WAOU1;1720;19954.23:390431.34:494532.06:33266.69
1672386655;WAOU1;1721;21935.15:392928.94:502983.75:30807.92
1672390319;WAOU1;1722;19512.26:394102.63:503371.19:33669.95
1672393981;WAOU1;1723;20729.25:384149.28:498531.44:38614.75
1672397644;WAOU1;1724;20263.55:385681.72:480707.06:39182.30
1672401304;WAOU1;1725;20110.37:334514.31:479616.34:35885.96
1672404965;WAOU1;1726;19317.17:377403.41:484136.41:36694.02
1672408627;WAOU1;1727;19823.35:372409.16:481741.34:37140.72
1672412290;WAOU1;1728;17987.12:370487.50:482745.09:40717.94
1672415952;WAOU1;1729;19981.49:366814.91:474323.50:40958.22
1672419615;WAOU1;1730;19521.34:319750.72:470537.03:39997.80
1672423274;WAOU1;1731;17324.45:361881.31:475418.81:39829.15
1672426943;WAOU1;1732;17914.89:365630.63:484078.44:39769.43
1672430603;WAOU1;1733;18449.75:360228.63:482738.72:39731.67
1672434266;WAOU1;1734;17303.33:354455.09:474734.22:40427.38
1672437928;WAOU1;1735;16532.56:361473.56:475367.97:39393.67
1672441592;WAOU1;1736;18037.28:358676.81:477157.56:38128.17
1672445254;WAOU1;1737;18282.04:361554.66:466701.13:35824.71
1672448916;WAOU1;1738;17474.69:370167.66:455540.13:36603.50
1672452578;WAOU1;1739;18342.35:360568.84:476624.13:38505.12
1672456241;WAOU1;1740;17889.87:362222.50:463523.41:39663.69
1672459903;WAOU1;1741;16611.63:353656.00:470992.22:39055.90
1672463566;WAOU1;1742;17986.18:351282.31:458707.94:36096.86
1672467228;WAOU1;1743;16560.53:359161.97:454041.66:38129.23
1672470891;WAOU1;1744;18040.23:352171.00:469981.19:37040.76
1672474550;WAOU1;1745;16918.71:313610.75:464847.09:35148.71
1672478213;WAOU1;1746;17692.19:308441.38:466772.41:37699.41
1672481872;WAOU1;1747;17688.18:339427.72:470406.50:36698.16
1672485534;WAOU1;1748;17095.03:341966.50:468606.03:36554.53
1672489196;WAOU1;1749;17554.82:343660.78:477435.97:38906.38
1672492859;WAOU1;1750;17011.94:356628.97:476777.09:37363.77
1672496521;WAOU1;1751;17157.10:357713.06:480296.94:37237.61
1672500185;WAOU1;1752;16425.52:358364.41:480623.75:37290.72
1672503847;WAOU1;1753;16356.48:371001.22:480525.44:38467.47
1672507510;WAOU1;1754;15802.74:371061.53:484812.63:39366.41
1672511172;WAOU1;1755;15728.86:375430.75:490030.41:38440.32
1672514835;WAOU1;1756;15750.81:368531.00:465790.28:39006.69
1672518497;WAOU1;1757;17611.00:360082.75:469009.53:40118.29
1672522160;WAOU1;1758;16900.77:367109.38:471380.03:39981.04
1672525819;WAOU1;1759;17217.17:364343.53:489496.38:37928.84
1672529481;WAOU1;1760;17288.34:365877.63:475898.31:39728.60
1672533140;WAOU1;1761;17450.61:367755.28:486530.63:39343.51
1672536803;WAOU1;1762;17573.00:363464.06:485053.16:39792.45
1672540465;WAOU1;1763;18506.98:362619.75:497047.38:40068.96
1672544128;WAOU1;1764;18318.28:359769.75:484935.03:38686.86
1672547787;WAOU1;1765;16977.84:364997.69:495037.06:39111.25
1672551450;WAOU1;1766;17539.83:364435.94:484827.50:39221.01
1672555113;WAOU1;1767;16436.49:360601.31:491851.53:38799.80
1672558775;WAOU1;1768;16580.59:361511.47:490047.75:38327.62
1672562437;WAOU1;1769;16570.44:364323.81:501789.66:37958.11
1672566100;WAOU1;1770;17268.28:366507.59:501776.44:39914.01
1672569759;WAOU1;1771;16453.49:363284.91:500805.84:38010.27
1672573421;WAOU1;1772;16889.79:369262.25:512572.75:38705.63
1672577083;WAOU1;1773;16093.53:370242.59:493116.81:39448.07
1672580747;WAOU1;1774;15526.22:378229.19:494201.38:39271.29
1672584409;WAOU1;1775;16415.48:382147.81:483799.56:38885.37
1672588072;WAOU1;1776;15636.10:396038.44:496565.03:38287.85
1672591734;WAOU1;1777;17296.37:389263.78:489526.59:38647.21
1672595397;WAOU1;1778;15795.89:391636.53:499409.25:38611.69
1672599060;WAOU1;1779;16601.48:393204.63:500588.72:38353.70
1672602722;WAOU1;1780;16385.51:381393.47:498393.59:37767.16
1672606381;WAOU1;1781;16243.53:382655.53:503173.16:37785.92
1672610043;WAOU1;1782;15251.72:380807.03:497176.25:37299.10
1672613702;WAOU1;1783;16578.46:389455.44:504351.81:37983.13
1672617365;WAOU1;1784;15466.27:388531.63:501148.34:39909.76
1672621027;WAOU1;1785;16211.55:383480.25:507757.31:38637.77
1672624690;WAOU1;1786;18618.51:381898.81:509518.00:37874.55
1672628352;WAOU1;1787;17136.10:387217.50:498284.31:39066.29
1672632015;WAOU1;1788;17392.55:384805.94:491708.50:39028.64
1672635677;WAOU1;1789;16961.79:400044.91:511550.03:37531.48
1672639340;WAOU1;1790;17197.23:394763.03:512953.84:37941.35
1672642999;WAOU1;1791;17101.99:403746.28:519344.22:37943.47
1672646662;WAOU1;1792;16603.60:394895.69:516470.50:37194.89
1672650320;WAOU1;1793;16749.59:389887.75:528313.75:37962.24
1672653983;WAOU1;1794;17146.13:393408.69:529101.75:38199.21
1672657645;WAOU1;1795;17333.42:398960.09:530271.56:37374.16
1672661308;WAOU1;1796;16973.82:399036.44:534948.25:37061.53
1672664970;WAOU1;1797;17581.02:394444.97:522179.38:37120.89
1672668633;WAOU1;1798;17943.92:402789.97:529076.88:37424.20
1672672292;WAOU1;1799;17912.77:388047.75:516844.75:38499.93
1672675956;WAOU1;1800;17193.22:373348.13:505629.47:36783.48
1672679618;WAOU1;1801;17730.31:383534.19:485919.41:38214.79
1672683280;WAOU1;1802;16826.66:381343.41:492778.09:45454.68
1672686942;WAOU1;1803;16442.51:370167.66:502348.00:47549.84
1672690605;WAOU1;1804;17824.61:367555.00:496093.91:47021.83
1672694265;WAOU1;1805;19263.83:369844.41:495453.06:44678.24
1672697930;WAOU1;1806;18673.74:369318.78:487687.41:43928.24
1672701589;WAOU1;1807;17991.13:369526.84:493173.22:42889.69
1672705252;WAOU1;1808;18390.50:334045.09:488086.44:41656.53
1672708911;WAOU1;1809;18399.59:368906.66:489827.06:40544.81
1672712573;WAOU1;1810;18043.29:371143.91:481739.22:40016.56
1672716235;WAOU1;1811;17831.57:375325.84:483546.56:39908.70
1672719898;WAOU1;1812;18261.04:369439.25:482929.31:39748.43
1672723557;WAOU1;1813;17546.91:374189.22:491970.84:40632.85
1672727220;WAOU1;1814;17568.98:375898.47:487120.59:40176.95
1672730879;WAOU1;1815;16668.63:377770.81:503752.16:39940.09
1672734541;WAOU1;1816;17189.21:374139.53:499159.63:40785.09
1672738203;WAOU1;1817;16653.53:371808.22:493501.31:39078.80
1672741866;WAOU1;1818;17328.46:372028.09:491457.13:39500.36
1672745528;WAOU1;1819;16381.50:369954.06:494745.31:39530.69
1672749191;WAOU1;1820;17294.36:366551.25:485579.75:40068.02
1672752853;WAOU1;1821;16633.58:366802.06:486132.44:39939.14
1672756517;WAOU1;1822;16488.54:360464.41:488254.59:38755.79
1672760176;WAOU1;1823;17224.26:342209.97:488435.88:39901.38
1672763839;WAOU1;1824;17104.12:367870.00:482229.13:39575.77
1672767501;WAOU1;1825;17281.38:377833.59:487579.56:39139.46
1672771163;WAOU1;1826;17172.21:382877.06:489762.28:38786.12
1672774822;WAOU1;1827;17165.13:393539.09:507398.53:39456.45
1672778485;WAOU1;1828;17983.11:394621.06:506834.19:39565.38
1672782147;WAOU1;1829;17712.26:397595.69:517172.25:39139.46
1672785810;WAOU1;1830;16479.57:403445.22:509860.03:39593.47
1672789469;WAOU1;1831;17481.77:400405.56:507301.16:39906.57
1672793131;WAOU1;1832;17391.49:411323.34:522276.50:39216.88
1672796794;WAOU1;1833;19182.28:413897.16:523211.78:38553.15
1672800457;WAOU1;1834;18330.31:412763.50:528769.19:39642.68
1672804119;WAOU1;1835;17273.35:421062.00:534631.50:40052.20
1672807781;WAOU1;1836;18873.78:429109.22:539780.81:39368.65
1672811440;WAOU1;1837;17140.11:424862.63:539159.56:39035.96
1672815103;WAOU1;1838;20217.17:424400.22:542827.75:39563.14
1672818762;WAOU1;1839;17627.05:382838.00:546182.75:38981.55
1672822424;WAOU1;1840;17753.45:365405.66:553118.06:39645.87
1672826087;WAOU1;1841;16702.62:389436.69:532733.38:37936.16
1672829750;WAOU1;1842;18274.02:367045.75:523193.72:39873.05
1672833409;WAOU1;1843;16568.55:400947.84:526561.00:38726.52
1672837071;WAOU1;1844;17889.87:399146.78:514469.88:37929.90
1672840733;WAOU1;1845;18210.88:399972.31:518249.50:39565.38
1672844397;WAOU1;1846;16539.52:401481.06:510764.63:39273.41
1672848059;WAOU1;1847;17261.31:401202.06:491324.94:38409.05
1672851722;WAOU1;1848;18345.42:383733.63:516371.97:37237.61
1672855384;WAOU1;1849;16863.71:399287.94:517181.22:38483.16
1672859048;WAOU1;1850;16122.57:394089.28:506330.00:39120.58
1672862710;WAOU1;1851;16495.50:394047.84:513857.72:38896.93
1672866390;WAOU1;1852;17256.36:398327.97:498862.00:39107.00
1672870049;WAOU1;1853;16695.66:385242.72:491740.97:38839.46
1672873712;WAOU1;1854;18420.71:384246.28:481786.31:38329.63
1672877371;WAOU1;1855;21285.46:364033.97:482045.13:45344.57
1672881033;WAOU1;1856;26744.47:363916.28:469903.28:45427.18
1672884692;WAOU1;1857;28672.16:358804.38:477965.53:32377.31
1672888356;WAOU1;1858;29410.47:360358.19:472331.63:25918.35
1672892018;WAOU1;1859;31119.72:312457.25:478602.09:21437.94
1672895680;WAOU1;1860;29495.68:352793.75:482578.09:46464.67
1672899342;WAOU1;1861;29759.45:371218.84:482965.66:45521.48
1672903005;WAOU1;1862;28534.91:333164.56:487049.53:44433.12
1672906664;WAOU1;1863;26746.47:362695.75:483651.59:45170.02
1672910326;WAOU1;1864;27409.38:362040.19:492721.44:31690.33
1672913988;WAOU1;1865;26375.07:368469.16:498995.47:30115.87
1672917651;WAOU1;1866;26085.46:374654.22:497294.13:39534.93
1672921309;WAOU1;1867;26805.72:364265.63:485397.06:43217.43
1672924973;WAOU1;1868;25426.33:340173.25:488330.13:40716.76
1672928632;WAOU1;1869;25740.02:351794.03:486597.28:41549.37
1672932294;WAOU1;1870;23996.91:355044.47:486610.16:41483.16
1672935953;WAOU1;1871;22985.74:320206.50:469735.13:40754.52
1672939616;WAOU1;1872;22267.84:326119.88:479187.81:40382.42
1672943278;WAOU1;1873;20687.94:350242.00:487758.59:40278.56
1672946942;WAOU1;1874;19553.56:355140.78:488170.47:40637.10
1672950604;WAOU1;1875;19934.05:358402.19:489751.41:40236.66
1672954266;WAOU1;1876;19514.38:359131.41:477508.19:41453.78
1672957925;WAOU1;1877;18908.83:356621.78:465928.34:40162.20
1672961588;WAOU1;1878;19104.86:363378.97:470737.19:39640.68
1672965247;WAOU1;1879;19361.43:358888.75:479774.25:39659.44
1672968909;WAOU1;1880;19607.85:357463.81:473016.13:39286.98
1672972571;WAOU1;1881;18409.62:354059.16:473870.44:39186.55
1672976234;WAOU1;1882;18364.42:354296.34:469878.03:40900.39
1672979893;WAOU1;1883;18502.97:355911.31:468524.13:40721.01
1672983555;WAOU1;1884;18107.50:357497.94:478949.19:39908.70
1672987217;WAOU1;1885;20456.04:361702.75:487176.53:41136.55
1672990881;WAOU1;1886;20639.55:355460.72:494930.25:40501.85
1672994540;WAOU1;1887;18332.32:361663.00:493668.53:40419.00
1672998202;WAOU1;1888;18242.98:362298.28:490266.22:40294.26
1673001865;WAOU1;1889;17870.75:367522.31:477257.28:39836.47
1673005527;WAOU1;1890;17898.84:362341.59:494218.72:42005.51
1673009186;WAOU1;1891;18122.60:355950.59:467030.16:43411.33
1673012849;WAOU1;1892;17314.42:352647.78:466977.75:42988.71
1673016511;WAOU1;1893;16903.84:351676.63:477561.31:43734.11
1673020174;WAOU1;1894;17805.61:355553.72:469085.19:42565.26
1673023837;WAOU1;1895;18301.16:356605.72:472090.97:42358.97
1673027500;WAOU1;1896;17934.01:353989.50:471262.03:41627.14
1673031162;WAOU1;1897;17683.22:358256.66:474666.47:41721.68
1673034824;WAOU1;1898;20035.78:353618.59:465443.06:40655.04
1673038487;WAOU1;1899;18159.66:363530.84:465823.66:41248.90
1673042149;WAOU1;1900;18319.34:363454.84:466322.06:41698.54
1673045811;WAOU1;1901;19088.81:355507.22:461706.53:41719.55
1673049474;WAOU1;1902;18064.30:357795.56:451782.47:41389.69
1673053133;WAOU1;1903;18196.84:353572.22:447409.44:40673.80
1673056796;WAOU1;1904;17902.86:361451.97:463625.47:40779.78
1673060458;WAOU1;1905;19053.64:362805.88:466123.09:41348.74
1673064121;WAOU1;1906;17603.92:363140.22:474029.16:41091.46
1673067783;WAOU1;1907;18017.21:365258.75:458991.91:41241.58
1673071446;WAOU1;1908;17944.87:373054.59:460477.72:41673.29
1673075108;WAOU1;1909;17503.72:370915.31:471308.41:41391.82
1673078771;WAOU1;1910;16982.79:374268.16:476433.06:42414.79
1673082430;WAOU1;1911;17664.11:383349.84:471143.88:42298.07
1673086093;WAOU1;1912;19709.58:376394.13:476605.13:42037.14
1673089752;WAOU1;1913;17406.59:373445.34:467158.09:41590.32
1673093414;WAOU1;1914;16687.63:367551.47:464799.16:41685.92
1673097073;WAOU1;1915;17196.17:371489.69:494405.78:41269.91
1673100735;WAOU1;1916;20612.29:373539.06:491385.50:42412.67
1673104394;WAOU1;1917;18081.41:365276.91:482132.81:41671.28
1673108057;WAOU1;1918;17486.73:369428.16:486160.28:41009.56
1673111720;WAOU1;1919;20156.63:370578.84:475783.63:29863.19
1673115382;WAOU1;1920;17564.97:373847.56:470596.06:27424.72
1673119044;WAOU1;1921;16799.75:358393.09:468255.31:26041.67
1673122707;WAOU1;1922;16955.88:377010.19:473128.09:40644.41
1673126366;WAOU1;1923;17697.27:372059.13:479691.03:37965.43
1673130029;WAOU1;1924;17936.84:368343.34:491153.81:33657.56
1673133691;WAOU1;1925;17634.13:374808.81:462831.09:38805.00
1673137354;WAOU1;1926;17324.45:375891.16:481927.47:39311.05
1673141031;WAOU1;1927;16914.70:372121.56:474967.41:41385.56
1673144694;WAOU1;1928;17394.55:372431.13:474207.03:34782.50
1673148353;WAOU1;1929;17841.72:343393.94:448959.59:43334.38
1673152015;WAOU1;1930;19838.34:345033.78:453150.75:31218.62
1673155677;WAOU1;1931;21071.38:343492.25:449239.78:25420.31
1673159342;WAOU1;1932;22111.11:342332.59:444555.09:23534.28
1673163004;WAOU1;1933;26502.53:336056.09:453772.09:21703.72
1673166666;WAOU1;1934;25323.54:345160.53:455201.88:19761.86
1673170325;WAOU1;1935;24916.50:354464.06:459479.31:19599.82
1673173985;WAOU1;1936;23114.49:354714.13:461136.50:17652.07
1673177647;WAOU1;1937;21463.20:350525.81:459041.69:15394.40
1673181309;WAOU1;1938;20986.64:351593.06:462760.19:14349.47
1673184971;WAOU1;1939;20799.00:354580.19:458983.63:12611.55
1673188634;WAOU1;1940;19275.87:347055.41:460311.56:12070.92
1673192297;WAOU1;1941;19652.22:352035.75:455589.69:11729.02
1673195959;WAOU1;1942;18561.27:350754.91:453588.81:11387.24
1673199621;WAOU1;1943;18681.77:358177.72:469791.88:10723.28
1673203284;WAOU1;1944;19871.74:356920.81:462566.41:11177.29
1673206943;WAOU1;1945;20969.41:349593.13:461737.81:10412.89
1673210605;WAOU1;1946;19729.64:354639.09:455773.31:10276.58
1673214267;WAOU1;1947;19100.85:351664.22:454369.16:11080.40
1673217931;WAOU1;1948;19754.90:355124.84:453875.03:11682.40
1673221594;WAOU1;1949;18608.48:352978.94:453068.50:12429.92
1673225256;WAOU1;1950;20299.78:355373.16:466598.56:12494.48
1673228915;WAOU1;1951;19424.80:358124.00:459832.06:11342.63
1673232577;WAOU1;1952;19230.55:368022.81:469690.84:10834.10
1673236236;WAOU1;1953;18511.00:371015.84:478653.09:10772.73
1673239899;WAOU1;1954;19193.37:382149.84:484271.53:11451.68
1673243558;WAOU1;1955;18212.89:385623.78:486011.94:10868.68
1673247220;WAOU1;1956;18494.00:393061.13:503329.31:11148.61
1673250879;WAOU1;1957;18557.26:392096.56:499807.91:11174.46
1673254542;WAOU1;1958;18889.83:394341.00:499805.78:10552.27
1673258204;WAOU1;1959;17990.19:388569.16:492704.09:10624.50
1673261867;WAOU1;1960;18502.97:384841.34:493994.72:13192.43
1673265526;WAOU1;1961;18366.43:381490.00:505910.09:12880.63
1673269188;WAOU1;1962;17697.27:389042.28:516098.66:12110.57
1673272847;WAOU1;1963;18896.79:388668.75:495189.41:11159.59
1673276509;WAOU1;1964;19102.97:387369.38:490478.28:11011.12
1673280168;WAOU1;1965;19250.73:387412.34:495729.81:11085.36
1673283831;WAOU1;1966;18988.26:377874.31:496438.50:10779.69
1673287490;WAOU1;1967;18684.84:392311.69:488964.97:10519.58
1673291152;WAOU1;1968;17903.80:394505.53:505170.25:10360.49
1673294814;WAOU1;1969;20317.96:398733.50:496975.38:10086.93
1673298479;WAOU1;1970;18343.41:393072.56:504102.66:10482.17
1673302141;WAOU1;1971;18190.82:399831.28:514317.88:10697.55
1673305803;WAOU1;1972;17654.19:398851.63:507739.59:12044.13
1673309466;WAOU1;1973;20305.80:402139.00:500783.91:12255.26
1673313128;WAOU1;1974;18913.91:403391.63:502669.13:11886.46
1673316790;WAOU1;1975;18721.07:401681.78:508941.03:11309.00
1673320453;WAOU1;1976;19539.40:412701.31:506318.91:12070.92
1673324112;WAOU1;1977;19210.48:400663.31:511285.19:11259.55
1673327774;WAOU1;1978;19891.80:406504.22:505667.09:10814.27
1673331433;WAOU1;1979;20250.45:417719.88:524662.44:12356.52
1673335096;WAOU1;1980;19087.87:409570.91:514901.25:11526.86
1673338755;WAOU1;1981;20559.89:412580.91:521743.66:10343.74
1673342418;WAOU1;1982;19913.99:411119.88:513235.06:10668.87
1673346080;WAOU1;1983;20464.18:415087.25:517737.78:11097.16
1673349743;WAOU1;1984;18828.46:405334.53:511029.34:11457.58
1673353405;WAOU1;1985;20497.35:399592.91:500928.72:11207.03
1673357068;WAOU1;1986;17866.74:399508.97:504034.22:11499.12
1673360727;WAOU1;1987;17278.31:395589.03:500503.16:10618.48
1673364389;WAOU1;1988;21578.38:403403.19:505943.25:10765.76
1673368048;WAOU1;1989;18559.27:390339.16:495093.59:10440.51
1673371710;WAOU1;1990;17569.93:398166.31:496216.06:10614.47
1673375368;WAOU1;1991;17688.18:394585.19:508980.91:10981.50
1673379032;WAOU1;1992;17192.15:401861.66:512499.00:11551.64
1673382691;WAOU1;1993;18710.92:394289.91:503750.03:11076.39
1673386353;WAOU1;1994;16953.76:387697.13:495320.19:10182.76
1673390012;WAOU1;1995;17328.46:400210.84:511648.09:10987.40
1673393675;WAOU1;1996;19656.24:390689.09:507677.53:10805.30
1673397337;WAOU1;1997;18803.33:384755.53:514764.94:10259.71
1673401000;WAOU1;1998;19762.92:384093.34:511349.75:10327.92
1673404660;WAOU1;1999;19208.48:368492.75:488858.97:10287.32
1673408322;WAOU1;2000;18482.91:371023.16:495507.59:11437.75
1673411984;WAOU1;2001;17581.02:382614.69:487355.44:10405.93
1673415646;WAOU1;2002;17896.84:377213.19:493262.19:10644.21
1673419309;WAOU1;2003;18201.79:376561.97:500759.72:10991.30
1673422972;WAOU1;2004;19901.83:377100.59:503844.81:11566.51
1673426631;WAOU1;2005;19188.42:377287.06:491743.19:10632.41
1673430293;WAOU1;2006;19288.97:381230.25:480036.72:11565.45
1673433952;WAOU1;2007;19322.13:368977.81:480290.56:14811.87
1673437614;WAOU1;2008;18860.56:362242.34:482209.88:18645.65
1673441273;WAOU1;2009;19083.85:360936.47:482218.50:18176.77
1673444936;WAOU1;2010;19036.53:356113.47:472756.25:17834.64
1673448595;WAOU1;2011;19222.52:356802.69:484874.84:15173.94
1673452257;WAOU1;2012;20091.25:356899.34:466483.28:15078.11
1673455916;WAOU1;2013;18606.47:362950.56:466087.56:19976.42
1673459579;WAOU1;2014;18494.95:363008.28:489316.88:19887.79
1673463241;WAOU1;2015;18102.54:360540.19:483276.41:17848.69
1673466905;WAOU1;2016;18564.34:372306.50:491858.03:15924.65
1673470567;WAOU1;2017;19724.69:373146.31:483212.09:13725.40
1673474229;WAOU1;2018;19137.08:369702.09:502273.16:12931.26
1673477891;WAOU1;2019;18852.54:381246.88:487435.22:12979.89
1673481555;WAOU1;2020;17267.21:378020.19:496953.41:12896.45
1673485350;WAOU1;2021;17870.75:381243.09:500147.69:12177.01
1673489013;WAOU1;2022;17027.99:378358.53:504109.28:11862.73
1673492672;WAOU1;2023;17462.65:384593.16:502282.00:11815.17
1673496334;WAOU1;2024;18165.68:383078.03:502519.59:12897.51
1673499993;WAOU1;2025;18103.48:379455.63:493805.56:12701.84
1673503656;WAOU1;2026;18517.13:387815.25:511080.56:11538.78
1673507318;WAOU1;2027;17715.33:382278.00:501622.78:11954.91
1673510982;WAOU1;2028;17962.10:379426.00:502552.50:12954.04
1673514644;WAOU1;2029;17853.76:380743.91:496680.69:12181.03
1673518306;WAOU1;2030;17223.19:381915.44:492107.53:11822.02
1673521966;WAOU1;2031;16920.83:374895.19:494421.13:11379.22
1673525626;WAOU1;2032;16887.79:373799.75:486605.91:12935.27
1673529285;WAOU1;2033;19975.36:374268.16:491322.69:11700.22
1673532949;WAOU1;2034;17593.06:373639.97:509431.38:12227.53
1673536611;WAOU1;2035;16629.57:374253.53:493473.09:11917.26
1673540274;WAOU1;2036;18141.60:370094.72:498098.44:11718.99
1673543933;WAOU1;2037;18400.65:378110.69:498478.91:11488.27
1673547595;WAOU1;2038;16674.53:376301.97:504495.19:12323.83
1673551259;WAOU1;2039;17677.21:380864.38:507932.22:11288.23
1673554924;WAOU1;2040;17027.99:377011.97:503615.72:11461.48
1673558583;WAOU1;2041;18953.09:379253.94:497005.94:12426.97
1673562246;WAOU1;2042;19987.39:374931.91:504638.47:12013.32
1673565908;WAOU1;2043;18540.27:378229.19:500753.09:10480.04
1673569571;WAOU1;2044;18198.84:375981.31:500483.44:12109.63
1673573234;WAOU1;2045;17212.22:377794.88:503957.16:12209.71
1673576896;WAOU1;2046;18780.20:379813.22:502048.81:11819.07
1673580555;WAOU1;2047;19011.39:373979.75:493662.16:14859.78
1673584217;WAOU1;2048;19808.24:355975.75:475580.03:22598.88
1673587880;WAOU1;2049;19230.55:362370.50:479388.34:21679.40
1673591543;WAOU1;2050;19935.11:364443.25:473671.69:19664.26
1673595202;WAOU1;2051;19206.47:363302.97:492189.91:19645.14
1673598864;WAOU1;2052;17407.54:365338.63:492139.97:18307.30
1673602523;WAOU1;2053;18790.34:355927.34:474801.94:21027.95
1673606182;WAOU1;2054;18237.91:357696.91:448393.59:21578.38
1673609844;WAOU1;2055;20476.22:350971.47:466206.88:20809.03
1673613507;WAOU1;2056;19943.14:351804.66:456221.31:19490.19
1673617166;WAOU1;2057;19724.69:362722.66:471070.13:16879.76
1673620828;WAOU1;2058;20031.77:350847.06:476545.66:17946.05
1673624490;WAOU1;2059;20429.84:336707.53:453039.56:19932.16
1673628153;WAOU1;2060;21371.26:351632.25:464730.00:20171.85
1673631812;WAOU1;2061;20163.71:361661.22:487657.22:18268.12
1673635475;WAOU1;2062;18742.07:365937.47:481914.72:18879.68
1673639137;WAOU1;2063;20224.25:362493.38:505541.19:16373.47
1673642801;WAOU1;2064;20611.35:363840.28:495013.09:14628.47
1673646463;WAOU1;2065;19952.22:366585.84:492786.72:13751.36
1673650125;WAOU1;2066;19313.16:377606.41:504927.50:14530.87
1673653784;WAOU1;2067;19253.80:385399.56:506725.84:13391.29
1673657447;WAOU1;2068;19107.93:390542.28:507600.09:14232.05
1673661109;WAOU1;2069;18552.30:380856.97:515120.53:14063.75
1673664772;WAOU1;2070;18694.87:381913.56:503492.41:14553.76
1673668435;WAOU1;2071;19052.58:375509.84:493696.84:13907.50
1673672097;WAOU1;2072;19266.78:371896.16:501042.94:15029.25
1673675759;WAOU1;2073;18606.47:380026.22:477972.00:14774.10
1673679422;WAOU1;2074;19075.83:377794.88:489416.50:14256.00
1673683081;WAOU1;2075;17885.86:382504.94:498730.66:14348.53
1673686744;WAOU1;2076;17789.56:376265.03:492183.41:13468.83
1673690406;WAOU1;2077;19317.17:373662.16:493368.78:13939.37
1673694069;WAOU1;2078;17905.92:382722.56:471633.06:14488.03
1673697729;WAOU1;2079;18462.85:366714.84:495104.44:14081.69
1673701390;WAOU1;2080;18327.36:379840.94:493788.19:14569.70
1673705049;WAOU1;2081;19374.41:367220.19:486166.78:14161.36
1673708711;WAOU1;2082;18934.09:374991.03:492402.44:13588.15
1673712370;WAOU1;2083;17261.31:364403.34:492893.03:13751.36
1673716033;WAOU1;2084;18361.47:375196.97:490965.34:13946.33
1673719692;WAOU1;2085;17825.67:372247.84:486231.31:13318.71
1673723354;WAOU1;2086;19657.18:375515.50:483743.75:14153.33
1673727013;WAOU1;2087;19636.05:365102.84:473919.19:17974.14
1673730676;WAOU1;2088;20717.21:353178.50:472382.34:21384.48
1673734338;WAOU1;2089;19355.29:362961.31:477988.88:20625.51
1673738001;WAOU1;2090;20360.33:349130.88:467451.59:18882.75
1673741660;WAOU1;2091;19931.10:362762.56:488660.34:18543.10
1673745322;WAOU1;2092;19347.27:369025.13:471154.50:16334.41
1673748981;WAOU1;2093;18347.43:368704.25:475420.94:15465.33
1673752644;WAOU1;2094;18412.69:366184.34:474763.94:15702.90
1673756303;WAOU1;2095;19304.07:360387.00:471479.19:14596.60
1673759965;WAOU1;2096;18263.04:356867.00:468849.75:14174.22
1673763627;WAOU1;2097;18506.04:360885.97:471949.59:15398.41
1673767290;WAOU1;2098;19469.06:367211.22:476265.38:14405.30
1673770949;WAOU1;2099;19214.50:352941.63:460710.47:19209.54
1673774612;WAOU1;2100;18562.22:350222.53:477387.13:19035.58
1673778271;WAOU1;2101;18265.05:357675.44:480356.78:18807.34
1673781933;WAOU1;2102;18927.95:365892.13:492048.97:17410.61
1673785596;WAOU1;2103;19068.75:366242.53:485719.38:18229.88
1673789258;WAOU1;2104;18805.45:370646.56:495122.03:16841.64
1673792917;WAOU1;2105;18708.91:363420.63:499494.69:17863.67
1673796578;WAOU1;2106;17085.00:369355.34:501967.75:16514.50
1673800237;WAOU1;2107;17725.36:376222.78:502216.03:17127.01
1673803901;WAOU1;2108;18296.21:374336.28:496743.94:16663.56
1673807560;WAOU1;2109;20791.92:379366.75:509409.31:17243.26
1673811222;WAOU1;2110;19101.91:383510.09:519560.22:16567.61
1673814881;WAOU1;2111;19645.14:386192.03:505781.81:16050.58
1673818544;WAOU1;2112;18038.34:386624.09:517331.44:17245.26
1673822207;WAOU1;2113;19788.06:394433.78:514852.25:17074.96
1673825869;WAOU1;2114;18909.89:393709.16:507057.81:16468.47
1673829528;WAOU1;2115;17718.28:392338.03:514483.34:17439.64
1673833191;WAOU1;2116;19220.63:403322.72:509324.81:17663.16
1673836853;WAOU1;2117;20008.63:397561.47:513728.28:16591.57
1673840516;WAOU1;2118;21367.13:400485.81:528817.13:18132.52
1673844179;WAOU1;2119;20843.37:406263.56:524698.94:17129.13
1673847841;WAOU1;2120;20298.84:406610.06:512978.50:17049.95
1673851503;WAOU1;2121;19640.07:407658.66:521509.03:18492.94
1673855166;WAOU1;2122;19436.84:391642.19:520972.28:16942.79
1673858826;WAOU1;2123;21140.07:396678.09:522687.44:18542.15
1673862487;WAOU1;2124;21375.28:399678.69:524617.13:20727.36
1673866146;WAOU1;2125;20012.65:393401.13:524574.31:21068.31
1673869809;WAOU1;2126;20797.93:393321.81:513998.41:18854.66
1673873471;WAOU1;2127;20747.54:385670.63:510853.59:18030.31
1673877134;WAOU1;2128;19354.35:388779.44:517026.38:18923.94
1673880821;WAOU1;2129;20142.59:388104.03:501431.59:17913.95
1673884614;WAOU1;2130;20252.46:388297.13:509063.06:17451.68
1673888276;WAOU1;2131;20113.44:387982.00:505777.56:16586.49
1673891943;WAOU1;2132;20055.96:390122.84:502717.50:17417.57
1673895618;WAOU1;2133;20043.80:390250.66:506566.50:18350.38
1673899283;WAOU1;2134;20704.11:397088.34:514963.91:17101.99
1673902944;WAOU1;2135;19159.27:398986.75:514975.13:18253.96
1673906608;WAOU1;2136;19776.02:401299.41:510366.66:18350.38
1673910267;WAOU1;2137;21362.17:401270.75:522707.84:20033.77
1673913929;WAOU1;2138;20169.85:402786.09:533998.31:21306.59
1673917592;WAOU1;2139;20782.83:406271.25:534750.81:20608.28
1673921255;WAOU1;2140;20635.54:404362.31:534179.38:21327.83
1673924914;WAOU1;2141;20600.14:408135.22:528997.00:18802.38
1673928576;WAOU1;2142;20013.71:411393.19:525133.69:18736.06
1673932235;WAOU1;2143;20555.88:410768.88:534161.06:18433.70
1673935897;WAOU1;2144;19165.29:415525.91:538995.63:19032.52
1673939556;WAOU1;2145;19776.02:418042.75:539471.25:17602.03
1673943219;WAOU1;2146;20799.00:412983.13:539194.13:18140.66
1673946879;WAOU1;2147;19784.05:419455.78:538257.19:18300.22
1673950540;WAOU1;2148;20706.12:416371.03:536099.50:19952.22
1673954202;WAOU1;2149;20907.93:411928.53:543607.75:17061.04
1673957866;WAOU1;2150;19932.16:409070.03:517354.00:17459.58
1673961528;WAOU1;2151;22446.04:397850.50:506215.06:19519.34
1673965190;WAOU1;2152;23285.74:405084.59:522366.78:17779.41
1673968849;WAOU1;2153;23067.88:411507.56:512646.28:18481.96
1673972512;WAOU1;2154;26950.64:404465.94:515422.53:18327.36
1673976171;WAOU1;2155;28683.49:412963.66:521836.16:17135.04
1673979833;WAOU1;2156;25395.88:407866.97:519494.94:17585.04
1673983495;WAOU1;2157;25294.04:414623.44:518343.91:17749.43
1673987158;WAOU1;2158;23385.11:420016.84:522253.84:17515.76
1673990820;WAOU1;2159;23281.61:413984.75:514642.06:19706.63
1673994485;WAOU1;2160;23466.30:415512.22:524472.31:19904.90
1673998147;WAOU1;2161;23189.44:422236.63:541745.19:19618.00
1674001810;WAOU1;2162;22398.37:428771.22:523073.94:21050.26
1674005472;WAOU1;2163;22212.25:428614.25:537349.19:20572.99
1674009134;WAOU1;2164;22712.29:425380.72:535821.31:20991.60
1674012793;WAOU1;2165;22909.85:421185.91:530828.63:22065.56
1674016455;WAOU1;2166;20768.67:425440.06:534305.63:35434.07
1674020118;WAOU1;2167;21029.01:424477.41:529829.13:28880.22
1674023780;WAOU1;2168;20572.99:421327.41:534801.31:30009.06
1674027439;WAOU1;2169;21191.52:426984.69:541075.81:29903.20
1674031102;WAOU1;2170;20711.19:429879.19:533102.19:27600.56
1674034761;WAOU1;2171;21744.08:437506.28:535881.06:25559.69
1674038423;WAOU1;2172;22541.17:428385.78:534512.19:25475.19
1674042087;WAOU1;2173;23243.13:432231.97:536704.56:27446.20
1674045749;WAOU1;2174;21894.67:419899.06:521709.88:26829.20
1674049412;WAOU1;2175;21386.37:417045.16:514834.31:25989.63
1674053074;WAOU1;2176;21534.95:423247.66:521766.19:25816.38
1674056733;WAOU1;2177;20732.32:416072.34:515787.31:27182.55
1674060395;WAOU1;2178;20288.69:422713.41:513531.78:25405.92
1674064055;WAOU1;2179;20475.16:424469.50:532218.38:26424.99
1674067717;WAOU1;2180;20909.93:435434.72:531255.81:25344.90
1674071376;WAOU1;2181;20149.67:433717.56:532367.19:30316.26
1674075038;WAOU1;2182;21185.38:438273.16:528193.19:32359.72
1674078707;WAOU1;2183;21439.95:430594.13:514391.66:35446.58
1674082371;WAOU1;2184;20184.84:440704.66:532374.19:42645.28
1674086030;WAOU1;2185;20580.07:436725.94:536621.69:44640.24
1674089692;WAOU1;2186;20172.80:447827.81:518530.38:46759.59
1674093351;WAOU1;2187;22100.02:449569.16:533457.31:45164.71
1674097010;WAOU1;2188;21337.98:444051.28:535789.00:43574.90
1674100669;WAOU1;2189;20041.92:446052.13:540081.25:44265.06
1674104331;WAOU1;2190;19879.76:445453.66:538626.38:44183.87
1674107991;WAOU1;2191;21825.98:449910.94:560949.44:43750.98
1674111652;WAOU1;2192;21038.10:443065.00:544488.25:45074.90
1674115311;WAOU1;2193;22375.23:455288.41:549847.44:42838.00
1674118975;WAOU1;2194;21068.31:446865.16:545591.25:45511.91
1674122638;WAOU1;2195;20050.88:449417.75:542180.94:43734.11
1674126299;WAOU1;2196;19539.40:438440.50:538409.56:42567.50
1674129958;WAOU1;2197;19999.55:437122.13:533642.94:42861.13
1674133620;WAOU1;2198;20809.97:437178.31:530285.38:44029.62
1674137279;WAOU1;2199;19062.73:430446.72:536205.38:43487.33
1674140938;WAOU1;2200;20452.03:432112.28:543584.50:43579.03
1674144598;WAOU1;2201;20925.04:430408.94:525412.69:43115.22
1674148259;WAOU1;2202;19342.31:430817.41:523967.44:41683.91
1674151918;WAOU1;2203;20881.61:437437.81:536262.81:40785.09
1674155582;WAOU1;2204;21084.48:434101.84:527399.38:40013.50
1674159240;WAOU1;2205;22586.72:437449.84:527540.31:43558.97
1674162902;WAOU1;2206;20134.56:444057.28:531333.50:42174.86
1674166561;WAOU1;2207;21345.06:450379.81:538467.13:43545.28
1674170224;WAOU1;2208;20988.65:449004.56:537264.06:43432.45
1674173887;WAOU1;2209;19987.39:451628.56:561424.56:43270.06
1674177549;WAOU1;2210;22878.34:473237.97:537418.31:45054.72
1674181211;WAOU1;2211;22353.87:447942.19:543791.25:44426.75
1674184874;WAOU1;2212;21817.84:458076.19:561476.88:43844.92
1674188533;WAOU1;2213;21140.07:462187.31:549056.50:42531.63
1674192195;WAOU1;2214;20399.63:476475.56:548981.63:45679.14
1674195854;WAOU1;2215;20405.64:479162.34:548322.63:46119.94
1674199517;WAOU1;2216;20196.99:491936.16:562371.06:44064.55
1674203176;WAOU1;2217;21268.23:472870.38:544576.81:40922.46
1674206838;WAOU1;2218;21654.15:473618.59:551279.31:41638.71
1674210497;WAOU1;2219;19945.14:471257.78:551614.75:39445.95
1674214160;WAOU1;2220;20502.42:470842.47:556400.31:43731.04
1674217824;WAOU1;2221;21840.03:464577.53:542208.63:43118.29
1674221485;WAOU1;2222;20403.64:458639.50:547605.56:42674.78
1674225145;WAOU1;2223;21189.52:454099.38:534874.81:42723.29
1674228806;WAOU1;2224;20173.86:458177.69:536042.00:42454.80
1674232469;WAOU1;2225;19861.59:460664.78:536499.81:40510.23
1674236133;WAOU1;2226;22774.96:454216.69:536918.50:38347.33
1674239795;WAOU1;2227;21954.38:458867.50:535545.50:34844.70
1674243456;WAOU1;2228;21962.53:463001.88:548579.56:35773.73
1674247115;WAOU1;2229;20788.85:451889.25:538483.31:41404.33
1674250779;WAOU1;2230;20980.63:463339.75:547932.50:43577.97
1674254441;WAOU1;2231;21608.59:460189.06:540197.06:43406.14
1674258103;WAOU1;2232;20265.56:472830.13:538116.63:42364.28
1674261765;WAOU1;2233;20880.66:455278.13:554723.31:42869.63
1674265428;WAOU1;2234;20219.18:478099.59:544186.25:41838.28
1674269088;WAOU1;2235;20997.74:459008.41:542897.38:41551.50
1674272750;WAOU1;2236;21155.17:462693.50:539505.94:38327.62
1674276409;WAOU1;2237;20699.04:460448.81:520100.38:39800.83
1674280071;WAOU1;2238;21787.51:462541.38:546779.44:39906.57
1674283731;WAOU1;2239;23558.59:466872.97:537851.44:40918.21
1674287393;WAOU1;2240;21170.40:461319.66:545384.00:41019.00
1674291052;WAOU1;2241;21196.60:470671.94:551598.44:41315.11
1674294714;WAOU1;2242;21586.53:467395.06:540310.25:41653.34
1674298377;WAOU1;2243;20799.00:455323.56:542735.00:40997.99
1674302039;WAOU1;2244;22406.51:454525.78:551169.00:43598.03
1674305698;WAOU1;2245;20929.05:392492.84:546201.44:43371.20
1674309360;WAOU1;2246;21551.12:447631.91:537572.56:42735.91
1674313017;WAOU1;2247;20427.83:442053.94:539565.88:42106.53
1674316683;WAOU1;2248;21381.41:448931.03:535694.94:43677.22
1674320346;WAOU1;2249;20647.58:449945.75:529667.06:42386.46
1674324007;WAOU1;2250;20815.17:445978.72:540853.81:41404.33
1674327666;WAOU1;2251;21178.42:450580.69:541319.06:42738.98
1674331325;WAOU1;2252;21386.37:452330.66:541312.06:41311.92
1674334984;WAOU1;2253;20153.68:457087.09:544548.94:42820.18
1674338646;WAOU1;2254;19308.09:459010.53:541166.19:43831.11
1674342305;WAOU1;2255;20708.12:452900.09:535768.31:41590.32
1674345969;WAOU1;2256;19879.76:465516.25:540506.75:42329.58
1674349632;WAOU1;2257;20833.22:462328.94:548483.75:40737.77
1674353293;WAOU1;2258;22899.58:453955.28:567355.25:41377.07
1674356955;WAOU1;2259;25077.36:459344.41:540136.75:41485.17
1674360618;WAOU1;2260;21946.36:455245.09:554732.75:40523.80
1674364277;WAOU1;2261;21051.20:450613.50:567846.38:40529.11
1674367939;WAOU1;2262;21894.67:453669.19:550887.63:39881.43
1674371599;WAOU1;2263;22203.17:472536.59:556230.13:42865.38
1674375261;WAOU1;2264;21659.22:459018.81:555017.88:40522.86
1674378918;WAOU1;2265;21270.24:460511.00:544965.19:39478.41
1674382578;WAOU1;2266;20478.23:469358.53:559338.50:41377.07
1674386238;WAOU1;2267;21927.12:461875.06:547803.94:41486.35
1674389900;WAOU1;2268;24345.18:454385.69:533764.38:42023.45
1674393559;WAOU1;2269;22235.50:450861.44:534847.19:41085.21
1674397222;WAOU1;2270;23523.07:454453.66:538167.38:41681.79
1674400884;WAOU1;2271;22519.80:447225.94:539300.38:41249.96
1674404547;WAOU1;2272;21240.03:450955.88:539660.69:40376.99
1674408209;WAOU1;2273;21885.58:449084.34:533478.00:39981.98
1674411871;WAOU1;2274;20614.42:449835.19:537533.50:39777.81
1674415530;WAOU1;2275;21322.76:447940.16:550632.13:39919.20
1674419193;WAOU1;2276;22520.99:448183.16:539649.06:35352.05
1674422852;WAOU1;2277;20809.03:448994.31:560624.19:34951.62
1674426514;WAOU1;2278;21334.91:452086.22:544416.25:34369.91
1674430177;WAOU1;2279;20983.58:452260.91:530901.69:39472.15
1674433839;WAOU1;2280;19798.09:454554.56:544965.19:42679.03
1674437501;WAOU1;2281;21253.13:460446.56:551734.44:40711.57
1674441165;WAOU1;2282;21420.83:452303.97:546471.81:36404.77
1674444825;WAOU1;2283;21064.30:463260.56:540513.81:34600.05
1674448486;WAOU1;2284;22102.97:455556.66:545316.50:35291.98
1674452145;WAOU1;2285;21408.67:456324.59:548813.38:35272.15
1674455807;WAOU1;2286;21351.08:461238.59:535120.56:32027.51
1674459470;WAOU1;2287;21477.36:462876.91:539522.13:31074.40
1674463134;WAOU1;2288;21903.76:465196.19:545523.63:28121.26
1674466802;WAOU1;2289;21777.48:461479.81:541807.75:27951.43
1674470461;WAOU1;2290;21223.86:464644.44:551049.56:27767.20
1674474121;WAOU1;2291;21871.42:455956.97:528291.13:26642.38
1674477783;WAOU1;2292;21141.01:454361.00:521522.47:26778.22
1674481443;WAOU1;2293;21694.51:453294.63:538319.50:26685.22
1674485104;WAOU1;2294;21912.84:455449.38:532364.94:23864.96
1674488766;WAOU1;2295;21813.83:463706.91:532154.31:26766.89
1674492429;WAOU1;2296;22258.87:454150.81:534324.06:24060.87
1674496089;WAOU1;2297;20627.40:453580.69:549692.94:25058.00
1674507095;WAOU1;2298;22365.08:450793.81:545204.75:23327.40
1674510757;WAOU1;2299;24267.05:441517.44:527608.50:23964.45
1674514420;WAOU1;2300;22975.59:439264.84:556128.75:24179.72
1674518079;WAOU1;2301;23868.98:458043.03:529345.69:22434.83
1674521742;WAOU1;2302;22694.00:449475.09:525855.00:23343.57
1674525404;WAOU1;2303;22953.28:457697.38:537927.69:23776.69
1674529066;WAOU1;2304;22864.18:459784.25:531502.75:23459.10
1674532725;WAOU1;2305;25502.69:446496.13:533063.13:25678.89
1674536388;WAOU1;2306;23341.56:441796.78:528739.56:24634.91
1674540047;WAOU1;2307;24038.57:458492.44:534312.56:22749.70
1674543709;WAOU1;2308;23932.00:450162.78:526533.75:23996.91
1674547368;WAOU1;2309;22377.12:452495.03:527826.94:23166.19
1674551031;WAOU1;2310;21518.78:450584.69:529842.69:22436.96
1674554693;WAOU1;2311;23010.05:450787.69:524898.00:23647.81
1674558356;WAOU1;2312;21480.31:444859.81:527001.56:23285.74
1674562019;WAOU1;2313;21361.23:377890.94:516945.78:21281.33
1674565683;WAOU1;2314;23936.01:431022.75:526958.56:23619.49
1674569345;WAOU1;2315;22834.79:432345.84:530705.25:20840.30
1674573006;WAOU1;2316;21737.00:433681.44:532390.06:21092.51
1674576669;WAOU1;2317;23464.18:432116.19:517677.13:20410.60
1674580331;WAOU1;2318;23143.76:440429.69:529306.88:19970.40
1674583990;WAOU1;2319;23718.86:444156.78:527262.94:21434.87
1674587654;WAOU1;2320;23514.93:450859.44:545956.88:23773.62
1674591316;WAOU1;2321;22957.29:451212.09:535223.94:27082.35
1674594978;WAOU1;2322;23062.68:433179.41:531973.75:34276.80
1674598638;WAOU1;2323;23304.97:448342.50:527342.50:36549.34
1674602299;WAOU1;2324;23600.13:457908.50:528855.81:39122.82
1674605958;WAOU1;2325;22368.04:466386.97:550515.06:37700.36
1674609621;WAOU1;2326;22302.30:466133.47:537929.94:38879.23
1674613284;WAOU1;2327;22794.31:462693.50:545100.06:40256.61
1674616946;WAOU1;2328;23146.83:465261.09:534982.81:39641.74
1674620608;WAOU1;2329;21630.90:460517.25:552981.63:39183.36
1674624271;WAOU1;2330;23146.83:458032.66:537706.44:39023.45
1674627931;WAOU1;2331;23808.08:456659.28:537351.56:38343.20
1674631593;WAOU1;2332;23310.17:457014.75:541571.50:33291.47
1674635255;WAOU1;2333;22914.81:454760.75:532477.06:29163.23
1674638918;WAOU1;2334;23923.86:449912.94:528764.75:26909.81
1674642577;WAOU1;2335;21847.22:457705.63:520113.94:25592.38
1674646239;WAOU1;2336;22969.45:440965.34:554687.88:24798.60
1674649898;WAOU1;2337;21305.64:444329.56:521315.00:24305.64
1674653561;WAOU1;2338;23324.33:444364.00:532804.31:22573.62
1674657224;WAOU1;2339;21761.31:440989.66:528885.31:22483.46
1674660886;WAOU1;2340;23368.94:445280.78:527690.44:23344.51
1674664546;WAOU1;2341;22955.41:441232.31:531287.94:27257.13
1674668207;WAOU1;2342;23640.73:443227.28:521572.28:26811.86
1674671866;WAOU1;2343;22265.95:446618.38:524429.13:25319.41
1674675529;WAOU1;2344;23865.91:446272.13:537379.13:26357.72
1674679192;WAOU1;2345;23134.68:436977.31:523976.53:25096.59
1674682854;WAOU1;2346;22585.78:438464.56:514648.69:24256.90
1674686514;WAOU1;2347;24166.50:438861.59:515747.19:23923.86
1674690175;WAOU1;2348;25915.28:449538.47:528427.69:22315.52
1674693837;WAOU1;2349;24417.40:460986.84:536704.56:21771.34
1674697500;WAOU1;2350;23606.15:447270.78:535281.25:19999.55
1674701159;WAOU1;2351;24914.49:449293.00:543542.81:21449.04
1674704822;WAOU1;2352;24113.63:450572.53:536550.31:20454.98
1674708484;WAOU1;2353;26340.38:447799.25:524873.25:19426.81
1674712147;WAOU1;2354;23844.67:456316.31:541576.06:20369.30
1674715806;WAOU1;2355;24430.62:456448.50:548217.25:19205.41
1674719468;WAOU1;2356;27501.43:456789.47:564112.38:20430.78
1674723127;WAOU1;2357;25522.04:467533.38:546719.00:20609.34
1674726790;WAOU1;2358;25427.28:456727.50:559300.50:20039.79
1674730454;WAOU1;2359;25305.13:458809.44:561947.75:19016.46
1674734122;WAOU1;2360;25217.68:456283.28:531175.81:18685.78
1674737782;WAOU1;2361;25288.96:456341.09:542561.19:17906.87
1674741444;WAOU1;2362;24615.55:454985.44:528744.19:17788.50
1674745103;WAOU1;2363;28601.59:443557.97:545062.88:18820.44
1674748765;WAOU1;2364;26518.94:451708.47:537485.25:19905.84
1674752424;WAOU1;2365;26405.64:451774.31:547701.19:18641.64
1674756086;WAOU1;2366;25878.57:454295.03:545570.25:19292.04
1674759745;WAOU1;2367;25788.88:457724.28:549688.25:19212.49
1674763409;WAOU1;2368;27051.78:457815.25:559494.75:18633.62
1674767071;WAOU1;2369;26478.10:454383.56:549381.75:18590.42
1674770733;WAOU1;2370;26141.63:460498.63:546628.06:18443.85
1674774392;WAOU1;2371;26565.91:462614.44:555272.44:17007.93
1674778055;WAOU1;2372;26148.72:457186.34:558151.94:19387.51
1674781714;WAOU1;2373;26841.36:466663.38:570304.19:18869.77
1674785376;WAOU1;2374;26720.98:459278.09:569960.38:20315.01
1674789035;WAOU1;2375;28266.65:449180.53:569821.00:19792.07
1674792704;WAOU1;2376;27910.48:392053.25:562856.56:19288.97
1674796364;WAOU1;2377;28968.38:461061.91:558665.69:17684.17
1674800026;WAOU1;2378;28308.55:388905.13:572111.50:18814.42
1674803685;WAOU1;2379;28417.13:461860.53:569492.13:19299.00
1674807355;WAOU1;2380;28685.50:470134.84:562670.94:18879.68
1674811014;WAOU1;2381;29153.91:398910.63:576102.00:18190.82
1674814677;WAOU1;2382;29497.69:398474.56:567429.63:18325.24
1674818337;WAOU1;2383;29519.17:396894.44:544737.19:18462.85
1674821999;WAOU1;2384;30561.97:452632.78:554716.25:19363.32
1674825661;WAOU1;2385;29540.77:451435.59:550503.25:19003.37
1674829324;WAOU1;2386;28087.50:453035.56:544906.88:17992.08
1674832986;WAOU1;2387;28452.88:449534.34:544902.38:17586.92
1674836649;WAOU1;2388;30341.98:444821.22:547145.75:19213.55
1674840316;WAOU1;2389;30667.95:451569.09:547187.81:18246.99
1674843977;WAOU1;2390;30977.63:443963.94:544872.19:17741.41
1674847636;WAOU1;2391;30055.20:394482.88:555588.38:19102.97
1674851299;WAOU1;2392;31207.29:450804.09:553459.13:18385.54
1674854961;WAOU1;2393;29469.96:455608.22:562144.94:18628.66
1674858624;WAOU1;2394;29667.04:454729.69:560389.19:18635.51
1674862283;WAOU1;2395;30320.39:456080.88:563406.88:18074.45
1674865946;WAOU1;2396;31323.54:462881.16:556953.00:18544.28
1674869608;WAOU1;2397;31435.89:468375.09:567848.81:20284.68
1674873270;WAOU1;2398;30690.49:464914.00:575942.31:18788.22
1674876930;WAOU1;2399;31442.02:471375.91:569287.94:18279.21
1674880592;WAOU1;2400;31550.25:477444.59:586200.00:18754.11
1674884251;WAOU1;2401;32579.59:475054.28:573387.13:18401.60
1674887913;WAOU1;2402;32001.78:469137.72:584066.25:19685.39
1674891572;WAOU1;2403;32420.62:470812.97:588184.63:19038.65
1674895235;WAOU1;2404;31544.11:473493.97:576959.88:19170.24
1674898894;WAOU1;2405;31460.55:473673.69:585707.19:17854.70
1674902556;WAOU1;2406;32484.71:410457.09:564904.63:19094.95
1674906219;WAOU1;2407;30993.09:461117.84:550177.63:18209.82
1674909881;WAOU1;2408;30503.43:469564.59:548224.31:18797.43
1674913540;WAOU1;2409;29573.69:387176.41:553400.25:18428.74
1674917203;WAOU1;2410;31054.81:446245.44:550683.69:17131.02
1674920862;WAOU1;2411;31108.39:436567.22:555347.88:18754.11
1674924525;WAOU1;2412;32486.71:443213.00:545812.44:17244.32
1674928187;WAOU1;2413;32142.10:455721.75:531703.81:17309.35
1674931850;WAOU1;2414;30855.12:457200.88:552805.50:18267.06
1674935512;WAOU1;2415;32833.68:457728.41:557101.81:18312.26
1674939174;WAOU1;2416;33800.48:449448.44:550285.25:17901.91
1674942834;WAOU1;2417;32321.49:447150.41:545574.88:18222.92
1674946496;WAOU1;2418;32683.92:440399.47:542340.81:17665.17
1674950155;WAOU1;2419;32754.14:447748.28:549447.25:17763.36
1674953817;WAOU1;2420;33434.15:455292.66:546052.25:17712.26
1674957476;WAOU1;2421;34207.29:390935.75:562090.44:18572.37
1674961139;WAOU1;2422;33716.69:448836.97:548233.69:18309.19
1674964802;WAOU1;2423;34610.31:452497.16:557787.50:16938.77
1674968465;WAOU1;2424;34189.70:460257.63:555352.56:16296.52
1674972127;WAOU1;2425;34535.73:446936.31:537551.94:17141.05
1674975790;WAOU1;2426;33742.53:447876.78:552901.81:18904.82
1674979453;WAOU1;2427;32788.25:452534.09:561137.19:18086.49
1674983114;WAOU1;2428;34512.00:448857.41:570460.44:18112.45
1674986773;WAOU1;2429;32875.93:455804.38:544204.81:17020.91
1674990441;WAOU1;2430;33803.55:453745.31:552060.75:18506.98
1674994103;WAOU1;2431;34254.96:453064.38:544193.25:16216.51
1674997764;WAOU1;2432;33075.50:455148.19:547369.75:17575.95
1675001426;WAOU1;2433;32782.11:453290.59:554169.81:17664.11
1675005090;WAOU1;2434;32569.32:453477.78:547577.50:17345.46
1675008752;WAOU1;2435;31342.18:447215.66:551199.56:17105.06
1675012415;WAOU1;2436;33462.13:456076.75:542795.31:16267.49
1675016074;WAOU1;2437;33045.41:464742.63:552866.44:18458.83
1675019736;WAOU1;2438;34512.95:464400.03:550262.00:18834.60
1675023399;WAOU1;2439;33772.51:480858.59:555503.38:16798.69
1675027061;WAOU1;2440;33510.75:470465.53:556794.63:19185.35
1675030723;WAOU1;2441;34215.55:306818.63:552361.44:16716.66
1675034386;WAOU1;2442;35980.49:261581.81:583995.38:19057.65
1675038045;WAOU1;2443;36263.26:179491.30:579845.25:17756.39
1675041708;WAOU1;2444;37080.30:308967.59:579825.94:18283.22
1675045367;WAOU1;2445;37359.52:333555.44:573647.81:18730.98
1675049038;WAOU1;2446;37498.20:494895.44:584122.56:18436.76
1675052700;WAOU1;2447;36998.04:482569.50:583151.88:18043.29
1675056362;WAOU1;2448;37872.54:489051.22:584193.50:18496.01
1675060022;WAOU1;2449;38430.88:494714.75:592463.06:19694.47
1675063683;WAOU1;2450;37862.04:477346.63:602463.25:19513.32
1675067343;WAOU1;2451;38205.35:492964.69:610610.13:21079.41
1675071005;WAOU1;2452;37452.29:497405.53:613702.19:29509.02
1675074676;WAOU1;2453;37050.08:480452.72:577158.63:32680.85
1675078338;WAOU1;2454;36289.34:473826.06:554888.19:27106.90
1675081997;WAOU1;2455;36722.11:479424.56:552859.38:25145.45
1675085659;WAOU1;2456;35513.03:470149.72:547260.13:23222.95
1675089318;WAOU1;2457;37751.58:472707.63:556950.63:23239.12
1675092980;WAOU1;2458;36601.50:467684.44:560223.00:21430.86
1675096640;WAOU1;2459;37509.64:461823.13:551898.69:18329.25
1675100302;WAOU1;2460;38479.04:465880.31:554433.56:20293.77
1675103961;WAOU1;2461;37263.70:470975.34:554311.06:18536.25
1675107623;WAOU1;2462;36633.60:425145.28:562882.88:19503.29
1675111282;WAOU1;2463;35093.71:450334.84:560659.69:19924.02
1675114946;WAOU1;2464;36563.97:466701.13:569139.13:17862.73
1675118608;WAOU1;2465;35458.03:457879.59:563259.00:18476.89
1675122270;WAOU1;2466;35397.72:459836.19:566278.50:16890.74
1675125929;WAOU1;2467;36436.04:459184.63:559779.31:17301.32
1675129591;WAOU1;2468;35636.71:451152.72:547222.88:18943.06
1675133251;WAOU1;2469;34978.53:458061.69:551807.13:17785.54
1675136912;WAOU1;2470;35534.86:457099.50:549409.81:17230.28
1675140571;WAOU1;2471;35243.12:406248.13:548100.56:18708.91
1675144234;WAOU1;2472;34069.56:400182.28:544016.56:17311.35
1675147893;WAOU1;2473;34904.88:390209.34:554798.63:16529.49
1675151556;WAOU1;2474;34771.05:397004.66:558064.25:16599.59
1675155218;WAOU1;2475;36803.31:406887.53:575388.00:16735.66
1675158880;WAOU1;2476;34759.61:388954.00:555935.25:17458.64
1675162539;WAOU1;2477;36942.92:387864.00:548014.25:15422.37
1675166202;WAOU1;2478;33548.98:379522.31:543187.63:16512.49
1675169865;WAOU1;2479;34693.28:389951.72:534445.50:14821.90
1675173534;WAOU1;2480;33731.09:383830.50:545553.94:16065.56
1675177194;WAOU1;2481;32575.58:377176.22:533379.31:15030.32
1675180856;WAOU1;2482;34491.23:370467.44:532630.38:14767.96
1675184516;WAOU1;2483;33576.95:389878.44:525982.13:15843.81
1675188177;WAOU1;2484;33377.39:377877.97:544688.44:16471.54
1675191839;WAOU1;2485;34432.11:379166.84:534714.19:15097.11
1675195498;WAOU1;2486;33041.27:382774.63:531674.19:15656.99
1675199157;WAOU1;2487;34999.30:381464.03:530180.31:15374.45
1675202820;WAOU1;2488;34827.11:383215.75:541925.88:15743.85
1675206480;WAOU1;2489;34618.69:382832.31:538780.94:15480.32
1675210142;WAOU1;2490;35095.72:432237.97:544388.44:14478.00
1675213801;WAOU1;2491;35342.73:437305.06:537879.31:15832.83
1675217463;WAOU1;2492;34679.82:386004.97:545893.88:17130.08
1675221122;WAOU1;2493;34877.98:389273.22:531082.25:16240.46
1675224784;WAOU1;2494;36076.09:379213.09:546108.31:16056.59
1675228443;WAOU1;2495;36526.56:379783.47:539891.75:15455.30
1675232107;WAOU1;2496;36241.43:389252.59:555767.75:17337.43
1675235769;WAOU1;2497;34974.39:381837.44:535370.88:16399.55
1675239432;WAOU1;2498;35334.46:440827.75:547888.00:16329.45
1675243095;WAOU1;2499;34812.59:438867.72:540988.00:15909.66
1675246756;WAOU1;2500;34494.30:444587.53:527754.13:15059.23
1675250418;WAOU1;2501;33872.82:427147.31:509189.56:14807.85
1675254081;WAOU1;2502;32142.10:376047.63:520672.63:15711.98
1675257739;WAOU1;2503;31217.44:425147.28:520528.41:13936.30
1675261403;WAOU1;2504;32072.94:423628.41:530141.63:14597.55
1675265065;WAOU1;2505;32772.67:441112.88:551969.25:14635.43
1675268729;WAOU1;2506;32241.12:433151.31:533867.56:14954.43
1675272391;WAOU1;2507;32163.70:369433.72:529286.38:14548.81
1675276053;WAOU1;2508;33353.55:432126.22:528427.69:13497.63
1675279716;WAOU1;2509;33756.93:436898.84:549920.00:14305.69
1675283378;WAOU1;2510;34062.36:413179.38:534906.94:14955.49
1675287037;WAOU1;2511;33045.41:435703.69:511067.22:15335.51
1675290701;WAOU1;2512;31928.49:432643.50:519735.81:14943.46
1675294363;WAOU1;2513;33789.03:428292.44:526951.63:14688.30
1675298026;WAOU1;2514;34597.92:431204.16:527131.13:14109.55
1675301688;WAOU1;2515;35738.44:436603.44:526247.50:14207.15
1675305350;WAOU1;2516;35913.93:430181.78:537158.00:15121.07
1675309009;WAOU1;2517;35241.00:427510.22:528216.06:15569.18
1675312671;WAOU1;2518;33461.06:445126.28:533812.44:14999.28
1675316333;WAOU1;2519;34726.44:438194.66:539069.50:14985.47
1675319997;WAOU1;2520;34165.86:435984.78:535552.50:14594.60
1675323659;WAOU1;2521;34971.21:441325.19:541770.69:13402.27
1675327324;WAOU1;2522;34191.71:438537.16:540546.13:15581.10
1675330984;WAOU1;2523;34586.59:432621.53:534516.75:13865.72
1675334648;WAOU1;2524;34035.45:434071.84:523723.03:14915.60
1675338310;WAOU1;2525;32978.25:422934.22:519963.13:13275.05
1675341972;WAOU1;2526;33573.77:419114.47:525508.06:13925.44
1675345639;WAOU1;2527;33748.67:367002.09:517214.84:14403.41
1675349305;WAOU1;2528;32666.33:434785.03:535488.19:14837.83
1675352968;WAOU1;2529;32331.87:356686.22:531100.50:13759.27
1675356630;WAOU1;2530;34266.29:364885.34:523008.44:13716.43
1675360289;WAOU1;2531;32980.38:372334.09:526610.81:14747.08
1675363951;WAOU1;2532;32039.90:418356.09:541708.13:15014.27
1675367610;WAOU1;2533;33580.02:370206.13:553656.69:13933.46
1675371273;WAOU1;2534;34822.98:421913.72:538875.63:14823.79
1675374935;WAOU1;2535;33652.48:388445.34:538732.44:13965.21
1675378598;WAOU1;2536;33805.55:354501.59:543062.25:13110.06
1675382260;WAOU1;2537;35229.67:350943.03:549505.63:13392.36
1675385923;WAOU1;2538;33434.15:360651.69:537386.13:14090.66
1675389586;WAOU1;2539;34096.46:352299.03:541365.31:14545.74
1675393248;WAOU1;2540;34864.52:356109.81:544760.56:14522.96
1675396907;WAOU1;2541;35195.32:350818.63:548766.50:14482.01
1675400570;WAOU1;2542;35786.24:352491.28:562475.75:14109.55
1675404233;WAOU1;2543;34938.05:358436.16:546903.25:14741.06
1675407897;WAOU1;2544;34045.72:361737.00:549856.88:14204.20
1675411559;WAOU1;2545;34468.34:357035.53:549318.50:14225.08
1675415220;WAOU1;2546;34683.01:362814.97:550854.81:13578.23
1675418883;WAOU1;2547;34614.56:351232.41:548229.06:14081.69
1675422548;WAOU1;2548;35448.59:354771.16:550693.13:14472.09
1675426207;WAOU1;2549;34117.24:353540.22:545230.38:14693.26
1675429869;WAOU1;2550;33046.59:357894.22:536626.31:12893.50
1675433532;WAOU1;2551;33544.86:351026.56:538951.88:13418.08
1675437196;WAOU1;2552;35218.22:345431.63:539231.06:13122.92
1675440859;WAOU1;2553;34845.76:356022.25:528113.63:14713.20
1675444521;WAOU1;2554;31797.61:346840.16:533152.50:13624.97
1675448180;WAOU1;2555;35623.02:348338.16:533445.75:13331.58
1675451842;WAOU1;2556;35894.34:352162.03:526460.94:13725.40
1675455504;WAOU1;2557;35319.83:401746.94:540650.25:13793.02
1675459167;WAOU1;2558;33422.82:405167.19:527047.00:12535.08
1675462826;WAOU1;2559;35776.80:407062.91:537065.94:13081.14
1675466489;WAOU1;2560;34593.79:361230.22:528213.81:13096.13
1675470152;WAOU1;2561;36872.11:403855.78:528204.63:14054.79
1675473814;WAOU1;2562;36574.36:424603.69:530139.38:12959.11
1675477476;WAOU1;2563;37705.67:417874.59:532586.81:13633.94
1675481139;WAOU1;2564;37441.78:408793.63:526213.56:13572.21
1675484798;WAOU1;2565;37590.96:411821.84:525600.94:13124.93
1675488460;WAOU1;2566;37493.95:411538.59:519539.91:14118.52
1675492123;WAOU1;2567;35890.09:407851.50:528011.19:13627.92
1675495786;WAOU1;2568;36108.42:407843.84:533982.25:14228.04
1675499445;WAOU1;2569;35389.46:371484.16:534491.38:13216.39
1675503107;WAOU1;2570;36880.38:413858.22:539046.38:12454.83
1675506769;WAOU1;2571;37945.60:411156.56:529785.69:13260.06
1675510432;WAOU1;2572;35876.52:357923.03:527249.38:12456.71
1675514094;WAOU1;2573;35103.98:349400.19:521592.47:13407.23
1675517757;WAOU1;2574;36292.41:375839.56:530737.25:12974.93
1675521417;WAOU1;2575;33899.85:402577.31:527913.25:13091.18
1675525080;WAOU1;2576;35421.68:336261.09:529847.31:12820.09
1675528742;WAOU1;2577;33388.60:337636.09:519609.78:12527.17
1675532404;WAOU1;2578;35402.92:396049.91:521752.72:13578.23
1675536066;WAOU1;2579;35486.00:406346.31:521267.69:13160.69
1675539729;WAOU1;2580;34342.06:403405.09:513516.19:12309.90
1675543391;WAOU1;2581;34536.79:408434.38:515720.28:12846.76
1675547054;WAOU1;2582;33954.61:410284.78:522084.47:13697.55
1675550713;WAOU1;2583;34643.59:412691.63:524646.75:13060.37
1675554376;WAOU1;2584;34061.30:414383.88:528639.38:12349.56
1675558035;WAOU1;2585;36040.80:422425.69:517966.63:12675.99
1675561697;WAOU1;2586;37112.52:428997.94:532287.06:14402.23
1675565359;WAOU1;2587;36006.57:423549.44:554035.50:12823.98
1675569022;WAOU1;2588;37195.95:427379.44:527312.88:13960.25
1675572681;WAOU1;2589;36392.25:431685.06:545542.25:12986.85
1675576344;WAOU1;2590;37501.38:438972.53:542980.94:14439.17
1675580006;WAOU1;2591;36894.89:454175.50:555413.94:15389.44
1675583670;WAOU1;2592;37851.66:441343.47:546371.50:12582.76
1675587332;WAOU1;2593;39664.75:440906.69:556768.56:12973.87
1675590995;WAOU1;2594;38033.16:387043.41:545672.69:14147.31
1675594657;WAOU1;2595;36764.84:429664.25:540150.69:12575.79
1675598320;WAOU1;2596;37534.66:430472.69:537980.44:14254.94
1675601982;WAOU1;2597;37202.21:423713.13:530707.63:13987.16
1675605644;WAOU1;2598;35435.14:417500.81:534911.50:13407.23
1675609303;WAOU1;2599;34338.88:417027.56:536400.81:12059.94
1675612966;WAOU1;2600;36560.79:415603.94:539118.00:14082.64
1675616629;WAOU1;2601;35474.67:413441.84:522477.47:12056.99
1675620291;WAOU1;2602;36296.54:420380.09:528782.88:13510.61
1675623950;WAOU1;2603;36815.82:419040.00:557314.50:13190.55
1675627612;WAOU1;2604;37143.91:422500.63:529555.44:12406.09
1675631271;WAOU1;2605;34174.12:410199.69:536594.13:12032.21
1675634934;WAOU1;2606;36683.52:416896.69:535083.81:12616.51
1675638593;WAOU1;2607;36034.54:419753.88:529947.75:12641.41
1675642256;WAOU1;2608;38032.22:418626.47:528962.88:13150.77
1675645918;WAOU1;2609;37040.76:413683.09:520555.44:13153.84
1675649580;WAOU1;2610;37174.00:428783.25:534574.00:13658.84
1675653244;WAOU1;2611;38057.24:369928.44:535439.63:13497.63
1675656905;WAOU1;2612;38801.81:433165.38:538727.88:13916.47
1675660564;WAOU1;2613;39295.36:435806.13:537061.44:13235.27
1675664228;WAOU1;2614;38032.22:381103.84:547017.50:13842.83
1675667890;WAOU1;2615;39313.06:434236.13:543939.94:12852.78
1675671552;WAOU1;2616;39479.46:435840.22:560837.88:14360.45
1675675211;WAOU1;2617;40263.81:439850.22:546308.69:13450.89
1675678873;WAOU1;2618;38390.29:383325.63:561522.19:14198.18
1675682535;WAOU1;2619;38423.68:432681.50:542053.31:13939.37
1675686199;WAOU1;2620;37926.83:425072.22:540074.44:13279.88
1675689862;WAOU1;2621;37382.42:427194.88:534555.81:13557.34
1675693524;WAOU1;2622;37602.40:430735.75:545118.69:12235.43
1675697186;WAOU1;2623;37280.34:437975.28:541828.63:13010.69
1675700849;WAOU1;2624;36761.65:442505.59:533120.50:13166.71
1675704509;WAOU1;2625;37656.69:435795.97:538568.63:13387.28
1675708170;WAOU1;2626;40602.52:436107.19:545563.31:12521.15
1675711829;WAOU1;2627;40336.27:436729.97:529904.31:13100.14
1675715492;WAOU1;2628;41108.34:435862.28:546352.94:12736.65
1675719151;WAOU1;2629;40701.18:435565.38:541367.69:14976.38
1675722813;WAOU1;2630;43671.91:391054.34:543842.38:13186.53
1675726472;WAOU1;2631;42647.52:449135.44:548341.19:14528.86
1675730134;WAOU1;2632;43194.18:448364.91:577587.94:13938.42
1675733794;WAOU1;2633;46210.11:458792.91:565585.25:14815.88
1675737456;WAOU1;2634;44661.37:460286.66:574097.00:14190.15
1675741115;WAOU1;2635;44225.05:465589.41:562923.25:13931.34
1675744778;WAOU1;2636;46833.95:471719.56:569881.19:13087.16
1675748440;WAOU1;2637;45225.02:481859.03:577185.31:14221.07
1675752102;WAOU1;2638;46692.68:480991.13:575000.94:14926.58
1675755762;WAOU1;2639;47683.79:485917.28:581121.50:14148.37
1675759424;WAOU1;2640;47339.41:483533.69:586560.81:14180.24
1675763083;WAOU1;2641;47239.45:469533.06:578299.25:14304.75
1675766750;WAOU1;2642;46193.23:470282.25:570607.13:14141.41
1675770412;WAOU1;2643;45595.59:470747.69:572856.44:12705.85
1675774074;WAOU1;2644;44413.06:457579.47:559355.13:12603.53
1675777736;WAOU1;2645;43271.13:457070.56:575538.00:13155.73
1675781399;WAOU1;2646;41059.95:464702.88:582345.81:11805.26
1675785067;WAOU1;2647;43491.46:466498.03:548899.75:12171.94
1675788728;WAOU1;2648;47033.51:457558.69:556374.25:13218.40
1675792387;WAOU1;2649;45125.64:460907.91:556076.88:14432.21
1675796050;WAOU1;2650;46624.82:473517.34:567592.50:13723.39
1675799709;WAOU1;2651;48492.44:474674.84:573290.63:13694.60
1675803371;WAOU1;2652;47773.13:471295.78:569117.50:13228.31
1675807030;WAOU1;2653;49064.59:473622.97:576133.50:15024.30
1675810693;WAOU1;2654;49222.38:483139.28:574701.13:15826.70
1675814352;WAOU1;2655;49370.61:482608.06:586514.06:14058.80
1675818014;WAOU1;2656;50464.04:490095.22:582599.81:14751.09
1675821674;WAOU1;2657;50469.35:485919.41:600807.38:14447.19
1675825335;WAOU1;2658;50749.40:484241.44:592537.06:15000.34
1675828994;WAOU1;2659;50990.27:436683.81:600427.63:14299.79
1675832657;WAOU1;2660;51981.97:490320.25:598870.69:14343.57
1675836316;WAOU1;2661;52019.50:492574.03:621615.81:14531.81
1675839978;WAOU1;2662;51474.14:495158.97:597525.81:15032.20
1675843641;WAOU1;2663;53322.77:445203.47:607577.69:14784.01
1675847304;WAOU1;2664;52366.95:475450.69:612522.38:13739.33
1675850966;WAOU1;2665;52440.94:492274.50:616780.75:14982.40
1675854628;WAOU1;2666;51057.66:440357.09:596558.38:14061.75
1675858287;WAOU1;2667;50676.82:469221.75:600809.88:13507.66
1675861950;WAOU1;2668;47571.08:433781.53:579157.00:11673.55
1675865612;WAOU1;2669;45381.63:473267.72:593878.56:10913.17
1675869275;WAOU1;2670;45184.89:469859.16:613407.69:11273.47
1675872937;WAOU1;2671;45948.34:465968.13:569686.56:12693.93
1675876601;WAOU1;2672;50144.56:470551.78:578816.63:13238.22
1675880263;WAOU1;2673;51132.48:485973.22:579928.13:14447.19
1675883925;WAOU1;2674;51759.04:487678.81:596719.94:14589.64
1675887587;WAOU1;2675;51650.82:484389.66:599127.50:15538.14
1675891250;WAOU1;2676;53713.99:487445.97:588307.56:13936.30
1675894909;WAOU1;2677;51332.76:493666.41:608874.06:15971.62
1675898572;WAOU1;2678;54120.80:496213.94:604936.00:15080.12
1675902232;WAOU1;2679;53706.56:496098.28:601809.94:15210.76
1675905893;WAOU1;2680;53936.69:494984.91:592707.88:14601.56
1675909552;WAOU1;2681;55695.74:482734.47:620088.81:14857.78
1675913215;WAOU1;2682;57209.54:459423.25:609805.94:14979.33
1675916874;WAOU1;2683;54456.68:462716.41:624750.56:16179.57
1675920536;WAOU1;2684;56066.31:472411.97:629854.00:14668.36
1675924202;WAOU1;2685;56113.87:469175.59:617053.63:14774.10
1675927865;WAOU1;2686;56186.22:471498.06:628158.81:14668.36
1675931524;WAOU1;2687;56072.80:481844.03:624513.81:15577.09
1675935186;WAOU1;2688;56204.63:482141.44:632246.44:14336.61
1675938845;WAOU1;2689;55901.09:464546.25:640575.50:14490.98
1675942508;WAOU1;2690;54356.60:462285.16:601789.88:15326.54
1675946167;WAOU1;2691;49506.09:439702.94:577369.63:13092.12
1675949829;WAOU1;2692;48983.51:477931.53:599606.44:13134.96
1675953491;WAOU1;2693;48102.75:481234.72:616989.88:10726.23
1675957154;WAOU1;2694;46910.30:485437.78:593059.19:11772.57
1675960816;WAOU1;2695;50923.83:480369.66:596764.81:13351.52
1675964480;WAOU1;2696;53263.52:491019.53:592146.69:13326.62
1675968143;WAOU1;2697;53940.00:456175.88:584208.25:14878.66
1675971805;WAOU1;2698;54702.39:446934.31:608185.31:14011.95
1675975467;WAOU1;2699;55222.02:492031.63:607963.38:14668.36
1675979131;WAOU1;2700;54171.43:479492.78:598197.88:13987.16
1675982794;WAOU1;2701;54990.23:498739.38:612245.94:13998.14
1675986455;WAOU1;2702;58125.36:501664.31:613179.13:14636.49
1675990114;WAOU1;2703;56787.52:513612.13:598001.25:14586.69
1675993776;WAOU1;2704;57987.63:478563.75:619728.00:15935.74
1675997435;WAOU1;2705;57561.71:482490.41:635383.56:14641.45
1676001098;WAOU1;2706;59579.80:473206.47:629491.31:14488.03
1676004758;WAOU1;2707;58812.45:488602.16:625250.25:15255.73
1676008419;WAOU1;2708;58006.04:488789.94:629359.25:14451.21
1676012079;WAOU1;2709;59234.01:491756.19:639198.50:16780.63
1676015741;WAOU1;2710;59378.58:495551.03:643979.69:14596.60
1676019400;WAOU1;2711;60326.50:492647.81:635868.75:16269.50
1676023062;WAOU1;2712;57426.11:494336.16:627362.75:14076.74
1676026722;WAOU1;2713;58989.60:466741.03:614949.94:14910.65
1676030384;WAOU1;2714;55921.50:491002.16:611189.56:14359.51
1676034046;WAOU1;2715;50998.77:461660.72:585802.88:12508.29
1676037709;WAOU1;2716;48314.59:466265.41:616408.75:12226.58
1676041373;WAOU1;2717;48045.39:468728.06:587587.19:12398.18
1676045038;WAOU1;2718;48275.29:455680.44:595239.69:12821.98
1676048700;WAOU1;2719;53232.36:476549.91:591079.56:12895.50
1676052363;WAOU1;2720;53460.26:456601.44:585542.94:14166.31
1676056025;WAOU1;2721;52955.26:451850.19:599112.44:13938.42
1676059689;WAOU1;2722;55504.79:470513.91:606550.19:14105.53
1676063351;WAOU1;2723;55919.38:467869.03:609318.44:15179.84
1676067014;WAOU1;2724;57698.14:468274.31:605362.94:13503.65
1676070676;WAOU1;2725;57433.78:469402.66:607346.00:13793.02
1676074339;WAOU1;2726;56647.90:474899.56:611111.13:15588.07
1676078001;WAOU1;2727;57898.65:473318.47:612839.25:14955.49
1676081664;WAOU1;2728;54671.11:474520.34:624948.88:14339.56
1676085326;WAOU1;2729;58618.08:490190.44:626800.06:15756.83
1676088989;WAOU1;2730;58609.35:490145.00:631160.81:13771.19
1676092649;WAOU1;2731;59764.73:503714.75:627040.13:15880.75
1676096311;WAOU1;2732;60241.52:500792.75:631804.69:15815.84
1676099973;WAOU1;2733;58957.97:496578.00:630476.06:16068.63
1676103635;WAOU1;2734;60240.46:502392.00:644528.13:14396.33
1676107295;WAOU1;2735;58384.64:504001.28:654900.19:15259.62
1676110957;WAOU1;2736;58881.96:508300.19:621587.63:15780.79
1676114627;WAOU1;2737;55225.20:476458.56:607824.69:14078.63
1676118289;WAOU1;2738;53832.36:470019.06:600879.81:12682.01
1676121951;WAOU1;2739;50892.79:461565.03:620598.38:11029.89
1676125615;WAOU1;2740;50142.44:470665.56:621341.44:11131.85
1676129277;WAOU1;2741;49437.76:452043.16:600567.44:11432.80
1676132940;WAOU1;2742;51901.48:459452.28:594731.25:13411.12
1676136599;WAOU1;2743;53340.94:449438.16:583701.81:14506.91
1676140261;WAOU1;2744;55687.12:444270.53:578129.19:13367.45
1676143923;WAOU1;2745;54340.43:469120.84:599267.13:13250.14
1676147586;WAOU1;2746;58586.57:471413.91:596694.94:12615.45
1676151246;WAOU1;2747;58422.64:466560.69:589198.50:14321.62
1676154908;WAOU1;2748;57891.21:480275.69:606291.06:14638.50
1676158567;WAOU1;2749;58407.54:469301.63:604526.56:14311.71
1676162229;WAOU1;2750;56762.61:470933.22:629667.56:14648.41
1676165891;WAOU1;2751;60730.82:475997.81:621497.94:15449.28
1676169554;WAOU1;2752;61353.60:490361.34:628386.25:14248.92
1676173213;WAOU1;2753;59811.59:490037.03:638417.69:15189.88
1676176876;WAOU1;2754;58891.76:484196.47:632477.63:15062.18
1676180535;WAOU1;2755;60243.77:483147.88:634460.69:14390.31
1676184197;WAOU1;2756;59872.48:491960.13:641555.31:13718.55
1676187856;WAOU1;2757;58978.62:484559.13:638153.31:15275.67
1676191518;WAOU1;2758;58233.93:477246.69:643592.25:13996.01
1676195178;WAOU1;2759;62571.89:473737.19:657691.44:13690.70
1676198840;WAOU1;2760;58545.26:494164.31:615402.81:14133.50
1676202499;WAOU1;2761;57626.62:480813.88:612730.19:13991.06
1676206161;WAOU1;2762;53503.33:466533.53:571415.56:12581.81
1676209823;WAOU1;2763;49241.50:493846.84:628947.88:10251.80
1676213487;WAOU1;2764;49404.83:477006.63:619329.00:10879.53
1676217149;WAOU1;2765;50330.44:475745.50:612935.50:11347.59
1676220811;WAOU1;2766;55382.88:467470.47:602836.44:12504.39
1676224470;WAOU1;2767;53919.46:463304.34:581216.50:13188.54
1676228133;WAOU1;2768;58189.32:464431.31:570078.19:13331.58
1676231792;WAOU1;2769;58457.34:462328.94:585339.44:12293.03
1676235454;WAOU1;2770;59232.95:468022.34:606006.88:13384.33
1676239113;WAOU1;2771;60342.90:470947.84:607116.69:13059.43
1676242776;WAOU1;2772;60046.68:457550.44:614690.56:14077.68
1676246435;WAOU1;2773;58580.08:474181.53:616164.13:13225.36
1676250097;WAOU1;2774;60564.07:484765.31:622976.19:14516.82
1676253756;WAOU1;2775;62469.21:486024.78:621213.38:14202.19
1676257419;WAOU1;2776;62944.00:497569.47:629390.31:13059.43
1676261078;WAOU1;2777;62176.18:496154.91:628101.94:14322.57
1676264740;WAOU1;2778;61164.89:510135.59:639908.94:14573.59
1676268399;WAOU1;2779;61936.72:504832.59:633289.00:13214.39
1676272061;WAOU1;2780;63178.38:516607.28:638679.56:14931.54
1676275720;WAOU1;2781;63425.86:525292.56:641954.88:14800.89
1676279384;WAOU1;2782;63277.99:515149.56:641444.81:15204.86
1676283042;WAOU1;2783;60067.33:492849.59:620734.13:15303.53
1676286704;WAOU1;2784;58395.50:498301.78:606494.75:13425.16
1676290366;WAOU1;2785;58263.08:484020.50:599631.31:13128.94
1676294029;WAOU1;2786;54206.83:478751.16:594084.19:11162.54
1676297691;WAOU1;2787;52569.70:489107.41:638420.38:10321.08
1676301355;WAOU1;2788;48789.61:473811.19:699287.44:10296.29
1676305017;WAOU1;2789;53773.12:490067.13:655480.13:10898.42
1676308680;WAOU1;2790;54692.71:483842.53:600492.50:11745.78
1676312339;WAOU1;2791;58398.80:485682.91:577719.06:11991.61
1676316001;WAOU1;2792;59022.05:493192.81:580560.94:13632.87
1676319663;WAOU1;2793;60661.07:490963.22:596451.50:13662.85
1676323326;WAOU1;2794;61357.96:485222.75:594332.00:11916.20
1676326985;WAOU1;2795;62637.63:494786.63:604679.88:12749.52
1676330648;WAOU1;2796;64024.57:497822.97:625126.56:12647.31
1676334310;WAOU1;2797;64277.95:503225.81:621287.63:13671.70
1676337973;WAOU1;2798;65095.10:507066.66:625884.25:14203.13
1676341632;WAOU1;2799;61800.30:511828.44:637057.31:15528.23
1676345294;WAOU1;2800;64113.43:519557.97:646324.13:14170.33
1676348953;WAOU1;2801;64733.61:499821.13:649550.50:14806.91
1676352616;WAOU1;2802;63170.71:519792.00:641242.44:14103.53
1676356275;WAOU1;2803;65018.27:527645.00:650506.56:13285.90
1676359937;WAOU1;2804;64560.13:539681.56:653099.00:14288.81
1676363596;WAOU1;2805;64939.08:532559.44:654625.13:13906.56
1676367261;WAOU1;2806;63850.14:527467.69:649587.69:12873.67
1676370922;WAOU1;2807;60981.61:521994.19:624518.94:13933.46
1676374584;WAOU1;2808;60467.05:511078.19:602433.19:12944.13
1676378246;WAOU1;2809;56964.89:479842.47:575489.63:10940.90
1676381909;WAOU1;2810;52510.81:498717.44:619242.00:9688.15
1676385571;WAOU1;2811;50905.66:496255.22:688931.38:10034.53
1676389234;WAOU1;2812;51258.76:498774.44:680300.44:9531.19
1676392893;WAOU1;2813;56071.62:477872.03:631199.88:10779.69
1676396555;WAOU1;2814;57204.12:466879.22:592492.69:12066.90
1676400215;WAOU1;2815;60933.58:478174.06:569633.75:12309.90
1676403877;WAOU1;2816;59571.07:467764.22:574237.13:12225.64
1676407539;WAOU1;2817;62482.32:468866.63:583948.88:13049.40
1676411203;WAOU1;2818;63240.81:457542.16:588669.31:14182.24
1676414865;WAOU1;2819;62924.41:473561.72:594508.00:12054.98
1676418527;WAOU1;2820;64967.64:478793.75:604574.38:14483.07
1676422190;WAOU1;2821;64507.49:490906.81:623230.38:13037.48
1676425852;WAOU1;2822;65995.10:495838.88:614993.25:13294.87
1676429515;WAOU1;2823;65671.38:477869.81:602060.25:13785.12
1676433178;WAOU1;2824;65224.92:481010.38:624037.75:13559.35
1676436841;WAOU1;2825;67777.39:488312.91:625899.81:14163.24
1676440503;WAOU1;2826;66061.07:507192.72:621595.25:13362.50
1676444165;WAOU1;2827;67149.19:496850.88:632812.94:14180.24
1676447829;WAOU1;2828;66133.77:504625.13:632436.13:13780.16
1676451491;WAOU1;2829;66680.30:507057.81:637206.38:13719.50
1676455153;WAOU1;2830;66793.95:513422.38:624398.06:12829.89
1676458812;WAOU1;2831;61718.27:507429.56:614647.50:12359.59
1676462474;WAOU1;2832;60577.05:495028.31:601567.31:12897.51
1676466136;WAOU1;2833;55041.92:476299.34:598449.63:11274.42
1676469800;WAOU1;2834;54621.55:488375.47:669829.75:11405.06
1676473462;WAOU1;2835;51964.74:493401.47:712237.56:9403.96
1676477125;WAOU1;2836;55644.99:476017.06:669778.06:10369.46
1676480787;WAOU1;2837;59755.06:455903.38:655143.31:11770.56
1676484450;WAOU1;2838;60610.92:464157.75:608344.31:11659.63
1676488112;WAOU1;2839;63299.94:482417.47:588440.50:12089.80
1676491775;WAOU1;2840;64788.61:474700.34:581262.81:12335.75
1676495441;WAOU1;2841;64039.91:473832.31:573691.25:12591.73
1676499104;WAOU1;2842;64295.53:473092.22:580877.69:13406.16
1676502766;WAOU1;2843;66895.34:485259.44:581848.00:12629.49
1676506429;WAOU1;2844;67284.79:479170.81:598830.81:12233.54
1676510091;WAOU1;2845;67033.18:489736.31:612263.56:12775.24
1676513755;WAOU1;2846;70067.05:479202.81:627207.94:11624.93
1676517417;WAOU1;2847;69010.67:498826.81:617012.81:12430.99
1676521080;WAOU1;2848;68669.72:502702.03:626802.56:13073.24
1676524737;WAOU1;2849;68170.87:505543.41:620759.81:14168.32
1676528397;WAOU1;2850;68824.68:514043.13:621531.19:13615.05
1676532057;WAOU1;2851;68686.24:535492.63:622834.94:12744.56
1676535719;WAOU1;2852;70507.72:505335.81:632721.94:13649.75
1676539376;WAOU1;2853;68639.87:509416.03:637402.50:13010.69
1676543040;WAOU1;2854;69508.12:509351.72:656692.19:13157.74
1676546699;WAOU1;2855;66716.77:499755.38:593081.38:11179.42
1676550369;WAOU1;2856;64094.79:484554.88:593868.81:11568.40
1676554031;WAOU1;2857;61450.85:507992.03:641539.56:10209.43
1676557695;WAOU1;2858;59323.11:494497.25:695034.88:11219.89
1676561357;WAOU1;2859;57658.13:498529.19:701341.13:10522.65
1676565019;WAOU1;2860;61961.98:485326.00:683903.06:10375.36
1676568681;WAOU1;2861;62889.36:487417.88:639416.13:10499.87
1676572344;WAOU1;2862;63416.07:483317.25:625672.88:11340.74
1676576003;WAOU1;2863;65036.92:481307.41:600255.44:11644.64
1676579667;WAOU1;2864;68065.83:482087.97:605906.06:12032.21
1676583329;WAOU1;2865;66981.48:487987.19:604361.13:12060.89
1676586991;WAOU1;2866;66354.11:468410.84:586860.13:13484.76
1676590653;WAOU1;2867;67188.84:453860.50:581333.50:11952.90
1676594316;WAOU1;2868;67092.89:461269.63:588337.06:11826.98
1676597978;WAOU1;2869;68138.77:471624.69:576841.06:11820.13
1676601640;WAOU1;2870;70093.60:446740.66:589496.50:12742.55
1676605299;WAOU1;2871;68234.95:455791.97:582638.88:11751.68
1676608963;WAOU1;2872;66575.63:454952.41:590231.00:11662.58
1676612625;WAOU1;2873;68489.39:456636.63:590517.13:12047.08
1676616288;WAOU1;2874;69525.82:455915.66:592003.19:12419.07
1676619947;WAOU1;2875;65941.16:456560.16:596031.69:11750.74
1676623614;WAOU1;2876;68018.27:462549.75:587474.25:11823.08
1676627276;WAOU1;2877;67338.96:463930.31:606882.44:11179.42
1676630938;WAOU1;2878;66960.48:465053.97:650578.44:12140.31
1676634600;WAOU1;2879;66068.86:451257.28:619899.50:10349.64
1676638263;WAOU1;2880;67521.18:456376.16:622770.88:11111.08
1676641922;WAOU1;2881;67402.92:447642.06:630966.31:11406.01
1676645586;WAOU1;2882;67733.14:449434.16:627784.00:11539.72
1676649248;WAOU1;2883;68186.20:463273.09:616334.88:9801.56
1676652910;WAOU1;2884;67311.34:432341.84:608869.13:11390.19
1676656569;WAOU1;2885;69180.15:423537.53:626650.19:11049.71
1676660232;WAOU1;2886;68401.94:455439.09:625402.19:12019.34
1676661264;WAOU1;1;67414.02:448191.31:615940.00:11612.07
1676664926;WAOU1;2;66593.33:422140.19:599272.06:11124.89
1676668589;WAOU1;3;67323.50:447101.53:616620.13:12017.34
1676672251;WAOU1;4;66614.22:427911.13:608028.94:11692.20
1676675914;WAOU1;5;67219.77:433295.31:616737.44:11513.99
1676679576;WAOU1;6;67674.72:428318.28:614377.81:11422.88
1676683239;WAOU1;7;71125.42:418054.56:599352.00:11313.01
1676686898;WAOU1;8;67586.32:429129.06:606721.31:11615.96
1676690560;WAOU1;9;68495.88:421809.50:611878.31:10671.94
1676694223;WAOU1;10;69101.43:417520.28:601709.88:12961.00
1676697885;WAOU1;11;67553.16:421980.63:613199.56:10311.04
1676701547;WAOU1;12;69145.69:421486.72:609116.38:11521.90
1676705211;WAOU1;13;67565.32:401670.34:613493.88:11374.38
1676708870;WAOU1;14;67106.11:426441.69:602936.63:10980.44
1676712532;WAOU1;15;66892.03:420423.28:597787.06:11912.30
1676716191;WAOU1;16;64687.59:414370.19:618368.00:11070.49
1676719853;WAOU1;17;67099.38:417743.34:624526.56:11245.74
1676723515;WAOU1;18;67031.05:432799.50:652976.31:9329.02
1676727179;WAOU1;19;66219.69:435954.59:666655.69:10047.39
1676730841;WAOU1;20;65764.96:430032.47:660766.38:9670.33
1676734504;WAOU1;21;64336.25:433191.31:661886.44:9224.46
1676738166;WAOU1;22;66083.14:425580.50:647257.88:10499.87
1676741829;WAOU1;23;66351.98:427867.44:624722.38:9194.96
1676745492;WAOU1;24;66553.67:436860.72:612917.81:9655.46
1676749154;WAOU1;25;68405.24:433179.41:617193.94:10266.67
1676752816;WAOU1;26;69890.61:440239.78:587656.00:9854.91
1676756479;WAOU1;27;71996.74:433271.34:588396.19:10434.73
1676760141;WAOU1;28;68313.43:441920.34:577001.06:9964.55
1676763804;WAOU1;29;71488.09:434192.00:584697.81:12038.23
1676767463;WAOU1;30;67209.73:430624.09:569276.00:11890.47
1676771126;WAOU1;31;70424.40:427141.41:574560.94:11968.71
1676774789;WAOU1;32;70689.82:415494.75:560071.13:11116.04
1676778451;WAOU1;33;70368.94:426390.22:572800.94:12024.30
1676782110;WAOU1;34;71396.87:426643.84:555284.25:12452.70
1676785772;WAOU1;35;70572.16:432062.25:566575.06:11218.95
1676789434;WAOU1;36;71153.27:426267.38:574205.56:11149.67
1676793098;WAOU1;37;70545.48:414687.66:559511.50:11183.31
1676796760;WAOU1;38;70328.93:432969.34:578090.38:11220.84
1676800423;WAOU1;39;69361.77:430512.56:569749.00:11002.15
1676804082;WAOU1;40;69516.97:424266.03:567906.31:9440.43
1676807744;WAOU1;41;68528.10:427472.56:592688.00:10449.48
1676811403;WAOU1;42;69317.52:428365.97:608901.81:9890.43
1676815065;WAOU1;43;67415.08:432000.41:632059.38:9874.62
1676818724;WAOU1;44;67209.73:431788.69:640903.69:9678.24
1676822387;WAOU1;45;68798.13:416386.63:644536.06:10374.30
1676826049;WAOU1;46;68982.94:418975.22:620365.31:9121.08
1676829712;WAOU1;47;72034.51:438458.56:609356.44:10411.95
1676833375;WAOU1;48;69690.92:427833.81:566118.25:10758.92
1676837037;WAOU1;49;72705.44:425833.91:571909.06:11847.86
1676840699;WAOU1;50;71933.25:428489.06:571769.38:11397.16
1676844362;WAOU1;51;70148.01:428640.13:576520.94:11613.01
1676848021;WAOU1;52;74831.76:438863.72:579954.81:10327.92
1676851684;WAOU1;53;71183.25:432845.41:578904.19:10343.74
1676855347;WAOU1;54;74698.52:441683.38:580916.75:10812.26
1676859009;WAOU1;55;73241.00:445118.16:576026.81:11910.30
1676862668;WAOU1;56;73479.87:447597.22:557891.63:10940.90
1676866330;WAOU1;57;74858.66:464318.47:544881.50:11374.38
1676869989;WAOU1;58;74480.30:450486.50:555194.56:12315.92
1676873653;WAOU1;59;72467.98:464579.66:556575.00:12501.33
1676877315;WAOU1;60;71356.73:464099.31:565293.75:12126.38
1676880977;WAOU1;61;72615.16:472200.84:562680.63:12113.52
1676884639;WAOU1;62;70918.77:460733.34:569511.25:11642.75
1676888303;WAOU1;63;71481.37:458190.09:554259.13:11100.23
1676891966;WAOU1;64;68515.95:459346.53:561964.38:11974.73
1676895627;WAOU1;65;65999.47:436758.16:557702.31:10424.70
1676899289;WAOU1;66;60274.21:446357.56:568702.44:9326.07
1676902952;WAOU1;67;57140.27:450453.59:646022.69:8622.45
1676906614;WAOU1;68;58180.71:457143.03:688644.88:9138.66
1676910278;WAOU1;69;64483.18:456832.88:658176.69:8831.23
1676913940;WAOU1;70;65278.73:448248.56:627094.19:10192.56
1676917603;WAOU1;71;67238.53:450033.78:617000.06:9679.18
1676921262;WAOU1;72;69713.11:446703.94:580271.31:10176.74
1676924924;WAOU1;73;71669.37:447903.34:579295.56:9878.63
1676928583;WAOU1;74;71736.16:442005.22:584712.44:10447.47
1676932246;WAOU1;75;72376.64:454021.13:573879.50:10876.58
1676935905;WAOU1;76;70769.84:450242.69:591699.50:10610.57
1676939568;WAOU1;77;72812.48:458159.03:579774.69:12120.48
1676943227;WAOU1;78;72709.92:468240.53:582831.81:11949.95
1676946888;WAOU1;79;74788.09:471548.81:584328.19:12266.24
1676950548;WAOU1;80;71489.16:474901.66:575027.44:10912.11
1676954210;WAOU1;81;73767.00:476063.66:573599.44:11481.30
1676957869;WAOU1;82;74775.81:480613.00:578629.56:11778.47
1676961531;WAOU1;83;72541.52:495688.41:591175.88:12086.73
1676965190;WAOU1;84;74491.51:497040.88:586185.19:11168.44
1676968853;WAOU1;85;72959.77:475656.41:567398.56:11423.95
1676972516;WAOU1;86;69973.81:484701.00:585925.38:12596.57
1676976178;WAOU1;87;69766.34:477637.91:582553.44:11390.19
1676979840;WAOU1;88;68106.66:453588.81:584484.75:9732.52
1676983503;WAOU1;89;61594.95:466642.47:580244.44:8508.33
1676987165;WAOU1;90;60143.57:469059.94:631984.00:8805.74
1676990828;WAOU1;91;60898.64:482511.78:704513.56:8992.91
1676994490;WAOU1;92;60802.70:483017.13:700618.31:9735.47
1676998153;WAOU1;93;62545.69:463565.06:652145.06:8911.12
1677001815;WAOU1;94;67965.16:446526.69:631918.94:8799.72
1677005478;WAOU1;95;67549.74:464036.66:606537.44:9767.10
1677009137;WAOU1;96;70089.23:448309.69:586983.06:11061.52
1677012800;WAOU1;97;70501.11:444034.97:578763.19:11094.21
1677016459;WAOU1;98;70810.91:426657.78:586023.50:10546.37
1677020121;WAOU1;99;73242.06:438760.91:581096.94:10985.39
1677023777;WAOU1;100;75440.02:447682.91:578017.69:12149.28
1677027439;WAOU1;101;73545.84:467787.34:579682.31:10681.74
1677031098;WAOU1;102;75925.66:455581.44:601612.38:11973.67
1677034760;WAOU1;103;77557.01:469263.88:611012.31:11114.03
1677038422;WAOU1;104;76422.74:476348.09:594096.69:11256.48
1677042086;WAOU1;105;74492.69:470396.00:585542.94:10427.76
1677045749;WAOU1;106;76669.88:483984.03:588209.25:12424.97
1677049411;WAOU1;107;73631.76:477287.16:589602.44:11269.46
1677053070;WAOU1;108;74700.76:491246.81:586406.06:12047.08
1677056732;WAOU1;109;72264.05:479337.22:591521.56:10652.11
1677060395;WAOU1;110;72767.87:482895.09:578097.69:10723.28
1677064057;WAOU1;111;69092.58:463550.44:581635.81:9972.33
1677067719;WAOU1;112;67554.23:453407.78:584624.25:10563.13
1677071382;WAOU1;113;68031.48:455296.78:586786.56:10696.61
1677075045;WAOU1;114;67470.31:442963.75:591884.56:11103.18
1677078708;WAOU1;115;66997.89:445557.53:594317.13:10651.05
1677082367;WAOU1;116;68908.83:440898.56:590366.50:9756.25
1677086030;WAOU1;117;69700.95:441754.19:596272.56:10306.21
1677089692;WAOU1;118;69133.53:432110.16:591168.44:10285.43
1677093354;WAOU1;119;68578.97:422283.94:588622.44:11206.09
1677097016;WAOU1;120;72143.80:412551.78:592423.56:10999.20
1677100679;WAOU1;121;70448.83:411492.09:586644.13:11874.54
1677104338;WAOU1;122;68097.81:409048.78:572393.31:12640.23
1677108001;WAOU1;123;71600.45:402307.41:587412.69:12254.32
1677111660;WAOU1;124;70008.27:395096.31:592314.75:11572.41
1677115322;WAOU1;125;69665.43:396328.88:598992.75:11250.58
1677118985;WAOU1;126;69470.35:402213.59:591704.25:12823.98
1677122647;WAOU1;127;68832.35:409951.84:515221.19:14677.33
1677126306;WAOU1;128;68899.98:388038.41:513931.38:16361.43
1677129969;WAOU1;129;67342.27:390962.19:525716.69:15069.14
1677133628;WAOU1;130;68613.31:389987.34:526974.25:14477.05
1677137290;WAOU1;131;66252.73:405344.00:534622.25:13442.98
1677140949;WAOU1;132;65559.26:402445.25:527042.63:12379.41
1677144612;WAOU1;133;65326.06:401114.00:538903.25:12523.28
1677148275;WAOU1;134;64434.91:393053.56:538155.81:11491.22
1677151937;WAOU1;135;61111.43:408699.09:559563.69:10902.31
1677155600;WAOU1;136;58460.64:403502.91:569110.31:11231.81
1677159262;WAOU1;137;57791.37:403855.78:588738.13:11230.87
1677162924;WAOU1;138;57497.74:406529.34:629408.50:10641.26
1677166587;WAOU1;139;57267.02:397116.66:644135.13:10432.60
1677170249;WAOU1;140;58175.28:403316.81:617451.44:9792.71
1677173912;WAOU1;141;59335.15:402123.78:598414.56:10075.13
1677208090;WAOU1;142;60654.46:417189.84:575245.19:11542.79
1677211752;WAOU1;143;62775.47:412699.41:584827.50:11200.07
1677215415;WAOU1;144;59892.07:415756.19:580249.25:10757.86
1677219077;WAOU1;145;60294.98:419589.03:569465.56:10771.78
1677222740;WAOU1;146;61096.09:422217.03:574106.69:10817.22
1677226399;WAOU1;147;57551.79:423969.81:567398.56:11225.91
1677230062;WAOU1;148;58268.63:420179.94:551420.13:11806.20
1677233722;WAOU1;149;56228.47:412899.56:555255.94:11380.28
1677237383;WAOU1;150;56660.88:415970.84:557621.94:11516.94
1677241045;WAOU1;151;55695.74:397302.88:570859.56:9968.44
1677244708;WAOU1;152;54401.80:395431.72:578583.44:9185.99
1677248370;WAOU1;153;51797.63:401634.00:618730.75:10987.40
1677252033;WAOU1;154;49912.78:402563.97:659731.25:10171.78
1677255695;WAOU1;155;54827.37:402600.31:639054.25:9045.19
1677259360;WAOU1;156;55761.71:403995.75:609442.13:9599.28
1677263022;WAOU1;157;54965.33:404233.81:593361.06:9312.26
1677266684;WAOU1;158;56046.84:399160.25:567973.44:10000.07
1677270343;WAOU1;159;57558.40:405232.47:566264.13:9713.76
1677274005;WAOU1;160;56859.98:391655.41:562461.44:10049.40
1677277668;WAOU1;161;59285.11:389558.72:561189.50:11173.40
1677281330;WAOU1;162;59404.66:403742.50:563735.56:11628.82
1677284989;WAOU1;163;58355.38:389378.50:566111.00:10654.12
1677288652;WAOU1;164;58891.76:408826.44:566323.94:11562.50
1677292314;WAOU1;165;61091.72:408625.56:563204.25:10400.03
1677295977;WAOU1;166;60192.55:404957.72:549372.44:10811.32
1677299636;WAOU1;167;59198.25:408486.56:555357.31:10692.71
1677303298;WAOU1;168;60593.45:417361.91:551387.19:10553.33
1677306957;WAOU1;169;59726.61:417166.38:532731.06:11828.98
1677310620;WAOU1;170;59473.23:421164.19:542380.25:12010.49
1677314283;WAOU1;171;59312.38:439597.88:543435.94:11108.13
1677317945;WAOU1;172;59210.05:411156.56:531781.56:10734.14
1677321604;WAOU1;173;56599.16:415902.50:529318.31:11211.04
1677325266;WAOU1;174;57320.01:423285.19:524669.31:11865.68
1677328925;WAOU1;175;54721.74:406500.44:531726.63:10527.49
1677332600;WAOU1;176;56027.37:410871.69:551204.13:10327.92
1677336262;WAOU1;177;54324.26:406592.84:560590.88:10455.38
1677339929;WAOU1;178;54742.28:405522.91:562081.00:10625.44
1677343590;WAOU1;179;57023.31:411998.38:554749.13:10583.90
1677347253;WAOU1;180;58407.54:404406.56:554450.00:11054.67
1677350916;WAOU1;181;57414.30:420209.19:534083.19:10631.34
1677354578;WAOU1;182;59400.41:432581.66:542266.63:11177.29
1677358241;WAOU1;183;56668.43:437983.28:543222.31:10446.53
1677361903;WAOU1;184;57698.14:439991.47:539362.69:10242.00
1677365566;WAOU1;185;57227.95:440264.09:534881.81:10578.94
1677369229;WAOU1;186;58822.25:435647.50:554756.25:11176.35
1677372888;WAOU1;187;59362.30:439555.53:539686.06:11582.33
1677376550;WAOU1;188;59147.15:430277.38:539120.25:12725.68
1677380209;WAOU1;189;57932.28:455750.56:547974.38:12369.38
1677383872;WAOU1;190;59579.80:454142.56:579565.56:12802.15
1677387534;WAOU1;191;59412.34:470067.56:565200.63:12582.76
1677391198;WAOU1;192;60793.02:470195.97:587516.06:12429.92
1677394860;WAOU1;193;59552.66:466870.84:578243.44:12861.75
1677398523;WAOU1;194;59638.57:488030.25:585011.25:13437.08
1677402185;WAOU1;195;59128.62:476242.00:577063.94:12446.80
1677405848;WAOU1;196;56878.39:464107.69:582697.38:13766.23
1677409510;WAOU1;197;57134.84:457595.97:578469.19:12153.17
1677413172;WAOU1;198;56730.16:457798.84:573143.44:12688.97
1677416831;WAOU1;199;57130.59:463047.91:575206.63:12251.37
1677420494;WAOU1;200;53108.80:453662.94:582592.50:11691.26
1677424157;WAOU1;201;53959.35:453634.25:574374.94:10617.54
1677427819;WAOU1;202;55482.13:455956.97:587803.50:11197.12
1677431476;WAOU1;203;57584.37:456727.50:581821.25:11489.21
1677435140;WAOU1;204;54545.07:454680.38:591901.94:12613.56
1677438799;WAOU1;205;55702.35:463800.84:577893.75:11842.91
1677442485;WAOU1;206;56714.93:463583.81:586437.94:11703.18
1677446177;WAOU1;207;56392.75:465612.41:601860.00:12117.53
1677449872;WAOU1;208;58825.44:473853.44:586636.81:13025.56
1677453534;WAOU1;209;58941.80:489161.47:571025.50:12654.28
1677457197;WAOU1;210;59301.40:472798.38:589932.69:12529.18
1677460856;WAOU1;211;60730.82:476490.31:598315.06:12165.09
1677464519;WAOU1;212;58147.07:477093.59:610195.31:12318.75
1677468178;WAOU1;213;58500.77:475535.53:603972.00:13442.98
1677471840;WAOU1;214;57376.42:482299.81:605375.69:12703.84
1677475499;WAOU1;215;59420.01:473762.56:620401.06:12638.34
1677479162;WAOU1;216;56464.03:495612.16:617096.81:11841.85
1677482821;WAOU1;217;59923.59:489844.31:606049.56:12379.41
1677486484;WAOU1;218;59614.62:489721.22:622616.63:12943.18
1677490146;WAOU1;219;57140.27:485407.69:606281.00:13357.54
1677493809;WAOU1;220;56711.75:489677.91:587594.63:13531.50
1677497471;WAOU1;221;57163.05:479885.19:592606.38:12724.73
1677501134;WAOU1;222;53856.09:474079.91:589627.13:10691.65
1677504796;WAOU1;223;51119.74:480813.88:600112.94:11657.62
1677508459;WAOU1;224;52709.31:490696.84:637146.31:11155.58
1677512118;WAOU1;225;52093.50:507199.44:638724.19:11255.54
1677515780;WAOU1;226;55655.85:494989.16:634176.63:10629.34
1677519443;WAOU1;227;57552.97:496194.09:628533.75:11913.25
1677523105;WAOU1;228;57923.67:490610.34:625644.56:12455.77
1677526764;WAOU1;229;57724.22:506502.44:620447.19:12252.43
1677530426;WAOU1;230;56057.70:500386.78:617285.75:12500.38
1677534085;WAOU1;231;57737.20:493953.44:604381.19:13565.25
1677537749;WAOU1;232;58898.25:503349.13:615018.63:12656.16
1677541408;WAOU1;233;60169.77:515838.88:626898.13:12396.17
1677545070;WAOU1;234;58100.46:480455.09:621508.19:12198.85
1677548732;WAOU1;235;61052.42:500516.13:634392.94:12242.40
1677552396;WAOU1;236;61067.76:476025.56:621003.19:12008.37
1677556058;WAOU1;237;60037.95:488133.75:627169.38:12065.96
1677559720;WAOU1;238;56554.90:487049.53:627319.00:12732.64
1677563382;WAOU1;239;58630.00:500860.72:627326.81:12415.05
1677567045;WAOU1;240;59251.48:497440.47:629791.81:13090.23
1677570704;WAOU1;241;57729.53:503476.81:621033.88:13027.56
1677574366;WAOU1;242;58447.66:504124.75:618477.88:13144.75
1677578028;WAOU1;243;59688.61:487775.81:622729.69:13330.63
1677581689;WAOU1;244;59429.80:491628.25:610918.63:12597.63
1677585351;WAOU1;245;56906.48:481839.78:594679.00:11890.47
1677589013;WAOU1;246;56836.14:460650.28:631430.69:11313.01
1677592675;WAOU1;247;54117.49:459773.75:653938.94:11610.06
1677596338;WAOU1;248;52716.75:508388.81:665329.00:11536.77
1677599996;WAOU1;249;54323.20:493966.41:649282.44:10829.02
1677603659;WAOU1;250;54664.62:478369.97:645304.13:12426.97
1677607321;WAOU1;251;57356.83:497621.88:639410.69:12191.88
1677610985;WAOU1;252;58229.57:493688.13:637112.31:12909.43
1677614647;WAOU1;253;60713.36:502260.06:627910.75:12716.83
1677618310;WAOU1;254;61943.33:499126.81:612410.56:12862.69
1677621969;WAOU1;255;61704.11:507604.34:623161.25:13475.79
1677625631;WAOU1;256;62451.63:516262.09:611298.38:12564.82
1677629290;WAOU1;257;62395.93:517697.19:617627.56:13456.91
1677632953;WAOU1;258;64105.64:524162.06:627275.06:13297.82
1677636613;WAOU1;259;61089.59:532392.31:617811.31:12381.30
1677640274;WAOU1;260;61321.97:531015.88:648253.69:12494.48
1677643933;WAOU1;261;62711.98:534895.38:623783.19:12769.34
1677647595;WAOU1;262;63443.45:533216.56:614065.44:13187.60
1677651254;WAOU1;263;62348.84:529881.50:628391.56:13557.34
1677654917;WAOU1;264;63058.95:537899.81:639958.88:13065.33
1677658577;WAOU1;265;62528.23:537151.13:631651.38:13341.61
1677662238;WAOU1;266;63670.28:526236.19:627566.94:12525.17
1677665901;WAOU1;267;63874.21:530888.06:608649.50:12614.50
1677669563;WAOU1;268;59897.50:524266.25:616008.69:12351.56
1677673222;WAOU1;269;61100.45:503723.59:614403.44:11939.09
1677676885;WAOU1;270;57660.25:524384.06:656435.25:10953.77
1677680544;WAOU1;271;56488.93:536982.94:678105.13:11063.64
1677684206;WAOU1;272;56415.41:527717.69:664993.50:11355.50
1677687865;WAOU1;273;60509.54:519537.78:648476.31:10263.72
1677691527;WAOU1;274;59988.97:516528.81:645119.31:12715.76
1677695186;WAOU1;275;61162.77:515870.28:656060.44:12073.87
1677698849;WAOU1;276;60325.43:510906.94:659156.25:11905.34
1677702511;WAOU1;277;61119.10:514523.59:651450.44:12647.31
1677706174;WAOU1;278;63960.84:515615.00:641166.31:12652.15
1677709834;WAOU1;279;65672.55:525038.69:640090.00:13186.53
1677713495;WAOU1;280;63964.26:523334.03:640305.13:13818.99
1677717154;WAOU1;281;63141.09:533940.81:636430.25:12936.22
1677720818;WAOU1;282;67331.29:527315.38:630253.25:12715.76
1677724480;WAOU1;283;64758.87:535290.50:632425.69:12647.31
1677728142;WAOU1;284;63306.55:534686.56:631041.50:13174.61
1677731805;WAOU1;285;66586.60:522251.59:628808.00:12777.37
1677735467;WAOU1;286;67069.77:529847.31:629116.06:13213.44
1677739126;WAOU1;287;65438.18:508668.16:643600.06:14000.03
1677742789;WAOU1;288;65395.34:523811.31:636132.63:13156.67
1677746447;WAOU1;289;66637.35:507932.22:640877.38:12700.89
1677750110;WAOU1;290;65133.57:510918.16:632189.06:11732.92
1677753769;WAOU1;291;62892.54:501280.06:630452.81:13584.25
1677757431;WAOU1;292;62228.58:493818.66:626371.56:12190.82
1677761090;WAOU1;293;61734.68:494299.22:654860.19:11654.67
1677764753;WAOU1;294;59969.38:495684.03:667596.63:11395.15
1677768415;WAOU1;295;58742.94:522023.47:692043.31:10533.51
1677772078;WAOU1;296;57161.87:539508.19:751064.13:10823.24
1677775740;WAOU1;297;60555.33:528618.94:703992.06:11229.81
1677779403;WAOU1;298;60694.83:501161.44:666750.56:11003.21
1677783062;WAOU1;299;65048.95:504329.72:659164.50:11596.13
1677786725;WAOU1;300;65373.38:487073.13:647310.75:12575.79
1677790388;WAOU1;301;68498.24:511946.44:652328.81:12840.86
1677794050;WAOU1;302;68347.77:507619.94:645837.56:11310.06
1677797709;WAOU1;303;70638.84:502286.38:660874.25:12793.18
1677801371;WAOU1;304;69560.16:503701.53:618470.19:12416.00
1677805033;WAOU1;305;71400.16:525882.25:635349.56:13515.57
1677808695;WAOU1;306;70282.31:526347.50:639117.19:13373.47
1677812355;WAOU1;307;72769.05:548359.81:625930.75:13375.36
1677816018;WAOU1;308;74262.20:533888.19:629346.44:13038.54
1677819677;WAOU1;309;73262.24:537554.19:617867.44:12797.19
1677823339;WAOU1;310;74147.02:554259.13:642417.75:11687.36
1677826999;WAOU1;311;75796.55:543914.38:643787.25:13349.52
1677830661;WAOU1;312;73541.35:539796.94:644538.88:12928.31
1677834320;WAOU1;313;70788.72:540044.31:635686.31:12738.54
1677837982;WAOU1;314;72124.80:518921.50:626317.50:12850.77
1677841641;WAOU1;315;66704.62:516564.69:604323.31:12222.57
1677845305;WAOU1;316;65795.88:502532.69:616294.06:12932.21
1677848967;WAOU1;317;61838.41:560382.00:670646.31:9878.63
1677852630;WAOU1;318;61057.97:606346.38:699264.88:10369.46
1677856292;WAOU1;319;60345.02:597316.75:778443.69:9877.57
1677859954;WAOU1;320;63959.77:576058.56:740021.19:10831.15
1677863616;WAOU1;321;65415.04:547633.56:709295.63:11264.39
1677867279;WAOU1;322;68141.01:534808.13:683128.88:11181.30
1677870942;WAOU1;323;67839.23:511425.41:649892.88:11153.57
1677874604;WAOU1;324;70764.29:493071.25:645063.81:11329.77
1677878263;WAOU1;325;69321.88:493775.22:636453.63:10854.87
1677881925;WAOU1;326;72832.54:488448.88:627908.00:11223.91
1677885584;WAOU1;327;71965.59:477901.66:625214.13:10491.02
1677889247;WAOU1;328;75545.41:481409.84:617984.75:10822.18
1677892906;WAOU1;329;74005.05:483420.03:632347.69:10976.54
1677896568;WAOU1;330;73962.55:493796.81:635623.63:10800.46
1677900227;WAOU1;331;77081.28:491188.41:652304.88:11200.07
1677903890;WAOU1;332;77890.29:495679.66:643584.38:11619.03
1677907549;WAOU1;333;79156.26:500678.63:629219.56:12748.57
1677911211;WAOU1;334;77750.67:495193.78:642260.00:12691.92
1677914873;WAOU1;335;79519.75:532925.75:647694.69:12750.46
1677918536;WAOU1;336;79435.02:539838.63:623999.19:13058.37
1677922195;WAOU1;337;79035.52:511955.28:628461.38:12416.00
1677925858;WAOU1;338;74288.99:507644.38:614827.94:12072.80
1677929520;WAOU1;339;73448.59:490867.75:619096.25:12428.98
1677933183;WAOU1;340;66230.66:525802.75:633364.44:9756.25
1677936845;WAOU1;341;62435.23:541673.31:677937.38:10229.14
1677940508;WAOU1;342;65085.19:563356.75:775290.38:9502.63
1677944170;WAOU1;343;64870.87:555470.50:758739.06:9316.16
1677947833;WAOU1;344;71007.64:535313.50:714787.56:11255.54
1677951495;WAOU1;345;75918.81:518128.31:667688.75:11398.10
1677955163;WAOU1;346;77036.31:500533.81:633609.19:11143.77
1677958825;WAOU1;347;80157.16:479138.84:612043.06:11564.50
1677962487;WAOU1;348;81785.68:479757.13:629931.88:10048.46
1677966146;WAOU1;349;83522.77:468158.88:617903.25:12678.12
1677969809;WAOU1;350;81895.79:480141.28:623644.31:12050.15
1677973471;WAOU1;351;84666.48:484035.50:624274.50:11494.17
1677977134;WAOU1;352;85024.66:502798.81:613191.88:12407.15
1677980793;WAOU1;353;85973.76:510918.16:600639.94:12406.09
1677984455;WAOU1;354;85633.28:525093.06:592569.31:14262.85
1677988114;WAOU1;355;86376.31:536163.81:588701.31:13028.63
1677991777;WAOU1;356;87584.58:529377.56:599214.75:12537.08
1677995436;WAOU1;357;86192.21:531249.00:586094.50:13603.13
1677999098;WAOU1;358;84231.00:545321.25:607348.50:15272.72
1678002757;WAOU1;359;84802.32:551201.94:607368.69:12681.07
1678006419;WAOU1;360;83673.02:526229.38:593465.06:12956.05
1678010079;WAOU1;361;80265.73:523329.44:639287.50:13619.07
1678013741;WAOU1;362;81870.77:546989.50:591425.25:12560.92
1678017400;WAOU1;363;77891.35:511734.84:596101.06:13667.69
1678021062;WAOU1;364;69998.13:561988.13:658882.44:10809.31
1678024724;WAOU1;365;66621.89:608427.50:701790.44:11474.34
1678028387;WAOU1;366;66791.71:593135.88:764258.00:11232.76
1678032046;WAOU1;367;69449.34:602418.19:759497.31:10946.80
1678035709;WAOU1;368;76403.74:563332.88:677317.00:12241.45
1678039368;WAOU1;369;82798.51:533001.44:627238.88:12355.57
1678043030;WAOU1;370;78683.60:521849.75:614222.88:12167.10
1678046687;WAOU1;371;82381.55:505496.91:614970.38:11453.57
1678050352;WAOU1;372;82389.58:508761.41:628984.00:11462.42
1678054012;WAOU1;373;86070.88:522667.13:619165.31:12551.01
1678057673;WAOU1;374;85693.82:510453.28:615764.31:13511.67
1678061332;WAOU1;375;86867.27:543243.31:623251.06:13507.66
1678064994;WAOU1;376;87426.31:553717.94:610653.06:13174.61
1678068653;WAOU1;377;85439.02:544135.06:603182.25:13128.94
1678072316;WAOU1;378;86897.13:543874.81:607925.56:13804.00
1678075975;WAOU1;379;88134.06:551917.44:608266.06:13660.73
1678079638;WAOU1;380;86056.13:553160.44:607575.19:12915.45
1678083300;WAOU1;381;84343.82:550109.69:609745.31:12668.08
1678086969;WAOU1;382;86406.05:556343.44:628156.19:12054.98
1678090629;WAOU1;383;85368.33:528457.19:620242.31:13888.62
1678094291;WAOU1;384;84372.38:535363.88:609846.56:13371.35
1678097954;WAOU1;385;83463.65:533306.00:615978.13:12147.27
1678101616;WAOU1;386;79140.45:528479.94:607623.00:12253.37
1678105275;WAOU1;387;80597.25:506652.91:621464.38:12204.75
1678108943;WAOU1;388;81367.31:522129.56:616169.06:13444.05
1678112605;WAOU1;389;79446.46:515375.56:634564.75:11975.68
1678116267;WAOU1;390;81312.91:518285.63:652837.75:12344.60
1678119929;WAOU1;391;81742.60:516656.50:632727.25:11669.54
1678123592;WAOU1;392;80883.68:510437.72:630201.31:11815.17
1678127259;WAOU1;393;78211.18:514901.25:630066.56:11826.03
1678130921;WAOU1;394;81826.63:511164.94:649784.06:11739.76
1678134581;WAOU1;395;82781.39:502257.81:620716.19:12495.42
1678138242;WAOU1;396;79919.71:518979.91:659637.06:11408.01
1678141930;WAOU1;397;84529.70:509715.56:634601.38:11910.30
1678145645;WAOU1;398;84665.42:506122.19:630608.38:12090.74
1678149307;WAOU1;399;87292.24:530700.81:637959.69:13725.40
1678152968;WAOU1;400;88142.09:513712.56:627590.19:14238.89
1678156627;WAOU1;401;87721.00:521191.19:618840.63:13486.65
1678160289;WAOU1;402;86963.45:520433.78:629237.69:13509.55
1678163948;WAOU1;403;84358.70:520690.56:617635.19:12953.10
1678167611;WAOU1;404;84950.55:521734.66:613037.00:13278.00
1678171270;WAOU1;405;83163.41:505941.03:610797.31:12682.01
1678174932;WAOU1;406;84293.66:511977.72:619894.31:12470.64
1678178592;WAOU1;407;84061.29:521439.16:620677.69:11892.47
1678182253;WAOU1;408;83703.81:503148.72:620242.31:14075.67
1678185912;WAOU1;409;81154.29:495008.63:614360.25:12197.79
1678189575;WAOU1;410;84231.00:496971.00:625214.13:12833.90
1678193238;WAOU1;411;79404.56:489431.59:653157.56:11965.76
1678196901;WAOU1;412;76319.48:488606.41:645607.88:11678.39
1678200563;WAOU1;413;79003.90:504351.81:651043.50:12293.97
1678204226;WAOU1;414;82589.38:504281.09:651141.81:11965.76
1678207889;WAOU1;415;81452.40:510051.09:645877.19:12468.63
1678211551;WAOU1;416;81152.05:508422.22:644647.00:11552.58
1678215213;WAOU1;417;79834.98:503245.75:639665.00:10756.91
1678218876;WAOU1;418;81757.36:494608.19:635088.75:12039.17
1678222535;WAOU1;419;85049.80:494281.88:648163.44:12230.48
1678226197;WAOU1;420;86574.23:468473.75:647901.06:12359.59
1678229856;WAOU1;421;86455.27:498962.53:642328.44:13480.75
1678233518;WAOU1;422;84553.66:513739.38:640890.63:13476.86
1678237177;WAOU1;423;84866.16:527197.13:628303.63:13708.52
1678240840;WAOU1;424;85970.34:519877.66:637282.25:13396.25
1678244499;WAOU1;425;85472.19:526072.88:632248.94:13644.79
1678248161;WAOU1;426;87502.08:506612.91:620754.50:12998.77
1678251820;WAOU1;427;83692.37:499902.19:624490.69:13158.80
1678255483;WAOU1;428;84797.60:516369.63:619129.44:12987.91
1678259147;WAOU1;429;81926.48:506672.72:625062.13:13484.76
1678262812;WAOU1;430;84668.73:508903.38:627065.88:13208.37
1678266471;WAOU1;431;80769.32:496076.44:633955.31:11976.74
1678270133;WAOU1;432;85562.35:494207.75:645011.06:13160.69
1678273792;WAOU1;433;82907.55:507130.75:643384.06:11982.64
1678277454;WAOU1;434;76859.88:495355.00:654627.81:12319.82
1678281112;WAOU1;435;80927.81:492591.28:649478.75:12857.74
1678284776;WAOU1;436;78533.60:511011.50:668408.19:12326.78
1678288438;WAOU1;437;81836.78:498542.41:670861.19:12058.05
1678292102;WAOU1;438;77402.88:477827.31:671719.75:12445.74
1678295764;WAOU1;439;81178.13:420266.31:695031.94:12026.31
1678299426;WAOU1;440;79026.44:418945.81:705895.31:12510.29
1678303088;WAOU1;441;83575.18:421174.09:691889.50:11236.77
1678306751;WAOU1;442;81735.76:427659.16:711816.94:12142.32
1678310410;WAOU1;443;80045.16:437025.47:703700.19:12056.05
1678314073;WAOU1;444;81954.80:415760.06:693852.63:11947.94
1678317736;WAOU1;445;78708.27:430572.16:681485.81:13237.28
1678321398;WAOU1;446;83966.76:416611.31:692669.25:14677.33
1678325060;WAOU1;447;82741.62:421577.25:678313.88:14607.58
1678328723;WAOU1;448;83372.66:417246.50:686077.75:14400.34
1678332382;WAOU1;449;83120.10:407192.03:689357.19:13848.73
1678336044;WAOU1;450;82381.55:417643.50:667528.88:14628.47
1678339703;WAOU1;451;81921.76:420366.41:668432.63:17155.10
1678343365;WAOU1;452;81937.69:406321.41:533452.69:21027.01
1678347025;WAOU1;453;79208.19:411684.09:535400.69:20397.62
1678350687;WAOU1;454;78901.23:420847.78:548612.38:18772.17
1678354349;WAOU1;455;78242.80:404395.00:546863.63:18651.67
1678358012;WAOU1;456;75035.57:406877.84:567398.56:17266.27
1678361674;WAOU1;457;73262.24:406021.16:582052.94:16578.46
1678365338;WAOU1;458;67003.55:400819.81:587926.50:16131.53
1678369000;WAOU1;459;63821.57:403959.28:674245.56:15216.78
1678372664;WAOU1;460;65488.80:398457.44:711859.81:15281.69
1678376326;WAOU1;461;68685.18:400827.47:690820.38:13067.34
1678379988;WAOU1;462;72306.42:391423.63:653082.88:13464.94
1678383651;WAOU1;463;70295.65:401953.47:633447.63:13808.96
1678387314;WAOU1;464;72362.13:398678.38:619004.19:14329.65
1678390976;WAOU1;465;72806.93:400100.13:589600.00:14186.26
1678394639;WAOU1;466;72125.98:395465.84:598683.63:14112.61
1678398301;WAOU1;467;73082.50:401179.03:588745.56:14419.34
1678401964;WAOU1;468;74035.26:400449.47:476760.09:15276.74
1678405626;WAOU1;469;75033.33:380063.41:488714.53:21910.84
1678409289;WAOU1;470;72079.12:386416.38:525553.38:20669.89
1678412948;WAOU1;471;70842.06:392230.50:537865.38:21045.18
1678416610;WAOU1;472;72121.49:381098.41:516107.63:20612.29
1678420269;WAOU1;473;69204.46:389654.66:513545.09:19024.49
1678423931;WAOU1;474;69047.14:392287.16:527811.00:19170.24
1678427590;WAOU1;475;64807.25:396226.34:524773.63:19830.31
1678431253;WAOU1;476;61395.14:396158.00:535819.06:19096.83
1678434912;WAOU1;477;57762.10:395786.25:531029.56:19471.07
1678438574;WAOU1;478;56090.15:394547.31:533141.06:18985.31
1678442234;WAOU1;479;52374.50:390994.16:544169.88:17976.97
1678445896;WAOU1;480;49466.55:397669.81:530456.50:19514.38
1678449558;WAOU1;481;47759.20:384895.50:535711.00:20134.56
1678453221;WAOU1;482;41347.68:391063.78:530828.63:19140.15
1678456883;WAOU1;483;37036.51:388270.91:535795.94:18313.20
1678460546;WAOU1;484;34433.17:393157.41:539998.06:17024.92
1678464209;WAOU1;485;31779.08:396292.78:533076.94:15960.65
1678467871;WAOU1;486;31786.16:396438.75:521342.03:17445.66
1678471530;WAOU1;487;29421.80:400514.25:530175.88:15565.17
1678475193;WAOU1;488;31618.22:401804.19:538395.75:16872.80
1678478855;WAOU1;489;29861.18:403970.84:547656.81:17829.68
1678482525;WAOU1;490;29365.28:413319.47:547878.69:15808.76
1678486184;WAOU1;491;29241.24:418853.78:523309.13:17497.82
1678489854;WAOU1;492;30479.71:407390.53:535616.81:21192.47
1678493514;WAOU1;493;28655.87:399162.00:542102.06:19805.17
1678497175;WAOU1;494;29798.40:396252.88:551584.31:17518.83
1678500834;WAOU1;495;29646.51:400485.81:553757.81:18390.50
1678504497;WAOU1;496;28110.04:398683.94:559238.88:18209.82
1678508156;WAOU1;497;27284.75:400651.88:551284.06:17568.98
1678511819;WAOU1;498;27022.16:390233.78:563692.88:17207.14
1678515481;WAOU1;499;24742.66:404306.75:565432.31:17113.08
1678519145;WAOU1;500;22053.40:404465.94:568534.50:18464.85
1678522808;WAOU1;501;21122.84:406398.34:590159.50:16876.81
1678526469;WAOU1;502;21396.52:422262.22:566682.69:17869.81
1678530129;WAOU1;503;20023.74:412105.06:576039.00:17582.91
1678533790;WAOU1;504;19328.27:411821.84:570020.56:16212.49
1678537452;WAOU1;505;18995.34:408948.34:573932.75:14752.03
1678541115;WAOU1;506;18755.18:408882.63:601705.00:14131.38
1678544777;WAOU1;507;18234.96:400157.38:620598.38:14152.39
1678548441;WAOU1;508;17456.75:404095.47:610703.56:13618.00
1678552100;WAOU1;509;18191.76:395323.75:612593.19:13900.54
1678555762;WAOU1;510;19178.27:392736.34:594520.38:12618.52
1678559425;WAOU1;511;18529.17:400165.16:593628.50:12396.17
1678563087;WAOU1;512;18826.46:400844.81:595264.44:13362.50
1678566750;WAOU1;513;19514.38:410265.44:593175.56:13506.60
1678570412;WAOU1;514;19659.19:406983.97:588224.00:13391.29
1678574071;WAOU1;515;19310.09:409207.28:586342.50:13601.13
1678577734;WAOU1;516;17938.97:397692.59:570181.56:14302.74
1678581397;WAOU1;517;19482.16:410462.97:569785.13:15482.20
1678585059;WAOU1;518;19251.79:412821.78:560026.06:14840.78
1678588718;WAOU1;519;19398.61:413093.94:559675.06:15209.82
1678592380;WAOU1;520;19419.73:419220.22:555444.50:15520.21
1678596039;WAOU1;521;18768.16:401961.16:521254.22:14841.84
1678599702;WAOU1;522;19631.10:397244.00:520318.94:15601.05
1678603364;WAOU1;523;19289.91:402029.94:521578.88:16307.50
1678607027;WAOU1;524;18827.52:385995.66:519242.97:18157.65
1678610686;WAOU1;525;17332.48:388738.16:526558.63:18483.97
1678614348;WAOU1;526;17551.87:389102.47:529922.56:19586.72
1678618010;WAOU1;527;16095.54:386352.91:533952.38:18082.48
1678621673;WAOU1;528;20108.36:383577.13:527870.13:16522.53
1678625335;WAOU1;529;15127.92:381653.69:524986.50:16075.59
1678629000;WAOU1;530;15672.92:382811.78:592391.31:15286.65
1678632662;WAOU1;531;14055.73:375055.22:638684.88:14825.91
1678636324;WAOU1;532;15821.74:374301.34:647805.81:13938.42
1678639986;WAOU1;533;16631.57:378120.03:627572.13:13549.32
1678643649;WAOU1;534;16845.66:374071.78:598412.13:13369.46
1678647307;WAOU1;535;16410.41:386987.13:571172.44:13312.81
1678650977;WAOU1;536;17417.57:389286.34:587560.19:12441.84
1678654636;WAOU1;537;17320.44:380070.84:586970.69:12020.29
1678658299;WAOU1;538;17049.95:389152.97:580095.94:13014.70
1678661958;WAOU1;539;17859.66:393387.91:576155.25:12997.71
1678665621;WAOU1;540;18026.30:389985.47:571422.75:13595.23
1678669280;WAOU1;541;17764.42:385894.75:552399.06:13739.33
1678672942;WAOU1;542;17614.07:398463.13:574290.31:12535.08
1678676601;WAOU1;543;16960.84:396499.53:570044.56:14055.73
1678680263;WAOU1;544;16985.86:391414.19:559914.56:14140.47
1678683922;WAOU1;545;16744.63:387363.72:565081.19:13358.48
1678687585;WAOU1;546;17918.90:398647.81:553774.31:13741.33
1678691248;WAOU1;547;18351.44:405467.19:577964.06:14084.64
1678694910;WAOU1;548;17154.04:409313.63:580234.88:13328.74
1678698572;WAOU1;549;17881.85:402939.38:578692.75:13703.57
1678702235;WAOU1;550;16884.72:400241.50:576126.31:13993.18
1678705898;WAOU1;551;15755.89:392779.75:593083.88:14856.71
1678709560;WAOU1;552;15310.61:400060.13:605448.50:14263.91
1678713222;WAOU1;553;14804.90:398297.53:676373.31:13754.31
1678716885;WAOU1;554;14923.51:393830.22:706312.75:14156.40
1678720547;WAOU1;555;14694.32:384415.88:685856.00:13511.67
1678724211;WAOU1;556;15718.83:385190.44:664515.06:14840.78
1678727873;WAOU1;557;15801.79:392183.41:644984.63:13679.73
1678731536;WAOU1;558;16928.86:387266.34:626454.25:13567.38
1678735199;WAOU1;559;15135.94:337627.50:472711.88:18962.18
1678738861;WAOU1;560;17582.91:347265.59:476348.09:22835.74
1678742524;WAOU1;561;20557.89:361046.34:474704.69:23008.04
1678746186;WAOU1;562;20831.21:362444.63:478880.97:21464.14
1678749849;WAOU1;563;21694.51:364301.97:475446.31:20316.90
1678753511;WAOU1;564;22671.81:381707.50:521283.50:18416.70
1678757173;WAOU1;565;22868.19:393673.28:527388.06:18225.87
1678760837;WAOU1;566;24540.38:395551.16:535582.25:16933.82
1678764500;WAOU1;567;23695.49:397379.00:518840.53:15925.71
1678768162;WAOU1;568;23892.35:387154.00:506767.84:15972.68
1678771822;WAOU1;569;23008.04:395884.78:518188.97:14896.60
1678775483;WAOU1;570;24349.31:399329.72:525839.06:15546.17
1678779145;WAOU1;571;23591.05:395643.91:508929.94:18078.46
1678782808;WAOU1;572;24028.42:403109.94:507352.03:20547.74
1678786468;WAOU1;573;24437.70:397493.00:522337.38:20471.14
1678790130;WAOU1;574;24262.92:387699.13:501277.81:21094.63
1678793792;WAOU1;575;24888.06:381718.47:499356.72:19340.30
1678797460;WAOU1;576;24868.70:380204.19:520170.25:18454.82
1678801121;WAOU1;577;24312.72:400634.63:527763.25:17592.00
1678804784;WAOU1;578;23564.61:389921.63:521175.16:16569.50
1678808443;WAOU1;579;23176.22:386852.47:528833.06:16872.80
1678812105;WAOU1;580;21974.57:388974.66:539801.69:15558.09
1678815765;WAOU1;581;23304.03:400686.22:537916.00:15044.24
1678819426;WAOU1;582;23737.15:402839.78:519575.91:13454.90
1678823085;WAOU1;583;22195.02:416980.59:539898.81:13664.74
1678826748;WAOU1;584;22152.65:406687.16:540564.56:13906.56
1678830407;WAOU1;585;21118.82:406731.53:531239.88:14765.01
1678834069;WAOU1;586;21476.30:418248.34:554881.19:16214.50
1678837731;WAOU1;587;20320.91:412703.31:541678.06:15533.19
1678841395;WAOU1;588;21575.31:417995.78:544846.44:14531.81
1678845054;WAOU1;589;21075.39:421030.59:553524.94:14303.80
1678848716;WAOU1;590;20165.83:430060.34:550852.56:15773.82
1678852375;WAOU1;591;20961.39:430283.38:559253.19:14968.36
1678856037;WAOU1;592;21408.67:435850.25:553870.75:15498.25
1678859696;WAOU1;593;21034.09:437637.03:560092.50:14571.70
1678863359;WAOU1;594;19756.90:440884.50:571191.69:14904.63
1678867018;WAOU1;595;20672.84:444650.44:574759.00:15204.86
1678870681;WAOU1;596;19365.44:450156.66:568205.94:16082.56
1678874343;WAOU1;597;19952.22:434404.44:566500.94:15028.19
1678878005;WAOU1;598;19121.97:437156.34:546150.19:16290.50
1678881664;WAOU1;599;17868.75:443907.06:545849.63:16212.49
1678885327;WAOU1;600;16882.71:410219.03:551147.88:16995.89
1678888994;WAOU1;601;15753.88:417021.78:605868.44:17249.28
1678892656;WAOU1;602;17228.27:407784.13:636986.81:15145.03
1678896318;WAOU1;603;17141.05:404356.53:679854.38:15339.52
1678899981;WAOU1;604;17768.43:411331.13:627138.31:14200.18
1678903643;WAOU1;605;18621.58:411771.31:581623.56:14112.61
1678907306;WAOU1;606;17582.91:407379.06:567798.44:14841.84
1678910965;WAOU1;607;17890.82:413294.09:575327.44:14902.62
1678914627;WAOU1;608;18164.73:417209.44:573628.50:14456.16
1678918290;WAOU1;609;18039.28:413420.50:552058.38:15650.97
1678921954;WAOU1;610;19491.13:423628.41:540421.25:14096.68
1678925616;WAOU1;611;19650.22:422660.19:541011.13:15443.26
1678929279;WAOU1;612;19904.90:442284.66:546662.88:15382.48
1678932941;WAOU1;613;20546.79:441224.16:554812.75:15896.68
1678936617;WAOU1;614;19224.65:441392.09:549767.88:16072.53
1678940278;WAOU1;615;20544.79:437844.38:548570.25:16166.47
1678943940;WAOU1;616;20866.50:434135.94:544827.94:16471.54
1678947602;WAOU1;617;21346.01:449847.56:558007.63:16948.80
1678951266;WAOU1;618;19483.11:464337.38:571037.63:16531.49
1678954927;WAOU1;619;20215.17:465694.09:556017.81:16757.62
1678958591;WAOU1;620;19564.54:464009.50:547166.81:17598.02
1678962253;WAOU1;621;18696.88:437947.06:550789.19:16154.55
1678965915;WAOU1;622;18015.21:435998.84:543596.06:17042.86
1678969577;WAOU1;623;16042.55:427611.47:550461.13:16123.63
1678973240;WAOU1;624;15202.86:420032.53:605519.00:16471.54
1678976902;WAOU1;625;15073.16:413117.19:717342.63:17915.84
1678980565;WAOU1;626;14387.48:405069.25:708227.13:18003.17
1678984227;WAOU1;627;14798.88:400577.41:676370.63:17180.24
1678987890;WAOU1;628;15925.71:402066.19:635942.06:17927.88
1678991552;WAOU1;629;16090.58:405203.66:602333.13:16906.79
1678995216;WAOU1;630;17393.49:400877.16:549208.63:16979.84
1678998878;WAOU1;631;17085.00:398697.25:553550.81:17026.93
1679002541;WAOU1;632;17028.94:408683.63:545314.13:17450.61
1679006203;WAOU1;633;17157.10:407303.78:505488.06:18908.83
1679009866;WAOU1;634;18349.43:395907.56:482336.28:18502.03
1679013525;WAOU1;635;17609.11:399362.06:489327.84:17734.33
1679017187;WAOU1;636;18965.13:431343.78:487004.34:18175.71
1679020847;WAOU1;637;18934.09:425032.78:516049.44:18502.03
1679024509;WAOU1;638;17938.97:429996.59:519283.56:18749.16
1679028168;WAOU1;639;18382.48:428300.47:516342.81:17412.61
1679031830;WAOU1;640;19708.52:430235.59:511044.91:18184.80
1679035489;WAOU1;641;19001.36:438146.41:525285.69:18836.49
1679039151;WAOU1;642;18453.76:446333.13:543027.31:17738.34
1679042810;WAOU1;643;18169.69:445693.84:525580.50:19583.77
1679046473;WAOU1;644;18844.51:444778.50:540754.31:19368.51
1679050132;WAOU1;645;19484.05:445809.84:545868.38:19360.37
1679053794;WAOU1;646;17319.38:429111.13:573252.00:20634.48
1679057456;WAOU1;647;18135.58:423360.13:566472.25:19593.80
1679061190;WAOU1;648;16667.57:424906.16:568397.88:20482.24
1679064991;WAOU1;649;17072.01:426295.09:574031.75:19929.09
1679068654;WAOU1;650;18455.88:423448.78:572065.69:20751.55
1679072313;WAOU1;651;18039.28:426762.69:565391.69:19959.19
1679075977;WAOU1;652;19644.08:426970.75:582870.88:19693.41
1679079639;WAOU1;653;19248.72:428848.75:575794.56:19825.36
1679083301;WAOU1;654;19427.75:426578.34:571856.25:19392.59
1679086961;WAOU1;655;19552.50:429885.19:564959.44:19277.87
1679090623;WAOU1;656;21093.69:423825.72:564871.13:20141.64
1679094282;WAOU1;657;21158.24:425493.41:566510.50:19689.40
1679097945;WAOU1;658;21328.89:430227.69:572747.81:19060.72
1679101604;WAOU1;659;22472.36:449049.66:573119.38:19524.29
1679105266;WAOU1;660;22757.85:439565.44:574954.88:19319.06
1679108925;WAOU1;661;24194.94:430638.03:551640.56:18852.54
1679112587;WAOU1;662;24802.61:439150.00:546989.50:19658.24
1679116246;WAOU1;663;25330.74:438668.16:560365.38:20570.99
1679119909;WAOU1;664;25371.46:434817.13:524714.63:19437.90
1679123567;WAOU1;665;25357.06:432116.19:518577.59:20153.68
1679127230;WAOU1;666;26264.96:436750.13:527756.38:20139.63
1679130889;WAOU1;667;24935.85:438920.25:542394.19:19479.09
1679134552;WAOU1;668;25279.76:431894.56:550081.56:20768.67
1679138214;WAOU1;669;24930.78:437130.03:553454.38:22068.63
1679141876;WAOU1;670;22941.13:432915.41:560507.81:20830.15
1679145539;WAOU1;671;22217.33:427022.34:649006.69:21217.72
1679149206;WAOU1;672;23387.11:424005.34:701010.69:22052.46
1679152868;WAOU1;673;23099.15:422132.28:678508.94:20625.51
1679156531;WAOU1;674;24394.04:412827.69:645845.56:20518.59
1679160193;WAOU1;675;24421.42:406159.72:620178.38:20590.11
1679163861;WAOU1;676;27754.93:406142.25:598830.81:19553.56
1679167738;WAOU1;677;29021.73:398853.41:590859.94:20674.84
1679171402;WAOU1;678;28866.89:413245.47:578418.19:20667.76
1679175064;WAOU1;679;31220.62:404727.22:556225.56:19964.38
1679178727;WAOU1;680;31949.14:402234.72:516378.59:20295.77
1679182386;WAOU1;681;31385.38:393781.13:516589.34:19238.57
1679186048;WAOU1;682;30405.71:422183.50:529876.94:20479.17
1679189707;WAOU1;683;33199.54:420596.28:516995.09:19862.53
1679193369;WAOU1;684;34164.92:424200.78:508047.41:20954.31
1679197028;WAOU1;685;33804.61:420908.69:509891.19:20173.86
1679200691;WAOU1;686;34385.49:420837.88:503371.19:21093.69
1679204350;WAOU1;687;33791.16:427619.38:504552.44:21658.16
1679208012;WAOU1;688;34217.67:424046.88:519708.78:21562.21
1679211671;WAOU1;689;35676.13:419842.28:520706.38:21063.36
1679215334;WAOU1;690;35016.88:419030.09:511211.78:20891.76
1679218993;WAOU1;691;34134.82:439949.00:542116.00:20741.40
1679222655;WAOU1;692;34668.38:423839.66:541413.94:21466.27
1679226314;WAOU1;693;33209.80:426160.44:558000.50:22794.31
1679229976;WAOU1;694;33846.98:436502.88:561640.88:23051.71
1679233635;WAOU1;695;31104.26:431647.06:561446.06:22284.13
1679237298;WAOU1;696;31013.74:427248.44:586462.63:22313.39
1679240956;WAOU1;697;29743.99:401161.81:586329.94:21412.69
1679244619;WAOU1;698;32919.48:395782.47:573283.38:21664.30
1679248278;WAOU1;699;31270.07:384811.47:558615.88:21214.77
1679251941;WAOU1;700;31806.81:395628.81:548144.94:22485.46
1679255600;WAOU1;701;30924.16:393527.75:546105.94:22537.15
1679259262;WAOU1;702;30883.92:397418.91:528837.56:22318.59
1679262920;WAOU1;703;31067.20:387659.69:469383.78:21741.01
1679266583;WAOU1;704;31764.56:403955.50:485549.53:20010.64
1679270242;WAOU1;705;31068.26:375165.56:469520.56:23217.88
1679273905;WAOU1;706;31044.54:396814.78:477123.47:22536.09
1679277564;WAOU1;707;30208.39:397620.47:502387.53:22434.83
1679281226;WAOU1;708;30864.45:403278.56:493677.25:22890.50
1679284885;WAOU1;709;29812.80:404300.94:502521.81:21804.74
1679288548;WAOU1;710;27825.50:403018.00:500209.16:22302.30
1679292210;WAOU1;711;28281.99:409398.72:508333.34:21103.72
1679295873;WAOU1;712;30034.67:421781.91:499610.81:21510.64
1679299535;WAOU1;713;27000.68:408983.06:506820.97:20244.32
1679303198;WAOU1;714;28018.94:416300.81:508138.38:21317.68
1679306856;WAOU1;715;27461.54:409723.59:502154.44:20930.11
1679310519;WAOU1;716;25855.21:410358.53:516378.59:20721.22
1679314178;WAOU1;717;25888.84:392171.97:530225.88:21957.34
1679317841;WAOU1;718;25306.31:388527.97:546490.44:20925.04
1679321503;WAOU1;719;23559.54:381945.31:611926.63:20383.46
1679325166;WAOU1;720;22972.52:374761.00:687399.31:21445.97
1679328825;WAOU1;721;25045.73:377392.31:635266.25:19522.40
1679332487;WAOU1;722;26008.04:372630.91:594371.69:20342.15
1679336149;WAOU1;723;26866.97:375357.13:553003.00:20088.18
1679339813;WAOU1;724;28006.54:375627.72:527265.19:20315.01
1679343472;WAOU1;725;29645.45:388933.34:497835.97:20244.32
1679347140;WAOU1;726;28823.93:374782.97:502801.06:21554.19
1679350800;WAOU1;727;28760.32:388436.03:499433.44:20400.57
1679354463;WAOU1;728;30030.66:376781.34:470427.53:20577.13
1679358122;WAOU1;729;30900.44:401064.44:488187.69:21057.34
1679361784;WAOU1;730;31054.81:418920.34:502046.69:21345.06
1679365446;WAOU1;731;31271.02:423466.47:514516.75:20549.86
1679369109;WAOU1;732;31045.60:414124.94:491654.22:21393.45
1679372768;WAOU1;733;32106.93:416945.44:503252.34:21459.19
1679376431;WAOU1;734;30256.66:430785.53:504228.34:21605.64
1679380090;WAOU1;735;31572.90:428789.06:518723.69:22002.89
1679383752;WAOU1;736;32819.29:444524.53:515599.31:22537.15
1679387410;WAOU1;737;31757.37:438442.50:520640.88:22527.95
1679391074;WAOU1;738;31821.33:433517.41:506455.94:21884.52
1679394733;WAOU1;739;31500.80:421689.50:498969.16:22203.17
1679398395;WAOU1;740;29800.52:415153.47:515487.56:22126.22
1679402057;WAOU1;741;28968.38:414453.84:534246.00:23870.04
1679405720;WAOU1;742;28664.96:399693.91:560284.63:24064.89
1679409387;WAOU1;743;27756.94:404258.69:573737.06:23226.96
1679413049;WAOU1;744;28618.93:387487.28:559715.44:23400.33
1679416708;WAOU1;745;31167.04:385332.41:555652.13:23308.04
1679420371;WAOU1;746;31317.40:385425.75:553779.06:24508.87
1679424033;WAOU1;747;30695.80:385606.91:555133.31:22847.89
1679427696;WAOU1;748;31086.79:386747.66:547684.75:23110.36
1679431355;WAOU1;749;31431.76:385726.59:530502.31:23232.04
1679435017;WAOU1;750;31459.61:388419.16:527126.63:23309.10
1679438676;WAOU1;751;32603.31:396192.09:522879.56:22501.75
1679442339;WAOU1;752;32721.09:406999.31:534741.69:23873.11
1679446001;WAOU1;753;34653.98:399903.75:520316.69:23580.90
1679449664;WAOU1;754;35425.81:404844.31:499718.22:24278.26
1679453323;WAOU1;755;36322.63:406105.78:491359.53:23623.50
1679456985;WAOU1;756;35947.21:421571.47:495947.78:23049.58
1679460644;WAOU1;757;35701.97:411755.88:479550.25:22702.14
1679464314;WAOU1;758;35926.44:422183.50:496024.16:23556.47
1679467973;WAOU1;759;35997.13:442844.06:509615.72:23714.73
1679471635;WAOU1;760;36350.59:430558.38:501892.91:24416.34
1679475297;WAOU1;761;35086.39:437017.56:496949.19:24591.24
1679478961;WAOU1;762;35718.61:428135.59:496488.66:24707.02
1679482620;WAOU1;763;35049.10:430154.03:512824.50:25152.53
1679486282;WAOU1;764;31413.23:404254.94:515120.53:25228.89
1679489944;WAOU1;765;28394.58:415539.63:564253.06:25981.49
1679493607;WAOU1;766;28684.55:421618.69:697845.94:25197.38
1679497269;WAOU1;767;29964.80:412433.28:699532.63:26989.59
1679500932;WAOU1;768;31015.75:421427.72:664190.63:25987.62
1679504594;WAOU1;769;31128.92:405407.47:617533.13:24679.64
1679508258;WAOU1;770;32716.96:399551.00:599696.25:25755.25
1679511920;WAOU1;771;36339.27:383068.72:565879.25:24267.05
1679515583;WAOU1;772;37668.14:379505.66:542957.69:24365.59
1679519245;WAOU1;773;37702.48:374611.97:525061.31:24370.67
1679522908;WAOU1;774;38052.99:372586.91:516237.44:24710.09
1679526567;WAOU1;775;37274.08:377490.03:515247.97:25859.22
1679530229;WAOU1;776;39421.88:379105.81:511592.41:25220.75
1679533887;WAOU1;777;38808.18:387757.19:506011.59:25417.25
1679537551;WAOU1;778;40502.91:391597.00:503384.53:25641.24
1679541210;WAOU1;779;40880.45:394662.72:500369.31:25160.68
1679544872;WAOU1;780;40396.93:398742.94:510513.38:24374.80
1679548530;WAOU1;781;40610.90:404080.16:521281.13:26407.76
1679552209;WAOU1;782;38972.23:415945.47:521903.78:24362.53
1679555888;WAOU1;783;41152.36:394460.22:527026.56:24735.46
1679559568;WAOU1;784;42296.89:395549.28:533507.69:25467.05
1679563227;WAOU1;785;39586.27:399688.13:530189.44:25475.19
1679566905;WAOU1;786;40924.59:396368.66:536410.00:25086.44
1679570585;WAOU1;787;42572.70:397519.56:541636.25:26203.71
1679574248;WAOU1;788;40495.59:400560.16:550020.69:25520.04
1679577910;WAOU1;789;40436.82:396051.78:550704.81:26282.19
1679581573;WAOU1;790;39074.67:388982.09:557007.31:26209.85
1679585235;WAOU1;791;38847.84:389818.25:552457.75:27783.61
1679588899;WAOU1;792;39479.46:385988.22:547036.13:25881.64
1679592561;WAOU1;793;38803.94:389822.00:555456.31:26811.86
1679596224;WAOU1;794;39370.66:380567.56:556230.13:27138.64
1679599886;WAOU1;795;39568.45:374549.66:557118.50:26646.51
1679603549;WAOU1;796;39999.80:386203.25:545931.13:27098.75
1679607208;WAOU1;797;41087.33:381365.72:532534.31:27153.99
1679610870;WAOU1;798;41133.48:380185.69:530776.19:25867.36
1679614532;WAOU1;799;40941.34:386298.72:525358.25:26736.32
1679618211;WAOU1;800;40781.91:388496.09:526883.44:27994.27
1679621873;WAOU1;801;41105.15:381187.53:526131.88:27842.85
1679625536;WAOU1;802;42341.15:383001.81:538296.63:27875.66
1679629198;WAOU1;803;43370.26:376274.34:537814.75:27371.61
1679632861;WAOU1;804;43188.86:387273.78:534888.63:27199.89
1679636520;WAOU1;805;42183.24:388038.41:527097.00:26444.47
1679640182;WAOU1;806;41709.16:394545.41:535846.56:27793.76
1679643841;WAOU1;807;43390.32:392483.41:523524.06:26989.59
1679647504;WAOU1;808;41586.07:388623.66:519834.84:26675.07
1679651167;WAOU1;809;48192.20:348955.72:457347.78:27359.34
1679654829;WAOU1;810;21318.74:341616.13:462972.84:36441.11
1679658492;WAOU1;811;22888.49:343957.69:450175.06:36109.37
1679662154;WAOU1;812;22928.03:342387.00:460533.91:35974.36
1679665813;WAOU1;813;22151.47:343862.81:463563.06:34920.46
1679669476;WAOU1;814;21338.93:343694.03:482625.31:34749.34
1679673138;WAOU1;815;21633.85:342183.66:482910.09:34011.61
1679676801;WAOU1;816;20101.40:357012.16:496377.38:32688.05
1679680460;WAOU1;817;20843.37:349322.16:497761.72:31923.42
1679684122;WAOU1;818;19666.27:350224.41:499194.56:28854.62
1679687781;WAOU1;819;19748.76:355990.03:492613.09:28445.80
1679691443;WAOU1;820;19396.60:355743.25:483070.72:27788.68
1679695105;WAOU1;821;18480.90:362439.19:487715.50:26720.98
1679698769;WAOU1;822;19889.79:368560.28:493779.47:28136.60
1679702428;WAOU1;823;19938.06:371821.09:490497.75:26136.44
1679706090;WAOU1;824;19614.93:366651.22:498115.88:25933.69
1679709754;WAOU1;825;19157.14:379240.94:511336.41:25371.46
1679713415;WAOU1;826;19721.62:373230.69:493479.59:33423.89
1679717078;WAOU1;827;19875.75:372416.47:503386.66:34229.00
1679720740;WAOU1;828;20144.59:309459.38:503404.25:33353.55
1679724402;WAOU1;829;19555.57:133321.67:526831.25:32101.86
1679728065;WAOU1;830;18918.98:147656.16:531390.63:30640.10
1679731724;WAOU1;831;18261.98:274989.97:538478.69:31060.95
1679735387;WAOU1;832;19615.99:380717.94:514103.44:29144.70
1679739046;WAOU1;833;19228.66:380489.81:515973.19:28585.18
1679742708;WAOU1;834;18521.15:373217.81:523365.56:28540.10
1679746370;WAOU1;835;17268.28:364448.66:521569.91:28349.50
1679750033;WAOU1;836;17431.61:366433.13:540870.00:28791.12
1679753695;WAOU1;837;16711.59:349997.34:496988.34:32803.71
1679757359;WAOU1;838;15006.36:358371.63:519067.72:30104.54
1679761021;WAOU1;839;16511.55:357671.88:537312.38:31309.25
1679764684;WAOU1;840;16587.55:360713.06:527165.25:30923.10
1679768346;WAOU1;841;17247.27:357467.38:520269.25:28400.72
1679772009;WAOU1;842;17468.79:359300.41:523765.88:28347.49
1679775668;WAOU1;843;17030.94:364988.59:515491.91:26916.06
1679779330;WAOU1;844;16751.71:360743.63:498931.88:26308.87
1679782989;WAOU1;845;16304.55:360606.75:477916.66:26910.87
1679786652;WAOU1;846;16890.74:364296.44:472952.75:26343.45
1679790315;WAOU1;847;17339.44:376355.53:489898.34:27462.48
1679793977;WAOU1;848;18590.42:367990.00:481251.81:27010.95
1679797639;WAOU1;849;19504.23:375123.22:485237.84:27192.70
1679804902;WAOU1;850;18752.11:370564.19:482325.44:28262.52
1679808564;WAOU1;851;18517.13:370706.78:482552.38:28009.73
1679812227;WAOU1;852;18970.20:375012.97:489172.19:27403.24
1679815886;WAOU1;853;17396.56:372594.22:491127.84:27672.08
1679819549;WAOU1;854;19014.46:386143.41:498190.25:28253.32
1679823211;WAOU1;855;17387.47:373140.88:510444.31:28061.89
1679826874;WAOU1;856;17396.56:379437.22:507836.97:27300.09
1679830537;WAOU1;857;17696.21:367147.59:504160.03:27641.40
1679834199;WAOU1;858;18523.04:366656.66:514268.66:27740.65
1679837861;WAOU1;859;16678.54:372757.44:504034.22:27715.04
1679841524;WAOU1;860;16555.57:364693.09:505189.97:28785.93
1679845186;WAOU1;861;16870.68:357926.56:527247.00:28923.30
1679848849;WAOU1;862;16640.54:358285.47:552805.50:31189.70
1679852511;WAOU1;863;16405.45:352405.84:534904.56:33235.65
1679856175;WAOU1;864;15981.65:363999.50:530410.81:36753.39
1679859837;WAOU1;865;17362.45:366355.00:538598.63:36409.96
1679863500;WAOU1;866;16900.77:358552.88:529550.81:36232.11
1679867162;WAOU1;867;16314.46:357541.00:513920.16:35874.51
1679870825;WAOU1;868;18190.82:355685.91:478585.00:35054.18
1679874484;WAOU1;869;18780.20:364057.56:477535.81:36683.52
1679878146;WAOU1;870;20076.14:374558.63:477404.09:34997.29
1679881805;WAOU1;871;18681.77:391474.50:503690.44:34122.43
1679885468;WAOU1;872;18740.07:374060.59:495629.63:32104.93
1679889131;WAOU1;873;18639.64:387097.81:494947.84:30273.06
1679892793;WAOU1;874;19038.65:368279.63:502939.72:29342.73
1679896452;WAOU1;875;18574.25:391827.00:510975.88:29532.62
1679900114;WAOU1;876;18162.73:380334.03:515109.31:28668.15
1679903773;WAOU1;877;17826.62:383413.22:514190.53:28242.11
1679907436;WAOU1;878;18008.13:389382.28:527160.75:27103.95
1679911095;WAOU1;879;17439.64:389600.13:514219.56:26629.05
1679914757;WAOU1;880;17173.15:379385.41:518157.44:26243.60
1679918419;WAOU1;881;16445.46:375550.44:521242.91:26008.04
1679922082;WAOU1;882;17642.15:376244.97:527742.81:26518.94
1679925741;WAOU1;883;17333.42:367889.81:514981.84:26189.55
1679929404;WAOU1;884;16861.71:378360.31:525666.75:26947.57
1679933067;WAOU1;885;16609.50:365184.50:520370.75:26308.87
1679936729;WAOU1;886;16592.51:368181.31:526842.69:28418.19
1679940391;WAOU1;887;17794.52:363040.84:518191.22:26842.54
1679944054;WAOU1;888;16870.68:367855.47:510260.09:26712.84
1679947714;WAOU1;889;17651.12:370502.13:515391.25:26188.49
1679951375;WAOU1;890;18170.75:364656.97:491283.88:26501.59
1679955037;WAOU1;891;19457.02:366015.47:486285.25:27535.06
1679958701;WAOU1;892;17899.79:378316.03:515451.69:26658.67
1679962360;WAOU1;893;18803.33:386571.69:516820.19:26471.96
1679966022;WAOU1;894;18768.16:397192.78:530148.50:26820.94
1679969700;WAOU1;895;19665.21:402569.63:538280.31:27331.72
1679973362;WAOU1;896;19227.60:394335.34:540832.94:27315.32
1679977025;WAOU1;897;19590.86:422837.56:560583.81:26808.79
1679980687;WAOU1;898;20135.50:420134.72:546893.94:27464.61
1679984347;WAOU1;899;20147.66:422827.66:544332.63:27975.98
1679988009;WAOU1;900;20539.71:441804.81:555105.00:28291.20
1679991668;WAOU1;901;19203.52:437108.09:562085.56:27830.58
1679995330;WAOU1;902;20150.73:437021.56:558284.38:27453.28
1679998992;WAOU1;903;19587.79:427232.63:553153.31:27260.20
1680002656;WAOU1;904;19275.87:415982.66:544351.38:27354.26
1680006318;WAOU1;905;19115.01:405626.63:534459.38:27998.40
1680009980;WAOU1;906;18201.79:400718.66:527310.63:27230.58
1680013642;WAOU1;907;16017.65:409458.53:566924.38:28243.99
1680017306;WAOU1;908;15389.44:401725.81:616880.13:30297.73
1680020968;WAOU1;909;15036.22:398695.38:662719.56:30168.26
1680024631;WAOU1;910;16381.50:392192.88:614205.06:29331.52
1680028293;WAOU1;911;16558.52:386311.72:609257.75:30011.06
1680031956;WAOU1;912;16978.78:370518.53:572919.06:28578.93
1680035618;WAOU1;913;18483.97:374404.38:553682.50:29759.45
1680039281;WAOU1;914;18020.16:370259.00:553080.38:29857.05
1680042943;WAOU1;915;17480.71:377565.81:533789.56:31290.61
1680046606;WAOU1;916;18001.16:373247.22:540469.81:30301.86
1680050265;WAOU1;917;17206.20:377082.19:518382.16:29984.39
1680053928;WAOU1;918;17663.16:379357.53:535272.06:31107.45
1680057591;WAOU1;919;18944.12:383133.88:535040.19:30121.06
1680061253;WAOU1;920;19620.01:377940.88:519342.00:29426.88
1680064915;WAOU1;921;19938.06:378247.59:511033.81:29957.60
1680068578;WAOU1;922;20416.74:380864.38:507473.94:29936.13
1680072240;WAOU1;923;19308.09:388100.25:502732.84:29773.73
1680075903;WAOU1;924;19953.29:395435.63:502726.34:28389.51
1680079562;WAOU1;925;21211.70:374884.22:502737.22:30135.34
1680083225;WAOU1;926;20061.98:397787.81:519400.53:30115.87
1680086884;WAOU1;927;20927.04:392917.59:527413.06:29549.03
1680090546;WAOU1;928;21365.24:412258.50:548154.25:29889.86
1680094208;WAOU1;929;19643.14:384373.03:543814.38:29672.24
1680097871;WAOU1;930;19227.60:388997.19:564463.13:30314.25
1680101533;WAOU1;931;19265.84:392507.97:634166.25:32128.53
1680105196;WAOU1;932;19827.36:403420.44:636135.25:31878.10
1680108858;WAOU1;933;19944.20:406232.78:634132.50:31631.68
1680112522;WAOU1;934;20155.69:400961.31:640649.06:30747.14
1680116184;WAOU1;935;21906.82:390457.66:615970.56:32256.46
1680119847;WAOU1;936;21437.94:381443.63:598427.06:31630.62
1680123509;WAOU1;937;22116.19:385530.44:582995.50:31884.23
1680127172;WAOU1;938;22842.94:365665.19:566850.31:32038.96
1680130834;WAOU1;939;23541.24:359397.41:543805.06:31280.34
1680134497;WAOU1;940;24362.53:358052.13:552023.19:31250.48
1680138159;WAOU1;941;24843.33:370178.63:553680.25:31574.91
1680141822;WAOU1;942;24330.07:362285.66:562647.13:32874.99
1680145484;WAOU1;943;25866.30:364778.41:553303.94:32410.36
1680149147;WAOU1;944;24819.96:368046.53:559637.06:31332.86
1680152809;WAOU1;945;26108.95:369028.81:559805.50:31649.14
1680156473;WAOU1;946;27125.31:375822.94:564627.81:31952.33
1680160135;WAOU1;947;26519.88:375609.31:574094.63:31862.52
1680163798;WAOU1;948;28777.79:374325.28:566037.00:32569.32
1680167460;WAOU1;949;26843.48:371041.47:567906.31:30563.03
1680171123;WAOU1;950;27481.96:378295.63:563881.06:31986.32
1680174785;WAOU1;951;28283.06:373570.22:571639.31:32131.72
1680178448;WAOU1;952;28342.30:363138.44:564403.31:31845.05
1680182110;WAOU1;953;27627.24:354608.63:572586.25:31138.25
1680185773;WAOU1;954;27001.74:370586.16:645631.63:31277.27
1680189435;WAOU1;955;26727.12:373094.84:672308.94:31900.64
1680193098;WAOU1;956;25844.94:374573.47:651586.06:31973.93
1680196760;WAOU1;957;27165.08:369786.00:631646.31:32208.07
1680200424;WAOU1;958;29517.16:370520.41:602666.13:33213.93
1680204086;WAOU1;959;29880.54:358621.22:582988.19:32912.16
1680207749;WAOU1;960;30394.38:378195.78:566460.38:32917.36
1680211411;WAOU1;961;32489.78:377630.47:541921.25:31607.96
1680215074;WAOU1;962;33329.71:367140.41:552232.19:32535.22
1680218736;WAOU1;963;33716.69:376536.09:553165.13:33152.92
1680222399;WAOU1;964;34455.95:366133.47:529829.13:32180.22
1680226061;WAOU1;965;34996.11:371145.69:525183.75:31980.06
1680229724;WAOU1;966;35795.56:377275.97:547463.13:32316.41
1680233386;WAOU1;967;35548.31:373976.09:543008.81:32889.50
1680237050;WAOU1;968;35738.44:370268.22:536410.00:31636.75
1680240712;WAOU1;969;36192.57:384761.09:544602.25:31378.18
1680244375;WAOU1;970;36812.63:379740.97:546117.63:33033.01
1680248038;WAOU1;971;36325.69:374260.84:542034.81:32576.52
1680251700;WAOU1;972;36634.78:377894.59:547778.38:32921.49
1680255362;WAOU1;973;35169.36:381816.91:532699.19:32202.88
1680259025;WAOU1;974;34613.50:389128.66:536175.38:31296.86
1680262688;WAOU1;975;35124.75:365650.69:527574.38:32858.46
1680266351;WAOU1;976;33458.94:364651.53:535922.44:32860.59
1680270013;WAOU1;977;33885.21:358326.75:536423.81:32556.93
1680273675;WAOU1;978;33753.86:362023.88:553609.56:33137.46
1680277344;WAOU1;979;36037.73:357628.81:552234.56:33201.54
1680281008;WAOU1;980;34498.43:357983.94:555925.81:33481.83
1680284666;WAOU1;981;35533.80:363500.03:556282.19:32541.35
1680288329;WAOU1;982;34102.72:336403.41:540153.00:32811.02
1680291988;WAOU1;983;33318.38:339551.66:535614.44:34245.64
1680295651;WAOU1;984;30875.78:361305.88:509937.69:36657.56
1680299310;WAOU1;985;31225.70:341855.94:500915.63:36474.39
1680302972;WAOU1;986;30887.11:349359.34:485758.06:36797.17
1680306634;WAOU1;987;30408.78:363490.97:495601.19:36012.71
1680310297;WAOU1;988;29930.93:352699.47:501315.09:34954.57
1680313956;WAOU1;989;28129.40:370240.84:494277.38:33837.66
1680317619;WAOU1;990;28866.89:331051.94:498874.97:34382.42
1680321278;WAOU1;991;29009.34:343079.78:497584.81:32974.12
1680324940;WAOU1;992;29708.12:350682.09:517519.94:33228.45
1680328602;WAOU1;993;28761.38:352491.28:488884.94:33274.95
1680332263;WAOU1;994;28711.11:345597.19:500632.59:32574.40
1680335925;WAOU1;995;28124.32:346064.06:510909.31:31851.19
1680339588;WAOU1;996;28095.65:320905.16:505958.59:33363.82
1680343250;WAOU1;997;27927.83:327981.59:519724.59:32420.62
1680346912;WAOU1;998;27308.23:344463.88:507786.09:32162.75
1680350571;WAOU1;999;26655.72:341169.91:518292.34:32258.58
1680354233;WAOU1;1000;25245.18:336651.84:530417.69:32027.51
1680357892;WAOU1;1001;24500.72:330457.81:534505.31:33038.32
1680361559;WAOU1;1002;23217.88:322248.78:547407.06:34376.17
1680365220;WAOU1;1003;23945.22:323424.72:580909.44:33653.43
1680368884;WAOU1;1004;23270.63:320076.09:607943.31:33057.80
1680372546;WAOU1;1005;24873.78:289334.75:563140.06:33904.93
1680376209;WAOU1;1006;24604.34:293786.22:531900.56:34090.33
1680379872;WAOU1;1007;26813.86:319679.66:530652.88:34129.63
1680383534;WAOU1;1008;24418.35:307140.94:529183.94:33500.36
1680387193;WAOU1;1009;26134.44:327057.63:498177.16:33394.86
1680390855;WAOU1;1010;26091.60:332848.28:487420.13:32776.80
1680394514;WAOU1;1011;27202.96:337117.78:494821.56:34189.70
1680398177;WAOU1;1012;27633.25:336049.13:478885.34:34861.34
1680401836;WAOU1;1013;27242.85:339373.69:490952.25:33950.48
1680405498;WAOU1;1014;27653.67:339328.25:499816.75:34897.68
1680409157;WAOU1;1015;27159.06:346511.94:499978.91:33692.85
1680412820;WAOU1;1016;27069.13:337564.81:494532.06:33467.20
1680416480;WAOU1;1017;26322.08:331517.38:481046.59:37838.08
1680420141;WAOU1;1018;21819.85:327762.09:488951.84:44532.37
1680423804;WAOU1;1019;19553.56:332813.69:489509.38:44294.69
1680427466;WAOU1;1020;18325.24:329986.22:483868.16:43642.41
1680431128;WAOU1;1021;18151.63:328240.63:482545.88:42695.91
1680434791;WAOU1;1022;18803.33:298495.13:480235.09:43377.57
1680438450;WAOU1;1023;18147.62:328561.53:475643.75:43506.21
1680442113;WAOU1;1024;18140.66:315026.84:470789.84:43257.43
1680445775;WAOU1;1025;18593.37:327539.25:469043.19:44286.19
1680449438;WAOU1;1026;18725.08:300427.41:463208.41:43244.69
1680453100;WAOU1;1027;17896.84:321930.84:466363.84:43411.33
1680456763;WAOU1;1028;17747.43:326958.38:464475.22:42902.32
1680460422;WAOU1;1029;17959.03:331489.78:479507.75:43857.67
1680464084;WAOU1;1030;18652.74:325014.16:487903.03:44283.00
1680467746;WAOU1;1031;18496.95:340047.56:485467.88:42997.21
1680471410;WAOU1;1032;18677.76:325591.50:487066.78:41355.00
1680475073;WAOU1;1033;17725.36:341045.63:480974.13:41834.14
1680478735;WAOU1;1034;16917.77:330569.72:484069.84:39838.59
1680482394;WAOU1;1035;18210.88:330048.19:490437.22:38772.54
1680486056;WAOU1;1036;19307.02:344611.50:502183.00:38822.70
1680489719;WAOU1;1037;18338.34:322871.44:500086.44:38545.83
1680493381;WAOU1;1038;17963.99:320106.53:499770.72:39610.23
1680497043;WAOU1;1039;18024.18:319090.53:501014.28:43250.12
1680500708;WAOU1;1040;17681.22:341903.38:500294.72:44679.30
1680504370;WAOU1;1041;17524.85:346705.97:516580.38:43534.77
1680508032;WAOU1;1042;18777.24:356349.63:525648.50:42844.37
1680511695;WAOU1;1043;18205.80:352446.78:522255.97:43296.50
1680515357;WAOU1;1044;18139.60:357465.72:515429.25:39375.85
1680519016;WAOU1;1045;18040.23:355249.81:512786.72:37816.13
1680522678;WAOU1;1046;17185.19:351276.88:514380.56:38268.02
1680526340;WAOU1;1047;16962.85:318049.03:498899.16:36848.16
1680530004;WAOU1;1048;17049.95:318533.97:528669.00:38353.70
1680533666;WAOU1;1049;16904.78:307749.19:534372.06:35103.98
1680537330;WAOU1;1050;18116.46:304713.19:520168.00:34112.04
1680540992;WAOU1;1051;15543.10:296763.09:536058.19:32701.50
1680544654;WAOU1;1052;17166.07:302443.03:537211.06:34264.29
1680548313;WAOU1;1053;16902.78:318901.00:536748.25:34497.37
1680551974;WAOU1;1054;18351.44:315531.50:519251.94:35435.14
1680555636;WAOU1;1055;17490.74:322156.97:498286.44:33824.32
1680559300;WAOU1;1056;17640.03:321377.22:497755.13:34257.09
1680562959;WAOU1;1057;18618.51:317231.88:507438.44:34722.31
1680566622;WAOU1;1058;19530.43:327396.94:523087.50:34673.69
1680570281;WAOU1;1059;18588.42:326438.03:525199.69:35741.51
1680573943;WAOU1;1060;19746.87:329637.13:528231.88:36416.21
1680577601;WAOU1;1061;19987.39:330266.75:538873.38:35779.98
1680581264;WAOU1;1062;20543.72:334950.97:538259.56:37186.51
1680584926;WAOU1;1063;20376.38:349185.84:543141.13:36877.30
1680588590;WAOU1;1064;20626.46:338038.31:548824.94:36688.83
1680592249;WAOU1;1065;20019.73:344553.56:559618.06:37262.63
1680595911;WAOU1;1066;20078.15:352224.34:559345.56:35864.13
1680599570;WAOU1;1067;21351.08:337585.72:554278.06:35923.37
1680603234;WAOU1;1068;20583.03:348821.19:556674.25:36090.72
1680606896;WAOU1;1069;20265.56:353825.47:541712.75:35037.65
1680610558;WAOU1;1070;20009.70:344080.66:536518.19:35256.57
1680614220;WAOU1;1071;18259.03:337862.47:528751.00:35099.85
1680617883;WAOU1;1072;16858.64:326099.34:569047.88:36713.85
1680621545;WAOU1;1073;15874.73:323172.75:618682.25:34795.01
1680625208;WAOU1;1074;16748.65:316498.28:661625.31:33790.09
1680628870;WAOU1;1075;17133.03:307270.53:639806.75:35695.84
1680632533;WAOU1;1076;17934.01:325196.84:588015.00:35640.84
1680636195;WAOU1;1077;20381.45:339869.34:528714.69:35307.44
1680639858;WAOU1;1078;19756.90:347652.22:525424.00:37167.86
1680643517;WAOU1;1079;21922.99:352133.69:521732.44:35353.11
1680647180;WAOU1;1080;21512.65:358757.66:512236.19:36090.72
1680650842;WAOU1;1081;21090.62:362585.41:527403.88:36276.84
1680654505;WAOU1;1082;23230.98:376202.47:519762.72:36114.68
1680658167;WAOU1;1083;23658.91:365690.56:527558.44:35591.98
1680661830;WAOU1;1084;24072.09:377637.81:541390.94:35161.10
1680665490;WAOU1;1085;24733.45:380443.41:532694.44:35241.00
1680669152;WAOU1;1086;25378.42:381566.25:530141.63:34941.12
1680672812;WAOU1;1087;25902.06:380499.00:531369.94:35810.07
1680676485;WAOU1;1088;25380.54:388308.44:550894.69:36104.18
1680680147;WAOU1;1089;26586.32:381419.53:541485.69:35447.64
1680683809;WAOU1;1090;28235.85:385175.44:544223.44:34777.31
1680687468;WAOU1;1091;26604.62:393603.41:538441.75:36560.79
1680691132;WAOU1;1092;26982.39:386899.31:551190.25:38014.52
1680694794;WAOU1;1093;26623.97:369541.47:533846.88:35683.32
1680698456;WAOU1;1094;23790.85:336936.97:520893.31:34053.04
1680702118;WAOU1;1095;22048.45:325113.19:523842.94:34793.95
1680705781;WAOU1;1096;22806.47:340954.75:624014.75:36342.33
1680709443;WAOU1;1097;21936.09:328161.56:683803.56:35769.60
1680713106;WAOU1;1098;22854.03:322674.00:671654.25:35960.79
1680716768;WAOU1;1099;23710.72:331002.00:616039.13:36121.88
1680720432;WAOU1;1100;25599.46:334072.69:578806.94:36004.45
1680724094;WAOU1;1101;28165.28:349711.97:530849.13:35401.97
1680727757;WAOU1;1102;28718.30:352941.63:503846.94:36747.13
1680731416;WAOU1;1103;27952.37:353374.53:503150.97:36169.79
1680735078;WAOU1;1104;29581.84:359751.69:535021.75:36886.63
1680738741;WAOU1;1105;30614.49:368314.31:536635.50:36204.02
1680742403;WAOU1;1106;31041.47:386188.25:526708.50:36063.70
1680746062;WAOU1;1107;32671.53:395194.88:521793.31:34806.34
1680749726;WAOU1;1108;33490.09:393820.91:522296.78:36507.79
1680753388;WAOU1;1109;34201.15:389125.00:526994.81:36061.57
1680757050;WAOU1;1110;33716.69:402809.09:528004.31:35969.16
1680760713;WAOU1;1111;34553.43:401138.91:540906.94:36936.55
1680764375;WAOU1;1112;36025.22:414459.75:542941.56:38532.26
1680768034;WAOU1;1113;35907.79:405695.91:540775.13:37720.18
1680771696;WAOU1;1114;34560.63:379250.03:539556.69:37011.61
1680775358;WAOU1;1115;34831.24:381679.53:536325.00:37520.03
1680779021;WAOU1;1116;35598.12:372330.34:529959.06:37661.88
1680782680;WAOU1;1117;34228.05:363568.97:523607.59:36058.50
1680786343;WAOU1;1118;32521.88:355260.56:539543.00:36383.88
1680790005;WAOU1;1119;29970.94:358104.19:568234.75:36121.88
1680793668;WAOU1;1120;29934.00:348329.28:600425.25:35780.93
1680797327;WAOU1;1121;32974.12:343016.50:628919.31:36694.02
1680800989;WAOU1;1122;34659.05:351422.53:617385.13:36655.55
1680804651;WAOU1;1123;35103.04:349790.00:604740.06:36350.59
1680808315;WAOU1;1124;34464.21:348396.56:591267.19:35429.94
1680811977;WAOU1;1125;35961.85:353948.44:576824.06:37201.14
1680815640;WAOU1;1126;35544.18:351671.31:563144.69:36645.05
1680819299;WAOU1;1127;36439.11:366155.31:553929.75:36949.06
1680822961;WAOU1;1128;37769.28:375819.28:548624.06:36222.78
1680826620;WAOU1;1129;37359.52:357437.03:549571.25:36995.91
1680830283;WAOU1;1130;40613.02:359704.97:558452.44:35602.25
1680833946;WAOU1;1131;39179.23:387614.75:550742.38:36220.66
1680837608;WAOU1;1132;41766.88:358143.59:542004.69:35883.84
1680841270;WAOU1;1133;40348.78:356614.56:534851.81:35098.91
1680844933;WAOU1;1134;40338.28:311712.34:537727.06:43450.39
1680848592;WAOU1;1135;41148.11:315809.31:522759.78:44910.86
1680852254;WAOU1;1136;41009.56:320783.00:521653.47:45258.89
1680855915;WAOU1;1137;39599.84:328752.13:519537.78:44888.67
1680859580;WAOU1;1138;40020.70:326485.97:534046.44:45413.49
1680863239;WAOU1;1139;40050.08:326263.50:523469.75:44450.00
1680866901;WAOU1;1140;38340.13:326605.75:535798.19:44086.62
1680870560;WAOU1;1141;36977.27:309479.31:538312.69:42541.07
1680874222;WAOU1;1142;33595.48:297257.00:547491.13:42907.51
1680877888;WAOU1;1143;32245.25:282044.47:613059.94:41671.28
1680881551;WAOU1;1144;33224.32:282726.94:611073.13:41285.72
1680885213;WAOU1;1145;30755.40:268616.94:663256.31:38409.05
1680888877;WAOU1;1146;32419.56:275797.94:617671.06:38849.96
1680892539;WAOU1;1147;33702.05:286032.03:584910.81:37088.68
1680896202;WAOU1;1148;35578.53:298995.28:512427.72:39503.54
1680899864;WAOU1;1149;36830.45:308063.59:492239.81:41098.78
1680903527;WAOU1;1150;36753.39:315758.78:496396.97:42573.76
1680907189;WAOU1;1151;36024.16:317604.81:504292.19:42469.43
1680910852;WAOU1;1152;38142.80:322575.34:512367.53:41651.34
1680914514;WAOU1;1153;37478.37:329779.81:515187.56:39515.11
1680918177;WAOU1;1154;38073.88:338505.19:496368.66:38357.83
1680921839;WAOU1;1155;37862.04:338555.81:498951.69:38430.88
1680925502;WAOU1;1156;37474.12:350451.47:499361.22:37584.70
1680929161;WAOU1;1157;37996.70:347830.78:493633.84:39763.18
1680932824;WAOU1;1158;38654.53:353251.56:489070.69:37937.22
1680936486;WAOU1;1159;39813.46:358921.22:514767.19:38575.10
1680940149;WAOU1;1160;38768.41:359517.91:516569.19:38824.82
1680943808;WAOU1;1161;38585.49:360379.78:512802.19:39064.16
1680947470;WAOU1;1162;37117.82:332827.50:505430.72:38256.57
1680951133;WAOU1;1163;36358.97:342066.25:499301.97:39575.77
1680962140;WAOU1;1164;32062.56:310099.88:525369.63:37605.59
1680965803;WAOU1;1165;30626.76:315834.56:591627.63:38433.01
1680969465;WAOU1;1166;32650.87:321548.72:604813.00:38187.65
1680973127;WAOU1;1167;35133.13:318782.63:580120.38:36811.69
1680976790;WAOU1;1168;35470.54:331595.03:556964.81:38059.25
1680980452;WAOU1;1169;36986.59:335188.44:541617.75:38163.57
1680984115;WAOU1;1170;38762.16:334088.28:514199.50:37844.34
1680987777;WAOU1;1171;37855.90:331758.84:498513.97:37998.82
1680991441;WAOU1;1172;39940.09:342528.97:500018.44:38289.97
1680995103;WAOU1;1173;40261.80:346573.78:496039.38:38733.95
1680998765;WAOU1;1174;41778.44:351097.50:484649.41:37783.80
1681002424;WAOU1;1175;40619.28:357327.63:478542.28:38038.36
1681006087;WAOU1;1176;41017.94:365844.81:498371.88:38400.67
1681009746;WAOU1;1177;41771.01:368438.13:494699.66:39852.16
1681013408;WAOU1;1178;40516.60:374387.59:497932.13:37857.91
1681017067;WAOU1;1179;41920.42:375175.03:513228.34:37620.11
1681020729;WAOU1;1180;41676.48:372647.31:509087.47:38745.40
1681024388;WAOU1;1181;41308.73:384650.97:500178.47:38207.48
1681028051;WAOU1;1182;44001.18:381469.69:505033.47:39271.29
1681031710;WAOU1;1183;39714.91:343548.41:507779.38:38822.70
1681035372;WAOU1;1184;41157.55:340202.97:510991.56:38986.75
1681039034;WAOU1;1185;41267.90:367651.53:496787.72:38813.38
1681042698;WAOU1;1186;37481.43:356211.91:507190.59:38587.61
1681046360;WAOU1;1187;35323.02:347313.16:518184.47:39154.09
1681050028;WAOU1;1188;34004.29:345917.84:599189.81:38892.80
1681053688;WAOU1;1189;32791.31:341661.69:679923.25:37676.52
1681057352;WAOU1;1190;32941.08:337425.56:641384.50:37752.64
1681061014;WAOU1;1191;35303.31:336210.56:586639.31:36321.56
1681064678;WAOU1;1192;39222.19:341155.72:543833.06:38359.96
1681068340;WAOU1;1193;41440.09:352792.00:508916.72:36315.31
1681072002;WAOU1;1194;42982.34:350612.81:464322.84:36680.57
1681075664;WAOU1;1195;45490.79:356373.00:476685.75:36208.15
1681079327;WAOU1;1196;45587.09:356632.63:480771.13:37132.34
1681082986;WAOU1;1197;47696.53:362395.88:491311.97:37206.34
1681086649;WAOU1;1198;46801.02:365403.78:478516.91:37728.56
1681090308;WAOU1;1199;50200.03:373203.19:477378.63:36443.24
1681093970;WAOU1;1200;50451.29:374727.84:478863.97:38488.36
1681097633;WAOU1;1201;50192.60:382162.69:480835.09:37472.11
1681101295;WAOU1;1202;50005.77:384330.19:479601.59:38211.73
1681104954;WAOU1;1203;48303.96:389464.91:488535.25:37325.06
1681108617;WAOU1;1204;48456.21:394115.84:494595.19:39455.39
1681112276;WAOU1;1205;49035.79:401320.53:500053.50:38575.10
1681115938;WAOU1;1206;48332.64:380050.31:496054.59:38318.18
1681119600;WAOU1;1207;47918.76:364584.38:497230.88:38476.91
1681123263;WAOU1;1208;47841.10:388747.47:490913.41:37594.14
1681126926;WAOU1;1209;46270.53:352832.94:494623.41:38161.57
1681130588;WAOU1;1210;44692.05:348366.47:509518.00:38524.95
1681134250;WAOU1;1211;42296.89:334382.72:535198.56:38262.83
1681137913;WAOU1;1212;42594.77:342695.50:545931.13:37811.06
1681141575;WAOU1;1213;45971.59:358994.84:596426.56:37278.21
1681145246;WAOU1;1214;48052.71:374830.88:574708.31:36977.27
1681148908;WAOU1;1215;44794.49:379850.28:581009.25:37030.38
1681152571;WAOU1;1216;47274.50:377423.59:558864.56:37159.48
1681156233;WAOU1;1217;48410.42:349277.91:542484.44:36340.33
1681159897;WAOU1;1218;51390.47:341661.69:542723.31:37432.46
1681163559;WAOU1;1219;50729.22:348161.22:527047.00:35640.84
1681167221;WAOU1;1220;49737.76:345762.78:526075.00:38077.07
1681170883;WAOU1;1221;50573.08:346042.94:524637.69:36589.93
1681178275;WAOU1;1222;52743.66:350758.44:535961.50:37338.75
1681185668;WAOU1;1223;52680.28:352229.63:458583.66:39056.85
1681189330;WAOU1;1224;54151.95:341807.06:461090.81:45384.93
1681192993;WAOU1;1225;55005.22:379544.50:471365.41:45536.34
1681196652;WAOU1;1226;52832.88:383119.00:474401.75:46238.66
1681200315;WAOU1;1227;54431.89:383718.75:479938.41:47960.30
1681203977;WAOU1;1228;57143.57:344092.94:454604.00:47703.85
1681207640;WAOU1;1229;54099.20:375883.72:470815.22:47899.64
1681211299;WAOU1;1230;55659.15:375835.78:459479.31:46584.46
1681214961;WAOU1;1231;49282.09:372159.91:461153.13:46931.54
1681218620;WAOU1;1232;50520.68:351445.66:465179.41:44856.92
1681222283;WAOU1;1233;48833.27:337051.56:479450.06:45267.38
1681225945;WAOU1;1234;46967.66:339663.28:536357.00:43030.84
1681229608;WAOU1;1235;48068.76:358174.16:569031.13:42163.30
1681233270;WAOU1;1236;47575.33:375069.97:575221.00:40846.93
1681236933;WAOU1;1237;51892.99:374382.28:537980.44:38190.84
1681240595;WAOU1;1238;51858.64:342792.03:522890.88:38665.97
1681244258;WAOU1;1239;53739.96:373944.81:511530.09:38826.83
1681247920;WAOU1;1240;53901.17:338116.69:512285.03:37817.20
1681251583;WAOU1;1241;54884.49:374683.72:508863.38:37775.54
1681255242;WAOU1;1242;55463.71:373779.59:496835.63:37846.46
1681258905;WAOU1;1243;55934.49:377390.44:505974.06:38036.35
1681262564;WAOU1;1244;54879.18:346651.31:487392.13:39229.39
1681266223;WAOU1;1245;54909.27:373783.25:496028.41:38258.70
1681269886;WAOU1;1246;57042.90:375386.50:491493.94:38371.40
1681273548;WAOU1;1247;56160.37:394581.28:483889.63:37374.16
1681277210;WAOU1;1248;57568.08:379714.91:483664.44:39119.63
1681280873;WAOU1;1249;57101.32:390406.78:490445.84:39016.01
1681284535;WAOU1;1250;56085.67:362661.41:496196.47:39687.77
1681288198;WAOU1;1251;54482.52:360677.06:506582.09:38132.42
1681291860;WAOU1;1252;54310.21:357402.94:506827.69:38261.77
1681295523;WAOU1;1253;54811.20:363490.97:517400.97:37082.42
1681299182;WAOU1;1254;56718.24:360758.03:498426.50:37970.62
1681302842;WAOU1;1255;51620.84:355355.22:514545.78:38358.89
1681306504;WAOU1;1256;53925.95:367092.97:520181.56:38883.36
1681310166;WAOU1;1257;53604.36:392509.75:525702.88:38182.46
1681313828;WAOU1;1258;53906.60:359215.91:521326.34:37611.73
1681317491;WAOU1;1259;53357.11:387610.97:526088.69:37482.50
1681321153;WAOU1;1260;55238.18:388439.78:465246.34:44306.37
1681324817;WAOU1;1261;51329.46:386764.53:478550.88:46490.16
1681328479;WAOU1;1262;55675.32:389560.72:483642.97:45881.55
1681332142;WAOU1;1263;53895.86:383903.22:495315.81:46792.52
1681335805;WAOU1;1264;52639.45:382581.06:487717.50:46539.84
1681339467;WAOU1;1265;51626.15:353620.34:498238.41:47036.58
1681343129;WAOU1;1266;53063.72:394893.69:502306.09:46837.01
1681346792;WAOU1;1267;52858.61:391793.03:510786.94:44429.93
1681350450;WAOU1;1268;52398.10:399882.75:529019.75:44216.56
1681354113;WAOU1;1269;50939.88:401028.22:531866.19:43490.52
1681357775;WAOU1;1270;51121.75:376311.28:542581.94:43409.20
1681361438;WAOU1;1271;49747.32:400777.91:542051.13:41317.11
1681365097;WAOU1;1272;46104.13:405736.41:546350.69:40465.14
1681368760;WAOU1;1273;46263.09:407523.66:543572.94:40442.13
1681372422;WAOU1;1274;45734.26:417092.13:552622.00:38855.16
1681376085;WAOU1;1275;44543.00:370341.16:547626.44:40698.94
1681379745;WAOU1;1276;44572.62:381115.06:538049.75:39621.80
1681383406;WAOU1;1277;41719.55:394746.03:525281.19:39767.31
1681387065;WAOU1;1278;41989.69:372946.25:521838.41:39901.38
1681390728;WAOU1;1279;40692.80:360857.16:515980.03:39633.36
1681394391;WAOU1;1280;37846.46:358572.72:536474.44:42280.02
1681398053;WAOU1;1281;35423.69:335132.97:579803.88:41575.69
1681401715;WAOU1;1282;37199.02:348720.28:610251.00:41449.53
1681405378;WAOU1;1283;38658.66:352085.66:591667.19:40038.63
1681409037;WAOU1;1284;40199.96:382873.41:547537.69:37753.58
1681412700;WAOU1;1285;39909.76:382283.53:549019.06:39041.15
1681416363;WAOU1;1286;39601.85:377817.06:522418.69:37706.73
1681420025;WAOU1;1287;41590.32:385898.53:529792.63:39858.42
1681423684;WAOU1;1288;41816.32:357863.66:514384.91:38929.39
1681427346;WAOU1;1289;40982.30:388424.69:521344.28:38642.02
1681431006;WAOU1;1290;41040.01:396586.88:519198.00:37701.54
1681434668;WAOU1;1291;41660.78:400214.59:525927.56:39092.49
1681438331;WAOU1;1292;41404.33:403242.09:528331.94:40115.11
1681441993;WAOU1;1293;43218.37:403547.06:534551.25:38826.83
1681445652;WAOU1;1294;40283.75:394808.47:539106.44:39151.02
1681449314;WAOU1;1295;41507.36:371826.63:537388.38:39530.69
1681452977;WAOU1;1296;40077.34:406282.81:539743.88:39949.53
1681456639;WAOU1;1297;40086.78:419185.03:541314.31:39665.82
1681460301;WAOU1;1298;40274.43:388389.06:553807.38:40729.39
1681463964;WAOU1;1299;41055.70:372995.84:544184.00:39102.88
1681467626;WAOU1;1300;41068.33:378511.94:552286.25:39829.15
1681471290;WAOU1;1301;40518.61:403474.00:536914.06:38241.94
1681474949;WAOU1;1302;35991.94:377168.91:550524.38:40114.05
1681478611;WAOU1;1303;34894.50:365320.47:532703.69:38078.13
1681482273;WAOU1;1304;35329.27:363384.38:580522.00:38805.94
1681485936;WAOU1;1305;33441.47:392981.81:610223.13:38448.70
1681489598;WAOU1;1306;37724.43:403522.03:624084.00:39318.38
1681493261;WAOU1;1307;38943.91:393081.88:580680.38:37610.78
1681496924;WAOU1;1308;39873.05:390461.31:546110.56:37724.43
1681500587;WAOU1;1309;38926.20:393049.78:559215.25:37552.36
1681504249;WAOU1;1310;41646.03:390369.25:530710.00:37706.73
1681507912;WAOU1;1311;41780.57:386124.66:534498.38:37826.64
1681511575;WAOU1;1312;41207.95:387545.34:542435.81:38042.61
1681515237;WAOU1;1313;41552.44:391218.28:532641.69:38859.29
1681518899;WAOU1;1314;44133.12:390025.00:527858.69:38747.41
1681522562;WAOU1;1315;44528.13:390711.75:525437.69:37341.82
1681526225;WAOU1;1316;44076.12:388270.91:508890.03:37704.61
1681529887;WAOU1;1317;43110.97:363814.91:513956.03:38742.21
1681533550;WAOU1;1318;45082.21:378447.28:489286.78:37967.43
1681537212;WAOU1;1319;43490.52:397238.34:503609.00:36994.85
1681540874;WAOU1;1320;44235.56:365465.63:509600.25:38073.88
1681544538;WAOU1;1321;43213.18:397907.59:478027.25:38925.14
1681548200;WAOU1;1322;42862.31:357912.16:486433.59:38696.30
1681551863;WAOU1;1323;52443.18:358028.78:492639.06:49035.79
1681555525;WAOU1;1324;45577.54:359748.16:479633.44:48385.99
1681559188;WAOU1;1325;45594.41:353657.88:486358.31:49050.78
1681562851;WAOU1;1326;43239.50:373623.56:491552.47:49903.10
1681566513;WAOU1;1327;38655.47:373113.25:492927.84:49245.74
1681570176;WAOU1;1328;39269.16:374163.50:494649.50:50192.60
1681573838;WAOU1;1329;36199.89:377451.22:481253.84:48620.25
1681577505;WAOU1;1330;33537.54:376018.25:476830.19:48431.66
1681581171;WAOU1;1331;31632.62:373924.75:483546.56:50059.12
1681584829;WAOU1;1332;27183.61:371187.81:472494.34:47399.95
1681588492;WAOU1;1333;25227.83:343144.56:484732.97:48061.32
1681592154;WAOU1;1334;24645.06:339855.53:495416.00:48197.52
1681595817;WAOU1;1335;22839.87:350102.03:494390.56:45994.96
1681599476;WAOU1;1336;23608.28:373601.38:505545.53:45505.54
1681603139;WAOU1;1337;22655.53:370803.78:520902.28:44574.63
1681606798;WAOU1;1338;24446.79:380756.88:517852.03:43391.27
1681610460;WAOU1;1339;23406.35:382285.44:523944.66:43107.79
1681614123;WAOU1;1340;23779.76:383165.59:519708.78:42634.77
1681617785;WAOU1;1341;22174.84:382910.44:518809.16:41422.15
1681621448;WAOU1;1342;23798.99:384609.91:519395.94:40893.08
1681625111;WAOU1;1343;23991.83:379720.56:520726.69:40815.42
1681628770;WAOU1;1344;22578.58:384203.34:530077.69:42011.88
1681632432;WAOU1;1345;24598.32:387984.00:527121.94:39749.61
1681636091;WAOU1;1346;23258.47:351561.19:517235.16:39390.60
1681639753;WAOU1;1347;22842.94:383173.03:512155.94:40445.32
1681643415;WAOU1;1348;24132.98:385704.16:512898.13:39813.46
1681647079;WAOU1;1349;23263.43:384492.47:513699.25:39816.64
1681650741;WAOU1;1350;23894.35:378277.09:513554.06:41560.82
1681654404;WAOU1;1351;22719.37:382374.66:500579.97:41340.36
1681658063;WAOU1;1352;23915.71:381374.94:504181.97:41149.18
1681661725;WAOU1;1353;22813.55:374402.47:504775.13:40188.39
1681665387;WAOU1;1354;23420.63:355775.47:502321.56:40939.22
1681669050;WAOU1;1355;22485.46:339871.13:499402.63:39413.50
1681672712;WAOU1;1356;23720.87:350889.78:503032.13:40459.84
1681676376;WAOU1;1357;23436.92:349961.81:497711.44:41239.46
1681680035;WAOU1;1358;22932.98:346455.53:499564.78:41058.89
1681683697;WAOU1;1359;23273.58:367438.63:497106.38:41261.53
1681687359;WAOU1;1360;23030.35:378904.13:495777.72:42775.92
1681691022;WAOU1;1361;24780.31:355587.59:506013.84:41573.45
1681694684;WAOU1;1362;25246.24:382756.09:499836.59:41209.13
1681698347;WAOU1;1363;24501.79:387912.72:493955.56:41199.57
1681702011;WAOU1;1364;24049.78:382668.63:509624.56:40599.33
1681705676;WAOU1;1365;24558.67:390151.03:504488.47:40538.55
1681709339;WAOU1;1366;23806.19:355426.72:500378.03:40363.41
1681713001;WAOU1;1367;25580.11:388389.06:500206.91:41072.58
1681716660;WAOU1;1368;25451.71:385930.28:512677.31:40578.32
1681720323;WAOU1;1369;24615.55:386596.00:508395.31:42202.24
1681723982;WAOU1;1370;23682.28:350877.41:517252.97:41786.82
1681727644;WAOU1;1371;24010.13:347712.41:510526.81:42215.93
1681731306;WAOU1;1372;23028.34:382705.81:531335.81:42027.57
1681734969;WAOU1;1373;24618.62:375005.53:525755.19:40678.05
1681738631;WAOU1;1374;23100.33:374985.38:539293.38:40307.95
1681742294;WAOU1;1375;24105.48:372462.28:540171.56:39893.00
1681745956;WAOU1;1376;24563.75:373966.88:540608.56:40154.88
1681749620;WAOU1;1377;23260.36:337312.63:584984.19:38745.40
1681753312;WAOU1;1378;23312.17:370701.34:630242.88:39389.54
1681756976;WAOU1;1379;25093.53:372533.78:585714.38:36805.43
1681760638;WAOU1;1380;24836.13:340040.47:538252.69:39356.02
1681764300;WAOU1;1381;24769.10:364084.59:506365.28:38009.21
1681767962;WAOU1;1382;24572.83:359422.66:512352.06:39074.67
1681771625;WAOU1;1383;27774.40:370346.69:502847.31:38791.43
1681775288;WAOU1;1384;27225.39:367565.97:495984.75:38700.43
1681778951;WAOU1;1385;27414.57:368667.78:501589.59:40252.36
1681782614;WAOU1;1386;28569.72:379065.22:510139.97:39624.98
1681786276;WAOU1;1387;28370.98:375298.09:499183.59:38104.21
1681789938;WAOU1;1388;26952.77:377100.59:492278.75:38397.48
1681793601;WAOU1;1389;28341.36:386629.75:498207.72:38911.57
1681797263;WAOU1;1390;28008.67:385623.78:511167.19:39812.39
1681800926;WAOU1;1391;28969.33:384931.03:516338.34:40626.59
1681804589;WAOU1;1392;28733.65:392072.13:523854.16:39567.39
1681808251;WAOU1;1393;28647.61:387749.75:512492.28:40791.35
1681811913;WAOU1;1394;29861.18:387298.09:518355.25:40913.02
1681815572;WAOU1;1395;30101.47:387095.81:521671.41:38654.53
1681819234;WAOU1;1396;28036.40:387697.13:512813.41:40713.69
1681822898;WAOU1;1397;24580.98:377549.16:522430.03:39109.25
1681826560;WAOU1;1398;24312.72:366118.97:575344.44:38930.45
1681830227;WAOU1;1399;24750.80:364725.91:673802.69:37540.92
1681833889;WAOU1;1400;24385.89:370906.22:643644.88:39755.86
1681837552;WAOU1;1401;25589.20:364805.56:598631.38:37318.93
1681841214;WAOU1;1402;28075.23:366473.25:560978.00:37671.21
1681844877;WAOU1;1403;28156.07:369402.78:531644.56:37708.74
1681848539;WAOU1;1404;30402.53:366903.91:480085.69:38253.50
1681852202;WAOU1;1405;30613.42:360372.47:466177.50:36638.91
1681855864;WAOU1;1406;31016.81:366549.50:475281.09:36319.44
1681859527;WAOU1;1407;32756.14:374036.75:487687.41:37609.72
1681863190;WAOU1;1408;33428.02:374948.66:494495.00:36507.79
1681866852;WAOU1;1409;32832.62:383122.66:495834.38:38275.34
1681870515;WAOU1;1410;34190.76:373735.44:501936.81:38623.13
1681874178;WAOU1;1411;34338.88:380875.59:505291.69:39601.85
1681877837;WAOU1;1412;35113.42:381414.00:498273.22:38870.85
1681881499;WAOU1;1413;34286.00:386156.53:492699.84:38334.82
1681885158;WAOU1;1414;35749.89:382132.97:503754.53:39394.73
1681888821;WAOU1;1415;35304.37:396207.34:509116.41:40365.54
1681892484;WAOU1;1416;36766.84:398084.50:507334.34:38459.09
1681896146;WAOU1;1417;35981.55:354910.41:516094.16:38009.21
1681899808;WAOU1;1418;34954.57:387187.50:501523.75:39197.05
1681903476;WAOU1;1419;35452.72:387751.63:501767.69:37438.83
1681907137;WAOU1;1420;31363.78:370882.50:511347.50:37741.07
1681910805;WAOU1;1421;30349.07:375734.53:532245.88:40380.18
1681914467;WAOU1;1422;29042.14:381991.69:634481.56:38449.77
1681918134;WAOU1;1423;29003.32:368241.50:651192.44:37946.54
1681921795;WAOU1;1424;30577.43:373124.34:601099.69:38338.00
1681925461;WAOU1;1425;33419.75:372127.00:589986.88:37588.95
1681929124;WAOU1;1426;36733.56:386339.78:525916.13:36300.67
1681932790;WAOU1;1427;36943.87:376823.84:496181.13:37206.34
1681936452;WAOU1;1428;38618.89:370637.38:458629.22:36180.06
1681940116;WAOU1;1429;38330.69:375520.94:476613.63:37456.54
1681943779;WAOU1;1430;41857.28:375723.44:478163.44:37550.24
1681947441;WAOU1;1431;42494.69:374040.41:488507.16:35899.53
1681951104;WAOU1;1432;43017.15:386526.84:478186.91:36451.62
1681954766;WAOU1;1433;43543.15:390999.81:484471.22:39106.06
1681958428;WAOU1;1434;44501.80:394583.19:472741.50:38201.22
1681962092;WAOU1;1435;45939.85:393552.31:489842.28:39008.81
1681965754;WAOU1;1436;44948.97:390739.94:489792.50:38472.66
1681969416;WAOU1;1437;45409.24:391263.47:505797.41:39440.76
1681973078;WAOU1;1438;45124.46:403265.13:506265.81:37758.78
1681976741;WAOU1;1439;45990.71:408403.47:499201.28:39910.82
1681984132;WAOU1;1440;45139.34:395151.31:518905.69:40013.50
1681987790;WAOU1;1441;46753.22:399428.84:495252.56:37994.57
1681991452;WAOU1;1442;45031.47:395750.25:497873.25:39227.38
1681995114;WAOU1;1443;41422.15:381525.28:493316.59:39731.67
1681998777;WAOU1;1444;41201.69:401907.44:536322.69:37791.11
1682002439;WAOU1;1445;42023.45:400277.63:589301.88:37856.85
1682006102;WAOU1;1446;43016.09:397500.56:653261.56:37557.55
1682009764;WAOU1;1447;43105.66:364582.63:627486.94:38535.33
1682013430;WAOU1;1448;44932.10:398975.44:583381.56:37402.25
1682017092;WAOU1;1449;50063.37:408639.16:533514.56:37526.40
1682020756;WAOU1;1450;50019.58:400388.31:486188.25:37493.00
1682024418;WAOU1;1451;53050.73:398706.69:484651.53:38585.49
1682028088;WAOU1;1452;53226.94:407722.28:471698.44:39424.00
1682031769;WAOU1;1453;53578.51:409203.38:454527.78:39121.76
1682035433;WAOU1;1454;56117.06:417903.84:481102.19:37536.67
1682039096;WAOU1;1455;57176.03:416705.03:501343.66:38375.54
1682042758;WAOU1;1456;57548.61:379067.00:518063.16:40408.50
1682046420;WAOU1;1457;57198.80:425808.16:510833.53:40087.84
1682050083;WAOU1;1458;57938.89:422018.16:511712.66:39259.84
1682053742;WAOU1;1459;56727.91:430755.69:527735.94:38533.32
1682057405;WAOU1;1460;58851.52:433363.41:533010.50:40120.30
1682061067;WAOU1;1461;57169.54:447503.38:537473.56:39486.79
1682064730;WAOU1;1462;56838.38:440407.50:531102.75:38670.22
1682068392;WAOU1;1463;55482.13:423013.06:532236.69:38138.55
1682072056;WAOU1;1464;56939.99:380947.94:533088.25:38631.51
1682075718;WAOU1;1465;52978.86:425054.41:524284.31:39092.49
1682079380;WAOU1;1466;51866.20:419708.81:532614.31:37383.48
1682083042;WAOU1;1467;53171.11:376628.41:537517.38:39095.56
1682086706;WAOU1;1468;52671.78:380011.38:566476.88:39704.53
1682090368;WAOU1;1469;54190.66:374514.59:559385.81:38402.80
1682094031;WAOU1;1470;55385.94:373772.25:566795.31:37538.91
1682097693;WAOU1;1471;52844.56:366738.44:560512.63:37850.59
1682101356;WAOU1;1472;54226.30:366395.00:551150.25:37273.02
1682105018;WAOU1;1473;55501.48:370783.59:573500.56:38494.73
1682108681;WAOU1;1474;56255.38:386511.88:550594.63:39621.80
1682112344;WAOU1;1475;58149.20:366298.72:554160.38:38591.86
1682116006;WAOU1;1476;58346.76:359744.50:538485.69:38865.54
1682119668;WAOU1;1477;58087.47:366215.16:523361.19:38155.31
1682123331;WAOU1;1478;59072.09:364102.75:531676.44:38607.55
1682126994;WAOU1;1479;61156.16:379068.75:537531.25:39825.02
1682130657;WAOU1;1480;61659.27:373663.94:539240.25:38221.05
1682134316;WAOU1;1481;57810.84:362457.13:530280.75:40616.09
1682137979;WAOU1;1482;59473.23:364017.66:519382.47:38393.36
1682141641;WAOU1;1483;61204.07:383949.84:527465.38:38957.48
1682145303;WAOU1;1484;61305.57:373315.19:508167.19:37745.32
1682148966;WAOU1;1485;60388.57:366215.16:505996.25:40783.91
1682152628;WAOU1;1486;60779.92:380423.00:512068.94:38392.29
1682156287;WAOU1;1487;62215.48:377285.16:525122.50:38228.37
1682159950;WAOU1;1488;59396.05:375717.91:534982.81:39021.32
1682163612;WAOU1;1489;58802.66:374095.63:564312.81:38929.39
1682167275;WAOU1;1490;59055.80:370173.22:564205.50:40500.79
1682170937;WAOU1;1491;59679.88:373333.47:576814.50:38870.85
1682174600;WAOU1;1492;57715.48:401249.75:560479.38:39093.55
1682178262;WAOU1;1493;57392.71:380043.00:556473.38:38622.07
1682181925;WAOU1;1494;62013.20:416527.31:570948.69:39316.25
1682185584;WAOU1;1495;61932.36:405390.25:552685.50:39775.69
1682189246;WAOU1;1496;60336.29:371945.72:559416.63:36829.27
1682192906;WAOU1;1497;62257.02:395803.38:565812.31:38310.86
1682196568;WAOU1;1498;65052.26:414839.66:471774.44:37876.79
1682200231;WAOU1;1499;63998.25:365039.34:467424.34:38362.08
1682203893;WAOU1;1500;63564.06:420686.56:475357.34:38381.91
1682207555;WAOU1;1501;66083.14:383951.59:462070.72:37748.39
1682211218;WAOU1;1502;62608.00:415853.66:474376.38:39162.47
1682214877;WAOU1;1503;66142.62:370452.69:476488.28:37867.23
1682218540;WAOU1;1504;65219.37:368053.84:489319.13:39073.61
1682222202;WAOU1;1505;63618.82:374729.75:491513.41:39224.20
1682225865;WAOU1;1506;65404.19:372088.41:491517.78:38400.67
1682229524;WAOU1;1507;63501.51:420085.63:501203.22:38553.15
1682233186;WAOU1;1508;62603.64:416517.63:490013.19:38763.22
1682236848;WAOU1;1509;65534.95:417903.84:491953.50:38307.79
1682240511;WAOU1;1510;61623.27:420938.06:487545.09:38590.80
1682244174;WAOU1;1511;60016.23:369158.25:488213.66:40138.12
1682247837;WAOU1;1512;59876.85:393970.09:497510.47:38769.36
1682251499;WAOU1;1513;55443.30:399754.94:504589.97:37543.98
1682255162;WAOU1;1514;55370.95:400848.47:547860.00:38429.94
1682258824;WAOU1;1515;57179.21:415752.28:573529.50:37687.85
1682262487;WAOU1;1516;58174.21:397783.94:564675.44:36186.43
1682266149;WAOU1;1517;58594.24:398661.16:561103.94:37865.23
1682269812;WAOU1;1518;57767.53:406379.00:540021.19:37403.31
1682273474;WAOU1;1519;20238.41:410770.91:454981.19:37097.05
1682277137;WAOU1;1520;20434.79:406151.94:463850.91:37262.63
1682280799;WAOU1;1521;19929.09:360949.00:461856.41:37084.54
1682284463;WAOU1;1522;20199.00:411075.13:477261.66:37997.76
1682288126;WAOU1;1523;20061.98:406929.91:498546.78:37112.52
1682291788;WAOU1;1524;19486.17:410360.44:498231.78:38050.87
1682295450;WAOU1;1525;20257.42:413971.16:509273.94:39122.82
1682299113;WAOU1;1526;19329.21:414681.88:483430.78:39679.39
1682302772;WAOU1;1527;20379.45:405624.75:495004.38:37995.64
1682306434;WAOU1;1528;19525.47:417234.81:496405.69:38811.14
1682310096;WAOU1;1529;19548.49:413578.06:473115.47:37779.66
1682313759;WAOU1;1530;19290.97:387352.38:476677.25:37523.21
1682317421;WAOU1;1531;19294.99:416869.19:510669.03:36979.27
1682321086;WAOU1;1532;18939.99:437437.81:517057.88:39195.87
1682324748;WAOU1;1533;19164.22:429433.44:505254.16:38871.91
1682328410;WAOU1;1534;20120.40:421860.72:509134.09:38020.66
1682332068;WAOU1;1535;19875.75:423963.81:492131.25:38144.93
1682335731;WAOU1;1536;19258.75:382315.19:513092.28:37091.74
1682339394;WAOU1;1537;18399.59:378003.66:517515.44:37194.89
1682343056;WAOU1;1538;17173.15:420472.50:522246.97:37009.48
1682346715;WAOU1;1539;18713.04:414905.97:550515.06:37681.71
1682350378;WAOU1;1540;17645.11:412687.84:568150.81:38435.13
1682354042;WAOU1;1541;18265.99:412596.50:581070.31:36518.18
1682357711;WAOU1;1542;18253.01:404913.47:551959.81:36816.76
1682361373;WAOU1;1543;19812.26:406367.44:538654.19:36977.27
1682365035;WAOU1;1544;19309.03:409828.06:541462.69:37417.94
1682368694;WAOU1;1545;20133.62:405528.69:531233.06:37487.69
1682372357;WAOU1;1546;21549.00:408654.59:512082.41:36528.57
1682376170;WAOU1;1547;20855.53:412303.09:516719.28:37482.50
1682383872;WAOU1;1548;22157.61:416736.31:493003.84:38390.29
1682387533;WAOU1;1549;22448.05:416552.78:511790.66:39644.93
1682391195;WAOU1;1550;23262.49:411424.13:496429.78:38722.39
1682394857;WAOU1;1551;23275.59:425200.75:496309.88:38031.16
1682398520;WAOU1;1552;24113.63:412033.19:510317.69:37403.31
1682402183;WAOU1;1553;24169.57:413869.91:511968.63:39965.23
1682405846;WAOU1;1554;24297.62:425691.22:517519.94:38300.36
1682409508;WAOU1;1555;24787.39:426477.31:508557.34:37946.54
1682413171;WAOU1;1556;25159.73:431860.69:502671.34:37525.22
1682416830;WAOU1;1557;25248.13:416095.72:505583.19:38038.36
1682420497;WAOU1;1558;26339.31:417309.16:503739.06:37832.89
1682424159;WAOU1;1559;26775.03:416669.97:507053.22:38514.44
1682427821;WAOU1;1560;23559.54:415293.91:500915.63:37421.01
1682431483;WAOU1;1561;23110.36:416552.78:503045.34:36688.83
1682435146;WAOU1;1562;23352.65:414362.38:519537.78:37549.18
1682523602;WAOU1;1563;29715.31:432829.50:665477.88:38755.79
1682527264;WAOU1;1564;32224.60:431451.63:629030.69:37561.69
1682530927;WAOU1;1565;32931.87:416568.38:616449.50:35429.00
1682534589;WAOU1;1566;34019.88:421935.44:573720.31:37758.78
1682538252;WAOU1;1567;35918.18:372669.41:560374.94:37446.03
1682541914;WAOU1;1568;35990.88:378388.03:522895.38:36117.75
1682545577;WAOU1;1569;36015.90:419043.91:505629.47:36274.71
1682549236;WAOU1;1570;37248.00:413904.97:469381.66:37379.35
1682552899;WAOU1;1571;38477.97:413735.72:476422.44:37750.40
1682556561;WAOU1;1572;39392.61:410627.50:486791.06:37175.06
1682560224;WAOU1;1573;39526.55:419222.34:466121.06:37607.60
1682563883;WAOU1;1574;41211.13:418269.94:483820.94:37062.59
1682567545;WAOU1;1575;42926.51:430181.78:491526.41:36840.84
1682571204;WAOU1;1576;42503.18:431176.31:499628.28:38830.02
1682574867;WAOU1;1577;42366.40:433147.44:506511.28:37911.14
1682578526;WAOU1;1578;44074.00:440039.97:517380.91:36460.94
1682582188;WAOU1;1579;41619.71:435587.19:516165.78:36944.93
1682585847;WAOU1;1580;43843.86:430317.25:512017.72:37687.85
1682589510;WAOU1;1581;43344.88:433501.34:518341.69:37678.52
1682593172;WAOU1;1582;41428.52:420338.91:512354.19:36560.79
1682596835;WAOU1;1583;41558.81:425090.03:539088.06:36562.91
1682600497;WAOU1;1584;36320.50:409942.19:553654.31:36757.52
1682604160;WAOU1;1585;38934.58:429168.81:630953.19:36791.86
1682607822;WAOU1;1586;37548.23:419610.63:672488.88:36586.86
1682611485;WAOU1;1587;38112.47:426588.38:642191.50:37735.88
1682615147;WAOU1;1588;39465.89:421150.38:606580.31:37481.43
1682618811;WAOU1;1589;39620.73:420036.53:585846.94:37881.98
1682622473;WAOU1;1590;43071.91:417166.38:554289.81:36011.77
1682626136;WAOU1;1591;43279.62:412279.97:481046.59:36964.76
1682629798;WAOU1;1592;46889.06:413529.44:476333.34:36909.52
1682633462;WAOU1;1593;46772.34:405075.03:467833.38:37882.93
1682637124;WAOU1;1594;47149.29:411664.63:465783.91:36012.71
1682640786;WAOU1;1595;48413.61:409433.53:453107.66:37220.86
1682644448;WAOU1;1596;48354.00:409733.16:456905.22:36574.36
1682648111;WAOU1;1597;51381.97:403042.88:434576.63:35628.33
1682651773;WAOU1;1598;51327.33:425115.66:435312.44:35469.36
1682655436;WAOU1;1599;49343.93:398090.06:446121.28:35272.15
1682659095;WAOU1;1600;50745.15:406710.28:452521.72:36707.60
1682662757;WAOU1;1601;49024.11:408254.75:470111.72:34217.67
1682666419;WAOU1;1602;49617.03:367273.06:477259.53:35721.80
1682670083;WAOU1;1603;50005.77:367431.31:476464.81:36565.98
1682673742;WAOU1;1604;51421.51:354933.66:486059.25:35533.80
1682677404;WAOU1;1605;52400.23:359073.94:484703.13:35099.85
1682681066;WAOU1;1606;48397.55:372944.50:479893.69:38120.85
1682684729;WAOU1;1607;50235.32:365892.13:513199.31:36951.18
1682688391;WAOU1;1608;48662.86:394429.88:558130.56:36497.41
1682692054;WAOU1;1609;48062.39:413461.34:595229.75:36283.09
1682695716;WAOU1;1610;48183.71:422394.28:618311.81:37813.06
1682699380;WAOU1;1611;49543.38:422898.56:583899.88:36154.10
1682703042;WAOU1;1612;51455.85:411693.78:546975.38:36996.98
1682706705;WAOU1;1613;52395.98:411259.38:520938.53:36430.85
1682710367;WAOU1;1614;54885.55:408784.06:483679.44:35531.67
1682714030;WAOU1;1615;54856.52:345248.56:455909.63:35909.80
1682717692;WAOU1;1616;57161.87:407429.13:439743.16:37154.18
1682721355;WAOU1;1617;59218.79:404295.16:427442.94:37189.70
1682725018;WAOU1;1618;59748.45:397090.22:440191.41:36283.09
1682728680;WAOU1;1619;62348.84:404815.63:431872.59:36904.33
1682732342;WAOU1;1620;63965.32:402596.56:432789.47:34587.65
1682736006;WAOU1;1621;63297.70:402533.28:451897.41:35980.49
1682739668;WAOU1;1622;63253.91:397217.56:453144.50:35766.53
1682743331;WAOU1;1623;65098.40:399844.63:460870.50:35701.03
1682746993;WAOU1;1624;61344.87:408482.78:459278.09:36381.87
1682750656;WAOU1;1625;64829.21:394986.44:441396.13:34909.02
1682754318;WAOU1;1626;63958.71:399249.69:448187.31:36151.03
1682757981;WAOU1;1627;65255.72:405386.25:456781.19:35507.83
1682761643;WAOU1;1628;65000.68:401200.06:471628.94:35370.82
1682765306;WAOU1;1629;66679.24:412854.84:507797.06:38687.93
1682768968;WAOU1;1630;61941.21:412979.13:527776.94:39097.68
1682772632;WAOU1;1631;59523.27:414843.66:531635.38:36717.98
1682776294;WAOU1;1632;57342.79:409739.06:589607.31:37351.26
1682779956;WAOU1;1633;57855.34:414492.91:597095.38:37511.65
1682783618;WAOU1;1634;60056.47:408733.69:589161.56:36030.41
1682787282;WAOU1;1635;62739.36:405320.97:559412.00:36989.66
1682790944;WAOU1;1636;65958.75:412592.50:475336.09:36703.35
1682794607;WAOU1;1637;69053.75:411102.28:452501.19:36989.66
1682801985;WAOU1;1638;73130.42:410249.84:423833.63:37158.42
1682805647;WAOU1;1639;80003.38:407209.38:414638.91:36301.86
1682809310;WAOU1;1640;77238.71:414015.78:414183.25:37006.42
1682816695;WAOU1;1641;81586.12:416763.81:460087.31:37861.10
1682820359;WAOU1;1642;80205.78:426584.50:472650.63:38037.41
1682824021;WAOU1;1643;82186.35:429292.16:472513.34:37366.84
1682827680;WAOU1;1644;83230.33:434029.84:486356.19:36445.36
1682831342;WAOU1;1645;78663.18:430653.97:483507.97:38448.70
1682835004;WAOU1;1646;80624.39:433643.44:486091.59:37844.34
1682838667;WAOU1;1647;82420.14:431948.50:487348.94:37510.70
1682842330;WAOU1;1648;80314.36:373423.41:486836.28:37974.75
1682845992;WAOU1;1649;75873.96:371486.03:486377.66:38723.45
1682849654;WAOU1;1650;77347.77:416582.06:494677.69:38377.78
1682853319;WAOU1;1651;76069.28:434931.38:502695.44:39613.42
1682856981;WAOU1;1652;74335.96:387946.59:517663.56:35970.11
1682860642;WAOU1;1653;64763.35:437091.78:541705.75:36649.30
1682864304;WAOU1;1654;69748.63:439654.31:592124.38:36526.56
1682867968;WAOU1;1655;66771.89:433999.88:595728.63:36837.65
1682871630;WAOU1;1656;72113.70:429596.63:590443.00:36141.59
1682875293;WAOU1;1657;73820.70:434368.19:562192.50:38880.18
1682878955;WAOU1;1658;76647.33:428860.69:534496.13:36733.56
1682882618;WAOU1;1659;79474.67:428274.63:525929.81:37306.42
1682886280;WAOU1;1660;80471.68:419832.25:477652.88:37163.73
1682889943;WAOU1;1661;79447.52:431872.59:468347.72:38547.84
1682893605;WAOU1;1662;82302.01:432937.34:468438.00:37074.04
1682897269;WAOU1;1663;85424.27:417350.22:433563.44:38245.13
1682900931;WAOU1;1664;87604.05:427543.97:466956.75:37689.97
1682904594;WAOU1;1665;88587.48:430098.22:462070.72:38732.89
1682908257;WAOU1;1666;89461.28:432327.78:465809.16:38393.36
1682911919;WAOU1;1667;86753.97:436754.16:473644.19:39461.64
1682915581;WAOU1;1668;89668.41:436223.78:480495.56:38285.84
1682919244;WAOU1;1669;90367.54:438924.13:480929.16:38746.46
1682926622;WAOU1;1670;82151.06:380059.63:494457.94:37526.40
1682930281;WAOU1;1671;81110.27:371442.13:493557.84:39906.57
1682933943;WAOU1;1672;78184.15:369804.28:495823.41:37192.88
1682937606;WAOU1;1673;75094.81:428401.72:497580.31:38637.77
1682941268;WAOU1;1674;73388.41:399354.50:531854.75:37067.90
1682944930;WAOU1;1675;71844.27:366251.50:544695.38:35648.04
1682948594;WAOU1;1676;75590.25:367859.00:538135.06:38293.04
1682952256;WAOU1;1677;71107.72:394384.44:566862.31:38215.86
1682955919;WAOU1;1678;67437.27:432285.91:585662.94:38184.46
1682959581;WAOU1;1679;68433.92:433323.38:606681.06:37624.36
1682963244;WAOU1;1680;72300.88:429915.06:602127.75:37036.51
1682966906;WAOU1;1681;73170.66:366869.31:576967.06:37372.04
1682970569;WAOU1;1682;72657.52:365144.63:512271.81:38476.91
1682974231;WAOU1;1683;75548.83:370138.50:495457.44:39158.22
1682977895;WAOU1;1684;76704.69:365697.88:470888.84:38846.78
1682981556;WAOU1;1685;77141.94:432917.41:460712.59:38855.16
1682985219;WAOU1;1686;77066.65:423324.50:463141.63:38279.59
1682988881;WAOU1;1687;75703.43:418736.22:454735.97:39184.54
1682992545;WAOU1;1688;76899.06:460311.56:469644.72:37289.78
1682996204;WAOU1;1689;79710.70:444735.88:481087.31:39918.14
1682999866;WAOU1;1690;77695.56:428405.63:486345.44:38708.81
1683003525;WAOU1;1691;78797.48:446359.69:496944.69:38286.90
1683007187;WAOU1;1692;77724.71:461683.63:503880.09:39351.89
1683010846;WAOU1;1693;80487.49:464007.50:519956.38:40068.96
1683014509;WAOU1;1694;75953.63:398002.63:501170.28:39580.96
1683018172;WAOU1;1695;75789.94:462149.91:512884.69:39123.76
1683021834;WAOU1;1696;75792.06:383784.03:507600.09:38907.32
1683025496;WAOU1;1697;73925.62:395657.25:507916.88:38689.93
1683029159;WAOU1;1698;68702.88:390888.66:531532.31:37691.04
1683032821;WAOU1;1699;68028.30:459649.25:575775.19:36134.39
1683036484;WAOU1;1700;68372.09:461236.47:637878.69:37167.86
1683040146;WAOU1;1701;67712.13:455298.78:662549.75:36596.19
1683043809;WAOU1;1702;69057.17:453702.13:640163.38:38128.17
1683047471;WAOU1;1703;70266.73:474867.69:614238.31:36609.76
1683051135;WAOU1;1704;74952.72:443505.19:588568.38:39569.52
1683054797;WAOU1;1705;75185.69:375920.66:534920.75:38753.78
1683058460;WAOU1;1706;75886.36:444550.94:487036.56:38660.66
1683062122;WAOU1;1707;80771.56:381270.97:481059.47:39528.68
1683065785;WAOU1;1708;83006.45:444721.59:463431.59:39793.51
1683069447;WAOU1;1709;82988.16:441588.38:455311.16:36474.39
1683073110;WAOU1;1710;84010.07:380523.09:463231.31:40083.60
1683076773;WAOU1;1711;84071.55:457745.03:476838.69:39728.60
1683080435;WAOU1;1712;83876.83:459240.66:486732.91:40433.75
1683084097;WAOU1;1713;85493.90:456686.06:484061.22:39904.57
1683087760;WAOU1;1714;85873.20:460259.75:491905.72:38369.40
1683091419;WAOU1;1715;84709.80:388972.75:498809.34:40391.74
1683095082;WAOU1;1716;82496.27:381961.94:519951.91:41049.57
1683098741;WAOU1;1717;83513.69:401813.84:524325.00:39910.82
1683102403;WAOU1;1718;84552.48:478653.09:519760.59:40398.00
1683106062;WAOU1;1719;81374.16:390310.84:502875.88:41619.71
1683109725;WAOU1;1720;79796.50:394070.41:505026.75:40210.46
1683113387;WAOU1;1721;78497.48:406061.53:501001.19:40087.84
1683117050;WAOU1;1722;73336.95:402485.50:540900.06:39966.29
1683120712;WAOU1;1723;71968.89:455558.66:588083.81:38720.38
1683124375;WAOU1;1724;70708.70:466560.69:670719.69:39250.28
1683128037;WAOU1;1725;74010.59:467768.34:668280.63:39813.46
1683131704;WAOU1;1726;71524.80:466315.69:649842.44:37946.54
1683139094;WAOU1;1727;82668.92:447117.81:577134.31:40301.57
1683146480;WAOU1;1728;86445.00:384221.97:485267.94:39951.65
1683150141;WAOU1;1729;91664.43:410217.03:468328.81:40635.09
1683157871;WAOU1;1730;95883.66:452468.38:456609.72:41559.88
1683161533;WAOU1;1731;94282.76:459825.81:452643.03:43230.05
1683165207;WAOU1;1732;98768.12:457279.47:478951.44:41757.43
1683168866;WAOU1;1733;99140.59:456058.22:476783.56:42884.38
1683172529;WAOU1;1734;101737.55:454793.56:488740.38:43254.25
1683176191;WAOU1;1735;100051.32:457960.19:480843.72:42352.71
1683179854;WAOU1;1736;102615.01:467969.81:503285.28:44522.93
1683183519;WAOU1;1737;100029.02:471418.03:506721.47:44950.98
1683187183;WAOU1;1738;101477.56:404805.94:517295.56:42833.87
1683190845;WAOU1;1739;98317.77:399604.22:512556.94:44932.10
1683194508;WAOU1;1740;97432.05:434724.97:516315.91:41295.16
1683198170;WAOU1;1741;93943.93:394308.78:525678.00:41492.61
1683201833;WAOU1;1742;86666.99:384871.19:543215.31:42592.76
1683205495;WAOU1;1743;82312.39:394354.22:588861.31:41330.92
1683209159;WAOU1;1744;83976.91:449618.25:663936.88:40613.02
1683212821;WAOU1;1745;83969.12:389838.88:708483.44:43587.53
1683216484;WAOU1;1746;84376.87:467848.13:684550.81:41376.00
1683220146;WAOU1;1747;89394.60:467927.81:654782.69:43026.71
1683223809;WAOU1;1748;93097.75:464587.91:618061.50:43767.86
1683227471;WAOU1;1749;95771.90:460502.63:594845.25:43337.45
1683231134;WAOU1;1750;95953.53:451310.50:576826.50:44874.86
1683234796;WAOU1;1751;99426.42:380005.94:538525.00:44823.05
1683238459;WAOU1;1752;99986.77:390104.06:520514.84:43653.85
1683242121;WAOU1;1753;101604.66:390941.41:515816.47:46007.71
1683245785;WAOU1;1754;105989.59:380953.50:506582.09:46980.40
1683249447;WAOU1;1755;103175.23:378513.84:496117.84:44736.43
1683253110;WAOU1;1756;104224.05:382512.38:513438.06:44886.54
1683256769;WAOU1;1757;104065.55:398693.59:493853.34:43904.05
1683260431;WAOU1;1758;106200.73:380146.72:488420.78:44336.94
1683264094;WAOU1;1759;110704.14:374385.84:509491.34:44054.99
1683267756;WAOU1;1760;108456.15:375740.09:504678.13:46397.75
1683271418;WAOU1;1761;110407.56:381740.78:504903.19:48803.54
1683275082;WAOU1;1762;107842.94:387249.47:504349.56:45682.33
1683278744;WAOU1;1763;107695.41:385367.81:518737.16:44346.38
1683282405;WAOU1;1764;106884.52:400850.47:541534.44:46294.96
1683286067;WAOU1;1765;104072.76:388027.09:573587.56:46107.20
1683289732;WAOU1;1766;101438.61:380673.31:595594.69:46572.77
1683293394;WAOU1;1767;106546.16:454342.50:630172.75:47824.11
1683297057;WAOU1;1768;107406.39:386403.53:612636.38:46042.64
1683300719;WAOU1;1769;109227.52:380764.31:577369.63:45053.66
1683304382;WAOU1;1770;104407.34:373529.97:632724.63:44821.04
1683308044;WAOU1;1771;108096.44:386603.56:629556.00:44856.92
1683311707;WAOU1;1772;110339.47:376136.16:607041.06:44756.49
1683315369;WAOU1;1773;109686.95:418307.13:574526.94:43156.18
1683319032;WAOU1;1774;109083.18:381683.19:517448.16:45892.17
1683322694;WAOU1;1775;112903.75:369796.97:504779.63:44819.86
1683326358;WAOU1;1776;115540.37:369441.03:479418.19:46200.55
1683330020;WAOU1;1777;110809.41:376597.00:452014.47:46580.21
1683333683;WAOU1;1778;115581.32:403677.47:451337.19:46497.48
1683337345;WAOU1;1779;117398.31:442799.47:456522.97:47162.03
1683341009;WAOU1;1780;115542.73:389455.44:463168.75:48091.06
1683344671;WAOU1;1781;122992.80:438470.72:476743.09:45993.90
1683348333;WAOU1;1782;121653.78:380389.59:483613.00:47162.98
1683351995;WAOU1;1783;119904.41:380638.16:489042.50:47960.30
1683355658;WAOU1;1784;121559.95:374915.38:504592.19:47167.23
1683359321;WAOU1;1785;121579.43:391395.31:512459.00:48728.83
1683362984;WAOU1;1786;123190.95:379742.75:499496.81:46487.92
1683366646;WAOU1;1787;117156.14:386845.03:518476.44:45622.03
1683370310;WAOU1;1788;116651.73:390171.69:541564.38:47735.83
1683373972;WAOU1;1789;113505.75:382080.91:547495.81:46102.00
1683377634;WAOU1;1790;105777.28:421007.00:598591.50:47020.77
1683381296;WAOU1;1791;100713.40:384244.41:665145.06:44712.11
1683384959;WAOU1;1792;100896.68:455888.88:673824.50:46721.36
1683388621;WAOU1;1793;101227.13:410430.06:656255.88:45983.28
1683392284;WAOU1;1794;105697.85:464784.41:634356.50:46485.91
1683395947;WAOU1;1795;103576.61:453348.19:619530.94:45694.02
1683399609;WAOU1;1796;110803.40:377209.63:584614.50:45126.71
1683403271;WAOU1;1797;115160.35:379165.06:547185.44:46803.02
1683406934;WAOU1;1798;113739.07:386128.53:455104.88:45380.68
1683410596;WAOU1;1799;119532.42:386167.72:447921.75:47037.76
1683414260;WAOU1;1800;119375.45:368394.47:428435.47:48470.02
1683417922;WAOU1;1801;123488.36:367431.31:426911.41:49240.43
1683421585;WAOU1;1802;126521.63:372365.16:435872.31:47654.99
1683425247;WAOU1;1803;128574.78:374356.44:457660.06:48175.21
1683428910;WAOU1;1804;129675.52:392443.75:483257.06:49240.43
1683432570;WAOU1;1805;131949.13:391406.63:480066.47:50174.42
1683436235;WAOU1;1806;128466.09:386588.69:495679.66:50776.31
1683439894;WAOU1;1807;132365.61:385524.78:477187.19:50119.90
1683443557;WAOU1;1808;129306.72:373502.34:481869.66:49548.70
1683447219;WAOU1;1809;127194.21:385806.94:489517.97:48214.51
1683450882;WAOU1;1810;132587.02:400050.69:496371.00:49264.98
1683454544;WAOU1;1811;126383.79:388477.22:511060.50:49484.73
1683458207;WAOU1;1812;126554.91:382196.34:524320.44:50666.08
1683461869;WAOU1;1813;124882.02:412606.06:539450.56:48295.35
1683465532;WAOU1;1814;122380.29:387790.94:543231.63:47595.51
1683469194;WAOU1;1815;123227.66:384936.47:572369.38:50111.40
1683472857;WAOU1;1816;127079.50:391359.66:580001.19:49253.30
1683476520;WAOU1;1817;128739.30:386816.94:538667.88:48154.91
1683480182;WAOU1;1818;128631.78:386311.72:534732.50:51886.61
1683483841;WAOU1;1819;129168.17:381813.38:527531.19:49382.29
1683487503;WAOU1;1820;128267.34:376353.66:532797.50:51135.79
1683491165;WAOU1;1821;132259.98:383731.84:528236.50:49888.23
1683494829;WAOU1;1822;128348.89:378168.06:524137.16:51111.13
1683498491;WAOU1;1823;133376.55:377447.69:515989.00:48861.95
1683502154;WAOU1;1824;136697.08:393329.38:515223.31:51466.59
1683505816;WAOU1;1825;134128.44:375657.22:502651.41:48527.61
1683509479;WAOU1;1826;135661.47:374954.22:509520.25:50916.28
1683513141;WAOU1;1827;135433.83:385806.94:512077.91:50568.71
1683516805;WAOU1;1828;136274.81:385683.50:516755.19:51068.29
1683520467;WAOU1;1829;138687.20:388824.53:514588.25:53171.11
1683524130;WAOU1;1830;137262.73:385500.47:520260.28:52418.52
1683527792;WAOU1;1831;135756.48:380296.97:528475.44:52623.52
1683531455;WAOU1;1832;135215.02:388766.34:530105.06:53099.24
1683535117;WAOU1;1833;130987.99:380419.22:539182.56:50697.12
1683538780;WAOU1;1834;132670.45:394159.25:542563.44:50397.71
1683542442;WAOU1;1835;130277.41:386474.47:559146.50:51406.64
1683546105;WAOU1;1836;126584.42:389547.63:563197.19:52774.81
1683549767;WAOU1;1837;130092.84:384841.34:582494.75:50212.89
1683553430;WAOU1;1838;130125.05:383666.59:593172.94:48827.96
1683557092;WAOU1;1839;130217.93:374343.59:588123.25:49480.48
1683560756;WAOU1;1840;130260.06:383230.63:620549.63:50997.71
1683564418;WAOU1;1841;129158.26:368552.94:623644.31:48693.78
1683568081;WAOU1;1842;128844.33:386880.56:621882.50:49115.69
1683571743;WAOU1;1843;127395.08:382324.50:622267.50:47854.91
1683575406;WAOU1;1844;130163.41:384572.59:591879.75:52084.88
1683579068;WAOU1;1845;133817.81:372621.84:563435.44:49605.34
1683582731;WAOU1;1846;132493.78:386094.78:561008.94:50054.75
1683586393;WAOU1;1847;139092.47:383145.06:538804.06:52899.32
1683590056;WAOU1;1848;136465.30:381139.13:529804.00:49704.59
1683593718;WAOU1;1849;140241.72:378563.75:504914.16:52090.31
1683597381;WAOU1;1850;137989.72:372642.00:487896.53:51770.84
1683601043;WAOU1;1851;142485.00:390440.66:499494.69:51891.93
1683604706;WAOU1;1852;145150.64:391140.97:496846.50:53065.84
1683608365;WAOU1;1853;140959.73:376373.94:496861.84:51588.74
1683612028;WAOU1;1854;139494.20:434125.91:511672.53:53717.18
1683615687;WAOU1;1855;139044.67:397523.47:517647.97:52518.24
1683619349;WAOU1;1856;136967.92:394108.28:533168.56:49766.55
1683623011;WAOU1;1857;135776.55:394371.22:542027.94:53372.10
1683626674;WAOU1;1858;132701.48:396847.09:554056.88:49411.09
1683630336;WAOU1;1859;129914.39:392747.66:575143.56:50722.73
1683634000;WAOU1;1860;126708.81:392923.28:580112.94:50287.60
1683637662;WAOU1;1861;129373.52:388888.25:600877.38:51747.23
1683641325;WAOU1;1862;131027.65:392993.13:607867.63:49622.45
1683644987;WAOU1;1863;134416.63:397926.59:609682.13:49254.36
1683648650;WAOU1;1864;130392.72:400161.25:466851.97:48844.96
1683652312;WAOU1;1865;132046.14:389081.69:465926.34:50032.45
1683655975;WAOU1;1866;133915.06:419410.56:459074.84:51799.75
1683659637;WAOU1;1867;139137.80:451803.00:458691.41:49365.18
1683663300;WAOU1;1868;144540.27:446494.09:464243.31:53570.96
1683666962;WAOU1;1869;140425.95:370803.78:478863.97:51387.29
1683670626;WAOU1;1870;139102.63:391917.41:487683.06:54441.69
1683674288;WAOU1;1871;138199.55:379077.97:497403.41:51348.81
1683677951;WAOU1;1872;132823.52:433037.31:492122.63:51072.65
1683681610;WAOU1;1873;135970.56:392581.59:511331.94:51428.00
1683685272;WAOU1;1874;133529.84:404619.72:505625.09:53123.79
1683688934;WAOU1;1875;129692.76:383690.78:503906.53:51779.34
1683692597;WAOU1;1876;128404.48:387077.16:511107.22:50276.98
1683696260;WAOU1;1877;127660.15:386725.25:510444.31:52389.48
1683699923;WAOU1;1878;125765.14:412656.69:520810.00:49271.35
1683703585;WAOU1;1879;125746.73:465602.03:527144.81:50484.45
1683707248;WAOU1;1880;124927.46:396951.44:534165.75:50259.87
1683710910;WAOU1;1881;120758.97:395501.81:523234.56:51360.49
1683714573;WAOU1;1882;116603.35:395128.53:525238.13:51587.56
1683718235;WAOU1;1883;115676.68:393023.34:519780.78:49057.04
1683721898;WAOU1;1884;111284.55:387592.19:518274.16:48793.86
1683725560;WAOU1;1885;109761.07:400512.38:554911.81:45819.00
1683729222;WAOU1;1886;105021.50:395829.91:568390.50:46452.98
1683732881;WAOU1;1887;106761.07:390698.53:588529.00:47070.57
1683736544;WAOU1;1888;105579.37:391250.25:632199.50:46275.84
1683740206;WAOU1;1889;103104.42:395185.41:621577.31:46854.01
1683743870;WAOU1;1890;107243.52:405042.22:592923.00:47593.39
1683747532;WAOU1;1891;101771.66:394248.25:564973.81:45852.87
1683751195;WAOU1;1892;104740.85:389433.03:479851.06:48857.70
1683754854;WAOU1;1893;105702.58:392551.41:481664.41:45097.09
1683758513;WAOU1;1894;106133.10:387095.81:485975.22:46475.17
1683762172;WAOU1;1895;104210.95:394263.34:498702.19:45209.20
1683765834;WAOU1;1896;102110.72:410168.66:514090.09:44537.68
1683769496;WAOU1;1897;104806.00:399110.56:491808.22:45522.42
1683773159;WAOU1;1898;105021.50:393826.47:493412.19:44720.61
1683776818;WAOU1;1899;98591.56:405290.28:514391.66:44608.49
1683780488;WAOU1;1900;96011.71:390438.88:506913.84:43864.98
1683784147;WAOU1;1901;92548.85:396463.56:526706.25:42769.67
1683787809;WAOU1;1902;95660.14:403430.00:529507.50:41424.39
1683791468;WAOU1;1903;92360.38:402052.97:536746.00:41959.24
1683795131;WAOU1;1904;92397.43:450304.06:537429.88:40051.26
1683798794;WAOU1;1905;88342.95:425202.75:524927.63:38205.35
1683802456;WAOU1;1906;86756.21:389705.41:524818.94:37837.02
1683806118;WAOU1;1907;83456.80:393125.31:514297.81:36772.15
1683809781;WAOU1;1908;83536.47:388239.06:531610.13:38373.53
1683813443;WAOU1;1909;82446.23:447372.88:553294.50:35168.42
1683817106;WAOU1;1910;76422.74:389720.53:603553.19:38555.27
1683820768;WAOU1;1911;75203.63:386472.69:706236.13:35529.67
1683824431;WAOU1;1912;77746.19:408177.69:683380.44:35616.88
1683828093;WAOU1;1913;79621.37:459002.28:462049.94:35499.57
1683831757;WAOU1;1914;78891.07:387974.56:461225.97:35004.37
1683835419;WAOU1;1915;80847.45:390126.63:448738.91:31802.68
1683839082;WAOU1;1916;79111.17:396687.53:457864.94:33852.17
1683842744;WAOU1;1917;78753.47:382058.59:470547.66:31856.26
1683846407;WAOU1;1918;81223.45:383890.13:472498.50:32693.24
1683850069;WAOU1;1919;79545.84:388164.09:484990.84:34555.43
1683853732;WAOU1;1920;81171.28:389861.56:494512.34:33043.40
1683857394;WAOU1;1921;78607.95:391726.94:485779.66:31722.31
1683861057;WAOU1;1922;81784.62:392423.00:484288.75:30591.83
1683864716;WAOU1;1923;81537.38:393580.75:495555.38:32412.36
1683868379;WAOU1;1924;76849.73:394753.59:505435.09:32250.32
1683872038;WAOU1;1925;76960.90:398476.44:515042.28:32362.79
1683875700;WAOU1;1926;77740.52:399232.47:518436.09:33477.59
1683879359;WAOU1;1927;74672.78:402895.38:522545.34:33929.82
1683883021;WAOU1;1928;72762.32:392981.81:513337.63:34271.61
1683886683;WAOU1;1929;70936.59:398674.47:522705.47:31508.00
1683890347;WAOU1;1930;71448.09:391380.31:517091.53:33204.61
1683894010;WAOU1;1931;66833.61:382780.28:517733.19:32040.96
1683897672;WAOU1;1932;66754.19:386242.56:540136.75:31281.40
1683901335;WAOU1;1933;64116.74:391184.41:599893.31:32230.73
1683904997;WAOU1;1934;69016.22:388997.19:611187.13:33108.54
1683908659;WAOU1;1935;66987.98:392117.34:639992.75:32881.24
1683912322;WAOU1;1936;68281.45:383841.72:587412.69:31443.09
1683915985;WAOU1;1937;68839.08:389228.16:566185.25:31956.46
1683919647;WAOU1;1938;68207.33:382867.72:566957.94:30140.53
1683923306;WAOU1;1939;68552.41:392349.47:535175.63:29951.47
1683926969;WAOU1;1940;71197.77:387828.47:547705.88:30587.70
1683930631;WAOU1;1941;71017.67:449358.38:511621.44:31998.71
1683934294;WAOU1;1942;71554.89:383987.13:496425.41:30898.44
1683937958;WAOU1;1943;71320.15:371478.72:498910.03:32416.49
1683941623;WAOU1;1944;70575.34:388276.56:498065.72:31610.08
1683945282;WAOU1;1945;71862.09:384546.53:508275.75:31236.08
1683948944;WAOU1;1946;73638.48:382906.78:509273.94:32329.75
1683952606;WAOU1;1947;69235.50:384912.25:513049.78:33422.82
1683956269;WAOU1;1948;70203.59:388467.88:521946.75:32085.34
1683959931;WAOU1;1949;69541.28:388619.78:516587.13:31734.71
1683963596;WAOU1;1950;69609.02:387017.34:520929.56:32497.10
1683967258;WAOU1;1951;69817.44:392015.47:512998.44:33773.45
1683970920;WAOU1;1952;67738.69:390448.09:521260.94:31335.93
1683974583;WAOU1;1953;70432.19:382147.81:523962.84:32085.34
1683978249;WAOU1;1954;66533.73:379307.50:537957.56:31449.34
1683981912;WAOU1;1955;66863.47:409398.72:551096.38:32207.01
1683985575;WAOU1;1956;66129.40:407247.97:572837.06:32684.98
1683989237;WAOU1;1957;66451.00:431748.91:590825.38:31559.45
1683992899;WAOU1;1958;65047.89:376451.38:622573.06:30407.84
1683996562;WAOU1;1959;62867.41:378275.31:650716.63:31942.89
1684000224;WAOU1;1960;61582.91:385018.59:651804.38:30118.93
1684003883;WAOU1;1961;63809.66:430968.94:601147.25:30597.02
1684007546;WAOU1;1962;65030.31:430797.47:562487.56:31786.16
1684011208;WAOU1;1963;63649.51:421890.13:533393.13:30510.63
1684014871;WAOU1;1964;65532.82:417240.59:508083.03:30791.39
1684018533;WAOU1;1965;67415.08:422215.03:517888.03:32787.18
1684022196;WAOU1;1966;65767.21:411550.16:491938.28:30227.86
1684025858;WAOU1;1967;69290.84:375885.59:507812.66:31281.40
1684029521;WAOU1;1968;69642.19:371985.84:502154.44:32136.79
1684033180;WAOU1;1969;69063.78:369357.13:478849.13:31458.55
1684036843;WAOU1;1970;71232.23:428632.09:481324.53:31881.05
1684040502;WAOU1;1971;69502.57:428568.72:511125.03:32326.68
1684044164;WAOU1;1972;69706.50:430357.03:516934.44:32276.17
1684047826;WAOU1;1973;69726.45:425283.69:512552.47:32373.18
1684051489;WAOU1;1974;69795.25:382188.78:516963.59:31497.61
1684055151;WAOU1;1975;68616.62:382229.72:523150.75:31873.97
1684058814;WAOU1;1976;68084.59:380595.44:524336.38:30860.32
1684062476;WAOU1;1977;65348.01:377141.19:531763.44:30323.46
1684066139;WAOU1;1978;64405.29:418647.84:550287.75:31066.26
1684069801;WAOU1;1979;61834.05:422471.13:580889.94:30717.28
1684073465;WAOU1;1980;59392.75:426923.19:628844.25:33042.45
1684080844;WAOU1;1981;62612.37:414177.47:656957.38:31239.15
1684084506;WAOU1;1982;62720.71:354455.09:456376.16:31738.84
1684088168;WAOU1;1983;70986.52:361424.94:460324.06:34200.09
1684091831;WAOU1;1984;71656.03:361756.81:440330.78:32391.71
1684095493;WAOU1;1985;68677.39:359719.38:437037.63:32306.03
1684099155;WAOU1;1986;66594.39:355637.75:445288.91:33712.55
1684102818;WAOU1;1987;66543.64:340847.94:458119.63:33750.79
1684106480;WAOU1;1988;63284.60:317466.38:458654.13:35571.21
1684110143;WAOU1;1989;63135.66:346171.69:472834.47:36066.76
1684128676;WAOU1;1990;54793.97:372603.41:500081.94:34597.92
1684132335;WAOU1;1991;52830.63:372680.50:512320.69:35175.73
1684135998;WAOU1;1992;54041.14:378094.06:521028.69:34936.98
1684143379;WAOU1;1993;53083.07:358901.38:504633.97:35329.27
1684147038;WAOU1;1994;48834.34:367253.00:513297.50:35376.95
1684150701;WAOU1;1995;47172.54:363836.63:523062.59:35597.17
1684154363;WAOU1;1996;47116.24:369541.47:521623.97:35135.25
1684158026;WAOU1;1997;45122.46:359726.56:552927.69:32635.41
1684161689;WAOU1;1998;44624.31:362323.53:623071.31:34790.76
1684165355;WAOU1;1999;43694.10:360812.09:645203.81:34384.55
1684172734;WAOU1;2000;43161.48:353705.91:584183.69:34772.11
1684176396;WAOU1;2001;45612.59:357829.78:538654.19:33136.39
1684180058;WAOU1;2002;45074.90:355755.63:535490.38:33087.89
1684187444;WAOU1;2003;45902.67:356140.25:525160.94:33809.68
1684191106;WAOU1;2004;47035.52:354385.47:496248.75:32589.98
1684194769;WAOU1;2005;46874.19:356267.38:501530.38:33380.34
1684198432;WAOU1;2006;46767.03:365986.56:498883.72:34248.71
1684202094;WAOU1;2007;47115.30:361571.06:504603.19:34386.55
1684205753;WAOU1;2008;45523.60:362605.34:507143.97:36079.27
1684209415;WAOU1;2009;46402.00:370865.97:528550.63:33627.58
1684213077;WAOU1;2010;44902.48:362482.50:520566.66:34771.05
1684220458;WAOU1;2011;46296.02:367633.38:526901.56:36175.93
1684224121;WAOU1;2012;46460.42:372473.38:526447.44:35477.74
1684227783;WAOU1;2013;44865.42:376890.28:531178.19:34589.66
1684231442;WAOU1;2014;47186.46:375714.34:544441.75:36745.01
1684235105;WAOU1;2015;46336.27:373417.84:532090.31:34885.18
1684238767;WAOU1;2016;43247.88:374911.84:543066.75:33612.13
1684242429;WAOU1;2017;44176.43:377902.03:530963.38:35823.65
1684246091;WAOU1;2018;43685.60:375587.25:542032.56:36361.10
1684249754;WAOU1;2019;44000.00:372427.56:541251.88:34510.82
1684253416;WAOU1;2020;43449.33:376093.66:534558.19:34508.82
1684257080;WAOU1;2021;42556.88:374637.69:537936.88:33574.83
1684260742;WAOU1;2022;44312.63:370375.97:551821.25:35474.67
1684264405;WAOU1;2023;44011.68:375487.75:534064.75:35117.55
1684268064;WAOU1;2024;43851.30:380052.31:542243.56:33835.53
1684271726;WAOU1;2025;41151.30:335136.50:538824.88:35739.38
1684275388;WAOU1;2026;43764.79:381603.41:532417.56:34655.98
1684279052;WAOU1;2027;44195.43:381150.34:529881.50:34273.61
1684282714;WAOU1;2028;44761.80:376901.25:534808.13:34405.20
1684286377;WAOU1;2029;45309.75:398680.16:535667.31:35636.71
1684290036;WAOU1;2030;43951.49:381120.50:550997.75:34805.28
1684293698;WAOU1;2031;45303.38:390060.75:546646.69:34877.98
1684297358;WAOU1;2032;44781.86:397768.69:552880.69:35051.23
1684301019;WAOU1;2033;45056.84:404779.03:543071.50:35921.25
1684304681;WAOU1;2034;44455.31:399794.94:562744.81:35304.37
1684308345;WAOU1;2035;44066.56:402922.16:565520.69:34474.71
1684312007;WAOU1;2036;43371.20:402403.13:564821.00:35464.17
1684315670;WAOU1;2037;45547.91:395721.81:563533.06:33685.53
1684319329;WAOU1;2038;43332.26:395517.06:560792.69:36195.76
1684322991;WAOU1;2039;43470.45:390470.88:550119.13:34160.79
1684326654;WAOU1;2040;41890.91:393132.88:559182.00:35158.03
1684330316;WAOU1;2041;41998.19:392783.41:582839.25:32841.95
1684333978;WAOU1;2042;40337.21:396002.47:625487.38:32993.83
1684337642;WAOU1;2043;39317.31:385937.72:685778.25:33467.20
1684341304;WAOU1;2044;41690.16:394757.38:666791.25:32797.45
1684344967;WAOU1;2045;40845.87:395069.88:665864.81:33890.53
1684348636;WAOU1;2046;41096.77:393801.91:651309.44:32292.69
1684352299;WAOU1;2047;43154.17:344632.63:594954.31:34133.76
1684355961;WAOU1;2048;42572.70:392343.69:566682.69:32272.04
1684359624;WAOU1;2049;43708.73:395009.22:582985.81:32082.15
1684363286;WAOU1;2050;44881.23:396211.09:556875.13:32147.18
1684366950;WAOU1;2051;45909.16:392041.91:549505.63:33309.05
1684370612;WAOU1;2052;45751.25:390749.41:512147.06:31074.40
1684374275;WAOU1;2053;46798.77:398663.16:545411.88:32474.32
1684377934;WAOU1;2054;45235.64:403796.19:537413.75:33998.16
1684381596;WAOU1;2055;46422.18:403917.16:578410.88:32585.85
1684385255;WAOU1;2056;47382.96:397261.09:559774.69:34859.21
1684388931;WAOU1;2057;45005.03:407290.22:576412.19:33627.58
1684392591;WAOU1;2058;44106.80:417729.66:571247.00:32304.02
1684396254;WAOU1;2059;46449.80:418334.63:582685.25:34072.75
1684399913;WAOU1;2060;44304.13:416248.06:587503.75:33359.68
1684403576;WAOU1;2061;47416.95:411270.94:575697.69:34508.82
1684407235;WAOU1;2062;44294.69:396222.56:567939.94:31746.04
1684410897;WAOU1;2063;43225.80:405826.69:566369.38:33013.42
1684414559;WAOU1;2064;40770.34:413074.47:578989.31:30830.46
1684418222;WAOU1;2065;39642.68:404178.09:671861.63:32606.50
1684421884;WAOU1;2066;41302.48:399135.47:678503.50:32503.23
1684425547;WAOU1;2067;41200.63:400384.44:696202.00:30540.37
1684429209;WAOU1;2068;43466.21:393382.34:669139.13:29948.40
1684432872;WAOU1;2069;45451.61:394795.13:657144.75:30959.21
1684436534;WAOU1;2070;44678.24:392023.16:636707.25:31992.46
1684440198;WAOU1;2071;44014.87:392268.28:612294.00:30797.53
1684443860;WAOU1;2072;44379.19:397951.28:605327.88:29624.91
1684447523;WAOU1;2073;46036.27:395951.25:590558.88:30863.38
1684454908;WAOU1;2074;46505.97:399219.38:566570.25:30383.17
1684458571;WAOU1;2075;48433.90:350231.50:574713.19:30658.74
1684462233;WAOU1;2076;48435.91:356496.56:543963.19:31042.54
1684465895;WAOU1;2077;48241.18:349814.66:548287.50:29663.98
1684469559;WAOU1;2078;52061.28:404832.84:554977.88:30047.06
1684473221;WAOU1;2079;49210.57:404508.31:556312.88:31923.42
1684476884;WAOU1;2080;50226.82:411979.03:562304.38:32168.89
1684480546;WAOU1;2081;51404.39:408590.88:567865.56:34026.01
1684484209;WAOU1;2082;50828.71:414292.28:570373.81:31278.21
1684487868;WAOU1;2083;49756.88:406063.41:570193.63:31551.19
1684491530;WAOU1;2084;48499.88:407560.22:563976.44:32609.57
1684495188;WAOU1;2085;47333.04:410428.06:566414.81:32015.12
1684498852;WAOU1;2086;45964.28:400982.31:600834.88:30937.50
1684502514;WAOU1;2087;45048.34:394611.63:635034.00:31096.00
1684506177;WAOU1;2088;45804.25:403608.44:671812.44:31301.94
1684509839;WAOU1;2089;46347.95:395120.97:673810.94:30639.15
1684513502;WAOU1;2090;48401.92:391704.50:680256.44:31517.20
1684517164;WAOU1;2091;47990.04:397610.91:667821.81:30257.72
1684520827;WAOU1;2092;50099.71:395924.56:651346.69:30090.14
1684524489;WAOU1;2093;50080.48:394439.44:631218.06:30684.35
1684528152;WAOU1;2094;51546.96:396567.88:604885.69:30872.71
1684531814;WAOU1;2095;53835.67:388158.31:578214.25:31346.31
1684535478;WAOU1;2096;53616.16:394407.22:577342.94:31693.52
1684539140;WAOU1;2097;52267.22:390852.91:577214.44:31311.26
1684542803;WAOU1;2098;53508.64:399735.94:588231.31:30593.83
1684546465;WAOU1;2099;54532.21:405198.00:584098.13:30761.54
1684550128;WAOU1;2100;55253.41:395833.56:584971.94:29624.91
1684553790;WAOU1;2101;54873.75:404049.47:559110.94:32602.37
1684557454;WAOU1;2102;56832.83:402326.53:547243.75:29722.51
1684561116;WAOU1;2103;57051.52:404441.03:556400.31:31050.80
1684564778;WAOU1;2104;56575.44:405584.38:574089.69:31985.26
1684568440;WAOU1;2105;55010.77:418434.47:566498.63:31990.45
1684572104;WAOU1;2106;56063.01:406157.72:568774.44:32173.97
1684575767;WAOU1;2107;55233.94:405976.78:567300.19:30523.97
1684579429;WAOU1;2108;55756.28:404206.91:583208.06:30449.97
1684583091;WAOU1;2109;54005.61:400674.63:591971.06:31610.08
1684586754;WAOU1;2110;53894.80:410279.00:626420.63:32293.63
1684590413;WAOU1;2111;53285.12:411119.88:661827.31:31703.79
1684594075;WAOU1;2112;50507.82:410044.84:701617.88:30438.64
1684597737;WAOU1;2113;51818.99:411346.59:709894.69:30557.84
1684601400;WAOU1;2114;54817.69:404640.72:696597.94:29961.73
1684605062;WAOU1;2115;54864.07:400879.03:671441.75:29903.20
1684608725;WAOU1;2116;57882.48:400090.69:637054.81:30602.10
1684616111;WAOU1;2117;61343.80:397544.34:618664.31:31833.72
1684619773;WAOU1;2118;60317.88:356027.56:594775.75:30043.87
1684623437;WAOU1;2119;63118.07:340187.28:590068.19:31935.81
1684627099;WAOU1;2120;61991.36:402416.56:578726.81:30627.82
1684630762;WAOU1;2121;64537.00:404859.75:568040.38:30875.78
1684638139;WAOU1;2122;64725.94:397394.22:566503.31:31602.76
1684641801;WAOU1;2123;64789.67:399884.63:542774.44:31082.66
1684645464;WAOU1;2124;67915.48:353385.16:561215.56:33792.22
1684652850;WAOU1;2125;67949.70:363431.38:569564.00:33412.44
1684660231;WAOU1;2126;65818.90:410079.66:585670.38:33373.26
1684663893;WAOU1;2127;64593.05:399966.66:592107.00:32797.45
1684667557;WAOU1;2128;66776.26:403765.50:600664.81:32568.26
1684671219;WAOU1;2129;62956.04:400760.69:624192.25:29896.00
1684674882;WAOU1;2130;66011.62:399836.94:657983.63:32225.66
1684678544;WAOU1;2131;63768.94:406762.31:726562.25:30749.26
1684682211;WAOU1;2132;62387.08:411781.13:728601.13:31919.29
1684685874;WAOU1;2133;64521.65:405388.25:704385.88:30496.12
1684689539;WAOU1;2134;62624.41:399000.22:682070.81:30062.52
1684693201;WAOU1;2135;65022.64:402632.78:666975.63:30785.14
1684696865;WAOU1;2136;67091.84:391802.47:657088.63:30189.86
1684700527;WAOU1;2137;71350.13:388529.72:633130.38:32391.71
1684704190;WAOU1;2138;73427.47:383558.50:598928.06:32001.78
1684707852;WAOU1;2139;76134.31:380649.25:548415.88:31749.10
1684711515;WAOU1;2140;78142.49:386674.72:556440.31:31474.01
1684715177;WAOU1;2141;78140.25:379563.13:552243.88:33014.48
1684718840;WAOU1;2142;80248.74:378637.75:554245.13:31541.98
1684722502;WAOU1;2143;81009.37:379070.53:546208.50:32093.60
1684726166;WAOU1;2144;83198.70:383234.41:554862.19:32167.83
1684729828;WAOU1;2145;83148.55:382430.47:559487.88:33134.39
1684733491;WAOU1;2146;84781.66:382404.50:560019.13:33007.17
1684737153;WAOU1;2147;85048.74:391384.09:566297.63:33500.36
1684740816;WAOU1;2148;83133.79:387599.63:566644.44:34897.68
1684744479;WAOU1;2149;85445.87:393008.25:570337.81:32772.67
1684748141;WAOU1;2150;86945.16:387477.97:574841.38:33891.47
1684751803;WAOU1;2151;81622.34:389626.47:588600.25:34592.73
1684755467;WAOU1;2152;82418.96:395221.41:603465.50:33854.30
1684759128;WAOU1;2153;81625.77:399084.00:647112.25:31592.50
1684762791;WAOU1;2154;81549.88:399104.91:730028.44:31124.91
1684766453;WAOU1;2155;81166.80:391568.66:705398.44:30961.22
1684770116;WAOU1;2156;77636.91:389395.38:694241.94:31138.25
1684773778;WAOU1;2157;77555.83:384716.34:685672.81:30348.12
1684777442;WAOU1;2158;81187.22:373230.69:661598.25:30552.76
1684781104;WAOU1;2159;84632.26:384382.38:656336.13:31534.79
1684784767;WAOU1;2160;87263.69:376702.16:627352.63:30873.77
1684788429;WAOU1;2161;91523.63:372266.13:587022.38:32591.98
1684792092;WAOU1;2162;95071.59:368081.25:564398.69:31864.53
1684799470;WAOU1;2163;96412.50:357967.88:535451.25:31054.81
1684803133;WAOU1;2164;98387.87:376351.88:538991.00:33713.50
1684806795;WAOU1;2165;101648.09:378985.56:524966.13:33363.82
1684810457;WAOU1;2166;102289.75:379250.03:531290.19:31497.61
1684814120;WAOU1;2167;104408.52:385956.47:530600.38:32526.01
1684817782;WAOU1;2168;104611.98:381384.13:549468.25:32977.31
1684821446;WAOU1;2169;104082.20:377124.53:546875.19:34386.55
1684825108;WAOU1;2170;104283.06:382408.19:546653.63:32411.30
1684828772;WAOU1;2171;105860.24:389496.75:561220.25:31946.07
1684832434;WAOU1;2172;105991.95:387303.75:551023.69:34136.83
1684836097;WAOU1;2173;107339.83:387219.50:560213.50:33466.25
1684839759;WAOU1;2174;103679.29:349022.88:582983.25:31863.58
1684843422;WAOU1;2175;102855.53:344147.47:604095.13:32994.78
1684847084;WAOU1;2176;105231.09:383521.19:607005.88:32379.32
1684850747;WAOU1;2177;104457.02:385347.28:677004.00:32205.00
1684854409;WAOU1;2178;97588.42:392613.59:713483.00:32351.46
1684858070;WAOU1;2179;97723.91:388332.75:711133.75:31969.80
1684861732;WAOU1;2180;96602.51:393913.44:689546.63:32251.38
1684865396;WAOU1;2181;100340.11:396778.66:673485.69:31522.39
1684869058;WAOU1;2182;102077.80:392700.34:648251.00:33303.86
1684872722;WAOU1;2183;109059.34:386863.69:602408.19:32727.23
1684876384;WAOU1;2184;107950.09:386628.00:577224.13:32006.97
1684880047;WAOU1;2185;111807.13:381393.47:560754.69:36500.48
1684883709;WAOU1;2186;110512.72:332799.88:551427.06:32319.48
1684887372;WAOU1;2187;112412.68:388488.41:547773.63:32985.57
1684891034;WAOU1;2188;117024.20:395835.59:535934.00:34384.55
1684894697;WAOU1;2189;117541.12:401903.66:538801.88:33911.18
1684902083;WAOU1;2190;120324.20:354956.91:542955.31:32181.17
1684905745;WAOU1;2191;120491.07:354742.47:544951.13:33854.30
1684909408;WAOU1;2192;123525.06:358344.69:552361.44:35334.46
1684913070;WAOU1;2193;122970.85:354437.38:542742.06:36073.14
1684916733;WAOU1;2194;122715.11:359508.94:549704.63:34698.59
1684920395;WAOU1;2195;122998.82:359025.31:542649.06:36498.35
1684924058;WAOU1;2196;122435.29:365053.88:536605.69:34574.20
1684927721;WAOU1;2197;115121.77:350314.81:544832.63:32735.49
1684931383;WAOU1;2198;111775.86:410178.31:579424.44:34810.59
1684935045;WAOU1;2199;115103.59:349697.81:617063.75:30885.10
1684938709;WAOU1;2200;112475.11:354960.44:671954.19:33192.22
1684946088;WAOU1;2201;115545.09:364278.50:683471.56:38551.02
1684949751;WAOU1;2202;117070.23:416191.53:713901.38:32272.98
1684953422;WAOU1;2203;117250.55:420401.81:682847.00:32356.66
1684957084;WAOU1;2204;117980.97:418465.84:638698.00:34933.92
1684960748;WAOU1;2205;121668.41:415096.94:591449.81:34426.91
1684964410;WAOU1;2206;123707.52:372324.91:570318.56:35866.25
1684968073;WAOU1;2207;127715.62:418152.41:578821.50:34448.63
1684971735;WAOU1;2208;130120.09:412930.59:557198.81:35130.06
1684975398;WAOU1;2209;131382.64:388090.94:557298.06:34808.46
1684979060;WAOU1;2210;135267.53:373408.66:566618.13:35447.64
1684982723;WAOU1;2211;134678.98:427520.13:547645.13:35573.21
1684986385;WAOU1;2212;134730.08:447107.69:550643.94:35124.75
1684990049;WAOU1;2213;135980.59:441028.13:548546.88:36889.70
1684993711;WAOU1;2214;141751.05:451681.91:554426.38:36485.96
1684997374;WAOU1;2215;139901.25:443801.53:560303.75:35065.63
1685001036;WAOU1;2216;134491.69:380005.94:562306.88:37971.56
1685004699;WAOU1;2217;135074.94:438239.03:547054.69:34833.25
1685008361;WAOU1;2218;132845.94:378857.88:553913.00:35372.82
1685012024;WAOU1;2219;130054.48:387198.84:559430.88:35676.13
1685015686;WAOU1;2220;123268.02:437355.44:578500.81:35046.98
1685019349;WAOU1;2221;125899.21:448849.13:620718.63:35326.21
1685023011;WAOU1;2222;117993.24:381263.53:738064.19:33519.01
1685026674;WAOU1;2223;114910.75:376687.28:781899.56:34613.50
1685030336;WAOU1;2224;113357.88:452934.91:755472.00:34226.99
1685034003;WAOU1;2225;109923.58:453195.94:729596.25:35707.28
1685037665;WAOU1;2226;113734.23:435384.69:716735.44:34195.95
1685041329;WAOU1;2227;121537.88:437313.06:681254.13:35132.07
1685044991;WAOU1;2228;125781.20:364673.25:664661.06:34491.23
1685048655;WAOU1;2229;124861.13:422536.03:648205.81:37683.72
1685052317;WAOU1;2230;129173.13:364981.41:598003.63:35013.81
1685055979;WAOU1;2231;132862.22:365599.81:583721.44:36078.21
1685059641;WAOU1;2232;138158.02:398527.91:583912.13:37885.05
1685063304;WAOU1;2233;148915.05:423431.06:596593.19:40371.79
1685066966;WAOU1;2234;138152.94:385448.19:568054.88:40139.18
1685070629;WAOU1;2235;149848.20:430022.44:571449.06:40066.84
1685074288;WAOU1;2236;146447.30:432467.75:571991.00:37604.41
1685077951;WAOU1;2237;146916.78:378776.53:562930.44:39116.45
1685081613;WAOU1;2238;149736.67:439125.81:552690.25:38843.59
1685085276;WAOU1;2239;149513.52:385605.13:567511.06:41157.55
1685088938;WAOU1;2240;147855.61:437580.63:561733.63:38551.02
1685092601;WAOU1;2241;150693.09:436127.25:554332.19:39304.68
1685096263;WAOU1;2242;146090.30:443415.97:594408.94:41420.14
1685099926;WAOU1;2243;145925.91:382962.50:610407.63:35750.83
1685103588;WAOU1;2244;137793.69:375311.09:649399.19:36391.19
1685107257;WAOU1;2245;129708.92:370174.97:714064.81:34901.82
1685110917;WAOU1;2246;123947.68:449256.06:783416.81:35965.98
1685114580;WAOU1;2247;120174.55:447789.09:770322.81:34408.39
1685118242;WAOU1;2248;118569.16:432212.13:745383.88:34819.79
1685121905;WAOU1;2249;122976.87:430157.81:738845.69:35711.41
1685125567;WAOU1;2250;125004.88:425663.59:714495.13:35205.71
1685129240;WAOU1;2251;131630.95:428669.97:688900.81:38087.45
1685132901;WAOU1;2252;134283.16:413537.22:664058.31:36164.60
1685136564;WAOU1;2253;135427.56:402945.06:645658.06:37753.58
1685140226;WAOU1;2254;139973.11:355432.16:638666.56:39574.71
1685143888;WAOU1;2255;142647.16:363066.22:591225.06:37741.07
1685154987;WAOU1;2256;148533.50:424896.25:574945.19:38263.89
1685158646;WAOU1;2257;153076.09:369437.50:569299.94:39814.40
1685162309;WAOU1;2258;157398.94:290436.19:581531.06:41248.90
1685165971;WAOU1;2259;163089.50:424862.63:561579.19:41080.96
1685169634;WAOU1;2260;155969.52:448076.94:565974.81:41724.86
1685173296;WAOU1;2261;158033.64:444217.78:553654.31:40917.27
1685176959;WAOU1;2262;162341.63:378402.78:589385.69:41232.14
1685180621;WAOU1;2263;158339.55:369001.41:580807.13:39573.76
1685184284;WAOU1;2264;154088.44:414942.91:608546.00:41174.31
1685187946;WAOU1;2265;148671.81:370185.97:651830.94:39825.02
1685191609;WAOU1;2266;144096.88:364638.91:715333.13:38462.28
1685195271;WAOU1;2267;139369.45:441760.31:769008.06:35874.51
1685198935;WAOU1;2268;134972.48:437488.22:801508.25:34361.65
1685202604;WAOU1;2269;130102.75:434099.94:762466.88:36891.82
1685206267;WAOU1;2270;126431.82:428330.19:757698.00:36333.95
1685209929;WAOU1;2271;131674.50:439636.13:743589.56:36160.35
1685213596;WAOU1;2272;136584.38:424483.19:718382.25:37991.51
1685217259;WAOU1;2273;147532.23:430122.16:683079.19:38923.02
1685220921;WAOU1;2274;144746.08:421671.78:664466.31:40655.98
1685224583;WAOU1;2275;149281.48:366976.59:617331.69:42615.77
1685228245;WAOU1;2276;150190.92:356800.81:583208.06:38925.14
1685231907;WAOU1;2277;156690.95:358623.00:570835.50:40075.22
1685235572;WAOU1;2278;159453.86:359413.59:560669.25:42869.63
1685239234;WAOU1;2279;162272.11:359417.25:558069.13:41234.27
1685242897;WAOU1;2280;169015.84:370213.34:576092.31:41907.79
1685246559;WAOU1;2281;168311.88:370313.88:561434.25:41591.38
1685257566;WAOU1;2282;174207.78:451757.91:559860.13:42204.25
1685261228;WAOU1;2283;171349.64:448473.25:580541.44:44074.00
1685264891;WAOU1;2284;169575.72:438654.00:567075.25:41574.63
1685268553;WAOU1;2285;172014.55:439603.78:593197.75:42616.84
1685272216;WAOU1;2286;170063.25:431976.34:633260.31:42650.59
1685275878;WAOU1;2287;154973.11:361581.78:664306.88:39494.22
1685279543;WAOU1;2288;156707.72:440249.94:733083.63:40038.63
1685283204;WAOU1;2289;149786.72:453002.75:818463.06:37683.72
1685286868;WAOU1;2290;142514.14:439339.56:797359.94:36305.98
1685290530;WAOU1;2291;142322.95:438853.56:774002.13:39620.73
1685294196;WAOU1;2292;139163.05:426754.78:760268.31:37957.04
1685297858;WAOU1;2293;146165.48:432983.38:731750.88:38825.89
1685301525;WAOU1;2294;153500.72:432853.44:710091.56:41575.69
1685305188;WAOU1;2295;156226.20:432817.44:691236.25:41668.09
1685308850;WAOU1;2296;160774.23:426903.50:674021.44:42831.63
1685312512;WAOU1;2297;159661.33:413576.16:627251.81:41533.55
1685316175;WAOU1;2298;163974.98:435826.06:608389.50:41995.12
1685319837;WAOU1;2299;167188.23:434212.06:575656.50:41908.85
1685323500;WAOU1;2300;176187.75:433171.38:584986.69:46402.00
1685327162;WAOU1;2301;172633.44:437856.53:588723.50:44123.68
1685330825;WAOU1;2302;176878.52:429536.94:596583.19:44778.79
1685334487;WAOU1;2303;177969.94:457364.19:557317.00:44410.93
1685338150;WAOU1;2304;189826.30:449125.19:568918.31:46125.37
1685345528;WAOU1;2305;183681.84:454276.50:587385.88:46100.94
1685349187;WAOU1;2306;181164.06:370728.72:592512.44:44657.12
1685352850;WAOU1;2307;179258.92:455358.63:598609.06:44991.22
1685356512;WAOU1;2308;178366.00:389722.28:623043.00:44167.94
1685360175;WAOU1;2309;170435.36:414771.44:666872.56:41677.54
1685363837;WAOU1;2310;168515.92:454463.81:746184.00:42888.63
1685367500;WAOU1;2311;159506.03:457784.22:820693.94:41533.55
1685371162;WAOU1;2312;153291.59:456522.97:839670.31:39764.24
1685374825;WAOU1;2313;147798.13:449409.50:808628.56:40706.38
1685378487;WAOU1;2314;146272.64:447895.22:796811.25:43687.61
1685382154;WAOU1;2315;148043.61:447511.53:783631.13:41367.63
1685385816;WAOU1;2316;153299.38:454148.81:749730.19:41252.09
1685389482;WAOU1;2317;159329.94:441760.31:739557.38:41758.50
1685393142;WAOU1;2318;162027.11:442945.34:709124.50:44084.50
1685396804;WAOU1;2319;161386.52:442848.09:706338.50:46754.28
1685400463;WAOU1;2320;164674.83:447503.38:656892.94:42167.54
1685404126;WAOU1;2321;167753.06:440298.31:649871.63:44666.68
1685407788;WAOU1;2322;168832.69:440712.69:643797.75:45001.84
1685411451;WAOU1;2323;176610.97:447580.94:633091.31:46294.96
1685415113;WAOU1;2324;178703.06:367738.88:621057.00:45966.28
1685418777;WAOU1;2325;182362.53:444867.94:612479.06:46789.33
1685422439;WAOU1;2326;181467.61:447470.69:600322.69:46998.34
1685426102;WAOU1;2327;182763.08:458625.09:604172.75:48565.85
1685429764;WAOU1;2328;183200.45:460748.00:608538.44:47528.48
1685433427;WAOU1;2329;189246.72:469104.06:609366.44:48760.81
1685437089;WAOU1;2330;187647.70:455992.25:635425.38:44966.91
1685440752;WAOU1;2331;186964.73:389068.47:657182.31:47310.73
1685444414;WAOU1;2332;181348.30:457747.03:691054.88:45069.47
1685448078;WAOU1;2333;175413.56:462297.78:725207.50:45599.84
1685451741;WAOU1;2334;168074.78:465365.66:801885.31:41093.59
1685455407;WAOU1;2335;161041.08:470910.09:883609.06:42373.84
1685459068;WAOU1;2336;160984.78:454505.13:852864.25:44327.50
1685462735;WAOU1;2337;152334.83:453440.72:818970.31:44324.31
1685466397;WAOU1;2338;158405.88:455952.94:813163.13:46071.20
1685470060;WAOU1;2339;156854.53:459093.63:794651.31:42646.34
1685473722;WAOU1;2340;157959.53:462558.13:741467.44:43854.48
1685477385;WAOU1;2341;167888.08:449331.72:737560.06:44799.92
1685481047;WAOU1;2342;167824.58:380499.00:718321.69:48157.15
1685484710;WAOU1;2343;169481.42:383847.28:705398.44:47729.46
1685488372;WAOU1;2344;177109.83:382757.84:676792.88:47782.68
1685492035;WAOU1;2345;177072.17:352160.25:650047.00:46337.33
1685495697;WAOU1;2346;183636.88:342699.03:637462.69:50813.60
1685499361;WAOU1;2347;183502.34:346635.50:647233.94:47830.48
1685503023;WAOU1;2348;187446.48:359580.81:609404.31:47642.24
1685506686;WAOU1;2349;192011.63:352854.44:635023.50:48906.80
1685510348;WAOU1;2350;191103.13:351717.56:636958.06:49512.46
1685514011;WAOU1;2351;192159.27:452445.72:632173.50:49747.32
1685517673;WAOU1;2352;199691.47:459255.31:628443.31:49972.61
1685521336;WAOU1;2353;193282.19:361993.22:637896.75:48586.14
1685524998;WAOU1;2354;198121.25:359109.81:663086.38:49582.92
1685528661;WAOU1;2355;195714.77:367331.34:688491.81:51588.74
1685532323;WAOU1;2356;186038.17:368660.47:709769.00:48833.27
1685535987;WAOU1;2357;179937.05:446754.94:822103.19:51118.68
1685539649;WAOU1;2358;168088.11:453584.69:847654.63:43888.23
1685543313;WAOU1;2359;164026.20:445797.69:873754.69:44147.87
1685546975;WAOU1;2360;159324.75:443543.78:854361.06:44815.61
1685550641;WAOU1;2361;157336.52:433305.34:844073.75:47830.48
1685554303;WAOU1;2362;161020.19:430066.34:808456.06:44394.06
1685557969;WAOU1;2363;166734.94:430673.91:788137.25:45605.15
1685561631;WAOU1;2364;169666.00:343776.66:759621.25:47516.79
1685565295;WAOU1;2365;175201.72:413712.34:751932.50:48345.51
1685568953;WAOU1;2366;174172.97:424530.63:724830.00:48988.82
1685572616;WAOU1;2367;176436.30:434146.09:746419.38:47778.44
1685576278;WAOU1;2368;185864.81:337296.94:706071.38:54394.24
1685579941;WAOU1;2369;184458.88:345060.22:680815.69:51990.47
1685583603;WAOU1;2370;193294.58:424279.72:665956.88:52154.63
1685587266;WAOU1;2371;190138.45:441883.75:672707.38:51214.98
1685590928;WAOU1;2372;197272.94:435354.47:651189.75:53856.09
1685594592;WAOU1;2373;200893.00:443823.84:642241.56:53396.88
1685598254;WAOU1;2374;200624.16:447203.50:629268.75:56448.80
1685601917;WAOU1;2375;201024.70:452902.09:633346.25:56328.90
1685605579;WAOU1;2376;204621.17:452285.56:643118.19:55100.11
1685609242;WAOU1;2377;197318.86:440631.84:688252.56:51415.14
1685612904;WAOU1;2378;201475.89:396123.91:725643.38:55932.36
1685616567;WAOU1;2379;196134.08:357867.31:738164.38:53528.00
1685620229;WAOU1;2380;189517.20:448818.56:781097.19:51665.80
1685623892;WAOU1;2381;180960.95:344842.00:824593.56:50034.45
1685627554;WAOU1;2382;173417.42:441183.81:873439.25:46026.71
1685631218;WAOU1;2383;171500.11:440860.19:854287.06:47437.13
1685634880;WAOU1;2384;163114.41:431730.88:839676.88:46894.37
1685638546;WAOU1;2385;162063.69:435340.53:802167.63:47379.77
1685642208;WAOU1;2386;166619.98:424222.50:804015.06:50387.09
1685645871;WAOU1;2387;178916.19:428357.94:772145.06:50756.95
1685649533;WAOU1;2388;182377.52:429803.53:763926.94:51448.42
1685653197;WAOU1;2389;181997.50:415982.66:739539.75:48621.32
1685656859;WAOU1;2390;187290.45:334727.47:738580.31:53285.12
1685660522;WAOU1;2391;188082.00:334422.63:721416.38:52528.98
1685664184;WAOU1;2392;192317.88:332468.25:696696.25:53361.36
1685667847;WAOU1;2393;193506.08:335068.88:688099.50:55081.81
1685671509;WAOU1;2394;198351.27:336874.31:653741.63:57087.28
1685675172;WAOU1;2395;206704.77:431319.81:647662.81:55632.13
1685678831;WAOU1;2396;207916.33:437154.09:637253.44:56048.96
1685682494;WAOU1;2397;207240.91:437947.06:643961.31:57127.29
1685686156;WAOU1;2398;203666.53:439355.72:658917.25:53263.52
1685689819;WAOU1;2399;206614.23:445522.81:675923.69:55459.47
1685693481;WAOU1;2400;206445.95:439240.78:683994.38:54569.86
1685697145;WAOU1;2401;211955.34:444642.41:705685.13:56646.84
1685700807;WAOU1;2402;205412.23:352302.56:749604.75:57219.34
1685704469;WAOU1;2403;198945.59:445036.72:774088.13:55408.72
1685708131;WAOU1;2404;192591.31:345025.03:804431.50:52697.51
1685711798;WAOU1;2405;188387.67:444741.91:834081.38:51504.12
1685715460;WAOU1;2406;180843.30:440926.88:868065.25:48142.16
1685719123;WAOU1;2407;176402.67:440924.88:834422.88:48456.21
1685722785;WAOU1;2408;175359.86:439969.28:814763.38:45300.19
1685726449;WAOU1;2409;180761.86:441932.38:799191.31:47446.69
1685730110;WAOU1;2410;187045.58:427347.72:779726.06:48984.57
1685733773;WAOU1;2411;188217.72:430072.25:747077.44:51779.34
1685737435;WAOU1;2412;195480.27:426400.03:751234.69:52109.55
1685741099;WAOU1;2413;195344.31:334495.19:723451.81:54128.35
1685744761;WAOU1;2414;196309.22:284495.22:734938.50:49290.59
1685748424;WAOU1;2415;198779.44:295874.19:724275.56:53041.18
1685752086;WAOU1;2416;203967.70:324038.28:713027.56:54328.51
1685755749;WAOU1;2417;212513.33:342250.22:655461.38:55368.71
1685759412;WAOU1;2418;211504.75:308220.09:643175.88:54461.04
1685763074;WAOU1;2419;212287.92:361580.03:645832.38:57125.16
1685766736;WAOU1;2420;211586.06:370734.16:639733.25:55378.51
1685770399;WAOU1;2421;214230.59:370246.16:657667.38:57260.53
1685774061;WAOU1;2422;213426.42:372462.28:656737.63:57207.42
1685777725;WAOU1;2423;211832.72:380083.72:649699.19:61922.56
1685781387;WAOU1;2424;208134.66:387556.69:677899.19:57276.70
1685785050;WAOU1;2425;203883.33:371562.97:719215.44:59480.90
1685788712;WAOU1;2426;201537.61:380714.16:747852.44:59572.25
1685792375;WAOU1;2427;188893.72:303854.75:777900.19:54274.69
1685796037;WAOU1;2428;181422.88:374507.28:824973.94:57356.83
1685799704;WAOU1;2429;171461.52:370260.91:859737.31:52680.28
1685803366;WAOU1;2430;161607.80:359998.34:858596.13:54200.46
1685807029;WAOU1;2431;161789.89:351715.78:830376.31:56851.36
1685810691;WAOU1;2432;164834.27:354831.91:811569.00:49547.63
1685814354;WAOU1;2433;176947.08:357444.13:787051.50:55839.48
1685818016;WAOU1;2434;184751.80:358430.84:767936.38:53433.35
1685821678;WAOU1;2435;185986.25:298826.28:772927.31:58266.39
1685825342;WAOU1;2436;181993.50:288606.34:749198.31:57327.68
1685829008;WAOU1;2437;189323.55:289756.66:742812.38:55609.47
1685832670;WAOU1;2438;190370.83:360082.75:743877.50:58748.37
1685836333;WAOU1;2439;197512.41:360649.94:739294.56:60236.09
1685839995;WAOU1;2440;204934.14:369355.34:754272.44:57676.54
1685843659;WAOU1;2441;203282.61:375136.31:738931.38:60509.54
1685847321;WAOU1;2442;207335.67:365110.16:748144.75:62358.63
1685850984;WAOU1;2443;209873.52:371742.38:738447.63:59812.65
1685854646;WAOU1;2444;213942.88:376866.31:704060.00:62854.31
1685858309;WAOU1;2445;215741.81:379405.69:709395.38:64248.45
1685861971;WAOU1;2446;219826.63:389731.72:715192.38:59877.91
1685865634;WAOU1;2447;217963.59:383199.00:724455.44:62112.69
1685869296;WAOU1;2448;218558.88:377436.47:755568.25:60698.13
1685872959;WAOU1;2449;212524.78:386003.22:775167.38:61809.03
1685876621;WAOU1;2450;212908.92:388456.56:768809.44:61870.16
1685880284;WAOU1;2451;198539.50:385765.75:814210.19:58934.13
1685883946;WAOU1;2452;193119.09:400741.56:840229.00:54762.70
1685887610;WAOU1;2453;181836.30:392577.72:861739.50:57077.48
1685891271;WAOU1;2454;189584.48:386831.94:851748.19:50470.41
1685894935;WAOU1;2455;183993.41:380940.50:816218.25:53276.50
1685898596;WAOU1;2456;191444.91:390538.63:797760.75:55274.89
1685902260;WAOU1;2457;193073.42:373331.59:783078.56:53857.15
1685905922;WAOU1;2458;199093.59:375406.81:755465.94:56171.11
1685909585;WAOU1;2459;203378.20:303497.88:751231.63:60681.73
1685913247;WAOU1;2460;209610.58:292935.69:742439.13:56701.95
2313941504;WAOU1;2461;211325.25:381902.47:733532.38:58362.93
1685924289;WAOU1;2462;221574.92:389998.69:713502.94:63354.70
1685927950;WAOU1;2463;224600.06:379357.53:717270.50:62495.42
1685931614;WAOU1;2464;224723.98:401972.47:689518.75:66524.88
1685935276;WAOU1;2465;227077.13:400422.66:679012.31:66498.45
1685938939;WAOU1;2466;229252.89:407240.16:685900.25:64761.11
1685942598;WAOU1;2467;231038.97:413889.38:679452.50:69702.13
1685946260;WAOU1;2468;235252.06:414791.03:684392.94:66781.80
1685949922;WAOU1;2469;234441.75:417892.16:674166.38:65077.52
1685953586;WAOU1;2470;227849.91:413156.13:720378.88:63284.60
1685964676;WAOU1;2471;223169.92:331543.34:817120.50:62486.68
1685968338;WAOU1;2472;210179.30:418238.53:820823.31:58427.01
1685972002;WAOU1;2473;201935.80:414241.78:864567.31:57352.46
1685979388;WAOU1;2474;201812.36:399198.38:850412.81:55936.61
1685983049;WAOU1;2475;204346.42:403932.50:818375.75:52216.83
1685986716;WAOU1;2476;202034.00:396803.31:798733.19:57201.99
1685990378;WAOU1;2477;214635.98:405743.94:782395.94:56354.86
1685994041;WAOU1;2478;221666.27:395456.38:763070.63:56831.77
1685997703;WAOU1;2479;226743.72:389038.50:757134.13:63781.10
1686001366;WAOU1;2480;230121.03:398981.09:739418.56:63492.78
1686005028;WAOU1;2481;236569.72:409847.41:727415.06:60994.71
1686008692;WAOU1;2482;238533.77:399604.22:732972.25:59217.73
1686012354;WAOU1;2483;241415.16:397633.56:726248.06:65273.30
1686016017;WAOU1;2484;247350.23:421205.50:713477.19:68320.16
1686019679;WAOU1;2485;247924.98:411732.63:718549.38:69625.55
1686023343;WAOU1;2486;245854.13:422892.78:702924.38:66567.95
1686027005;WAOU1;2487;259088.81:414880.50:681789.38:68557.84
1686030667;WAOU1;2488;253057.67:422869.06:674431.69:66860.05
1686034329;WAOU1;2489;251982.89:431948.50:683598.94:68722.83
1686037992;WAOU1;2490;255790.00:434210.16:723820.25:66814.84
1686041654;WAOU1;2491;253321.55:406937.56:758790.25:68830.23
1686045317;WAOU1;2492;247884.14:381961.94:775893.56:65662.64
1686048980;WAOU1;2493;244883.44:384483.03:798445.69:68634.32
1686052642;WAOU1;2494;240856.94:436613.47:841622.44:66808.23
1686056304;WAOU1;2495;230812.25:438428.34:853840.50:62207.81
1686059968;WAOU1;2496;221576.34:419377.19:883799.75:58577.95
1686063630;WAOU1;2497;225760.64:418796.78:874056.81:61669.18
1686067293;WAOU1;2498;220300.81:424040.88:833161.75:57225.83
1686070955;WAOU1;2499;228982.86:406357.88:814155.69:58514.93
1686074618;WAOU1;2500;238699.22:416271.56:812697.69:63174.02
1686078280;WAOU1;2501;244710.42:408915.44:793595.19:59810.41
1686081943;WAOU1;2502;255198.86:318273.72:781304.63:60604.43
1686089321;WAOU1;2503;260356.56:329604.44:770258.56:67026.69
1686092983;WAOU1;2504;258702.31:338857.34:768617.00:65637.39
1686096646;WAOU1;2505;268193.13:329370.66:766655.63:65746.20
1686100308;WAOU1;2506;269595.19:427575.84:757845.75:69912.80
1686103971;WAOU1;2507;272473.38:430267.44:745755.63:70760.98
1686107633;WAOU1;2508;271258.03:429270.31:737250.81:70600.95
1686111297;WAOU1;2509;281014.75:432076.31:722591.31:69525.82
1686114959;WAOU1;2510;276453.28:437564.69:697558.94:72103.67
1686118622;WAOU1;2511;273739.81:441788.75:706795.88:74480.30
1686122284;WAOU1;2512;277942.06:441831.25:728513.81:71268.93
1686125947;WAOU1;2513;277620.00:445276.66:783304.94:73503.35
1686129609;WAOU1;2514;274647.25:355730.75:806981.75:71308.94
1686133273;WAOU1;2515;271899.13:356469.66:813950.00:69184.52
1686136931;WAOU1;2516;266610.16:355080.22:841463.56:68666.41
1686140593;WAOU1;2517;259797.86:371493.34:849062.56:66491.95
1686144255;WAOU1;2518;252636.70:441064.38:870724.63:65831.05
1686147919;WAOU1;2519;249793.55:440334.78:899024.06:60667.57
1686151581;WAOU1;2520;250092.61:435996.72:874039.50:62257.02
1686155244;WAOU1;2521;249506.77:426031.69:850319.31:59517.84
1686158906;WAOU1;2522;259164.34:422187.41:827889.81:62178.30
1686162573;WAOU1;2523;273137.81:423425.16:811966.25:58628.94
1686166235;WAOU1;2524;273766.72:418536.31:792713.13:63708.75
1686169898;WAOU1;2525;282682.22:338798.00:790090.56:67477.98
1686173560;WAOU1;2526;284299.53:413420.50:774484.44:65481.13
1686177223;WAOU1;2527;286929.78:425891.25:772123.75:69987.15
1686180885;WAOU1;2528;287164.88:426362.50:784038.19:69765.27
1686184548;WAOU1;2529;289735.63:450662.72:790087.38:71577.08
1686188210;WAOU1;2530;294530.31:437751.75:766945.25:72112.52
1686191874;WAOU1;2531;285532.22:433821.53:780369.50:71200.01
1686195537;WAOU1;2532;299321.81:429487.13:794095.00:71343.40
1686199199;WAOU1;2533;291937.00:451583.38:779077.06:74424.48
1686202861;WAOU1;2534;298554.13:441278.81:775936.88:78910.20
1686206524;WAOU1;2535;304049.81:450992.69:800535.81:73175.15
1686210186;WAOU1;2536;303311.28:446822.19:805322.19:75416.41
1686213849;WAOU1;2537;294154.09:461101.22:821925.00:73007.80
1686217511;WAOU1;2538;294857.94:362796.91:840599.31:75191.23
1686221174;WAOU1;2539;292303.81:360392.41:853105.63:72984.31
1686224836;WAOU1;2540;291458.56:357404.69:870837.31:72398.83
1686228499;WAOU1;2541;287227.66:457976.81:882275.69:67928.70
1686232161;WAOU1;2542;285135.56:465472.22:937378.63:67642.62
1686235824;WAOU1;2543;285034.31:435468.94:901673.81:63156.43
1686239486;WAOU1;2544;285186.91:441541.75:897591.25:62965.95
1686243150;WAOU1;2545;292102.59:431202.25:853951.19:65948.72
1686246812;WAOU1;2546;292307.13:427294.13:851791.81:67500.17
1686250475;WAOU1;2547;299379.19:438641.94:835906.38:66734.36
1686254137;WAOU1;2548;304178.81:428914.38:823654.44:69481.45
1686257800;WAOU1;2549;308361.47:430956.91:814023.94:71098.75
1686261462;WAOU1;2550;307760.88:432637.59:807377.38:70598.83
1686265125;WAOU1;2551;310241.72:438192.66:796004.75:68954.14
1686268787;WAOU1;2552;311739.13:435791.94:801698.38:72385.49
1686272451;WAOU1;2553;321066.50:459178.47:806009.88:73919.01
1686276113;WAOU1;2554;315136.13:441948.69:815017.44:77139.70
1686279776;WAOU1;2555;319298.59:444091.88:794349.44:75650.80
1686283438;WAOU1;2556;320252.28:451657.25:803779.94:75239.50
1686287100;WAOU1;2557;319622.09:434522.56:793510.44:78068.14
1686290762;WAOU1;2558;326456.94:450068.50:774798.13:76032.11
1686294426;WAOU1;2559;321835.72:460720.84:808296.38:77387.18
1686298089;WAOU1;2560;330774.72:470328.63:825224.38:80784.07
1686301751;WAOU1;2561;324174.72:472169.09:852975.06:76035.53
1686305409;WAOU1;2562;322725.09:473705.44:865301.25:76366.69
1686309072;WAOU1;2563;316390.41:461754.31:868893.81:74464.72
1686312734;WAOU1;2564;309339.25:454527.78:888889.00:71843.09
1686316398;WAOU1;2565;316383.69:456194.41:902918.31:69478.14
1686323783;WAOU1;2566;307644.50:446174.28:911058.75:64171.50
1686327445;WAOU1;2567;318784.28:430135.97:851785.13:66021.53
1686331108;WAOU1;2568;318682.78:437369.38:763784.06:69723.14
1686334770;WAOU1;2569;313703.03:452162.25:806768.25:73447.53
1686338433;WAOU1;2570;338695.06:440890.53:816111.81:72755.59
1686345819;WAOU1;2571;337591.03:442272.63:818711.63:73113.78
1686353199;WAOU1;2572;343915.44:441341.47:822638.38:73234.27
1686356859;WAOU1;2573;345454.63:450670.84:831302.88:78434.47
1686360522;WAOU1;2574;348401.88:439553.41:844037.19:74827.27
1686364184;WAOU1;2575;341087.63:460074.94:825237.50:79324.43
1686367851;WAOU1;2576;347763.63:467132.84:835152.81:81156.65
1686371510;WAOU1;2577;345285.50:458250.03:838936.56:79685.92
1686375172;WAOU1;2578;345121.81:458140.28:846022.19:78529.00
1686378834;WAOU1;2579;347378.53:456921.75:869289.63:78405.08
1686382497;WAOU1;2580;344437.44:461504.72:846231.81:80913.06
1686386159;WAOU1;2581;351603.78:462822.72:861167.38:78424.20
1686389822;WAOU1;2582;345433.50:455990.25:877655.75:78327.30
1686393484;WAOU1;2583;348486.72:458998.16:879897.13:74132.38
1686397148;WAOU1;2584;351076.25:457875.34:888285.94:71804.14
1686400810;WAOU1;2585;349497.53:454299.19:889422.44:76758.62
1686404473;WAOU1;2586;349988.50:452071.94:894349.56:75993.98
1686408135;WAOU1;2587;352765.31:465495.22:893385.81:72712.16
1686411798;WAOU1;2588;351834.75:446206.84:887878.56:75704.61
1686415460;WAOU1;2589;355219.50:445703.97:872565.44:74387.42
1686419123;WAOU1;2590;351514.94:447936.16:908489.31:74299.14
1686422785;WAOU1;2591;354649.69:444741.91:889701.44:73637.42
1686426448;WAOU1;2592;352455.66:447432.00:872356.56:77247.69
1686430110;WAOU1;2593;352802.72:445028.69:864438.44:77320.73
1686433774;WAOU1;2594;357143.06:447348.44:858359.94:80756.92
1686437436;WAOU1;2595;361266.22:443119.88:853286.88:80606.22
1686441099;WAOU1;2596;358685.88:441102.84:854018.56:78317.16
1686444761;WAOU1;2597;372752.00:459904.63:841738.44:79989.81
1686448424;WAOU1;2598;372605.31:447868.66:848218.13:76684.51
1686452086;WAOU1;2599;368179.44:458625.09:853283.44:82073.88
1686455765;WAOU1;2600;376523.25:452264.91:836074.19:80624.39
1686463149;WAOU1;2601;371162.19:459958.69:838022.31:81038.87
1686466811;WAOU1;2602;368276.09:458150.66:866277.13:83051.89
1686470475;WAOU1;2603;368961.41:467000.91:860616.13:81302.76
1686474137;WAOU1;2604;361302.34:460247.25:863939.44:80284.98
1686477800;WAOU1;2605;357576.75:459512.47:883477.31:79787.53
1686481462;WAOU1;2606;359393.88:473479.09:885131.81:78067.08
1686485125;WAOU1;2607;361942.69:455804.38:904051.13:75284.23
1686488787;WAOU1;2608;358795.41:444500.22:922438.25:72857.21
1686492450;WAOU1;2609;355804.03:453570.41:984295.19:75411.93
1686496112;WAOU1;2610;358931.97:441598.41:941609.50:71675.03
1686499775;WAOU1;2611;363585.03:431359.69:913237.94:75628.37
1686503437;WAOU1;2612;372552.09:441084.66:902843.94:76621.60
1686507101;WAOU1;2613;375042.38:441717.84:917899.06:73831.80
1686514478;WAOU1;2614;373829.16:440886.41:882400.19:72922.95
1686521864;WAOU1;2615;379461.28:450916.81:870054.75:75206.93
1686525661;WAOU1;2616;382517.94:446420.81:858650.06:79377.42
1686529326;WAOU1;2617;383580.78:444085.72:835471.81:80272.46
1686532988;WAOU1;2618;377944.53:449595.72:844010.63:80661.69
1686540374;WAOU1;2619;383195.22:467013.28:837217.56:82236.27
1686544033;WAOU1;2620;386378.97:459116.28:830847.56:80990.13
1686547828;WAOU1;2621;388942.66:475001.28:827145.94:83537.65
1686551630;WAOU1;2622;378670.91:466435.00:832820.44:82573.45
1686555290;WAOU1;2623;390674.22:424985.25:853337.25:81630.37
1686558951;WAOU1;2624;387521.03:465468.09:870871.31:82520.10
1686562614;WAOU1;2625;391685.63:464563.00:877697.06:81673.45
1686569999;WAOU1;2626;385057.91:480636.47:905788.50:78718.41
1686573661;WAOU1;2627;386034.97:483917.59:925984.06:72625.19
1686577324;WAOU1;2628;384688.25:373849.34:988580.50:71004.34
1686580986;WAOU1;2629;386442.72:448050.53:970661.56:67052.06
1686584649;WAOU1;2630;384667.72:452334.78:962689.06:65567.99
1686588311;WAOU1;2631;384302.22:437838.25:929557.50:62273.43
1686591975;WAOU1;2632;391874.09:440502.59:921463.88:65547.10
1686595637;WAOU1;2633;388633.00:440696.50:906466.63:67979.67
1686599301;WAOU1;2634;399968.53:427244.56:891926.31:70130.19
1686602963;WAOU1;2635;394454.44:444296.97:868747.25:74682.81
1686606625;WAOU1;2636;401268.84:448076.94:848982.69:73610.63
1686610287;WAOU1;2637;401634.00:440983.53:840000.88:75786.52
1686613950;WAOU1;2638;403041.00:448187.31:832194.13:76368.81
1686617612;WAOU1;2639;400449.47:452410.78:838401.69:79900.48
1686621276;WAOU1;2640;398874.41:454253.84:817191.44:81655.39
1686624934;WAOU1;2641;398442.22:449796.22:813432.69:82521.16
1686628598;WAOU1;2642;396300.34:405465.06:832581.13:78370.15
1686632260;WAOU1;2643;395251.75:429328.03:813098.81:84675.69
1686635923;WAOU1;2644;394342.91:476010.69:829718.75:85803.46
1686639585;WAOU1;2645;400991.88:460131.13:836812.00:85085.20
1686643249;WAOU1;2646;407562.25:464964.16:845456.56:84793.12
1686646912;WAOU1;2647;402079.63:477559.31:881006.19:84551.41
1686650578;WAOU1;2648;394914.56:451692.06:885704.88:84346.18
1686654236;WAOU1;2649;394710.06:471028.13:901218.00:81123.73
1686657899;WAOU1;2650;387993.34:486207.72:931852.13:79259.99
1686661561;WAOU1;2651;385020.47:390932.09:953616.50:72338.76
1686665224;WAOU1;2652;388128.34:480959.03:1006648.70:72464.68
1686668886;WAOU1;2653;395382.50:457093.34:990344.38:71724.01
1686672549;WAOU1;2654;396163.66:458175.56:967852.88:66712.41
1686676211;WAOU1;2655;400363.66:467512.38:966121.25:70089.23
1686679875;WAOU1;2656;403909.50:446215.13:942239.88:67102.80
1686683537;WAOU1;2657;410519.03:388014.00:906129.19:76857.52
1686687200;WAOU1;2658;409489.47:454006.72:897587.56:74900.09
1686690862;WAOU1;2659;410840.75:405394.03:878513.88:79208.19
1686694525;WAOU1;2660;408757.03:436641.56:868433.19:79850.79
1686698187;WAOU1;2661;407128.28:445669.53:849844.56:82944.02
1686701941;WAOU1;2662;407911.34:462533.13:840589.50:82604.13
1686709326;WAOU1;2663;408098.50:469030.44:822404.75:88306.25
1686712988;WAOU1;2664;405617.09:441527.59:814801.81:88227.06
1686716651;WAOU1;2665;403947.84:454156.97:797927.81:85852.67
1686724036;WAOU1;2666;402372.56:467650.81:769466.44:87865.57
1686727695;WAOU1;2667;405119.16:476696.47:782166.31:89234.69
1686731358;WAOU1;2668;404053.34:474346.75:854344.19:88795.55
1686735020;WAOU1;2669;400476.13:423539.53:901850.50:89108.18
1686738683;WAOU1;2670;402558.31:480141.28:901882.25:85760.03
1686742345;WAOU1;2671;393089.44:503300.75:917629.63:85702.91
1686746008;WAOU1;2672;386738.22:499260.31:942704.38:78832.42
1686749670;WAOU1;2673;384212.66:492797.56:1013993.10:73146.12
1686753337;WAOU1;2674;389376.50:480826.50:1035645.30:72151.59
1686756999;WAOU1;2675;391512.25:475158.13:1017325.40:70774.20
1686760662;WAOU1;2676;391220.16:422932.22:997421.19:66989.16
1686764324;WAOU1;2677;399156.34:466305.31:977147.25:71290.05
1686767987;WAOU1;2678;406665.91:465097.88:953176.63:72267.48
1686771649;WAOU1;2679;408500.13:460533.91:931637.06:75626.13
1686775312;WAOU1;2680;412905.47:459697.03:909094.63:78693.63
1686778974;WAOU1;2681;415048.19:470446.53:902447.88:79202.52
1686782638;WAOU1;2682;403211.53:459867.34:869323.88:79387.69
1686786300;WAOU1;2683;415459.72:467397.06:886160.06:84973.33
1686789963;WAOU1;2684;413803.69:418258.13:878182.94:82906.38
1686793625;WAOU1;2685;412089.72:444548.94:869501.38:92160.22
1686797288;WAOU1;2686;412118.75:467246.13:863098.00:89394.60
1686804673;WAOU1;2687;408011.78:414740.16:841774.63:96995.50
1686808335;WAOU1;2688;405593.94:463930.31:845343.38:92920.60
1686811998;WAOU1;2689;415340.75:452854.75:848081.25:93491.69
1686815660;WAOU1;2690;411849.09:456248.22:861008.50:93034.02
1686819324;WAOU1;2691;402694.16:490986.94:910948.06:90744.48
1686822986;WAOU1;2692;404116.72:503897.66:925063.88:91264.94
1686826649;WAOU1;2693;406294.38:509140.81:921240.25:87375.92
1686830312;WAOU1;2694;397546.25:497517.06:980135.88:82967.86
1686833978;WAOU1;2695;400016.22:505192.19:977357.31:81628.13
1686837640;WAOU1;2696;398817.28:483139.28:1049769.40:75710.27
1686841307;WAOU1;2697;397344.66:501007.66:1042332.10:73008.86
1686844969;WAOU1;2698;409928.72:486607.91:1012887.30:74062.05
1686848633;WAOU1;2699;408488.56:480852.09:1003990.90:75993.98
1686852295;WAOU1;2700;414389.66:487508.50:982883.69:77497.29
1686855961;WAOU1;2701;421213.41:486263.53:963743.88:84103.42
1686859623;WAOU1;2702;426402.16:471681.56:943217.25:84068.13
1686863291;WAOU1;2703;420370.28:478101.81:941097.69:81919.63
1686866951;WAOU1;2704;420311.28:479194.31:925418.75:85653.81
1686870615;WAOU1;2705;426320.84:482755.72:914286.44:90122.06
1686874277;WAOU1;2706;426871.75:480179.63:895166.69:86674.90
1686877941;WAOU1;2707;421459.34:482028.03:881355.25:93262.15
1686881603;WAOU1;2708;417729.66:439511.16:867737.94:96080.40
1686885265;WAOU1;2709;416257.88:481794.81:862467.81:100762.84
1686892651;WAOU1;2710;417172.25:486059.25:855830.13:102890.93
1686896308;WAOU1;2711;418307.13:488828.88:857419.13:96854.35
1686899972;WAOU1;2712;418303.22:488345.25:878203.63:96050.06
1686903635;WAOU1;2713;409969.31:481976.69:909261.94:99567.09
1686907297;WAOU1;2714;408799.53:499157.41:925125.38:97354.87
1686910959;WAOU1;2715;408137.09:496979.63:924748.75:101295.22
1686914623;WAOU1;2716;409506.94:517362.97:950942.06:92229.61
1686918285;WAOU1;2717;402717.16:398996.31:990693.25:87872.42
1686921951;WAOU1;2718;399857.84:487174.41:1026232.90:81176.95
1686925613;WAOU1;2719;399453.75:472164.97:1077172.90:79914.05
1686929280;WAOU1;2720;406174.94:418802.78:1053927.10:77263.38
1686932942;WAOU1;2721;410172.53:488004.28:1035082.30:77527.74
2313941504;WAOU1;2722;412299.34:472186.09:1034936.70:83295.24
2313945166;WAOU1;2723;424443.78:489664.91:1015453.30:83105.35
1686943934;WAOU1;2724;422664.19:474145.66:981946.50:87617.85
1686947596;WAOU1;2725;426849.91:440082.34:951161.63:88157.08
1686951259;WAOU1;2726;437371.38:464410.41:958237.94:89326.63
1686954921;WAOU1;2727;428731.47:484234.94:935832.00:91457.66
1686958585;WAOU1;2728;432743.44:479543.88:938986.50:90781.42
1686962247;WAOU1;2729;426705.34:488051.84:941480.63:97103.96
1686965910;WAOU1;2730;422228.72:482693.75:905426.50:100207.34
1686969572;WAOU1;2731;425485.50:491311.97:912608.56:101015.41
1686973235;WAOU1;2732;422624.78:485809.66:884975.69:99649.00
1686976897;WAOU1;2733;414214.41:485164.81:872462.88:103783.26
1686980560;WAOU1;2734;409748.75:474863.56:886139.19:106846.52
1686984222;WAOU1;2735;412456.66:486840.53:884607.81:104952.81
1686987885;WAOU1;2736;412330.38:484647.28:900893.13:103005.29
1686991548;WAOU1;2737;407215.16:472984.47:915612.25:99876.66
1686995210;WAOU1;2738;407028.09:485224.88:940185.19:100139.36
1687006310;WAOU1;2739;398899.19:496833.50:1020705.00:86955.54
1687009972;WAOU1;2740;396059.34:476186.75:1079411.50:84168.33
1687017352;WAOU1;2741;405030.78:483411.41:1053601.40:79108.81
1687021014;WAOU1;2742;407689.47:486599.31:1042364.70:82357.71
1687024681;WAOU1;2743;422845.59:489794.72:1017687.60:84445.32
1687028343;WAOU1;2744;422404.19:479109.09:1002975.10:85686.86
1687032006;WAOU1;2745;430199.59:481549.00:980914.19:91290.31
1687035667;WAOU1;2746;428479.13:424372.59:976161.88:90452.87
1687039331;WAOU1;2747;428735.47:489094.41:953079.50:93351.48
1687042993;WAOU1;2748;427399.16:493479.59:937580.44:96609.47
1687046656;WAOU1;2749;428989.78:493420.81:945656.00:99529.57
1687050318;WAOU1;2750;426697.44:445565.66:919139.88:99313.95
1687053981;WAOU1;2751;427119.56:374770.09:916742.38:101137.67
1687057643;WAOU1;2752;423156.91:375640.59:922373.44:101883.54
1687061306;WAOU1;2753;421689.50:378698.78:922344.50:103382.95
1687064968;WAOU1;2754;422152.00:381308.13:919229.56:102525.43
1687068632;WAOU1;2755;419781.38:380298.72:905632.13:108426.41
1687072294;WAOU1;2756;416099.59:380973.91:917934.81:101685.74
1687075957;WAOU1;2757;413152.13:390489.63:933381.50:105310.41
1687079619;WAOU1;2758;410538.50:378706.09:960015.94:104977.59
1687083282;WAOU1;2759;409039.09:396733.09:985701.13:99386.53
1687086944;WAOU1;2760;409506.94:401689.47:999346.00:95355.30
1687090607;WAOU1;2761;404646.50:373632.78:1029739.30:98147.12
1687094268;WAOU1;2762;409116.41:381789.16:1056922.40:92100.15
1687097932;WAOU1;2763;411771.31:395085.09:1023859.60:93375.80
1687101594;WAOU1;2764;416560.59:387427.44:1018559.70:97749.75
1687105258;WAOU1;2765;414261.13:397342.91:1030400.40:95094.84
1687108921;WAOU1;2766;414582.50:488472.72:1062214.80:94649.67
1687112583;WAOU1;2767;420772.97:495372.47:1073357.40:90116.40
1687116245;WAOU1;2768;419946.25:497344.41:1059523.50:95748.65
1687119908;WAOU1;2769;422220.91:495213.50:1041642.90:97759.07
1687123570;WAOU1;2770;428515.00:486597.28:1016518.30:97326.89
1687127234;WAOU1;2771;431216.19:509136.22:1010805.80:97437.83
1687130896;WAOU1;2772;425861.50:494033.91:1004544.70:99829.69
1687134558;WAOU1;2773;429437.44:492113.88:1005830.10:101837.63
1687136984;WAOU1;1;389171.84:491058.59:955988.06:104696.01
1687140646;WAOU1;2;422989.44:432311.97:935359.56:107489.71
1687144309;WAOU1;3;407784.13:489345.22:935546.38:105627.98
1687147968;WAOU1;4;413270.84:434280.03:917805.56:107153.13
1687151631;WAOU1;5;419981.44:490374.31:939115.13:103490.34
1687155293;WAOU1;6;425246.06:468549.28:952055.00:101915.28
1687158956;WAOU1;7;428377.88:435611.28:962587.31:100336.57
1687162618;WAOU1;8;433633.41:495819.03:966404.44:103891.95
1687166284;WAOU1;9;434198.00:518860.84:972291.38:102690.42
1687173670;WAOU1;10;437971.25:519992.28:1004273.90:100553.72
1687177332;WAOU1;11;425845.69:433559.41:996298.56:95990.82
1687180995;WAOU1;12;427341.69:398906.75:1025531.20:88402.67
1687184657;WAOU1;13;421656.09:396700.88:1053560.00:88424.50
1687188320;WAOU1;14;423385.75:471325.28:1059710.10:83502.24
1687191982;WAOU1;15;430223.78:452534.09:1049157.30:77591.82
1687195649;WAOU1;16;438952.34:382966.41:1040645.20:85278.05
1687199311;WAOU1;17;454942.00:381854.19:1021611.90:84066.95
1687202974;WAOU1;18;452345.03:393012.03:1000824.10:90931.30
1687206636;WAOU1;19;454711.16:510195.44:985639.25:86901.73
1687210299;WAOU1;20;458043.03:498135.59:972496.75:94705.49
1687213961;WAOU1;21;453331.78:498645.19:967535.06:92568.68
2313941504;WAOU1;22;462312.44:500647.84:963480.00:90009.12
2313945166;WAOU1;23;457298.09:513502.84:954534.56:96726.07
1687224950;WAOU1;24;454179.75:517513.31:955203.13:94329.14
1687228609;WAOU1;25;450859.44:486065.75:947088.56:95663.56
1687232271;WAOU1;26;447917.63:521642.16:945733.75:97629.38
1687235933;WAOU1;27;453986.19:519177.84:929135.44:97321.11
1687239596;WAOU1;28;445885.13:513652.25:931615.38:94264.23
1687243258;WAOU1;29;444185.22:521714.38:950027.44:97269.77
1687246923;WAOU1;30;446219.13:522574.59:933176.94:101137.67
1687250585;WAOU1;31;442365.88:499608.69:955431.13:96797.23
1687254250;WAOU1;32;427919.03:533177.75:984965.13:94847.23
1687257912;WAOU1;33;432621.53:476458.56:995617.38:92305.97
1687261576;WAOU1;34;438748.75:512559.31:998345.94:87410.38
1687265238;WAOU1;35;430377.09:506960.44:1001751.90:80272.46
1687268901;WAOU1;36;439373.91:502677.97:1061620.10:79901.66
1687272563;WAOU1;37;433091.38:487775.81:1063525.60:78348.66
1687276226;WAOU1;38;448193.31:488589.19:1039664.50:84326.71
1687279888;WAOU1;39;456909.38:491513.41:1025394.30:79793.08
1687283551;WAOU1;40;467499.75:488856.84:1026208.90:82240.76
1687287212;WAOU1;41;465545.50:492215.97:1013022.10:83415.85
1687290876;WAOU1;42;469958.16:496922.97:996922.19:85346.62
1687294537;WAOU1;43;469200.84:499674.44:978948.63:85700.55
1687298200;WAOU1;44;459454.41:500312.19:960436.56:86043.51
1687301862;WAOU1;45;461288.38:509422.66:942497.94:89585.55
1687305526;WAOU1;46;462691.38:499617.44:941414.44:94196.96
1687309188;WAOU1;47;458712.06:495623.00:935780.88:90180.84
1687311345;WAOU1;1;420739.69:510217.72:909628.75:98119.02
1687315008;WAOU1;2;441691.50:491819.09:608770.56:18054.39
1687318671;WAOU1;3;435798.09:398468.78:688736.44:20215.17
1687322342;WAOU1;4;438922.13:397494.91:712223.19:20175.87
1687326007;WAOU1;5;432066.28:384326.44:771011.56:20586.09
1687329670;WAOU1;6;431533.41:390333.50:809852.88:20648.64
1687333336;WAOU1;7;423218.03:406928.00:461677.38:19014.46
1687336998;WAOU1;8;422122.50:396093.44:513031.97:16536.57
1687340661;WAOU1;9;428298.34:400252.84:553816.69:17749.43
1687344323;WAOU1;10;428161.31:399819.72:601729.94:18090.50
1687347986;WAOU1;11;431583.22:407182.34:661041.00:18726.97
1687351648;WAOU1;12;434198.00:384705.03:755604.38:18619.46
1687355315;WAOU1;13;432479.69:391293.69:871825.81:17503.72
1687358977;WAOU1;14;434169.94:461298.78:866457.56:17552.93
1687362640;WAOU1;15;443789.28:419938.34:830317.44:18232.00
1687366302;WAOU1;16;438722.56:390625.13:813808.56:17770.44
1687369969;WAOU1;17;443687.91:384632.44:836225.69:20051.95
1687373631;WAOU1;18;439975.19:382929.09:833473.44:19995.54
1687377298;WAOU1;19;439912.75:378040.59:807830.31:20352.18
1687380960;WAOU1;20;436079.09:387610.97:803059.00:19304.07
1687384623;WAOU1;21;440815.72:390342.81:795384.31:20594.24
1687388285;WAOU1;22;434696.88:373680.44:775952.06:20411.78
1687391948;WAOU1;23;433595.53:382192.44:780583.06:20590.11
1687395610;WAOU1;24;431317.91:393036.56:759633.50:21829.99
1687399274;WAOU1;25;431212.28:386511.88:774721.31:20696.09
1687402936;WAOU1;26;427224.63:392968.59:740562.19:21576.38
1687406599;WAOU1;27;427401.16:389017.72:728350.44:20768.67
1687410261;WAOU1;28;419618.41:391110.88:713517.31:21365.24
1687413924;WAOU1;29;422676.00:399386.94:691172.06:22552.26
1687417586;WAOU1;30;415173.06:404362.31:683358.38:22898.64
1687421249;WAOU1;31;420291.81:410774.78:731282.56:22693.05
1687424911;WAOU1;32;414479.22:405695.91:747697.38:23720.87
1687428574;WAOU1;33;410610.16:400037.22:751542.94:22015.04
1687432236;WAOU1;34;406311.72:396065.00:776685.31:22149.59
1687435904;WAOU1;35;412380.88:388524.19:806456.00:21122.84
1687439566;WAOU1;36;413589.84:399571.88:792198.56:22953.28
1687443230;WAOU1;37;418598.97:395987.34:781974.06:24307.65
1687446892;WAOU1;38;416486.22:391683.63:802757.56:23984.75
1687450557;WAOU1;39;420944.09:386991.03:820820.25:22639.36
1687454219;WAOU1;40;417970.41:391574.34:801552.38:23382.04
1687457882;WAOU1;41;417612.22:392704.22:741100.69:24946.00
1687461541;WAOU1;42;377990.66:388871.38:648304.00:25673.81
1687465204;WAOU1;43;404594.69:400646.19:625435.81:25857.21
1687468863;WAOU1;44;409911.38:394916.34:395337.06:26105.88
1687472525;WAOU1;45;401966.69:400447.47:390753.16:25345.96
1687476187;WAOU1;46;397685.03:400970.75:419687.22:26262.96
1687479850;WAOU1;47;398710.72:398537.34:436599.31:24672.56
1687487236;WAOU1;48;394882.34:409800.91:464665.34:25742.03
1687490898;WAOU1;49;394278.47:392685.22:451667.50:26089.59
1687494561;WAOU1;50;395085.09:397232.66:467162.22:26489.31
1687498223;WAOU1;51;393905.88:406812.34:477646.41:26251.75
1687501886;WAOU1;52;395828.03:400516.25:473043.72:25541.40
1687509276;WAOU1;53;390540.50:404462.16:472572.47:26476.10
1687512937;WAOU1;54;383582.69:390935.75:460974.47:24359.46
1687516601;WAOU1;55;374472.34:397037.00:460949.56:24757.88
1687520263;WAOU1;56;373935.72:409468.22:477757.09:25692.23
1687523930;WAOU1;57;373094.84:388244.72:465984.75:24363.59
1687527592;WAOU1;58;360884.06:394552.84:465917.97:22810.48
1687531259;WAOU1;59;382958.84:389218.72:689652.63:22275.98
1687534921;WAOU1;60;386173.41:383314.53:671109.13:22922.95
1687538587;WAOU1;61;385070.88:382004.78:641326.81:22559.34
1687542248;WAOU1;62;392745.78:372238.75:620808.31:22175.79
1687545911;WAOU1;63;397772.47:409858.97:576080.31:22819.57
1687549573;WAOU1;64;400816.03:363838.53:482755.72:22319.53
1687553238;WAOU1;65;395983.47:378508.28:433357.38:24078.22
1687556900;WAOU1;66;399444.06:376254.06:434346.38:23666.11
1687560563;WAOU1;67;394390.22:378970.69:427740.47:22912.80
1687564222;WAOU1;68;389865.22:396735.00:449413.63:23783.77
1687567884;WAOU1;69;396042.34:385672.41:455956.97:24859.62
1687571546;WAOU1;70;384128.75:386472.69:467793.50:24006.11
1687575209;WAOU1;71;381358.28:385248.38:468835.13:26260.83
1687578871;WAOU1;72;378645.19:378781.97:473381.84:25578.10
1687582535;WAOU1;73;369242.19:364671.38:463792.47:26516.93
1687586197;WAOU1;74;372539.34:375552.31:474615.59:25238.10
1687589860;WAOU1;75;365843.03:405988.38:465401.16:28183.69
1687593522;WAOU1;76;361635.97:379385.41:475529.06:26355.72
1687597185;WAOU1;77;355371.25:375206.19:468549.28:24546.52
1687600847;WAOU1;78;355786.09:388098.38:482331.81:25834.79
1687604510;WAOU1;79;352309.66:389500.53:488401.31:25151.59
1687608172;WAOU1;80;344384.81:387728.97:524404.31:23587.98
1687611839;WAOU1;81;349192.94:376456.81:553327.31:23099.15
1687615501;WAOU1;82;348707.78:378415.88:763107.19:23248.21
1687619168;WAOU1;83;354444.47:370558.78:764793.13:21438.89
1687622830;WAOU1;84;362968.63:469223.97:722666.63:23851.75
1687626497;WAOU1;85;369260.47:407226.72:698732.50:21931.13
1687630159;WAOU1;86;366714.84:393841.56:670894.13:23331.41
1687633822;WAOU1;87;379974.41:384180.91:601359.69:22169.77
1687637484;WAOU1;88;370942.69:368552.94:542009.31:24376.81
1687641147;WAOU1;89;373172.03:371749.69:506982.41:25163.74
1687644809;WAOU1;90;371063.41:368549.28:460039.66:25086.44
1687648472;WAOU1;91;362144.84:373959.56:469888.78:24677.51
1687652134;WAOU1;92;364970.53:372099.50:453765.84:25491.48
1687655798;WAOU1;93;364753.03:378475.00:467013.28:26403.63
1687659460;WAOU1;94;366798.41:365349.50:474329.75:26000.84
1687663123;WAOU1;95;363232.50:390645.88:467288.03:27114.10
1687666785;WAOU1;96;360417.69:416541.00:484602.09:27314.37
1687670448;WAOU1;97;354455.09:414054.84:495832.25:28294.27
1687674110;WAOU1;98;347864.31:408716.44:494653.97:27305.17
1687677774;WAOU1;99;354576.53:414837.75:505035.59:27008.83
1687681436;WAOU1;100;340409.16:406872.06:512329.66:27508.63
1687685098;WAOU1;101;339604.03:376884.72:512193.81:27059.93
1687688760;WAOU1;102;335407.00:381270.97:528250.19:28142.73
1687692424;WAOU1;103;342693.84:371806.44:551659.44:26663.86
1687696086;WAOU1;104;323889.94:374578.91:627662.44:24756.94
1687699753;WAOU1;105;330163.50:446092.72:777369.69:24900.33
1687703415;WAOU1;106;340863.75:461910.47:860524.88:26178.34
1687707081;WAOU1;107;351074.38:470945.84:810749.13:24152.34
1687710742;WAOU1;108;348923.75:465300.84:799570.75:24484.56
1687714410;WAOU1;109;364167.91:448307.69:771927.50:25741.08
1687718072;WAOU1;110;368050.31:456650.91:721078.00:25131.17
1687721735;WAOU1;111;375016.63:363071.53:673586.69:24799.54
1687725397;WAOU1;112;365692.34:350105.56:651687.31:26691.48
1687729061;WAOU1;113;367325.81:372385.31:606638.25:27913.54
1687732723;WAOU1;114;362271.25:355712.81:523879.16:27321.57
1687736386;WAOU1;115;356457.03:374773.88:516038.09:27955.44
1687740048;WAOU1;116;369829.91:366233.44:523372.41:27952.37
1687743711;WAOU1;117;357544.53:374943.00:512068.94:29116.02
1687747373;WAOU1;118;349914.03:389791.81:496883.69:27775.46
1687751036;WAOU1;119;347707.09:365041.22:505901.25:27821.49
1687754698;WAOU1;120;355033.63:386895.41:517430.22:27723.30
1687758361;WAOU1;121;342748.25:424240.19:507394.06:28675.35
1687762023;WAOU1;122;339783.78:442266.63:527933.88:27541.20
1687765686;WAOU1;123;344448.06:435914.47:527581.25:28038.29
1687769349;WAOU1;124;336575.38:396199.66:547463.13:27428.85
1687773012;WAOU1;125;335833.88:404183.88:570020.56:28925.43
1687776711;WAOU1;126;337526.59:383262.38:611665.56:26767.95
1687780375;WAOU1;127;327667.78:449462.72:718768.63:26250.56
1687784037;WAOU1;128;330383.84:477401.97:743536.31:24634.91
1687787704;WAOU1;129;335381.03:464391.66:821328.50:23800.06
1687791366;WAOU1;130;339729.72:469032.69:855150.81:26142.58
1687795032;WAOU1;131;344277.53:465302.88:865865.63:26877.12
1687798694;WAOU1;132;352268.81:467581.66:828402.13:26511.74
1687802357;WAOU1;133;348545.16:456473.41:816231.00:24329.01
1687806019;WAOU1;134;354515.88:465430.44:759860.00:25747.10
1687809683;WAOU1;135;363237.94:461610.69:737760.44:26279.24
1687813345;WAOU1;136;353971.69:455651.53:691105.19:25325.66
1687817013;WAOU1;137;346420.25:364032.06:606970.44:26717.91
1687820674;WAOU1;138;350510.00:368651.38:582455.69:27466.61
1687824337;WAOU1;139;358914.03:454993.72:549657.75:27457.41
1687827999;WAOU1;140;349132.75:450371.69:549899.00:29838.52
1687831662;WAOU1;141;340164.63:446814.06:533908.88:28728.57
1687835324;WAOU1;142;332628.88:422327.38:536893.38:28565.71
1687838991;WAOU1;143;339670.38:427637.19:536423.81:28645.49
1687842653;WAOU1;144;339946.28:430649.94:536711.50:26720.04
1687846316;WAOU1;145;332515.00:440799.53:549531.50:29008.39
1687849978;WAOU1;146;338236.94:450943.47:575129.06:29042.14
1687853641;WAOU1;147;333742.13:440486.44:561293.94:27485.03
1687857303;WAOU1;148;331579.47:435328.50:562019.00:29157.09
1687860967;WAOU1;149;323973.38:446801.91:569761.06:30552.76
1687864629;WAOU1;150;324969.78:447299.34:615749.06:29557.29
1687868296;WAOU1;151;321467.16:456791.59:731742.00:27521.85
1687871957;WAOU1;152;319004.16:479418.19:818705.13:25898.99
1687875623;WAOU1;153;322289.63:485308.78:904015.75:25871.49
1687879285;WAOU1;154;336017.75:487297.25:894566.81:24712.21
1687882949;WAOU1;155;332062.50:483392.19:892741.56:27375.62
1687886610;WAOU1;156;342590.34:476855.69:844804.75:24802.61
1687890275;WAOU1;157;343135.81:482764.44:828728.69:26296.59
1687893937;WAOU1;158;349371.75:477897.41:760368.19:27038.57
1687897600;WAOU1;159;344437.44:472718.25:725102.88:28251.19
1687901262;WAOU1;160;349044.13:476730.34:653664.19:27648.60
1687904925;WAOU1;161;349859.03:475550.28:596131.06:29036.13
1687908587;WAOU1;162;342744.72:480243.72:595083.31:29636.24
1687912250;WAOU1;163;344008.69:455527.72:551173.69:30036.67
1687915912;WAOU1;164;334438.19:455086.34:547311.50:30982.70
1687919575;WAOU1;165;326077.03:459201.50:539425.13:29615.71
1687923237;WAOU1;166;337986.16:446068.41:553616.69:31045.60
1687926900;WAOU1;167;331410.59:398162.41:549524.44:31673.93
1687930562;WAOU1;168;334519.63:454589.63:566015.44:32337.07
1687934226;WAOU1;169;329472.03:462314.44:571437.13:32779.98
1687937888;WAOU1;170;333026.34:461918.72:574266.00:34254.96
1687941551;WAOU1;171;333532.88:464389.66:571894.69:32360.79
1687945213;WAOU1;172;323262.91:472705.50:585756.31:30984.82
1687948876;WAOU1;173;318157.13:461812.75:642081.06:32374.24
1687952538;WAOU1;174;312408.75:471468.66:760150.44:29413.54
1687956202;WAOU1;175;314299.16:490922.03:806545.19:27819.49
1687959863;WAOU1;176;313971.66:495651.34:937473.94:25766.58
1687963530;WAOU1;177;319752.38:494412.41:936590.38:24733.45
1687967192;WAOU1;178;326306.34:483090.06:908635.19:26627.16
1687970859;WAOU1;179;331627.84:489574.16:892787.00:25181.09
1687974521;WAOU1;180;339141.53:478906.69:853209.69:27433.92
1687978184;WAOU1;181;344145.69:476479.81:809181.38:28451.94
1687981846;WAOU1;182;354467.72:457341.53:779797.19:28931.44
1687985509;WAOU1;183;345523.19:482531.00:753849.00:31929.55
1687989171;WAOU1;184;347936.88:451647.09:694936.81:28940.65
1687992835;WAOU1;185;347500.47:410819.41:614616.94:31757.37
1687996497;WAOU1;186;347590.50:474640.97:585256.13:31212.36
1688000160;WAOU1;187;344546.50:473396.59:589555.63:30699.81
1688003822;WAOU1;188;341413.00:479077.00:581355.56:32989.70
1688007485;WAOU1;189;334971.88:466288.44:543305.88:31422.43
1688011147;WAOU1;190;340019.59:465744.25:558156.56:34155.59
1688014810;WAOU1;191;331879.69:405411.25:556312.88:34956.70
1688018472;WAOU1;192;338245.66:478806.38:566441.13:32940.13
1688022135;WAOU1;193;336895.19:483062.09:574350.63:33128.14
1688025797;WAOU1;194;330612.78:408413.25:570611.75:33267.75
1688029460;WAOU1;195;333129.97:482194.91:614083.25:33279.08
1688033122;WAOU1;196;327086.91:480589.50:681350.56:31921.29
1688036787;WAOU1;197;324305.94:495564.13:782932.56:31505.87
1688040449;WAOU1;198;315369.91:500498.53:832459.69:30188.80
1688044116;WAOU1;199;313402.81:480572.28:877225.50:28432.47
1688047776;WAOU1;200;325073.88:486974.13:951414.63:28974.64
1688051443;WAOU1;201;334493.53:492504.41:943383.31:29879.59
1688055105;WAOU1;202;335934.41:482593.09:906988.69:29395.02
1688058772;WAOU1;203;339900.75:478623.34:866757.13:32426.88
1688062434;WAOU1;204;355972.09:468104.25:850881.19:32412.36
1688066098;WAOU1;205;356777.56:487903.03:823940.38:31909.96
1688069760;WAOU1;206;356417.72:486143.03:801020.38:33698.98
1688073426;WAOU1;207;353672.03:472925.25:793315.88:32312.28
1688077088;WAOU1;208;352194.13:403203.88:647790.00:33731.09
1688080752;WAOU1;209;351619.72:489338.59:608046.56:33787.97
1688084414;WAOU1;210;345724.06:407124.50:608359.31:33482.78
1688088077;WAOU1;211;340785.03:478206.03:617362.13:33544.86
1688091739;WAOU1;212;337618.75:486498.28:609899.56:34942.18
1688095402;WAOU1;213;335485.13:482698.00:611073.13:35832.97
1688099064;WAOU1;214;333610.66:403455.00:369804.28:37285.53
1688102727;WAOU1;215;333299.31:377257.44:394282.34:37004.29
1688106389;WAOU1;216;334994.28:398337.53:370613.66:39304.68
1688110053;WAOU1;217;334647.69:407427.22:386087.25:43455.59
1688113715;WAOU1;218;325253.28:422400.19:400949.75:40983.36
1688117378;WAOU1;219;328043.31:419965.84:459267.69:39113.38
1688121040;WAOU1;220;330074.03:475287.34:482753.72:40588.95
1688124703;WAOU1;221;324993.75:402169.69:492218.09:37958.11
1688128364;WAOU1;222;320827.28:496458.09:499483.81:37487.69
1688132027;WAOU1;223;315778.97:489351.47:489535.09:38165.82
1688135689;WAOU1;224;313287.03:438619.75:499873.75:37252.25
1688139353;WAOU1;225;312353.53:392944.03:501271.19:39791.50
1688143015;WAOU1;226;306798.69:383718.75:516896.44:39447.01
1688146678;WAOU1;227;299449.75:418277.72:678627.31:37527.34
1688150340;WAOU1;228;306076.78:488936.75:618827.88:35980.49
1688154004;WAOU1;229;305925.94:450074.75:521076.13:41190.13
1688157666;WAOU1;230;304203.72:493546.97:496602.09:41051.57
1688161328;WAOU1;231;307433.38:490651.53:498940.59:40415.93
1688164990;WAOU1;232;310211.63:478557.38:479045.13:38524.95
1688168654;WAOU1;233;305364.06:472538.72:481301.03:40533.36
1688172316;WAOU1;234;304369.06:420863.38:489563.41:41852.09
1688175980;WAOU1;235;311051.91:413123.09:491526.41:42436.98
1688179642;WAOU1;236;306552.97:388426.56:495627.25:42984.46
1688183304;WAOU1;237;305826.47:388332.75:505726.69:41716.36
1688186966;WAOU1;238;304369.06:385881.78:526656.25:42753.73
1688190629;WAOU1;239;301474.00:463742.31:516360.63:40248.23
1688194291;WAOU1;240;300172.50:466676.00:513971.63:43027.65
1688197954;WAOU1;241;301162.78:468520.00:522692.03:44266.13
1688201616;WAOU1;242;293509.72:446593.94:531671.81:40955.04
1688205280;WAOU1;243;289160.31:437743.72:533817.13:39951.65
1688208942;WAOU1;244;289478.59:434306.13:526043.25:41972.93
1688212605;WAOU1;245;277518.38:444504.22:532504.56:44179.62
1688216267;WAOU1;246;275277.72:437675.28:549084.56:43668.72
1688219930;WAOU1;247;277372.41:441527.59:551000.25:39629.11
1688223589;WAOU1;248;280060.00:441371.81:549213.31:41257.28
1688227251;WAOU1;249;274849.44:444215.78:556133.50:40203.15
1688230913;WAOU1;250;273616.97:442708.22:536559.50:42722.11
1688234576;WAOU1;251;267245.09:439244.78:534998.75:41385.56
1688238238;WAOU1;252;271256.50:438251.06:550280.81:41160.74
1688241902;WAOU1;253;270965.94:439846.09:540356.50:43512.59
1688245564;WAOU1;254;272951.81:443965.94:532227.56:40899.45
1688249227;WAOU1;255;267663.47:436695.72:539866.38:42965.46
1688260318;WAOU1;256;269200.53:449311.41:529947.75:42071.83
1688267703;WAOU1;257;261996.41:442286.78:510400.06:41295.16
1688275088;WAOU1;258;260280.91:440732.88:510128.88:43224.74
1688278752;WAOU1;259;270383.78:428888.53:496962.16:43284.81
1688282418;WAOU1;260;268476.13:425303.66:521574.53:40759.84
1688289803;WAOU1;261;260192.88:422421.78:531774.63:40693.75
1688293465;WAOU1;262;261768.98:415701.53:526869.94:40572.07
1688297128;WAOU1;263;247922.03:416125.09:561134.69:42078.09
1688300790;WAOU1;264;244720.94:412351.72:557917.69:39089.30
1688304454;WAOU1;265;227141.44:412520.63:608687.25:36635.72
1688308116;WAOU1;266;217858.45:434190.00:815503.19:35867.20
1688311779;WAOU1;267;213832.77:417363.81:790162.31:34300.64
1688315441;WAOU1;268;211774.31:434680.81:765538.25:33713.50
1688319105;WAOU1;269;211272.50:445006.25:742231.50:32684.98
1688322773;WAOU1;270;231865.44:446712.19:663809.81:34104.73
1688326437;WAOU1;271;241299.97:455123.53:545388.63:38194.02
1688330099;WAOU1;272;243315.11:456493.94:498321.47:39209.56
1688333762;WAOU1;273;248583.64:444534.66:491307.47:39568.45
1688337424;WAOU1;274;252969.03:447576.91:469501.44:39085.17
1688341087;WAOU1;275;253405.58:448675.41:485218.63:39668.88
1688348466;WAOU1;276;251526.16:438331.69:480361.03:38861.41
1688352127;WAOU1;277;247840.25:443807.56:492806.19:40237.61
1688359503;WAOU1;278;254001.22:441214.03:491873.38:41197.56
1688366888;WAOU1;279;241746.08:452858.78:504426.75:39244.14
1688370547;WAOU1;280;243372.11:456429.97:519409.63:40862.63
1688374210;WAOU1;281;237951.23:453161.00:517908.19:38946.15
1688377872;WAOU1;282;240089.94:455484.41:521734.66:40710.50
1688381536;WAOU1;283;234147.19:444049.25:535462.81:39084.11
1688392634;WAOU1;284;208706.09:435045.72:748669.94:35924.43
1688396296;WAOU1;285;201822.16:454929.75:808593.50:36441.11
1688399960;WAOU1;286;206969.23:455750.56:735164.50:38136.55
1688403622;WAOU1;287;211074.47:452410.78:739253.25:36925.10
1688407285;WAOU1;288;214373.75:455700.97:684152.06:39221.01
1688410947;WAOU1;289;210833.70:450890.25:675907.13:40286.94
1688414610;WAOU1;290;222539.48:457931.28:601752.56:39293.23
1688418272;WAOU1;291;231093.48:459852.81:545917.25:40166.45
1688421935;WAOU1;292;233085.73:459767.75:541569.25:41606.14
1688429313;WAOU1;293;234065.75:457550.44:519081.06:42571.64
1688432975;WAOU1;294;234389.83:402918.38:508672.53:39415.62
1688436638;WAOU1;295;235026.77:388068.28:500035.91:43669.79
1688440297;WAOU1;296;241829.98:384274.16:504054.28:42041.38
1688443959;WAOU1;297;235637.50:388111.47:508178.28:39232.57
1688451345;WAOU1;298;232791.88:413595.63:520210.84:41970.81
1688455007;WAOU1;299;235980.34:400222.28:520442.75:41527.30
1688458670;WAOU1;300;233854.27:387642.81:511837.28:39529.74
1688462332;WAOU1;301;234218.11:398449.78:531070.88:39896.18
1688465995;WAOU1;302;228686.53:411082.94:557397.38:40938.16
1688469657;WAOU1;303;222720.98:397884.84:571410.69:40607.71
1688473320;WAOU1;304;197998.52:399875.06:613384.94:37224.04
1688476982;WAOU1;305;199016.77:389012.28:684484.38:38612.75
1688480649;WAOU1;306;188388.97:397502.47:827961.44:36657.56
1688484311;WAOU1;307;189554.27:384268.59:845656.13:35711.41
1688487975;WAOU1;308;190372.23:387183.84:822006.06:37503.39
1688491637;WAOU1;309;192516.73:399577.56:783395.06:38784.11
1688495303;WAOU1;310;201111.69:397342.91:748860.88:38493.55
1688498965;WAOU1;311;215315.41:399653.91:653784.38:39984.11
1688502630;WAOU1;312;222366.70:396634.44:586960.88:39200.12
1688506292;WAOU1;313;225911.00:386315.50:543233.88:41592.45
1688509958;WAOU1;314;228930.11:394149.81:511445.47:41364.55
1688513620;WAOU1;315;236541.52:387967.03:472357.00:21227.87
1688517283;WAOU1;316;241515.47:402575.44:478723.53:20149.67
1688520945;WAOU1;317;233453.59:402454.81:498520.56:21806.75
1688524608;WAOU1;318;232096.88:391380.31:498056.88:21821.97
1688528270;WAOU1;319;238173.09:383755.94:507613.22:21379.29
1688531933;WAOU1;320;241626.28:399219.38:500272.78:21210.76
1688535595;WAOU1;321;231354.06:401261.19:522109.25:21858.32
1688539258;WAOU1;322;17412.61:408559.97:461180.28:17132.08
1688542921;WAOU1;323;18244.04:405232.47:470080.09:18722.96
1688546583;WAOU1;324;19593.80:402104.53:473369.22:18708.91
1688550242;WAOU1;325;20208.08:398031.28:485272.31:17683.22
1688553905;WAOU1;326;19905.84:403725.25:491619.63:18460.84
1688557567;WAOU1;327;20157.81:407847.72:509997.75:18461.78
1688561230;WAOU1;328;19683.38:403447.34:498404.56:17674.26
1688564892;WAOU1;329;19090.93:396509.00:514235.28:18627.48
1688568559;WAOU1;330;18954.15:412206.09:678718.06:18957.10
1688572221;WAOU1;331;19185.35:411581.19:743325.50:18930.08
1688575884;WAOU1;332;19488.06:409748.75:753602.81:19344.32
1688579547;WAOU1;333;20531.57:411817.94:741526.81:19343.25
1688583213;WAOU1;334;20501.47:408552.28:594019.88:19796.21
1688590591;WAOU1;335;21792.58:403796.19:502466.59:20756.51
1688594253;WAOU1;336;22556.27:401660.78:493227.63:20499.35
1688597916;WAOU1;337;23999.98:399442.31:494603.81:21666.19
1688601578;WAOU1;338;24001.04:398682.03:507540.28:21515.71
1688605241;WAOU1;339;24105.48:397696.34:513426.84:21166.27
1688608906;WAOU1;340;24377.75:400894.38:511565.59:22231.49
1688612571;WAOU1;341;25937.70:397648.91:521121.22:21592.43
1688631088;WAOU1;342;26854.70:407755.19:538056.81:21403.60
1688634751;WAOU1;343;25060.01:402479.72:541166.19:20309.81
1688638414;WAOU1;344;25108.75:410600.47:542333.75:21514.77
1688642076;WAOU1;345;23951.35:408600.56:535784.50:21924.05
1688645739;WAOU1;346;22997.89:408214.28:535655.88:21439.95
1688649400;WAOU1;347;19951.16:407882.41:571584.06:20590.11
1688653064;WAOU1;348;19812.26:415219.78:792863.75:20266.62
1688656726;WAOU1;349;21134.99:419563.53:832741.88:20264.50
1688660393;WAOU1;350;20795.93:407716.59:821529.63:21025.94
1688664054;WAOU1;351;21910.84:413967.16:783687.06:21051.20
1688667718;WAOU1;352;25113.94:421799.72:738780.94:21581.33
1688671380;WAOU1;353;25767.52:416000.13:636775.13:22934.16
1688675043;WAOU1;354;28877.16:409700.25:543605.38:23996.91
1688678705;WAOU1;355;28731.64:411914.94:506360.94:23910.64
1688682368;WAOU1;356;29950.40:397848.59:511363.19:24629.72
1688689748;WAOU1;357;32706.58:410050.50:512102.47:24032.55
1688693408;WAOU1;358;33084.70:404149.31:526747.13:24029.48
1688697071;WAOU1;359;32419.56:410311.91:533757.44:24780.31
1688700733;WAOU1;360;33618.38:413325.25:529295.44:24650.13
1688704396;WAOU1;361;33145.72:405953.78:533388.50:24517.01
1688708058;WAOU1;362;32544.54:403637.09:538303.44:26874.05
1688711722;WAOU1;363;33142.65:410069.88:529815.31:24937.86
1688715384;WAOU1;364;31714.05:412408.03:543289.56:24652.14
1688719047;WAOU1;365;32939.07:413367.97:553557.88:24715.16
1688722709;WAOU1;366;31620.35:418121.13:568254.00:26988.41
1688726372;WAOU1;367;31673.93:407701.16:554892.88:24901.28
1688730034;WAOU1;368;30624.75:416791.06:602833.94:22977.59
1688733697;WAOU1;369;26426.17:419895.28:657779.81:23264.49
1688737359;WAOU1;370;25672.87:424609.72:775995.31:22595.81
1688741026;WAOU1;371;24802.61:424177.06:866008.56:22710.17
1688744688;WAOU1;372;27095.80:420562.78:819645.69:24471.34
1688748355;WAOU1;373;28920.23:481831.28:817878.63:23756.39
1688752017;WAOU1;374;30125.07:491318.34:803418.00:24356.39
1688755685;WAOU1;375;36709.72:474702.56:741728.19:25207.41
1688759346;WAOU1;376;38532.26:463658.88:679460.75:26544.43
1688763009;WAOU1;377;40364.48:458156.81:651338.69:25708.51
1688766671;WAOU1;378;41549.37:462097.88:609103.88:26325.15
1688770334;WAOU1;379;44790.24:454336.22:556209.00:26735.26
1688773996;WAOU1;380;46403.06:460349.09:539261.19:27652.73
1688777659;WAOU1;381;46216.48:465380.16:531777.00:28552.37
1688781321;WAOU1;382;48214.51:455579.44:524716.88:28452.88
1688784985;WAOU1;383;47561.52:473675.81:515040.03:29607.56
1688788647;WAOU1;384;48554.16:477325.38:498947.31:29455.56
1688792310;WAOU1;385;48836.46:427915.13:499439.94:27641.40
1688795972;WAOU1;386;49055.03:467183.13:484795.41:30247.45
1688799635;WAOU1;387;49954.32:463024.91:518955.13:30134.39
1688803297;WAOU1;388;48509.43:460887.00:514309.03:29222.71
1688806960;WAOU1;389;48793.86:464435.44:515040.03:30485.97
1688810622;WAOU1;390;48559.47:465823.66:521838.41:29801.58
1688814285;WAOU1;391;47480.68:486648.88:570864.50:29009.34
1688817947;WAOU1;392;42208.50:491472.22:648031.00:26517.87
1688821611;WAOU1;393;38083.32:489100.91:711868.63:26833.22
1688825273;WAOU1;394;37681.71:475656.41:832630.19:27874.60
1688828940;WAOU1;395;40502.91:472044.59:843316.75:26128.30
1688832602;WAOU1;396;42665.34:466979.78:824687.75:26149.78
1688836269;WAOU1;397;47756.13:457264.94:820224.81:26171.14
1688839931;WAOU1;398;50378.59:461386.09:789386.81:27247.93
1688843597;WAOU1;399;58507.38:463903.06:736358.75:29380.73
1688847259;WAOU1;400;64977.55:456587.06:699560.63:28230.78
1688850923;WAOU1;401;67332.35:458778.41:656515.38:30997.22
1688854585;WAOU1;402;69998.13:457889.84:594612.19:30286.40
1688858248;WAOU1;403;72854.85:451566.97:550486.94:29222.71
1688861910;WAOU1;404;73496.63:460529.66:551617.13:32473.26
1688865573;WAOU1;405;75420.90:458082.44:535132.00:32264.72
1688869235;WAOU1;406;75951.38:458521.47:527988.50:31551.19
1688872898;WAOU1;407;76692.30:454480.34:509256.13:31697.65
1688876560;WAOU1;408;76129.83:467785.25:501616.03:33187.14
1688880223;WAOU1;409;77227.50:465568.41:507792.81:34598.98
1688883885;WAOU1;410;76521.52:461546.38:518247.25:33235.65
1688887548;WAOU1;411;77123.88:476233.50:511027.09:33341.16
1688891210;WAOU1;412;74292.41:459031.31:530723.69:33546.98
1688894874;WAOU1;413;71481.37:479750.88:586393.94:34320.23
1688898536;WAOU1;414;70969.88:477767.84:666341.50:32948.39
1688902203;WAOU1;415;68311.30:490579.91:705443.75:35270.03
1688905865;WAOU1;416;61914.89:484046.22:730484.31:29071.88
1688909528;WAOU1;417;57152.19:474014.31:803675.19:32260.59
1688913190;WAOU1;418;63593.57:469108.31:810159.94:32754.14
1688916857;WAOU1;419;63264.89:471426.41:867993.69:30310.12
1688920519;WAOU1;420;60992.59:466558.69:871175.81:29497.69
1688924186;WAOU1;421;64834.64:463813.38:854025.31:30005.99
1688927848;WAOU1;422;72517.09:455967.34:803179.75:32895.64
1688931511;WAOU1;423;77670.66:457364.19:773750.13:32880.06
1688935173;WAOU1;424;81053.50:452008.34:755634.50:33189.15
1688938836;WAOU1;425;83505.78:452303.97:728752.88:35224.36
1688942498;WAOU1;426;85690.40:445923.84:725835.13:36273.77
1688946161;WAOU1;427;87339.22:459566.41:709204.50:35007.56
1688949823;WAOU1;428;93526.38:447262.63:685102.00:37203.27
1688953486;WAOU1;429;94503.45:471993.97:640596.50:36211.34
1688957148;WAOU1;430;94196.96:470393.88:613907.88:36079.27
1688960811;WAOU1;431;95536.81:462829.09:626314.88:37952.91
1688964473;WAOU1;432;95098.38:463552.56:589186.25:15465.33
1688968137;WAOU1;433;97275.55:466389.09:599162.31:19148.17
1688971799;WAOU1;434;94737.95:474014.31:589260.00:19883.77
1688975462;WAOU1;435;97616.51:486707.06:598940.44:20343.21
1688982840;WAOU1;436;98392.59:493221.00:654889.44:21901.87
1688986502;WAOU1;437;95618.24:493701.22:670795.94:21085.54
1688990169;WAOU1;438;86417.50:481008.13:754861.56:20102.34
1688993831;WAOU1;439;85411.64:470486.53:782045.44:20113.44
1688997494;WAOU1;440;78294.62:478440.06:824567.38:20672.84
1689001155;WAOU1;441;81549.88:481091.44:843326.81:20792.86
1689004823;WAOU1;442;82061.37:477225.56:852006.25:24172.64
1689008485;WAOU1;443;82782.57:468828.75:848662.13:21450.10
1689012152;WAOU1;444;84328.01:474082.03:822207.19:23625.51
1689015814;WAOU1;445;92265.49:469873.91:773215.88:23922.79
1689019481;WAOU1;446;97746.21:473544.72:755736.81:25445.69
1689023143;WAOU1;447;100559.74:467191.50:726818.13:24916.50
1689026806;WAOU1;448;102567.80:471506.56:696791.69:26732.19
1689034191;WAOU1;449;110889.55:463585.84:605559.13:27134.51
1689037853;WAOU1;450;110037.11:472031.97:599102.50:27904.34
1689041516;WAOU1;451;113095.88:461369.59:595058.63:27091.55
1689048902;WAOU1;452;111143.41:487398.50:593078.88:28833.02
1689052564;WAOU1;453;112281.91:479891.69:558478.50:28389.51
1689056227;WAOU1;454;114174.67:497053.97:548434.63:30038.80
1689059889;WAOU1;455;112379.16:498327.97:566869.38:29383.69
1689063552;WAOU1;456;110449.46:497322.59:581816.38:28800.33
1689067214;WAOU1;457;108566.97:490504.13:639339.88:29012.52
1689070877;WAOU1;458;104063.31:503091.63:712431.94:30543.56
1689074539;WAOU1;459;103097.34:500432.91:779961.13:31585.30
1689078203;WAOU1;460;90251.17:486784.59:800982.13:25581.05
1689081863;WAOU1;461;84742.95:484134.16:828421.69:28193.96
1689085531;WAOU1;462;84910.54:484988.72:875457.44:26751.55
1689089193;WAOU1;463;87604.05:471011.25:881465.81:26433.26
1689092860;WAOU1;464;97293.02:478834.25:854075.56:28740.85
1689096522;WAOU1;465;97568.59:471443.28:844924.31:29948.40
1689100190;WAOU1;466;106985.54:466858.22:799912.44:29801.58
1689103851;WAOU1;467;114332.34:464794.78:757737.19:30057.21
1689107515;WAOU1;468;124559.36:473227.47:622293.13:33904.93
1689111177;WAOU1;469;126298.94:472124.72:604986.25:33700.05
1689115068;WAOU1;470;126422.03:482342.66:590191.50:33507.56
1689118728;WAOU1;471;131219.91:479104.84:593568.94:34063.30
1689122391;WAOU1;472;129081.66:471485.53:598068.44:33869.88
1689126053;WAOU1;473;130034.53:473491.84:593267.00:35061.49
1689129716;WAOU1;474;128765.14:483360.09:595525.19:36543.20
1689133378;WAOU1;475;131139.30:481771.34:593262.06:35038.71
1689137041;WAOU1;476;128335.32:486773.72:581304.19:36202.01
1689140703;WAOU1;477;128740.48:428584.53:590872.19:35920.30
1689144366;WAOU1;478;130524.07:488211.53:589673.88:37457.48
1689148028;WAOU1;479;122636.86:499950.47:613847.00:37714.05
1689151692;WAOU1;480;119890.95:504728.88:653456.13:37417.94
1689155354;WAOU1;481;122027.42:499926.41:705103.44:39936.90
1689159017;WAOU1;482;123718.49:485392.56:738468.19:37923.64
1689162679;WAOU1;483;118259.96:501728.03:759427.81:36339.27
1689166342;WAOU1;484;109530.70:498435.25:789371.13:36511.93
1689173727;WAOU1;485;115652.60:502165.41:790315.75:35683.32
1689177390;WAOU1;486;114131.36:489831.44:788652.25:36938.68
1689181056;WAOU1;487;111293.05:503507.88:794431.31:38568.73
1689184718;WAOU1;488;114846.90:499713.84:784731.38:38309.80
1689188381;WAOU1;489;113271.38:498015.34:782786.69:38437.26
1689192050;WAOU1;490;115028.88:501091.22:776463.44:36471.33
1689195715;WAOU1;491;117953.12:493260.06:756106.94:40250.24
1689199377;WAOU1;492;119325.66:502411.72:690084.44:40074.16
1689203040;WAOU1;493;121115.98:491214.38:644404.13:38970.11
1689210417;WAOU1;494;124365.58:508326.75:621649.06:41535.68
1689214079;WAOU1;495;122650.44:498415.53:601332.44:41252.09
1689217742;WAOU1;496;120536.04:503406.38:615115.44:41677.54
1689221404;WAOU1;497;122299.69:506013.84:607532.38:41426.39
1689225068;WAOU1;498;120556.69:501838.03:591659.75:44062.31
1689228729;WAOU1;499;119212.71:502477.69:576690.81:42962.27
1689232393;WAOU1;500;123176.32:509360.44:602771.19:41087.33
1689236055;WAOU1;501;122931.67:508878.94:580188.50:43075.10
1689239718;WAOU1;502;114714.25:468746.84:585761.00:43341.70
1689247103;WAOU1;503;113571.84:529386.69:675567.63:42912.82
1689250765;WAOU1;504;101624.61:529863.31:753173.81:40839.61
1689254428;WAOU1;505;96905.69:524592.31:792314.56:39806.02
1689258091;WAOU1;506;93295.90:460047.91:898221.00:39187.61
1689261757;WAOU1;507;93293.42:396222.56:920854.31:40476.71
1689265419;WAOU1;508;96188.73:384809.72:897422.38:39058.97
1689269086;WAOU1;509;100619.45:396034.69:885065.94:39436.63
1689272748;WAOU1;510;103946.24:378641.41:859213.94:42236.94
1689276411;WAOU1;511;113105.55:438615.75:815010.94:40884.70
1689280074;WAOU1;512;121966.29:383346.19:780719.38:43470.45
1689283740;WAOU1;513;121309.76:395765.34:747619.81:46336.27
1689287404;WAOU1;514;121009.88:396285.09:658823.31:44329.50
1689291069;WAOU1;515;124858.77:392264.63:629968.00:45625.21
1689294731;WAOU1;516;127125.17:395359.72:595976.94:46710.73
1689298394;WAOU1;517;129556.68:394774.50:574396.56:47401.02
1689302056;WAOU1;518;127341.97:401479.16:569576.13:48275.29
1689305719;WAOU1;519;128440.24:394305.00:566493.63:49191.46
1689313097;WAOU1;520;128258.61:391723.28:575724.38:48590.39
1689316756;WAOU1;521;133058.84:405513.22:585989.13:50140.20
1689320419;WAOU1;522;126728.52:403136.72:592965.13:48342.20
1689324081;WAOU1;523;124022.38:402250.06:580553.75:51929.45
1689327744;WAOU1;524;123156.61:415514.34:611698.50:49618.21
1689331406;WAOU1;525;116593.67:407460.16:708885.25:46833.95
1689335069;WAOU1;526;111192.38:382923.44:790234.31:47701.84
1689342456;WAOU1;527;90408.96:393769.81:897647.44:41470.54
1689346116;WAOU1;528;90483.91:380942.41:949165.56:42208.50
1689349785;WAOU1;529;91314.51:467474.63:942033.44:41790.01
1689353445;WAOU1;530;96066.47:369512.19:915902.81:42220.06
1689357109;WAOU1;531;100350.61:468364.47:870970.56:42264.32
1689360771;WAOU1;532;111387.70:461904.31:855560.81:45911.17
1689364434;WAOU1;533;120320.54:393333.16:829307.06:49115.69
1689368096;WAOU1;534;123476.09:384632.44:808168.75:48271.98
1689371759;WAOU1;535;128243.86:390775.72:795522.88:47410.58
1689375421;WAOU1;536;127962.39:390199.91:779327.25:49046.53
1689379084;WAOU1;537;132004.95:523709.34:771523.00:51712.89
1689382746;WAOU1;538;136355.06:382990.59:775401.06:55363.40
1689386409;WAOU1;539;135513.84:499063.22:766192.69:54753.02
1689390071;WAOU1;540;136370.05:516300.22:776605.06:51842.59
1689393736;WAOU1;541;133663.20:467353.06:785621.25:53002.47
1689397397;WAOU1;542;137247.63:517499.75:789715.13:54895.34
1689401060;WAOU1;543;136527.84:516878.50:788062.19:55331.07
1689404722;WAOU1;544;133859.00:444713.47:786954.81:51974.54
1689408385;WAOU1;545;135219.97:490019.44:815110.69:53413.99
1689412047;WAOU1;546;129395.70:522682.94:837164.69:53211.95
1689415710;WAOU1;547;129512.19:528648.50:864751.06:52901.56
1689419402;WAOU1;548;122443.91:528591.56:872914.88:53815.13
1689423065;WAOU1;549;112066.06:524841.50:881953.75:54970.76
1689426727;WAOU1;550;116385.73:480510.44:881874.19:51003.02
1689430390;WAOU1;551;111524.13:504841.47:936458.31:50631.86
1689434052;WAOU1;552;111721.92:522152.22:930369.00:50680.01
1689437719;WAOU1;553;117514.56:508076.44:890842.88:50520.68
1689441381;WAOU1;554;110697.06:509740.13:913882.00:50736.77
1689445046;WAOU1;555;121885.68:504744.31:860961.06:50732.29
1689448709;WAOU1;556;14688.30:505516.75:539981.88:14403.41
1689452373;WAOU1;557;14559.78:496170.13:386846.91:14097.63
1689456035;WAOU1;558;13082.32:405011.53:394070.41:13465.88
1689459709;WAOU1;559;14195.11:393138.53:392594.72:15298.57
1689463368;WAOU1;560;13826.89:391563.00:395617.47:15597.04
1689471089;WAOU1;561;14493.93:395562.50:435972.75:24067.96
1689474751;WAOU1;562;14641.45:400567.84:429642.31:20614.42
1689478414;WAOU1;563;15316.63:400703.31:460263.88:22375.23
1689482076;WAOU1;564;14481.06:411251.69:476670.88:20913.00
1689485739;WAOU1;565;15072.09:407791.78:473345.84:20966.46
1689489433;WAOU1;566;14246.92:409010.06:491953.50:20547.74
1689493096;WAOU1;567;14653.37:403826.88:486487.41:19132.12
1689496789;WAOU1;568;14094.56:414012.00:490134.28:19940.19
1689500457;WAOU1;569;14660.33:414012.00:503109.19:18922.05
1689504120;WAOU1;570;13104.04:415910.31:508448.66:18396.64
1689507786;WAOU1;571;13560.29:412307.00:499580.00:18605.53
1689511450;WAOU1;572;13061.32:420729.88:511792.78:19038.65
1689515116;WAOU1;573;14155.34:404631.16:511372.06:18508.05
1689518777;WAOU1;574;13235.27:417054.94:548759.56:17132.08
1689522442;WAOU1;575;12557.97:417731.78:626196.31:18455.88
1689526102;WAOU1;576;12851.84:409560.97:665477.88:17145.07
1689529769;WAOU1;577;12794.24:418471.63:664047.50:18214.89
1689533444;WAOU1;578;14127.48:402341.88:616546.25:18400.65
1689537111;WAOU1;579;13363.44:399587.09:526844.81:18210.88
1689540771;WAOU1;580;15209.82:409433.53:497641.59:19361.43
1689544435;WAOU1;581;14957.50:420824.19:491795.25:18974.21
1689548098;WAOU1;582;16826.66:405753.63:485270.19:19494.20
1689551764;WAOU1;583;17353.48:399489.88:479592.97:18597.39
1689555426;WAOU1;584;18644.71:400968.84:479855.31:19256.75
1689559089;WAOU1;585;20270.63:403851.91:484398.16:18602.46
1689566474;WAOU1;586;21502.62:395018.78:480559.66:19037.47
1689570137;WAOU1;587;21794.59:398550.69:482192.78:19299.00
1689573801;WAOU1;588;22254.74:400903.94:496253.09:18506.04
1689577464;WAOU1;589;23921.85:402014.59:496300.91:19082.79
1689581128;WAOU1;590;24419.53:415494.75:512822.38:19468.00
1689584790;WAOU1;591;24641.99:411614.25:513540.75:19479.09
1689588458;WAOU1;592;24989.79:416331.97:510537.78:19967.33
1689592120;WAOU1;593;25003.95:413784.34:509704.59:18630.55
1689599508;WAOU1;594;22907.73:396197.91:541534.44:18370.44
1689603169;WAOU1;595;22468.35:407926.78:656882.06:17656.08
1689606835;WAOU1;596;22888.49:397183.22:690360.38:19474.02
1689610497;WAOU1;597;23594.00:394935.34:694482.94:18688.85
1689614161;WAOU1;598;24685.66:401228.72:680372.06:18435.82
1689617823;WAOU1;599;26850.68:401540.41:658340.38:19622.96
1689621486;WAOU1;600;28999.19:401494.38:588671.81:20387.59
1689625148;WAOU1;601;30667.95:408011.78:529578.19:19171.30
1689628812;WAOU1;602;31699.65:394106.38:506323.41:20259.54
1689632474;WAOU1;603;33145.72:405842.03:500566.63:19436.84
1689636137;WAOU1;604;33785.84:399375.50:471316.78:20879.72
1689639799;WAOU1;605;34162.79:396638.22:491558.84:21206.75
1689643464;WAOU1;606;36045.99:416605.44:491389.97:20830.15
1689647126;WAOU1;607;35636.71:401968.69:507943.41:22064.61
1689650789;WAOU1;608;35785.18:394698.72:497427.50:21045.18
1689654451;WAOU1;609;39270.22:395022.44:502603.13:19955.17
1689658114;WAOU1;610;39827.03:398849.63:510511.13:21946.36
1689661776;WAOU1;611;39979.98:396911.53:504122.50:22145.46
1689665439;WAOU1;612;40306.89:397964.59:519607.41:22233.50
1689669101;WAOU1;613;40629.78:405595.97:527456.13:21072.32
1689672765;WAOU1;614;39696.14:412178.84:524673.75:20139.63
1689676427;WAOU1;615;38358.89:411146.91:533533.00:21010.84
1689680090;WAOU1;616;38150.12:406209.66:529576.00:19284.95
1689683752;WAOU1;617;35326.21:404172.31:539667.75:19571.62
1689687420;WAOU1;618;33991.90:386287.41:589627.13:19978.42
1689691081;WAOU1;619;32742.81:409010.06:711745.56:21203.68
1689694744;WAOU1;620;32074.95:489788.25:701055.88:20005.57
1689698406;WAOU1;621;34971.21:439303.31:682460.19:19783.11
1689702069;WAOU1;622;37245.88:493903.28:672980.44:20911.94
1689705731;WAOU1;623;38039.54:446384.00:633525.88:19940.19
1689709394;WAOU1;624;41024.31:392847.75:626511.06:21773.46
1689713056;WAOU1;625;43150.98:465564.28:611774.56:21224.80
1689716719;WAOU1;626;41681.79:380801.38:569869.19:21187.51
1689720381;WAOU1;627;43942.05:390551.72:516692.38:22463.16
1689724045;WAOU1;628;45259.95:392715.44:505189.97:21740.07
1689727707;WAOU1;629;45244.13:396167.44:499332.66:25323.54
1689731369;WAOU1;630;45751.25:392573.94:503765.50:22862.17
1689735031;WAOU1;631;45871.98:379840.94:475630.91:23993.84
1689738695;WAOU1;632;47688.04:387976.56:469123.06:23395.26
1689742357;WAOU1;633;46086.07:382910.44:466282.16:22975.59
1689746020;WAOU1;634;47222.46:396873.53:476887.53:23095.14
1689749682;WAOU1;635;49166.91:383169.16:500871.72:24279.21
1689753345;WAOU1;636;46763.84:400468.59:491318.34:23324.33
1689757007;WAOU1;637;46029.89:387820.91:513009.66:24974.45
1689760670;WAOU1;638;46075.45:394963.91:512356.31:21215.71
1689764332;WAOU1;639;46047.83:399430.75:517971.22:23967.40
1689767995;WAOU1;640;42411.72:420466.47:516078.59:23376.96
1689771657;WAOU1;641;41542.05:403188.53:548476.69:24687.78
1689775321;WAOU1;642;37439.78:494212.25:642391.69:22198.09
1689778983;WAOU1;643;39949.53:493429.53:700770.75:23793.92
1689782646;WAOU1;644;39697.21:496551.94:681524.44:24143.13
1689786308;WAOU1;645;41100.91:492456.72:691417.69:23877.12
1689789971;WAOU1;646;44495.43:484773.94:689736.19:24989.79
1689793632;WAOU1;647;46311.95:485416.28:638242.44:24721.30
1689797296;WAOU1;648;47230.01:389972.38:585964.56:25925.54
1689800958;WAOU1;649;48533.86:395109.66:538917.13:28694.70
1689804621;WAOU1;650;49833.71:404185.78:516692.38:28084.32
1689808283;WAOU1;651;51824.30:390079.53:504881.09:27388.96
1689811947;WAOU1;652;51042.67:387253.13:497486.50:27770.39
1689815710;WAOU1;653;51381.97:385190.44:489224.13:27249.94
1689819373;WAOU1;654;50032.45:390749.41:504686.97:27249.94
1689823035;WAOU1;655;53170.05:397029.44:500654.44:29276.05
1689826699;WAOU1;656;52925.16:408058.03:513710.44:28523.69
1689830362;WAOU1;657;51886.61:397417.00:518595.53:28314.80
1689834027;WAOU1;658;49939.45:391670.50:528541.44:26148.72
1689837686;WAOU1;659;52585.87:397647.03:529202.06:29458.74
1689841349;WAOU1;660;52159.94:393040.22:546432.13:29480.22
1689845011;WAOU1;661;50550.66:400037.22:546833.13:28926.37
1689848674;WAOU1;662;48127.29:403111.81:532456.44:27640.45
1689852336;WAOU1;663;50105.03:409127.97:521177.50:27678.22
1689855999;WAOU1;664;44334.93:387976.56:535704.13:27963.70
1689859660;WAOU1;665;41876.16:389726.19:571824.81:29036.13
1689863324;WAOU1;666;39445.00:394622.94:710633.94:30320.39
1689866986;WAOU1;667;42035.01:386721.47:707694.75:27909.41
1689870650;WAOU1;668;41639.65:388169.66:724632.56:25526.18
1689874312;WAOU1;669;43529.46:393499.44:698839.56:28223.58
1689877975;WAOU1;670;49123.24:397540.56:676998.69:29442.34
1689881637;WAOU1;671;50984.84:402864.69:601612.38:28857.68
1689885302;WAOU1;672;52731.86:405465.06:544316.44:30381.05
1689888962;WAOU1;673;54968.63:396188.34:528726.00:33173.57
1689892625;WAOU1;674;55339.68:402799.53:513786.22:31968.73
1689896287;WAOU1;675;55772.45:396214.78:514563.72:32581.71
1689899950;WAOU1;676;53633.39:401423.69:503324.94:32849.14
1689903610;WAOU1;677;56237.08:378229.19:512138.09:34076.88
1689907273;WAOU1;678;57342.79:381230.25:520724.44:32834.63
1689910932;WAOU1;679;57022.25:381155.91:527194.75:33690.72
1689914595;WAOU1;680;56243.46:391090.22:516248.75:33968.06
1689918257;WAOU1;681;54987.99:383385.25:522680.69:35500.64
1689921920;WAOU1;682;56400.18:393945.53:548652.06:34942.18
1689925582;WAOU1;683;54547.20:399888.41:557125.44:33762.13
1689929245;WAOU1;684;53362.42:392902.50:552671.44:33377.39
1689932907;WAOU1;685;54021.78:405072.91:534032.75:32618.89
1689936570;WAOU1;686;52051.72:395156.97:531504.94:32930.81
1689940232;WAOU1;687;51212.86:403027.44:535005.56:33663.82
1689943896;WAOU1;688;51546.96:400961.31:550381.44:32541.35
1689947558;WAOU1;689;52885.39:407587.25:527838.19:33005.16
1689951221;WAOU1;690;46558.02:392866.63:599269.63:31120.78
1689954883;WAOU1;691;46525.09:477176.56:666420.13:33515.94
1689958546;WAOU1;692;49969.31:392532.41:603274.75:32059.49
1689962208;WAOU1;693;49169.03:487200.25:639227.31:34865.46
1689965875;WAOU1;694;52048.42:462341.47:654739.94:34232.19
1689969537;WAOU1;695;52281.14:436732.06:589678.81:34192.89
1689973200;WAOU1;696;53436.65:452336.91:566414.81:35578.53
1689976862;WAOU1;697;53051.80:391355.75:545565.50:34105.91
1689980525;WAOU1;698;56166.75:396000.56:537828.44:33892.53
1689984187;WAOU1;699;55142.24:396837.53:525780.19:35757.20
1689987850;WAOU1;700;56562.46:395932.25:531335.81:36156.22
1689991510;WAOU1;701;53619.46:402020.38:537574.94:36212.40
1689995174;WAOU1;702;57120.80:487545.09:539792.50:35407.05
1689998833;WAOU1;703;57014.70:396473.09:535745.56:36445.36
1690002495;WAOU1;704;56176.54:401463.94:533244.06:34717.12
1690006157;WAOU1;705;57070.99:397506.34:535067.69:35009.68
1690009820;WAOU1;706;57408.88:399789.38:552370.88:36044.93
1690013482;WAOU1;707;55130.32:455494.69:544630.25:35344.85
1690017145;WAOU1;708;52790.98:429582.59:547423.38:35314.76
1690020807;WAOU1;709;55005.22:411837.28:560543.44:35832.97
1690024471;WAOU1;710;51388.46:432004.44:568047.81:33939.15
1690028133;WAOU1;711;47341.54:394047.84:569189.38:30213.46
1690031796;WAOU1;712;44851.73:406080.78:602325.56:30700.88
1690035458;WAOU1;713;45283.32:392468.31:698211.56:32344.27
1690039125;WAOU1;714;42219.12:424815.19:758455.19:31935.81
1690042787;WAOU1;715;45347.75:474304.28:755760.88:32034.82
1690046450;WAOU1;716;45701.45:451041.91:760927.94:33126.13
1690050112;WAOU1;717;47306.48:414372.06:733749.38:32506.30
1690053775;WAOU1;718;51625.09:397162.31:690547.06:37413.81
1690057437;WAOU1;719;52854.24:398758.28:651868.25:37746.27
1690061100;WAOU1;720;54882.36:400772.13:635279.25:36958.38
1690064762;WAOU1;721;56782.09:409261.34:597739.75:38247.13
1690068425;WAOU1;722;57380.67:402644.47:573819.19:40517.55
1690072087;WAOU1;723;55109.78:395647.81:555491.75:38705.63
1690075752;WAOU1;724;56660.88:397764.94:536504.31:38175.14
1690079414;WAOU1;725;57707.93:398828.63:539785.50:39452.32
1690083078;WAOU1;726;58061.39:394371.22:543554.38:37674.39
1690086740;WAOU1;727;58344.52:386884.34:544232.75:38486.35
1690090403;WAOU1;728;58766.78:396241.44:548820.44:39986.23
1690094065;WAOU1;729;58042.98:422167.69:543120.19:38745.40
1690097728;WAOU1;730;57339.48:409926.72:550873.56:40846.93
1690101390;WAOU1;731;55388.18:403836.56:550421.38:39502.60
1690105053;WAOU1;732;55714.27:393539.09:577915.56:38510.31
1690108715;WAOU1;733;54005.61:396275.66:575935.00:40325.65
1690112378;WAOU1;734;53946.49:405026.88:605863.38:39878.25
1690116040;WAOU1;735;50174.42:397088.34:648033.63:38009.21
1690119704;WAOU1;736;54133.66:413591.75:662598.13:39945.28
1690123366;WAOU1;737;52551.52:398215.75:663199.75:39227.38
1690127029;WAOU1;738;50155.18:389571.94:703445.19:39358.14
1690130691;WAOU1;739;49708.84:386506.19:743168.44:39273.41
1690134358;WAOU1;740;47623.13:396970.44:751644.94:38035.29
1690138020;WAOU1;741;51935.83:394059.06:729783.31:37511.65
1690141683;WAOU1;742;53149.63:400340.66:709877.56:37858.97
1690145345;WAOU1;743;53420.48:401693.38:682664.69:40003.93
1690149008;WAOU1;744;56163.44:395735.03:680099.50:39496.23
1690152670;WAOU1;745;55599.79:389731.72:660158.69:40408.50
1690156333;WAOU1;746;56614.38:390557.38:627249.13:44174.31
1690159995;WAOU1;747;55857.77:380669.66:611957.06:43184.73
1690163658;WAOU1;748;59526.46:391303.00:609076.00:44472.18
1690167317;WAOU1;749;59103.60:390115.28:605044.06:42525.37
1690170980;WAOU1;750;57627.80:391148.53:598524.31:41518.80
1690174639;WAOU1;751;58950.41:404189.66:594651.81:42764.24
1690178301;WAOU1;752;59232.95:391003.47:594441.06:42315.89
1690181963;WAOU1;753;58830.86:397179.56:597679.94:41135.48
1690185626;WAOU1;754;60954.35:402895.38:610210.38:42368.41
1690189288;WAOU1;755;58033.19:402317.09:627530.81:44580.05
1690192951;WAOU1;756;57970.28:396281.22:636372.81:42757.98
1690200329;WAOU1;757;60172.96:396220.66:503408.59:14564.74
1690203992;WAOU1;758;58283.74:402035.72:515330.72:16798.69
1690207658;WAOU1;759;58267.45:412998.69:535996.00:15754.82
1690211320;WAOU1;760;55017.14:392449.44:524298.00:16974.77
1690214984;WAOU1;761;53044.36:405986.34:571186.81:17214.22
1690218646;WAOU1;762;52684.65:392194.63:624436.56:18099.47
1690222312;WAOU1;763;55933.43:405603.50:619814.88:17008.88
1690225974;WAOU1;764;56377.52:405888.28:614899.00:18117.53
1690229638;WAOU1;765;57463.05:406723.84:577937.44:19827.36
1690233300;WAOU1;766;58708.25:397405.56:560021.31:19194.44
1690236963;WAOU1;767;57065.56:406038.41:543696.00:19099.90
1690240625;WAOU1;768;57652.70:411940.22:541678.06:20488.38
1690244288;WAOU1;769;59792.00:411775.22:540927.81:18689.91
1690247949;WAOU1;770;60872.56:405530.56:538744.13:19019.53
1690251613;WAOU1;771;60336.29:416660.31:529794.88:20769.61
1690255271;WAOU1;772;60402.73:404928.91:547463.13:18789.40
1690258934;WAOU1;773;60981.61:407498.63:542498.50:19290.97
1690262596;WAOU1;774;61728.07:408793.63:550794.06:20454.03
1690266259;WAOU1;775;58740.70:412229.47:553929.75:20430.78
1690269921;WAOU1;776;60028.15:399724.47:550850.13:20473.15
1690273584;WAOU1;777;59044.95:412662.47:556655.38:22180.98
1690277242;WAOU1;778;58151.44:429889.22:562204.69:20879.72
1690280906;WAOU1;779;57355.77:413564.34:559196.25:19785.11
1690284564;WAOU1;780;57254.04:406931.91:569847.56:22433.89
1690288227;WAOU1;781;56624.06:415272.53:576090.00:21511.70
1690291885;WAOU1;782;55482.13:402575.44:568397.88:19995.54
1690295550;WAOU1;783;52318.68:412868.41:588465.00:22480.51
1690299210;WAOU1;784;50526.00:396605.88:626265.94:22283.06
1690302873;WAOU1;785;53990.51:412600.28:469558.31:13195.50
1690306535;WAOU1;786;53790.35:421075.81:484488.31:15887.71
1690310199;WAOU1;787;52606.29:420238.69:503230.28:15550.18
1690313861;WAOU1;788;51571.63:407294.22:511151.72:15990.62
1690317524;WAOU1;789;53720.48:416693.47:515133.84:17972.96
1690321182;WAOU1;790;55620.32:405253.72:519879.78:16682.56
1690324846;WAOU1;791;53931.38:415371.91:542718.81:17147.07
1690328504;WAOU1;792;55171.39:414720.81:529883.88:17800.53
1690332167;WAOU1;793;53596.80:417582.84:532323.75:18598.45
1690335825;WAOU1;794;54371.59:412817.91:531982.81:17946.99
1690339489;WAOU1;795;52817.77:426604.19:532092.69:17315.37
1690343147;WAOU1;796;53403.25:416699.13:534727.88:16505.53
1690346811;WAOU1;797;50586.89:404468.06:518402.47:17627.99
1690350472;WAOU1;798;51288.86:411201.19:524494.88:16496.56
1690354135;WAOU1;799;48918.60:423985.63:544732.56:17738.34
1690357797;WAOU1;800;51138.86:418612.66:554254.56:18047.31
1690361460;WAOU1;801;48266.79:415112.50:554157.88:17266.27
1690365121;WAOU1;802;45445.23:421553.78:555991.88:16416.55
1690368787;WAOU1;803;45750.19:416584.06:553106.38:17909.94
1690372449;WAOU1;804;43916.68:411278.72:557685.75:18679.76
1690376114;WAOU1;805;44202.75:418240.44:553231.00:18887.83
1690379773;WAOU1;806;41812.08:432381.84:575903.38:18284.17
1690383436;WAOU1;807;42339.02:423807.78:570717.69:18698.88
1690387098;WAOU1;808;40160.19:426065.44:572174.19:18126.62
1690390765;WAOU1;809;40946.66:415524.03:599766.13:17396.56
1690394427;WAOU1;810;40195.71:418170.09:635195.81:17719.34
1690398091;WAOU1;811;41310.98:417041.25:624441.75:18156.71
1690401753;WAOU1;812;41867.78:415001.47:594136.19:19685.39
1690405415;WAOU1;813;42076.08:419026.31:581162.81:18865.76
1690409078;WAOU1;814;40323.64:415104.72:562789.88:18878.74
1690412740;WAOU1;815;41123.92:418101.66:561728.94:19768.00
1690416402;WAOU1;816;42654.72:411899.38:549077.63:18698.88
1690420066;WAOU1;817;45123.52:420388.00:564821.00:18463.91
1690423726;WAOU1;818;43077.22:422431.69:565078.88:21143.02
1690427389;WAOU1;819;42168.61:421846.81:566170.88:19813.20
1690431051;WAOU1;820;41269.91:414136.63:558651.38:20602.26
1690434714;WAOU1;821;43596.97:413844.66:572383.88:19091.88
1690442098;WAOU1;822;39706.53:430380.97:570992.00:18682.83
1690445757;WAOU1;823;42178.05:421966.94:583127.31:20917.01
1690449421;WAOU1;824;40281.75:422451.41:585099.31:19997.54
1690453083;WAOU1;825;38099.96:424149.56:578163.19:20727.36
1690456746;WAOU1;826;39508.73:427966.81:590978.56:20718.27
1690460408;WAOU1;827;37145.91:428359.94:610997.19:19387.51
1690464071;WAOU1;828;35766.53:428504.97:623888.69:18060.29
1690467735;WAOU1;829;34654.92:418759.72:710682.44:20120.40
1690471400;WAOU1;830;33437.22:408503.91:738872.50:18036.21
1690475062;WAOU1;831;33047.53:417876.47:754404.75:19300.06
1690478725;WAOU1;832;34038.52:414489.03:760198.69:19007.38
1690482388;WAOU1;833;35201.58:410782.56:726786.38:20501.47
1690486050;WAOU1;834;37206.34:405911.41:700214.81:21072.32
1690489712;WAOU1;835;38386.04:407137.97:686011.31:19875.75
1690493376;WAOU1;836;39186.55:404673.28:658056.13:22114.18
1690500762;WAOU1;837;42331.71:411674.31:587675.69:24304.58
1690504424;WAOU1;838;42475.80:400277.63:586680.94:21427.79
1690508086;WAOU1;839;41424.39:405443.94:571215.63:24226.45
1690511745;WAOU1;840;43321.75:406380.88:563507.00:24024.29
1690515409;WAOU1;841;43187.92:405272.81:569235.06:23523.07
1690519076;WAOU1;842;43219.43:408720.34:572333.13:22420.67
1690522740;WAOU1;843;43544.21:405388.25:557475.38:21985.66
1690526402;WAOU1;844;41978.25:411325.22:559812.69:22986.80
1690530066;WAOU1;845;42384.22:417757.16:563059.00:23776.69
1690533728;WAOU1;846;42469.43:428667.97:579084.06:22566.42
1690537391;WAOU1;847;42054.96:425982.25:583222.69:23143.76
1690541053;WAOU1;848;41723.80:411094.50:600964.81:22076.77
1690544716;WAOU1;849;40814.48:415814.72:637996.38:22601.95
1690548379;WAOU1;850;39746.42:415235.38:648404.63:23479.40
1690552041;WAOU1;851;42404.29:399821.72:673390.06:23941.09
1690555703;WAOU1;852;41671.28:408141.13:687510.38:23356.78
1690559366;WAOU1;853;40173.76:412563.47:671763.44:24361.46
1690566744;WAOU1;854;39828.09:403558.38:661070.63:23078.97
1690570406;WAOU1;855;40980.17:404468.06:673376.38:26527.08
1690574086;WAOU1;856;42018.13:403228.66:673070.50:24103.60
1690577748;WAOU1;857;42921.32:397276.34:667640.19:25422.20
1690581413;WAOU1;858;45678.20:407346.16:657627.13:23444.94
1690585075;WAOU1;859;41972.93:396896.44:649232.06:25453.83
1690588738;WAOU1;860;45118.21:413579.94:618909.56:24874.84
1690592397;WAOU1;861;46545.27:401563.31:624925.75:23936.01
1690596060;WAOU1;862;45303.38:403435.78:607340.81:25755.25
1690599722;WAOU1;863;44511.25:406286.59:597398.81:24135.11
1690603385;WAOU1;864;46976.16:402322.75:588994.06:25098.72
1690607044;WAOU1;865;45440.99:396759.66:580680.38:26424.99
1690610706;WAOU1;866;47407.39:389280.78:582538.81:25674.76
1690614368;WAOU1;867;48591.46:396455.88:580351.69:24272.13
1690618033;WAOU1;868;45343.63:400726.22:592257.88:25222.75
1690621694;WAOU1;869;46322.46:396106.78:599132.38:26912.88
1690625357;WAOU1;870;45687.64:401467.59:632495.94:25789.94
1690629016;WAOU1;871;46097.75:398758.28:650124.06:26008.04
1690632678;WAOU1;872;45123.52:390762.59:662390.50:25316.34
1690636340;WAOU1;873;47067.50:394937.22:689975.75:26389.35
1690640003;WAOU1;874;45822.18:407332.69:689065.00:27607.76
1690643665;WAOU1;875;45381.63:391789.25:688853.25:27380.70
1690647328;WAOU1;876;46098.70:402929.72:673739.75:28613.86
1690654716;WAOU1;877;47061.01:394960.00:658595.19:28026.02
1690658377;WAOU1;878;47295.75:399289.81:651384.00:28123.26
1690662043;WAOU1;879;49194.64:409110.63:648879.31:27572.95
1690665706;WAOU1;880;50352.86:402560.19:631760.56:28588.13
1690669368;WAOU1;881;49872.18:405484.44:619981.25:26583.26
1690673030;WAOU1;882;46890.12:400861.94:608001.13:26599.54
1690676699;WAOU1;883;50582.64:396393.22:594681.69:28236.91
1690680359;WAOU1;884;51101.56:407849.63:597732.31:27281.68
1690684022;WAOU1;885;48963.33:393465.44:627621.25:28774.72
1690687684;WAOU1;886;51148.65:395782.47:601184.81:26455.68
1690691347;WAOU1;887;51453.73:403592.97:592782.06:27952.37
1690695009;WAOU1;888;50263.17:409957.75:583513.75:28140.73
1690698672;WAOU1;889;50697.12:405830.56:597162.44:29482.23
1690702334;WAOU1;890;50368.91:407143.88:590983.25:28341.36
1690705997;WAOU1;891;50605.18:402941.41:596642.81:28418.19
1690709659;WAOU1;892;50468.29:404295.16:595142.88:28430.46
1690713323;WAOU1;893;49832.64:408967.59:594557.56:28143.80
1690716985;WAOU1;894;47719.90:410178.31:606930.25:29692.77
1690720648;WAOU1;895;45671.83:410817.50:635456.63:26562.84
1690724310;WAOU1;896;44709.99:410211.25:688308.13:26321.02
1690727973;WAOU1;897;42841.19:390529.16:758228.88:26068.23
1690731635;WAOU1;898;44802.99:402278.72:764203.50:27038.57
1690735298;WAOU1;899;45298.07:402408.91:756682.13:29433.02
1690738960;WAOU1;900;45189.14:403481.69:749476.13:28360.83
1690742623;WAOU1;901;48194.33:399966.66:742394.63:30573.30
1690746285;WAOU1;902;51010.45:398329.88:707088.81:30904.57
1690749949;WAOU1;903;48980.32:402724.72:675997.69:29790.25
1690753611;WAOU1;904;50211.83:403502.91:654940.31:31175.30
1690757274;WAOU1;905;50567.77:411872.22:620821.19:32000.72
1690760936;WAOU1;906;50707.86:412580.91:601802.50:32938.01
1690764599;WAOU1;907;53580.75:409041.00:591040.13:31706.85
1690768261;WAOU1;908;53846.29:411703.47:590354.13:31892.38
1690771924;WAOU1;909;53012.14:403455.00:570765.75:34095.52
1690775582;WAOU1;910;52252.11:399470.75:564630.00:34006.42
1690779246;WAOU1;911;53975.40:402102.66:563347.44:34417.59
1690782906;WAOU1;912;52364.82:408021.31:554136.75:35067.75
1690786570;WAOU1;913;51236.34:410988.03:563528.44:32785.06
1690790228;WAOU1;914;51915.53:418158.28:580575.69:32960.79
1690793892;WAOU1;915;51635.83:429708.06:585991.63:32872.98
1690797554;WAOU1;916;50029.14:416281.22:585601.69:32032.70
1690801217;WAOU1;917;49573.24:412153.69:612142.00:31339.11
1690804880;WAOU1;918;47532.72:420511.78:626784.50:33470.39
1690808546;WAOU1;919;46323.52:400812.13:686566.13:32655.00
1690812208;WAOU1;920;43214.24:404151.19:788084.00:31029.20
1690815871;WAOU1;921;43053.97:409468.22:848678.75:31195.84
1690819533;WAOU1;922;42948.58:409628.72:829254.56:31429.75
1690823197;WAOU1;923;47006.96:403963.19:809091.94:34335.80
1690826859;WAOU1;924;45867.74:408422.81:792342.81:32894.58
1690830522;WAOU1;925;47677.30:411856.78:777922.06:35710.35
1690834184;WAOU1;926;48733.08:420737.81:751719.75:34889.30
1690837847;WAOU1;927;49953.38:399705.38:748863.81:36570.23
1690841510;WAOU1;928;49422.89:413718.13:730610.00:37034.50
1690845176;WAOU1;929;49895.66:409636.50:726274.31:35517.16
1690848838;WAOU1;930;51751.60:408486.56:719809.88:36246.62
1690852501;WAOU1;931;52203.96:403592.97:720009.13:37924.71
1690856163;WAOU1;932;54354.36:416738.31:703530.25:38257.63
1690859826;WAOU1;933;54284.37:406448.41:705665.44:38406.93
1690863488;WAOU1;934;52738.34:399941.88:694247.50:39917.07
1690867151;WAOU1;935;52151.45:397936.06:665063.94:40079.46
1690870813;WAOU1;936;62586.17:415939.56:649861.00:42317.90
1690874477;WAOU1;937;23832.51:416498.03:503439.53:39064.16
1690878139;WAOU1;938;26984.40:417350.22:519492.69:39239.89
1690881802;WAOU1;939;25322.60:416886.91:506062.47:42665.34
1690885464;WAOU1;940;27813.23:415116.53:475092.38:42897.01
1690889127;WAOU1;941;27498.36:413871.91:450558.16:40590.95
1690892789;WAOU1;942;28512.37:420853.56:425556.78:41137.73
1690896453;WAOU1;943;28190.77:419179.16:494375.44:41512.55
1690900115;WAOU1;944;25937.70:409062.34:488099.31:39987.18
1690903777;WAOU1;945;24791.40:416617.22:493079.88:38538.52
1690907439;WAOU1;946;19805.17:409021.75:500014.09:37388.79
1690911102;WAOU1;947;19984.44:407726.16:496872.69:36147.96
1690914764;WAOU1;948;18261.04:413344.63:508131.78:34662.24
1690918428;WAOU1;949;17824.61:407232.50:516134.53:35776.80
1690922091;WAOU1;950;18134.64:411928.53:522472.75:35999.26
1690925757;WAOU1;951;17633.07:414650.72:519697.56:33511.69
1690929420;WAOU1;952;16867.73:409292.38:530732.75:32158.62
1690933083;WAOU1;953;17746.36:414738.28:533338.25:32315.35
1690936745;WAOU1;954;17150.14:411699.56:540969.44:32148.24
1690940411;WAOU1;955;17225.20:413338.72:535201.00:33226.32
1690944071;WAOU1;956;17806.55:404458.28:525852.75:30003.87
1690947734;WAOU1;957;19041.60:408326.41:518298.97:32486.71
1690951396;WAOU1;958;21640.93:405590.16:537155.75:29629.04
1690955059;WAOU1;959;20547.74:431264.00:542375.63:31350.44
1690958721;WAOU1;960;19418.67:417054.94:549648.56:31759.49
1690962385;WAOU1;961;17480.71:413724.03:546206.13:29961.73
1690966047;WAOU1;962;18729.09:417346.22:542275.94:28980.66
1690969709;WAOU1;963;17190.15:414812.50:543686.69:28588.13
1690973371;WAOU1;964;16889.79:417960.63:544886.00:28939.71
1690977035;WAOU1;965;16286.49:421937.31:561538.69:26657.72
1690980697;WAOU1;966;15060.17:410908.50:578321.06:28335.22
1690984361;WAOU1;967;16643.61:404809.72:581038.56:27800.96
1690988023;WAOU1;968;15162.97:400268.06:604838.00:27349.19
1690991689;WAOU1;969;16409.46:408471.22:602042.69:28529.83
1690995352;WAOU1;970;16754.55:410939.53:601617.31:30258.67
1690999014;WAOU1;971;15379.41:417127.19:656684.13:28744.98
1691002676;WAOU1;972;14639.44:437011.53:491754.06:22828.78
1691006339;WAOU1;973;16533.50:417682.69:514293.44:21325.83
1691010001;WAOU1;974;15372.45:408150.69:516938.94:20424.76
1691013665;WAOU1;975;14993.38:412543.97:522093.56:19691.41
1691017327;WAOU1;976;15330.55:418011.47:526295.19:19735.78
1691020989;WAOU1;977;15734.88:416455.06:532357.88:18443.85
1691024651;WAOU1;978;15581.10:414968.41:533727.69:20140.58
1691028315;WAOU1;979;16298.41:406945.25:524558.38:19440.86
1691031977;WAOU1;980;16590.50:412769.28:529081.38:21142.07
1691035643;WAOU1;981;16565.48:415799.00:529954.31:20403.64
1691039302;WAOU1;982;15556.20:425453.88:533363.25:19376.54
1691042965;WAOU1;983;15334.56:421868.63:542412.69:20223.19
1691046627;WAOU1;984;16801.64:415691.75:544855.88:19717.61
1691050290;WAOU1;985;15927.72:422865.19:551469.44:20946.28
1691053952;WAOU1;986;16245.54:436263.91:561035.13:21904.82
1691057615;WAOU1;987;15845.70:428197.19:557444.69:21324.76
1691061277;WAOU1;988;16183.58:424518.94:556631.75:20155.69
1691064941;WAOU1;989;17410.61:429668.28:562542.44:22203.17
1691068603;WAOU1;990;20910.88:421842.91:558990.13:22455.13
1691072265;WAOU1;991;18836.49:418395.28:572070.56:20767.72
1691075927;WAOU1;992;16770.60:440330.78:621738.88:20958.32
1691079591;WAOU1;993;16489.48:430173.75:671316.38:20572.99
1691083254;WAOU1;994;16246.48:415906.41:656416.38:21596.56
1691086920;WAOU1;995;17870.75:415020.94:665637.50:22468.35
1691090582;WAOU1;996;17072.96:428268.59:655434.81:22068.63
1691094246;WAOU1;997;18159.66:429988.69:612028.00:21217.72
1691097908;WAOU1;998;17982.16:425517.25:590771.06:21505.68
1691101570;WAOU1;999;20584.09:418044.88:565012.06:22861.23
1691105232;WAOU1;1000;19809.19:421093.50:559791.19:21970.55
1691108895;WAOU1;1001;19539.40:416226.59:555159.25:24078.22
1691112556;WAOU1;1002;18800.38:424360.81:531130.13:23739.16
1691116219;WAOU1;1003;19089.75:408749.38:525984.25:24378.81
1691119881;WAOU1;1004;19253.80:416623.13:528930.88:22566.42
1691123544;WAOU1;1005;18791.29:412580.91:542236.50:22460.21
1691127206;WAOU1;1006;19641.13:408399.69:539882.50:22661.54
1691130869;WAOU1;1007;20117.45:414518.28:551668.81:24211.11
1691134528;WAOU1;1008;20738.45:414383.88:544511.63:22397.42
1691138190;WAOU1;1009;20827.20:426949.03:541891.19:23341.56
1691141852;WAOU1;1010;21088.49:422059.47:544658.13:23489.55
1691145515;WAOU1;1011;21692.50:420749.47:562354.44:23270.63
1691149177;WAOU1;1012;22308.32:430636.03:477227.69:16842.71
1691152841;WAOU1;1013;22830.78:439749.19:504435.59:18023.23
1691156503;WAOU1;1014;19433.77:417260.19:500766.31:20630.47
1691160166;WAOU1;1015;17851.63:412582.81:512053.38:17085.00
1691167551;WAOU1;1016;17605.10:405807.56:516284.53:19314.10
1691171213;WAOU1;1017;17490.74:417440.03:539981.88:19426.81
1691174876;WAOU1;1018;17746.36:413266.84:541918.94:20452.03
1691178538;WAOU1;1019;17944.87:413342.72:533138.81:20495.34
1691182202;WAOU1;1020;18500.97:409174.34:528739.56:20224.25
1691185864;WAOU1;1021;18026.30:407585.25:521152.63:20169.85
1691189527;WAOU1;1022;19027.56:422356.88:518836.06:75342.53
1691193189;WAOU1;1023;19261.82:416611.31:522922.50:20388.53
1691196852;WAOU1;1024;18903.88:418005.59:528452.81:22204.11
1691200512;WAOU1;1025;21073.50:408878.72:526731.38:21115.75
1691204175;WAOU1;1026;21289.48:412530.41:531493.50:21804.74
1691207837;WAOU1;1027;21093.69:404153.06:533979.88:21955.33
1691211500;WAOU1;1028;22919.88:398185.31:527933.88:22189.00
1691215158;WAOU1;1029;22697.07:406633.22:537199.50:22346.91
1691218821;WAOU1;1030;24681.64:409646.19:530273.94:21311.66
1691222480;WAOU1;1031;24433.69:420333.00:544279.25:22197.15
1691226143;WAOU1;1032;24590.18:416455.06:544337.19:21035.03
1691229805;WAOU1;1033;22712.29:422874.97:538979.44:20192.98
1691233468;WAOU1;1034;24798.60:420484.28:538589.44:20717.21
1691237130;WAOU1;1035;23856.82:415149.56:551504.38:19285.90
1691240793;WAOU1;1036;22314.46:415005.47:558289.06:20323.98
1691244455;WAOU1;1037;22658.59:413043.31:598270.25:18957.10
1691248122;WAOU1;1038;23131.61:408289.69:663817.94:19510.25
1691251784;WAOU1;1039;25144.39:410635.28:669128.25:20162.77
1691255451;WAOU1;1040;26665.87:418722.41:629400.81:20037.90
1691259113;WAOU1;1041;28255.32:418216.94:622352.25:20123.47
1691262776;WAOU1;1042;27302.10:409391.03:609553.38:21635.97
1691266438;WAOU1;1043;27979.99:416027.50:591445.06:21956.39
1691270102;WAOU1;1044;30069.60:403654.47:581660.25:22502.69
1691273764;WAOU1;1045;30438.64:409296.16:564491.81:22727.52
1691277427;WAOU1;1046;32004.85:412483.78:551704.06:23842.66
1691281089;WAOU1;1047;31434.82:407359.84:555619.06:24038.57
1691284752;WAOU1;1048;31399.89:432433.78:544362.94:24130.98
1691288414;WAOU1;1049;32229.79:423462.69:539251.88:24610.48
1691292077;WAOU1;1050;32076.01:409725.50:537008.44:25122.08
1691295739;WAOU1;1051;32916.29:426507.19:558506.94:24171.57
1691299402;WAOU1;1052;32640.49:422189.41:544976.75:23913.71
1691303064;WAOU1;1053;32084.27:418544.09:552995.75:26510.68
1691306727;WAOU1;1054;32317.36:428757.31:552363.81:25908.20
1691310389;WAOU1;1055;33085.77:454186.00:555543.63:25229.95
1691314053;WAOU1;1056;33176.76:426251.69:556006.06:24679.64
1691317715;WAOU1;1057;31685.26:412056.69:547171.38:25157.61
1691321378;WAOU1;1058;32725.22:462299.78:555789.00:23481.53
1691325040;WAOU1;1059;36991.78:423058.50:565996.31:26411.78
1691328703;WAOU1;1060;33729.08:416173.97:562409.19:25895.92
1691332365;WAOU1;1061;35236.87:427226.50:565924.69:25649.38
1691336028;WAOU1;1062;33144.66:414115.16:594180.81:24326.06
1691339690;WAOU1;1063;32084.27:450963.88:636712.31:23092.19
1691343353;WAOU1;1064;30442.65:416285.00:641466.06:22988.81
1691347015;WAOU1;1065;31199.97:412856.72:615242.50:24793.53
1691350678;WAOU1;1066;30223.73:415715.09:601434.88:25434.48
1691354340;WAOU1;1067;31944.07:416873.22:590813.00:24588.18
1691358004;WAOU1;1068;31098.00:410951.09:586653.94:26724.05
1691365389;WAOU1;1069;31859.45:417285.69:559682.19:27612.84
1691369052;WAOU1;1070;33700.05:472008.72:552293.19:25176.02
1691372716;WAOU1;1071;32340.13:442274.75:547509.75:26641.32
1691376379;WAOU1;1072;32234.86:420130.84:557823.06:24399.11
1691380042;WAOU1;1073;32342.14:421933.56:549618.00:28284.95
1691383704;WAOU1;1074;33001.03:426822.19:579057.38:26800.53
1691387367;WAOU1;1075;33566.57:468421.22:568810.44:25399.90
1691394752;WAOU1;1076;32850.20:495078.47:580266.38:27224.44
1691398411;WAOU1;1077;32799.57:461429.88:584663.44:26958.90
1691402073;WAOU1;1078;31872.79:428765.31:576947.63:27727.31
1691405735;WAOU1;1079;30606.23:471207.16:579336.88:28888.49
1691409398;WAOU1;1080;30983.88:435866.31:586752.13:25082.43
1691413061;WAOU1;1081;30459.18:413887.38:598923.00:26403.63
1691416725;WAOU1;1082;29096.55:514534.69:623099.50:25141.32
1691420387;WAOU1;1083;28793.13:465509.97:628073.50:27109.97
1691424052;WAOU1;1084;27955.44:416963.03:683524.31:25866.30
1691427714;WAOU1;1085;30212.40:442876.53:710174.38:24267.05
1691431379;WAOU1;1086;29682.39:450547.88:684476.00:25461.97
1691435041;WAOU1;1087;31547.06:415057.97:658584.44:25198.32
1691438704;WAOU1;1088;31774.95:414900.06:628011.38:26557.76
1691442366;WAOU1;1089;32925.62:415420.66:603738.81:26761.82
1691446028;WAOU1;1090;31583.17:421056.09:599035.25:27079.40
1691449690;WAOU1;1091;33591.35:419995.22:580617.13:28333.10
1691453354;WAOU1;1092;33849.10:416380.84:564160.19:26587.27
1691457269;WAOU1;1093;33667.00:428518.78:572620.00:28695.64
1691460931;WAOU1;1094;34966.02:423500.09:572511.69:28403.79
1691464593;WAOU1;1095;35336.47:422636.56:557943.63:29993.60
1691468257;WAOU1;1096;34426.91:418256.25:556511.25:28815.67
1691471919;WAOU1;1097;33479.71:424222.50:578641.75:29738.92
1691475581;WAOU1;1098;35919.24:431154.22:582624.38:28716.30
1691479243;WAOU1;1099;34378.17:429453.25:585449.81:28871.02
1691482906;WAOU1;1100;34516.14:431778.91:579188.50:30032.54
1691486568;WAOU1;1101;32901.89:418313.03:584685.50:26552.69
1691490232;WAOU1;1102;33484.90:420519.59:595095.81:28361.78
1691493894;WAOU1;1103;33311.18:418285.53:607164.50:27958.63
1691497557;WAOU1;1104;32675.66:420464.59:612788.63:28175.54
1691501220;WAOU1;1105;32891.51:421858.59:645399.25:28683.49
1691504886;WAOU1;1106;32549.62:404690.66:698073.75:27338.92
1691508548;WAOU1;1107;30819.25:410645.09:728405.81:25920.47
1691512212;WAOU1;1108;30453.04:413243.59:740553.31:25689.16
1691515874;WAOU1;1109;30903.51:411699.56:727126.88:26373.07
1691519540;WAOU1;1110;32711.77:417158.47:713918.63:28635.34
1691523202;WAOU1;1111;34953.63:421315.72:690388.19:28560.52
1691526865;WAOU1;1112;34899.69:419336.00:678206.69:30127.08
1691530527;WAOU1;1113;35001.42:415721.00:636169.13:30396.51
1691534190;WAOU1;1114;36182.18:407828.38:624642.63:30483.84
1691537852;WAOU1;1115;36919.91:409222.75:607015.88:30654.61
1691541515;WAOU1;1116;37316.80:432841.41:603726.31:32062.56
1691545175;WAOU1;1117;37740.13:418152.41:603244.88:32030.69
1691548838;WAOU1;1118;39255.59:413140.56:602140.38:31582.23
1691552500;WAOU1;1119;38731.71:420612.00:590041.13:32248.20
1691556163;WAOU1;1120;39027.58:414416.91:574788.13:34896.50
1691559825;WAOU1;1121;38753.78:422884.88:562297.19:33237.77
1691563489;WAOU1;1122;38849.96:420533.41:570753.69:33744.54
1691567151;WAOU1;1123;40523.80:419514.56:576448.38:33973.38
1691570815;WAOU1;1124;37411.69:419404.69:590013.88:33733.21
1691574477;WAOU1;1125;39221.01:419455.78:600704.94:32813.03
1691578140;WAOU1;1126;39888.87:424123.84:618850.81:33711.38
1691581802;WAOU1;1127;37905.95:419677.28:633364.44:34316.10
1691585465;WAOU1;1128;39791.50:419194.72:673709.81:33452.80
1691589126;WAOU1;1129;36251.93:409176.25:723182.38:32146.23
1691592789;WAOU1;1130;35248.31:409126.09:796307.13:31205.16
1691596451;WAOU1;1131;33860.43:392893.06:787512.94:30982.70
1691607460;WAOU1;1132;38587.61:406038.41:740579.88:32044.03
1691611122;WAOU1;1133;38597.05:403951.63:733919.56:32539.35
1691614785;WAOU1;1134;38927.27:443572.13:711333.88:36145.84
1691618454;WAOU1;1135;40719.00:416644.50:691593.50:34299.46
1691622116;WAOU1;1136;41572.50:408550.28:663669.50:34803.27
1691625778;WAOU1;1137;43569.47:409890.00:632184.00:35497.45
1691629443;WAOU1;1138;44580.05:419296.81:611270.56:36354.84
1691633105;WAOU1;1139;43127.85:416709.03:592401.25:38230.49
1691636767;WAOU1;1140;45367.93:415684.06:587673.25:38383.91
1691640429;WAOU1;1141;47092.99:409715.94:578780.19:39005.63
1691644092;WAOU1;1142;47057.82:419149.75:575402.50:38581.36
1691647754;WAOU1;1143;46748.97:416695.34:564572.81:39153.03
1691651417;WAOU1;1144;46478.36:417992.00:582143.31:38052.99
1691655079;WAOU1;1145;47035.52:424882.44:585415.44:37894.50
1691658742;WAOU1;1146;46324.70:426752.91:587491.38:37040.76
1691662404;WAOU1;1147;45827.49:418693.03:619635.81:36288.28
1691666068;WAOU1;1148;44629.62:419451.75:644858.13:37644.18
1691669730;WAOU1;1149;41425.34:411428.00:682327.63:33748.67
1691673396;WAOU1;1150;40803.86:402173.47:756778.56:34521.33
1691677058;WAOU1;1151;41437.96:404719.56:778597.94:35045.91
1691680721;WAOU1;1152;43122.42:411055.66:764328.00:34594.85
1691684383;WAOU1;1153;42731.67:408087.06:757293.81:35841.23
1691688047;WAOU1;1154;44165.93:392819.41:756832.81:36719.04
1691691708;WAOU1;1155;45322.38:397323.91:754609.06:35519.16
1691695372;WAOU1;1156;47744.33:407961.50:748481.81:36018.96
1691699034;WAOU1;1157;47190.71:400884.81:734521.44:34765.98
1691702697;WAOU1;1158;47939.06:409843.50:727001.75:38037.41
1691706359;WAOU1;1159;49025.17:405253.72:698248.25:37530.53
1691710023;WAOU1;1160;49764.31:428691.81:694093.50:38772.54
1691713685;WAOU1;1161;51366.98:408629.47:657326.88:37081.36
1691717348;WAOU1;1162;52881.14:417739.56:640260.50:37649.38
1691721010;WAOU1;1163;52136.34:406390.69:626924.00:39761.05
1691724673;WAOU1;1164;53946.49:416185.63:618651.44:39885.68
1691728335;WAOU1;1165;54832.80:407195.78:615336.69:41735.37
1691731999;WAOU1;1166;54329.69:414993.66:608230.56:42006.57
1691735661;WAOU1;1167;53481.73:407886.31:603307.56:43309.13
1691739323;WAOU1;1168;55097.04:410155.06:601779.81:41212.20
1691742985;WAOU1;1169;55334.25:412903.34:603615.94:40145.44
1691746649;WAOU1;1170;52916.55:416750.00:643423.63:40823.80
1691754027;WAOU1;1171;53668.91:418354.22:718223.75:39810.27
1691757689;WAOU1;1172;47767.70:397734.47:752292.00:39022.39
1691761355;WAOU1;1173;48175.21:397920.81:803846.75:36335.13
1691765018;WAOU1;1174;44879.11:410422.38:830598.75:34492.30
1691768684;WAOU1;1175;45759.63:411270.94:827700.50:38253.50
1691772346;WAOU1;1176;49201.02:403186.50:824333.50:39498.35
1691776013;WAOU1;1177;51338.07:402062.53:808513.75:40191.58
1691779675;WAOU1;1178;55114.27:410798.03:784743.81:38712.00
1691783338;WAOU1;1179;57456.44:400516.25:762415.38:41503.11
1691787000;WAOU1;1180;58025.63:398996.31:743132.69:42886.50
1691790664;WAOU1;1181;57569.14:407890.09:726838.63:43225.80
1691794326;WAOU1;1182;62410.09:403014.09:717146.81:43022.46
1691797992;WAOU1;1183;61203.01:400348.31:729345.31:42789.50
1691801654;WAOU1;1184;63681.25:413228.00:717641.94:44384.50
1691805317;WAOU1;1185;63284.60:400388.31:718840.63:41958.30
1691808979;WAOU1;1186;64268.04:388816.97:712057.25:44373.99
1691812642;WAOU1;1187;67749.78:404644.63:712071.50:45613.53
1691816304;WAOU1;1188;69408.27:405318.97:697646.13:47868.72
1691819969;WAOU1;1189;68629.84:403249.78:682545.94:44395.12
1691823631;WAOU1;1190;68156.47:402188.69:681775.69:45132.96
1691827294;WAOU1;1191;66939.47:411575.41:699380.31:49251.17
1691830956;WAOU1;1192;66146.98:405811.34:707800.13:47477.49
1691834618;WAOU1;1193;68271.53:411719.03:728306.69:45579.66
1691838280;WAOU1;1194;65974.09:404477.63:731382.31:47240.51
1691841943;WAOU1;1195;66063.31:398202.41:754284.50:46532.53
1691845606;WAOU1;1196;66882.12:394270.91:768986.63:46165.61
1691849272;WAOU1;1197;64054.07:407612.28:786745.81:43528.40
1691852934;WAOU1;1198;64828.14:411916.97:784299.19:48066.63
1691856601;WAOU1;1199;63593.57:401251.75:817049.69:47175.72
1691860263;WAOU1;1200;63499.39:407118.84:826269.56:49013.37
1691863927;WAOU1;1201;66663.90:419489.06:787506.69:45492.80
1691867590;WAOU1;1202;65997.23:432871.38:776660.56:46098.70
1691871255;WAOU1;1203;69872.91:405353.66:752510.94:46168.80
1691874917;WAOU1;1204;70853.16:402033.72:743824.06:49143.54
1691878584;WAOU1;1205;72586.13:403675.47:754074.44:47253.26
1691882246;WAOU1;1206;73986.04:397865.72:718924.31:49107.19
1691885909;WAOU1;1207;77455.75:409607.59:723669.31:49652.31
1691889571;WAOU1;1208;77818.18:400405.56:721393.19:50050.50
1691893234;WAOU1;1209;77730.38:399549.00:714615.50:50324.07
1691896896;WAOU1;1210;77615.55:400670.97:708492.06:50278.04
1691900560;WAOU1;1211;75434.35:403443.44:733846.13:50682.13
1691904222;WAOU1;1212;78791.82:387050.84:699000.06:48703.34
1691907885;WAOU1;1213;80038.44:387479.72:691582.44:49299.21
1691911547;WAOU1;1214;79269.09:410962.66:697882.56:48073.01
1691915211;WAOU1;1215;78738.83:411286.50:709652.13:48748.07
1691918873;WAOU1;1216;77922.86:399907.53:724931.50:51525.48
1691922536;WAOU1;1217;76457.56:405346.00:727263.63:49226.63
1691926199;WAOU1;1218;77251.11:412374.97:726623.38:49632.02
1691933585;WAOU1;1219;73612.76:398449.78:785814.44:49255.42
1691937247;WAOU1;1220;73494.50:403083.00:786661.81:49162.66
1691940914;WAOU1;1221;72558.27:385896.66:812229.38:48126.23
1691944576;WAOU1;1222;75880.69:390781.25:793724.06:46055.27
1691948239;WAOU1;1223;75806.70:395295.28:782938.81:50412.70
1691951901;WAOU1;1224;78594.50:417600.53:773142.25:47910.26
1691955568;WAOU1;1225;79998.90:390045.66:749774.94:48807.78
1691959230;WAOU1;1226;81149.80:452004.22:750196.63:52430.32
1691962894;WAOU1;1227;81577.02:390461.31:735873.13:52784.49
1691966556;WAOU1;1228;87459.59:392957.13:475314.97:51827.61
1691970222;WAOU1;1229;89644.21:397012.22:490766.13:51268.56
1691973884;WAOU1;1230;79692.65:410585.00:488489.94:54071.35
1691977548;WAOU1;1231;77638.09:392609.81:505510.25:55848.10
1691981209;WAOU1;1232;71783.02:402627.13:503236.91:55757.46
1691984872;WAOU1;1233;69156.90:405913.41:529395.75:55419.46
1691988534;WAOU1;1234;69469.29:395869.69:523802.34:54527.84
1691992198;WAOU1;1235;69151.23:405042.22:533141.06:54843.54
1691995860;WAOU1;1236;68188.56:395302.84:535063.06:55532.75
1691999524;WAOU1;1237;65994.04:402768.84:557870.25:54177.80
1692003186;WAOU1;1238;64888.45:410668.22:572668.31:54602.19
1692006848;WAOU1;1239;64081.57:400163.03:595775.81:54381.38
1692010510;WAOU1;1240;62284.29:402862.69:592532.38:58410.72
1692014173;WAOU1;1241;59878.98:402801.44:611668.00:59724.49
1692021558;WAOU1;1242;56176.54:389705.41:703824.81:53063.72
1692025220;WAOU1;1243;52744.72:388167.75:759581.81:50830.71
1692028887;WAOU1;1244;54674.42:391210.72:753059.81:49944.76
1692032549;WAOU1;1245;56634.92:386487.56:742252.38:52809.16
1692036213;WAOU1;1246;58498.64:396395.09:732893.19:52345.46
1692039875;WAOU1;1247;60472.48:392326.81:720508.81:55226.38
1692043538;WAOU1;1248;59563.52:394628.63:693167.06:57042.90
1692047200;WAOU1;1249;62363.00:395962.56:695497.63:53072.21
1692050864;WAOU1;1250;64301.08:405763.19:680997.69:56664.07
1692058241;WAOU1;1251;67771.84:398438.34:676477.38:58026.70
1692061903;WAOU1;1252;66565.71:414325.44:670872.06:58691.84
1692065567;WAOU1;1253;65028.07:416587.84:645898.44:60326.50
1692072953;WAOU1;1254;66451.00:392947.81:637750.44:60102.14
1692076615;WAOU1;1255;68115.52:403631.31:653968.31:60479.09
1692080276;WAOU1;1256;67310.28:402514.16:647326.56:59809.34
1692083938;WAOU1;1257;66973.70:400869.59:624894.81:62202.38
1692087602;WAOU1;1258;66835.85:409915.16:625167.88:61605.80
1692091264;WAOU1;1259;69360.71:416304.72:609164.44:61389.71
1692094927;WAOU1;1260;66669.33:415268.53:611759.25:64690.77
1692098590;WAOU1;1261;67109.41:398539.34:631018.38:64813.75
1692102252;WAOU1;1262;65363.35:410242.19:680854.31:63047.03
1692105914;WAOU1;1263;60965.21:399703.34:717092.19:60396.25
1692113302;WAOU1;1264;58435.63:392700.34:788933.63:58155.69
1692116964;WAOU1;1265;57701.44:389882.09:786914.25:58469.38
1692120627;WAOU1;1266;57802.23:391725.16:766241.38:56640.35
1692124289;WAOU1;1267;61567.57:394006.06:737165.25:57874.93
1692127952;WAOU1;1268;63372.29:393868.13:729056.31:59238.38
1692135338;WAOU1;1269;64819.41:408017.44:701312.81:62394.87
1692139000;WAOU1;1270;67341.20:404003.44:695716.31:61288.10
1692142663;WAOU1;1271;69458.20:405005.75:685933.56:62708.67
1692146325;WAOU1;1272;69056.11:407679.91:675655.19:61719.34
1692149989;WAOU1;1273;70710.95:394747.94:673698.81:67028.81
1692153651;WAOU1;1274;68839.08:403734.81:665572.50:64405.29
1692157313;WAOU1;1275;68758.23:397320.00:662094.06:66002.77
1692160975;WAOU1;1276;69353.98:411658.84:660812.25:66576.69
1692164640;WAOU1;1277;70220.12:405244.16:642775.69:65021.57
1692168302;WAOU1;1278;69215.55:408552.28:638836.75:65914.73
1692171965;WAOU1;1279;68648.72:409004.28:639851.25:64149.55
1692175626;WAOU1;1280;64734.68:406380.88:665504.88:64565.55
1692179289;WAOU1;1281;66274.80:401911.34:690854.00:62766.74
1692182951;WAOU1;1282;68363.23:400031.44:706176.56:63273.62
1692186615;WAOU1;1283;66938.41:409182.16:718800.25:64274.76
1692190295;WAOU1;1284;64284.56:408867.03:748103.00:62870.59
1692193959;WAOU1;1285;63678.07:401339.53:780499.50:61520.71
1692197621;WAOU1;1286;68250.41:401813.84:746532.44:63072.05
1692201283;WAOU1;1287;66162.45:403575.75:788649.31:63603.48
1692204945;WAOU1;1288;66249.55:406525.34:786346.94:61342.74
1692208611;WAOU1;1289;66382.78:397223.09:765182.19:65009.42
1692212271;WAOU1;1290;67527.67:399270.72:753254.81:64231.92
1692215935;WAOU1;1291;69177.79:398358.56:733224.44:65420.59
1692219596;WAOU1;1292;73236.52:405376.69:718592.56:63406.27
1692223259;WAOU1;1293;73683.21:411433.78:714827.81:67232.98
1692226921;WAOU1;1294;74050.84:409191.81:706904.00:67640.38
1692230584;WAOU1;1295;74739.94:408059.91:704161.88:69279.75
1692234246;WAOU1;1296;76007.44:399457.53:691230.63:66629.68
1692237910;WAOU1;1297;77028.41:396710.31:677435.00:70747.65
1692241572;WAOU1;1298;78334.03:406026.72:682316.69:69218.86
1692243905;WAOU1;1;74221.84:396907.75:656279.81:72723.26
1692247567;WAOU1;2;76019.84:398208.09:673663.31:69948.32
1692251231;WAOU1;3;78179.66:403085.03:643571.25:69494.78
1692251649;WAOU1;1;74034.20:382014.00:631251.69:72448.98
1692252466;WAOU1;1;76874.40:378848.53:631690.38:71759.65
1692256128;WAOU1;2;75625.06:406215.44:640389.06:67943.09
1692259794;WAOU1;3;78924.83:405584.38:639927.25:71899.85
1692263456;WAOU1;4;77332.06:410852.31:663326.63:73001.07
1692267123;WAOU1;5;73935.77:402611.88:685140.69:72377.70
1692270786;WAOU1;6;76912.63:408780.19:713663.44:71461.42
1692274448;WAOU1;7;74356.27:405015.44:729321.88:71187.73
1692278110;WAOU1;8;72924.13:406558.16:733843.31:67515.63
1692281773;WAOU1;9;69526.88:411563.84:754284.50:66007.26
1692285435;WAOU1;10;68289.12:394740.25:806436.88:65759.42
1692289100;WAOU1;11;69621.06:407247.97:796600.13:65856.31
1692292761;WAOU1;12;71027.59:402322.75:776750.00:63926.85
1692296425;WAOU1;13;74987.30:400604.06:775013.38:66047.97
1692303809;WAOU1;14;78086.20:397435.91:737229.94:69322.95
1692307471;WAOU1;15;78628.25:398406.00:725759.63:67956.30
1692311134;WAOU1;16;80064.40:392194.63:719172.13:72925.19
1692314796;WAOU1;17;80608.58:424785.56:691378.50:64561.19
1692318459;WAOU1;18;85028.09:411765.53:698763.44:71379.04
1692322121;WAOU1;19;85371.63:404147.41:692353.31:72457.95
1692325786;WAOU1;20;84998.46:403307.38:679606.50:75605.95
1692329448;WAOU1;21;86001.26:405342.09:672314.38:74300.20
1692333111;WAOU1;22;86566.32:396344.00:669457.13:74379.63
1692336773;WAOU1;23;84833.00:407924.91:656585.13:77525.50
1692340436;WAOU1;24;87996.34:405907.53:636973.75:75121.72
1692344098;WAOU1;25;86808.97:406627.44:639421.19:74192.93
1692347764;WAOU1;26;84944.88:414746.06:654993.81:75549.89
1692351426;WAOU1;27;85055.47:413665.50:692127.06:72004.53
1692355094;WAOU1;28;85370.57:407178.56:727234.50:73343.67
1692358756;WAOU1;29;84616.32:415834.31:730759.06:71700.52
1692362422;WAOU1;30;79205.83:408843.91:772497.63:69715.47
1692366084;WAOU1;31;73507.84:401188.59:830638.06:70906.50
1692369751;WAOU1;32;73291.16:399167.78:840176.13:65511.94
1692373413;WAOU1;33;72627.31:403153.94:841327.69:65108.32
1692377077;WAOU1;34;73963.73:399758.72:834038.50:70214.57
1692380739;WAOU1;35;79894.93:398291.88:791026.44:72828.05
1692384405;WAOU1;36;82814.32:405894.06:772614.19:70712.01
1692388068;WAOU1;37;84290.24:401733.50:757453.75:70624.20
1692391734;WAOU1;38;89027.69:406207.75:734879.63:159628.77
1692395396;WAOU1;39;92936.66:394867.25:718881.00:75711.34
1692399060;WAOU1;40;90453.93:387766.50:711754.06:71332.30
1692402721;WAOU1;41;90534.65:399028.78:712563.63:89383.04
1692406385;WAOU1;42;93833.82:397302.88:719746.31:77532.23
1692410047;WAOU1;43;95919.66:399772.03:700020.19:82105.74
1692413709;WAOU1;44;97708.80:404477.63:690800.94:75757.24
1692417371;WAOU1;45;95534.45:412293.44:685947.44:79872.27
1692421034;WAOU1;46;97142.55:400065.78:696213.19:82877.93
1692424696;WAOU1;47;96405.53:385567.72:696892.88:75674.40
1692428360;WAOU1;48;97722.84:402033.72:702157.81:80280.38
1692432022;WAOU1;49;98213.67:395342.63:710676.69:78794.06
1692435686;WAOU1;50;97392.27:410263.53:711937.06:77888.99
1692439348;WAOU1;51;98093.18:410575.34:734069.31:79700.55
1692443014;WAOU1;52;93720.05:404563.91:738828.13:78303.59
1692446676;WAOU1;53;93560.14:404780.94:742963.69:79617.00
1692450343;WAOU1;54;85812.66:400041.00:801311.63:72235.02
1692454005;WAOU1;55;83567.15:403044.78:815867.25:69851.78
1692457672;WAOU1;56;86661.21:394903.25:819215.69:73016.65
1692461334;WAOU1;57;84794.30:396264.22:821652.63:70358.90
1692465000;WAOU1;58;87482.61:402537.19:798578.38:74473.69
1692468662;WAOU1;59;89285.32:389947.94:781781.88:74147.02
1692472326;WAOU1;60;93436.10:388304.66:757257.81:74021.80
1692475988;WAOU1;61;93496.29:389096.69:749754.19:71850.88
1692479651;WAOU1;62;93574.06:400172.72:738193.81:76502.52
1692483313;WAOU1;63;98274.45:390894.31:741639.19:79210.43
1692486976;WAOU1;64;97762.49:396366.78:751542.94:79512.91
1692490638;WAOU1;65;98307.27:403677.47:723159.13:82407.75
1692494302;WAOU1;66;103901.40:405738.28:718451.38:81419.48
1692497964;WAOU1;67;103437.23:404055.25:720344.19:82432.65
1692501626;WAOU1;68;103327.48:409495.38:711605.44:83621.91
1692505288;WAOU1;69;105227.44:407571.81:717005.81:82938.23
1692508955;WAOU1;70;104836.68:392462.66:703649.19:84128.56
1692512617;WAOU1;71;106429.68:395534.16:714036.13:85637.77
1692516280;WAOU1;72;106396.52:396983.78:735764.38:80549.69
1692519942;WAOU1;73;108073.89:400226.06:734333.44:80481.83
1692523606;WAOU1;74;102910.99:412555.66:736579.44:82982.61
1692527268;WAOU1;75;104909.02:404391.25:739657.81:79405.75
1692530932;WAOU1;76;103272.01:401658.91:726149.19:80424.12
1692534594;WAOU1;77;96236.53:388132.13:767106.69:76142.10
1692538260;WAOU1;78;93829.10:389228.16:811142.69:73121.57
1692541922;WAOU1;79;92652.00:388287.78:814808.44:69938.29
1692545589;WAOU1;80;91974.11:395009.22:814335.63:75657.52
1692549251;WAOU1;81;92925.20:389906.50:801352.81:75089.27
1692552918;WAOU1;82;90778.00:399394.63:798290.88:75219.20
1692556580;WAOU1;83;99133.50:411119.88:766808.00:73729.00
1692560243;WAOU1;84;101750.53:388854.50:755195.38:79203.59
1692563905;WAOU1;85;101489.24:390335.38:743174.38:81666.60
1692567568;WAOU1;86;102252.11:391468.81:727403.38:76711.53
1692571230;WAOU1;87;107244.70:388529.72:722791.13:76496.98
1692574897;WAOU1;88;105699.03:390975.28:733338.81:84057.87
1692578559;WAOU1;89;108348.99:403489.34:723907.13:85173.01
1692582222;WAOU1;90;110455.36:408917.31:711196.63:87033.44
1692585884;WAOU1;91;113771.53:388336.53:706278.63:88415.30
1692589548;WAOU1;92;115908.59:393010.13:707914.00:87268.17
1692593210;WAOU1;93;114425.11:395371.19:708059.06:87534.18
1692597904;WAOU1;1;119782.73:398670.72:726178.25:91403.49
1692601566;WAOU1;2;118108.30:407756.97:729748.13:91740.79
1692605229;WAOU1;3;117847.61:408208.50:734536.06:90951.02
1692608891;WAOU1;4;116100.59:404277.94:732626.56:88563.41
1692612556;WAOU1;5;112751.15:422437.59:715979.44:85308.85
1692616218;WAOU1;6;115031.24:411556.06:754506.94:88770.30
1692619880;WAOU1;7;109586.88:398130.19:750821.63:84231.00
1692623542;WAOU1;8;101144.75:399045.88:806204.25:78202.21
1692627209;WAOU1;9;100138.18:398786.84:823001.88:73620.66
1692630871;WAOU1;10;101360.02:399684.34:826129.38:74787.02
1692634538;WAOU1;11;100242.63:396230.13:803659.25:77373.61
1692638201;WAOU1;12;100937.87:393917.22:800751.06:76348.75
1692641867;WAOU1;13;105058.09:393711.16:768213.94:77526.68
1692645529;WAOU1;14;111370.82:394723.28:759044.13:81500.08
1692649192;WAOU1;15;110804.58:398428.88:749258.13:81044.41
1692652854;WAOU1;16;115185.61:402952.72:723550.31:84450.98
1692656521;WAOU1;17;116458.30:400182.28:734392.13:89880.24
1692660183;WAOU1;18;118508.62:395843.25:725971.81:88931.15
1692663846;WAOU1;19;120321.84:396336.44:724098.75:85263.30
1692667508;WAOU1;20;122720.06:399135.47:723191.00:94645.07
1692671171;WAOU1;21;122204.45:400376.88:721754.69:94979.65
1692674833;WAOU1;22;124105.70:392585.28:716568.56:91667.97
1692678496;WAOU1;23;123131.00:390216.91:720375.88:99775.63
1692682158;WAOU1;24;125316.68:398859.19:695601.50:87145.55
1692685821;WAOU1;25;127737.92:403663.91:722365.44:94908.84
1692689483;WAOU1;26;130210.50:397785.94:739084.81:94613.80
1692693148;WAOU1;27;130945.74:412652.69:729695.50:94336.22
1692696810;WAOU1;28;125363.41:406958.81:755375.81:88399.13
1692700472;WAOU1;29;124216.05:405061.47:743981.50:91723.44
1692704133;WAOU1;30;121520.89:409636.50:745880.50:91374.58
1692707797;WAOU1;31;116567.00:397023.66:780536.81:86372.89
1692711459;WAOU1;32;109660.75:409673.34:812075.38:84186.63
1692715126;WAOU1;33;107128.22:399345.06:827618.94:77917.31
1692718788;WAOU1;34;105950.53:394922.13:826207.56:84554.72
1692722455;WAOU1;35;109461.42:388218.41:802716.38:78522.27
1692726118;WAOU1;36;111833.45:399345.06:799181.88:81761.84
1692729784;WAOU1;37;114580.41:454342.50:779710.69:86048.11
1692733446;WAOU1;38;118831.40:398055.97:753455.88:88443.98
1692737113;WAOU1;39;118504.96:393915.31:749921.38:86744.88
1692740775;WAOU1;40;125569.83:403387.84:748428.13:86130.37
1692744438;WAOU1;41;123452.84:388503.53:731496.19:89681.03
1692748113;WAOU1;42;122180.02:393291.59:735893.75:92621.78
1692751778;WAOU1;43;129085.44:395308.50:724954.75:93257.54
1692755440;WAOU1;44;127286.50:391504.69:719051.19:98238.22
1692759104;WAOU1;45;129491.18:415830.28:716698.13:100409.27
1692762766;WAOU1;46;131737.88:390378.69:713462.81:97705.26
1692766432;WAOU1;47;135096.17:397852.38:724617.94:94390.74
1692770094;WAOU1;48;134855.06:394447.00:703082.88:98949.63
1692773757;WAOU1;49;134767.61:408739.59:727505.44:98689.88
1692777419;WAOU1;50;138283.70:420162.09:738223.31:105916.07
1692781082;WAOU1;51;141112.69:417579.06:739941.50:101244.71
1692784744;WAOU1;52;139471.55:412326.47:744682.38:98576.23
1692788409;WAOU1;53;134338.16:409412.16:757429.50:94362.89
1692792071;WAOU1;54;133633.34:409671.44:769830.19:93903.34
1692795734;WAOU1;55;124592.52:404815.63:806261.63:86635.01
1692799396;WAOU1;56;115286.98:406406.03:836571.63:80921.09
1692803062;WAOU1;57;119035.33:397633.56:823855.75:83360.15
1692806724;WAOU1;58;119735.29:407282.66:817807.63:84696.10
1692810387;WAOU1;59;119425.38:396550.75:801394.13:84174.11
1692814049;WAOU1;60;121120.93:399301.16:785120.13:87015.02
1692817717;WAOU1;61;125378.16:398883.97:790995.13:91359.59
1692821379;WAOU1;62;128885.05:395462.06:775453.50:90423.95
1692825041;WAOU1;63;129362.43:402789.97:756085.88:95540.35
1692828703;WAOU1;64;130028.40:401454.25:740402.63:100793.30
1692832367;WAOU1;65;135834.14:412757.72:736541.19:97538.27
1692836029;WAOU1;66;136984.22:409358.00:734083.94:97463.44
1692839691;WAOU1;67;142069.81:410567.44:736020.13:96621.15
1692843353;WAOU1;68;140245.50:405734.28:741402.44:101699.91
1692847018;WAOU1;69;142485.00:408502.00:735946.88:104726.69
1692850680;WAOU1;70;144988.97:396488.22:729911.56:595207.44
1692854343;WAOU1;71;146951.23:409944.19:742210.88:106821.62
1692858005;WAOU1;72;146633.53:400319.66:748192.31:105598.25
1692861668;WAOU1;73;147177.13:404408.47:736844.38:101977.72
1692865330;WAOU1;74;147290.89:414323.44:753656.88:107186.41
1692868996;WAOU1;75;148837.03:412138.13:764753.56:104636.76
1692872659;WAOU1;76;146226.73:416496.03:785415.75:101163.52
1692876325;WAOU1;77;142584.95:412759.59:781431.50:99569.34
1692879987;WAOU1;78;132483.86:409104.84:828467.50:97263.88
1692883650;WAOU1;79;125255.31:406169.28:864173.63:107894.04
1692887312;WAOU1;80;123155.43:404660.09:866345.38:92019.30
1692890979;WAOU1;81;123354.88:404444.94:851781.94:91064.08
1692894641;WAOU1;82;124863.61:401974.38:827380.94:90682.17
1692898304;WAOU1;83;126517.98:411381.50:810528.06:97559.27
1692901966;WAOU1;84;135049.91:707435.69:792217.44:97100.54
1692905629;WAOU1;85;134801.36:428655.94:782026.69:101036.65
1692909291;WAOU1;86;137454.63:405946.00:764179.19:102147.30
1692912958;WAOU1;87;136751.02:420963.56:753801.00:102782.48
1692916620;WAOU1;88;139685.75:405578.59:766137.88:105646.87
1692920284;WAOU1;89;138246.05:402544.84:770846.06:101789.36
1692923946;WAOU1;90;143973.66:403131.06:762858.19:107115.13
1692927608;WAOU1;91;147101.94:405682.59:758325.50:108254.81
1692931270;WAOU1;92;149394.19:394274.69:744011.00:108590.81
1692934934;WAOU1;93;145861.00:408714.56:768889.00:109395.80
1692938596;WAOU1;94;152552.56:411779.13:764160.88:107499.15
1692942259;WAOU1;95;145621.53:407195.78:755039.00:110704.14
1692945921;WAOU1;96;150842.03:413714.25:770246.31:112172.75
1692949584;WAOU1;97;132058.53:414399.44:762576.25:116518.73
1692953246;WAOU1;98;135780.31:413150.25:771691.44:112779.95
1692956910;WAOU1;99;134067.19:419388.97:769417.63:108558.59
1692960572;WAOU1;100;144049.78:411856.78:519319.56:118141.00
1692964235;WAOU1;101;141439.95:420126.81:521076.13:115078.34
1692967897;WAOU1;102;147804.50:416183.50:594079.31:113592.26
1692971561;WAOU1;103;149296.95:416248.06:650945.06:110631.21
1692975230;WAOU1;104;157385.84:405872.94:730791.25:116231.01
1692978892;WAOU1;105;157440.48:414607.88:748040.19:109884.16
1692982555;WAOU1;106;154931.67:401060.56:751782.75:115042.10
1692986221;WAOU1;107;151373.11:406538.91:782479.63:110106.27
1692989884;WAOU1;108;152655.72:413521.63:778483.81:109585.58
1692993546;WAOU1;109;150879.33:412031.31:766235.38:108540.77
1692997208;WAOU1;110;153024.41:415391.38:753311.81:115396.74
1693000872;WAOU1;111;155881.25:407328.81:752136.31:112299.85
1693004535;WAOU1;112;157313.03:410844.53:759210.31:114622.67
1693008206;WAOU1;113;159073.02:407413.78:753987.19:113565.95
1693011865;WAOU1;114;163043.47:412118.75:758256.13:114698.55
1693015533;WAOU1;115;161207.23:427099.75:741645.19:115201.30
1693019195;WAOU1;116;163850.13:408944.47:748049.38:118145.84
1693022859;WAOU1;117;163520.27:407230.50:737563.13:111024.80
1693026521;WAOU1;118;167906.61:412314.78:739333.00:115145.84
1693030184;WAOU1;119;173946.84:420217.09:730764.94:119143.55
1693033846;WAOU1;120;174752.78:411453.28:729999.25:114799.81
1693037509;WAOU1;121;172693.50:413959.38:726591.31:115898.91
1693041171;WAOU1;122;175365.30:424196.88:740633.19:117507.24
1693044834;WAOU1;123;172665.41:419855.97:751180.63:116125.97
1693048496;WAOU1;124;178878.42:422386.25:750011.19:116611.73
1693052159;WAOU1;125;177035.83:427397.28:745154.94:115151.86
1693055821;WAOU1;126;172692.08:431886.53:739710.88:117001.30
1693059484;WAOU1;127;175351.95:427732.44:740642.06:115996.63
1693063146;WAOU1;128;181002.97:425343.19:741965.00:20575.94
1693066809;WAOU1;129;180990.81:422264.34:736747.13:20958.32
1693070471;WAOU1;130;183685.86:413640.25:728493.50:16481.46
1693074134;WAOU1;131;181157.34:427718.63:738881.25:17142.12
1693077797;WAOU1;132;186658.48:431521.38:734271.81:17892.82
1693081461;WAOU1;133;184616.89:411466.84:720245.88:18761.19
1693085123;WAOU1;134;187016.78:432170.13:724562.94:18604.47
1693088785;WAOU1;135;191646.23:434783.03:710314.13:20173.86
1693092447;WAOU1;136;194110.91:423011.03:686768.63:20236.29
1693096110;WAOU1;137;193818.81:429662.25:689101.13:20464.18
1693099772;WAOU1;138;196959.97:442767.00:691200.06:21310.60
1693103435;WAOU1;139;193611.22:427768.19:686438.44:21295.61
1693107097;WAOU1;140;197426.13:428395.81:678646.44:22154.54
1693110760;WAOU1;141;201822.16:429387.63:677654.63:23127.59
1693114422;WAOU1;142;197917.80:428282.53:686460.63:21714.69
1693118085;WAOU1;143;202516.92:427147.31:680124.13:23016.19
1693121747;WAOU1;144;205750.94:431481.38:675783.94:22943.25
1693125411;WAOU1;145;206111.14:422634.56:684852.63:25613.74
1693129073;WAOU1;146;200225.50:423385.75:713480.19:22774.96
1693132736;WAOU1;147;191431.20:428205.09:729289.75:23238.18
1693136398;WAOU1;148;196656.78:437381.53:756275.56:24470.28
1693140062;WAOU1;149;188638.69:436902.84:771385.19:23204.66
1693143724;WAOU1;150;192244.83:420486.31:766275.06:24353.32
1693147386;WAOU1;151;189158.78:426675.47:778845.19:23165.12
1693151048;WAOU1;152;190179.64:428334.09:773559.75:22895.57
1693154711;WAOU1;153;190646.05:413644.25:780629.44:23883.26
1693158373;WAOU1;154;191923.34:419279.09:767262.13:24144.19
1693162038;WAOU1;155;193910.05:428139.47:757483.81:25562.88
1693165700;WAOU1;156;195394.23:433135.28:745984.81:22926.02
1693169362;WAOU1;157;193515.86:435832.19:730481.50:26893.52
1693173024;WAOU1;158;200739.11:430500.41:671910.75:27388.96
1693176687;WAOU1;159;208836.63:431623.13:633900.56:25690.10
1693180349;WAOU1;160;213758.30:426627.91:606464.50:26431.25
1693184013;WAOU1;161;219861.31:430743.66:629548.31:29223.65
1693187675;WAOU1;162;218436.38:429246.47:594701.38:28856.62
1693191337;WAOU1;163;219895.89:444175.19:610893.50:28831.13
1693194999;WAOU1;164;218636.89:441353.63:574884.75:30616.49
1693198662;WAOU1;165;224814.27:435685.63:569156.00:29977.19
1693202324;WAOU1;166;223595.86:451821.41:556315.13:31379.24
1693205987;WAOU1;167;222166.55:450535.50:569816.44:30014.13
1693209649;WAOU1;168;226740.78:455575.19:571242.19:31002.29
1693213313;WAOU1;169;229474.64:454581.34:586126.50:30434.51
1693216975;WAOU1;170;227137.08:448657.13:592722.75:30441.71
1693220639;WAOU1;171;223042.11:450861.44:621859.50:28631.21
1693224301;WAOU1;172;221801.05:465727.59:645256.44:29181.64
1693227964;WAOU1;173;224656.95:453982.06:706037.31:32668.46
1693231626;WAOU1;174;219164.89:453716.41:704813.94:32730.42
1693235288;WAOU1;175;216925.75:454175.50:738848.69:31038.40
1693238950;WAOU1;176;215073.13:450531.59:751713.81:31722.31
1693242613;WAOU1;177;214317.94:448097.25:748717.63:32329.75
1693246275;WAOU1;178;214482.69:446891.47:756248.56:29759.45
1693249940;WAOU1;179;209714.31:433997.75:733702.44:32102.80
1693253602;WAOU1;180;212203.66:447936.16:738335.44:30770.86
1693257264;WAOU1;181;212419.27:449642.69:720867.13:33163.30
1693260926;WAOU1;182;219121.70:463081.19:688639.06:31462.68
1693264589;WAOU1;183;220038.94:456853.53:672453.50:33054.85
1693268251;WAOU1;184;226963.00:454410.34:677245.69:33104.41
1693271914;WAOU1;185;222581.61:445883.13:664115.13:34834.31
1693275576;WAOU1;186;236453.83:448636.59:634010.00:38331.75
1693279240;WAOU1;187;237936.36:458888.38:633879.94:37004.29
1693282903;WAOU1;188;233761.14:447956.47:640297.25:36331.95
1693286564;WAOU1;189;232172.05:453362.59:617339.25:37287.54
1693290226;WAOU1;190;236066.27:462181.19:617066.25:36323.69
1693293890;WAOU1;191;240586.20:480066.47:606117.31:36318.49
1693297552;WAOU1;192;233657.53:454113.78:608412.31:38805.00
1693301215;WAOU1;193;228381.56:455599.97:614073.00:36923.10
1693304877;WAOU1;194;225711.08:453582.69:648415.25:34584.47
1693308540;WAOU1;195;222620.80:461773.09:697668.69:37575.26
1693312202;WAOU1;196;214584.41:445118.16:761303.31:35677.07
1693315865;WAOU1;197;201717.00:445657.13:815867.25:34264.29
1693319527;WAOU1;198;216856.72:452400.63:777746.06:36862.67
1693323190;WAOU1;199;218522.89:442193.69:776204.63:34356.46
1693326852;WAOU1;200;213619.50:455243.06:764616.69:35883.84
1693330515;WAOU1;201;217229.30:453430.44:757224.75:38228.37
1693334177;WAOU1;202;217357.34:444526.53:766814.13:38406.93
1693337841;WAOU1;203;217537.33:450242.69:759975.06:36301.86
1693341504;WAOU1;204;221277.77:462276.91:744415.06:35434.07
1693345170;WAOU1;205;223611.78:449227.63:740656.94:37996.70
1693348832;WAOU1;206;220292.08:457457.44:736555.69:38382.97
1693352495;WAOU1;207;223856.08:448105.50:733007.50:37995.64
1693356157;WAOU1;208;229840.38:449446.31:715896.06:40163.26
1693359820;WAOU1;209;230368.03:462639.34:727566.44:41153.30
1693363482;WAOU1;210;226932.31:451285.97:705898.13:40477.66
1693367145;WAOU1;211;232400.64:451552.69:715778.19:38994.18
1693370807;WAOU1;212;232654.61:452723.16:716562.88:42171.79
1693374470;WAOU1;213;233660.59:462316.44:732588.31:44381.31
1693378132;WAOU1;214;234182.70:446261.84:700657.94:42200.12
1693381795;WAOU1;215;234261.06:467734.72:711468.19:42179.11
1693385457;WAOU1;216;236211.77:456489.94:703892.81:39961.09
1693389120;WAOU1;217;234534.98:462643.47:715689.06:42695.91
1693392782;WAOU1;218;232093.92:465074.97:747751.19:42763.30
1693396446;WAOU1;219;226739.36:452525.84:762445.75:41769.00
1693400108;WAOU1;220;214005.89:466927.50:784883.88:37543.04
1693403771;WAOU1;221;206433.31:450197.59:831093.00:39180.29
1693407433;WAOU1;222;209120.45:451027.50:861269.06:39977.85
1693411097;WAOU1;223;207406.48:446740.66:848688.81:41433.83
1693414758;WAOU1;224;209305.16:436782.25:839362.88:39509.80
1693418421;WAOU1;225;213485.08:440926.88:815867.25:42326.39
1693422083;WAOU1;226;216853.77:453150.75:800130.63:42009.75
1693425746;WAOU1;227;219123.13:460388.50:781577.25:43149.92
1693429408;WAOU1;228;220606.13:458190.09:765139.56:45827.49
1693433071;WAOU1;229;222899.67:458871.63:757547.19:45392.36
1693436733;WAOU1;230;223086.97:452262.91:748732.50:43040.28
1693440397;WAOU1;231;225197.58:462866.50:743657.88:46026.71
1693444059;WAOU1;232;231499.94:459331.91:734345.25:46066.01
1693447722;WAOU1;233;223352.97:437699.47:723133.13:44587.37
1693451384;WAOU1;234;229793.30:444939.13:709749.19:47115.30
1693455047;WAOU1;235;230794.55:456624.13:702757.38:46534.65
1693458709;WAOU1;236;233855.80:456008.66:707174.13:45833.87
1693462372;WAOU1;237;232006.94:464414.53:701290.31:47170.53
1693466034;WAOU1;238;234652.06:465294.47:709195.88:48197.52
1693469697;WAOU1;239;231997.97:461007.75:703493.31:49031.54
1693473359;WAOU1;240;233140.38:471508.69:713213.69:46994.09
1693477023;WAOU1;241;231922.91:466525.16:751138.88:49037.91
1693480685;WAOU1;242;229292.66:464429.31:773065.38:46773.29
1693484348;WAOU1;243;229451.16:452486.78:779191.31:46491.11
1693488010;WAOU1;244;230540.11:465447.06:802954.44:46053.26
1693491674;WAOU1;245;220582.98:463754.94:843917.63:48838.59
1693495336;WAOU1;246;218632.52:454536.03:858184.56:47352.16
1693498998;WAOU1;247;217734.53:452947.16:842003.50:49734.45
1693502660;WAOU1;248;225906.63:455111.13:823492.13:47026.08
1693506323;WAOU1;249;219423.47:463921.94:804829.13:50130.64
1693509985;WAOU1;250;223623.59:453387.38:793523.06:51191.38
1693513649;WAOU1;251;224107.92:455709.25:798648.00:50163.68
1693517311;WAOU1;252;226210.28:457478.09:776780.81:50733.47
1693520974;WAOU1;253;223446.09:458604.22:764364.31:50334.69
1693524636;WAOU1;254;228542.89:450941.47:760961.31:53194.84
1693528299;WAOU1;255;229634.67:447544.09:758986.63:51304.91
1693531961;WAOU1;256;229981.41:455599.97:767393.50:51667.93
1693535624;WAOU1;257;230532.78:455909.63:766439.44:52454.98
1693539286;WAOU1;258;231974.36:456250.22:749592.69:51208.61
1693542949;WAOU1;259;239553.91:463419.06:725716.06:54106.75
1693546611;WAOU1;260;230001.94:449290.88:732245.63:52566.63
1693550274;WAOU1;261;238699.22:463840.50:746332.88:54046.57
1693553936;WAOU1;262;233635.45:466123.09:749601.69:55000.97
1693557599;WAOU1;263;234906.63:466238.25:754630.25:51711.83
1693561261;WAOU1;264;233404.86:468104.25:767579.38:52099.87
1693564925;WAOU1;265;229078.22:460839.34:783705.69:52959.51
1693568587;WAOU1;266;227189.72:467053.19:809494.69:56764.74
1693572250;WAOU1;267;219596.84:454161.09:819241.75:54075.60
1693575912;WAOU1;268;205381.20:449585.44:858278.88:50783.74
1693579579;WAOU1;269;195089.03:450136.25:881538.56:50080.48
1693583241;WAOU1;270;198004.30:439002.84:869057.75:51991.65
1693586904;WAOU1;271;194587.34:454550.44:873075.88:49692.79
1693590566;WAOU1;272;196919.59:441007.72:845157.13:52326.23
1693594229;WAOU1;273;201869.95:446826.31:824613.06:51970.17
1693597891;WAOU1;274;204529.70:451729.13:809805.00:54592.51
1693601554;WAOU1;275;203617.44:458722.56:775893.56:54429.77
1693605216;WAOU1;276;210689.97:451355.59:765906.44:55029.06
1693608879;WAOU1;277;208813.84:449337.97:755986.63:53553.73
1693612541;WAOU1;278;213093.39:448201.47:746764.69:56817.73
1693616206;WAOU1;279;218608.09:441452.75:751049.19:56748.57
1693619868;WAOU1;280;223569.77:459329.91:756245.38:59235.07
1693623531;WAOU1;281;227611.16:444558.97:721317.94:58699.51
1693627193;WAOU1;282;228421.22:449716.56:699467.75:58052.66
1693630856;WAOU1;283;230050.56:451271.56:704210.13:58530.16
1693634518;WAOU1;284;232167.67:465196.19:685426.19:58711.43
1693638180;WAOU1;285;234684.52:453611.59:689694.13:60642.43
1693641843;WAOU1;286;230210.72:458722.56:685523.19:61779.52
1693645505;WAOU1;287;229418.83:458169.44:733567.38:59820.32
1693649167;WAOU1;288;223042.11:455053.41:762925.13:82400.91
1693652830;WAOU1;289;225002.27:460454.84:801397.19:57347.15
1693656492;WAOU1;290;212426.34:451928.22:841228.44:55932.36
1693660156;WAOU1;291;200390.61:451692.06:863386.44:54715.25
1693663818;WAOU1;292;186897.81:450988.69:888240.75:55031.18
1693667482;WAOU1;293;189734.23:438619.75:884195.00:55382.88
1693671144;WAOU1;294;185016.27:452801.31:880947.25:57565.84
1693674810;WAOU1;295;180234.45:434749.03:879583.00:51808.37
1693678472;WAOU1;296;189037.94:434765.09:848548.63:54245.66
1693682135;WAOU1;297;196396.91:440761.19:832974.69:58228.39
1693685797;WAOU1;298;193315.36:433009.47:806424.25:60708.99
1693689460;WAOU1;299;200166.72:456822.50:795094.81:61657.14
1693693122;WAOU1;300;196948.88:441195.84:766046.56:61020.79
1693696785;WAOU1;301;205746.81:439920.91:783270.94:60506.24
1693700447;WAOU1;302;202726.16:452047.41:766183.56:61551.28
1693704110;WAOU1;303;212964.75:455938.44:772755.50:62887.12
1693707772;WAOU1;304;214578.63:456372.16:766153.13:60142.51
1693711436;WAOU1;305;219736.92:448334.22:769515.44:63827.12
1693715098;WAOU1;306;218494.09:448119.78:749449.31:63229.84
1693718761;WAOU1;307;221174.97:449810.63:764951.25:63073.23
1693722423;WAOU1;308;218948.58:451138.31:762279.06:66322.13
1693726086;WAOU1;309;230142.97:450136.25:743999.19:66315.63
1693729748;WAOU1;310;231976.02:455763.06:763923.75:66929.55
1693733411;WAOU1;311;227823.47:450433.06:801698.38:64959.97
1693737073;WAOU1;312;219790.50:441790.78:792688.00:58160.17
1693740736;WAOU1;313;215847.91:460756.25:847257.75:63917.05
1693744398;WAOU1;314;196324.56:453450.97:847577.81:58524.73
1693748061;WAOU1;315;190278.66:438204.81:873892.06:61309.93
1693751723;WAOU1;316;179896.33:448926.91:907703.06:54536.45
1693755386;WAOU1;317;183783.70:435589.31:896002.25:56431.69
1693759048;WAOU1;318;185720.00:434450.44:880156.19:61154.03
1693762712;WAOU1;319;181716.98:432092.22:875306.50:57720.91
1693766374;WAOU1;320;184867.56:441657.06:858005.94:59901.87
1693770038;WAOU1;321;192668.63:429119.25:833401.44:60450.65
1693773700;WAOU1;322;191341.64:442700.09:823228.94:62209.93
1693777362;WAOU1;323;196576.17:434119.88:816024.94:65061.11
1693781024;WAOU1;324;201443.67:429642.31:804253.56:65355.80
1693784687;WAOU1;325;204483.20:448162.75:807948.44:68643.17
1693788349;WAOU1;326;208381.31:434682.81:803789.50:63039.24
1693792013;WAOU1;327;203986.00:448428.28:793896.81:67726.53
1693799390;WAOU1;328;213299.09:447876.78:792945.13:69969.33
1693803052;WAOU1;329;214276.39:439957.13:784062.94:71883.09
1693806715;WAOU1;330;216628.13:441003.72:788971.19:72993.16
1693810377;WAOU1;331;221537.16:451926.19:795796.69:72760.08
1693814041;WAOU1;332;227116.55:467707.59:797912.13:72969.80
1693817704;WAOU1;333;226200.02:465618.78:810128.13:73248.79
1693821367;WAOU1;334;220866.59:470244.34:813879.25:72259.57
1693825029;WAOU1;335;214015.92:457968.56:840354.69:72715.47
1693828692;WAOU1;336;210164.91:461122.09:856957.56:67280.42
1693832354;WAOU1;337;197373.27:458134.16:874904.69:69462.68
1693836020;WAOU1;338;185280.75:449583.44:907699.50:62074.45
1693839682;WAOU1;339;181540.66:452330.66:917992.50:62868.47
1693843349;WAOU1;340;181059.86:449593.72:907045.50:63185.93
1693847011;WAOU1;341;183545.77:440328.66:886194.81:65040.22
1693850674;WAOU1;342;190999.97:446263.97:869989.75:64019.02
1693854336;WAOU1;343;198480.97:445606.38:853810.38:68688.48
1693857999;WAOU1;344;194908.83:444323.41:847257.75:69634.40
1693861661;WAOU1;345;199230.38:438787.13:826921.13:69692.10
1693865325;WAOU1;346;202403.16:441369.81:826174.88:71429.20
1693868987;WAOU1;347;209923.20:447417.72:836594.63:74733.33
1693872649;WAOU1;348;206231.16:441634.88:820519.06:76227.42
1693876311;WAOU1;349;213047.59:459002.28:823118.63:77273.53
1693879975;WAOU1;350;211935.41:444187.34:807836.69:73373.89
1693883637;WAOU1;351;215324.14:450820.50:838382.00:80668.53
1693887301;WAOU1;352;216077.69:439999.63:813612.81:79597.64
1693890963;WAOU1;353;214519.97:454138.56:796650.56:78550.48
1693894626;WAOU1;354;224553.44:461363.22:804145.44:80580.25
1693898289;WAOU1;355;228185.31:459661.88:811562.50:81951.38
1693901954;WAOU1;356;230899.11:462120.75:826943.81:76065.86
1693905617;WAOU1;357;224003.13:450734.34:843967.50:80142.53
1693909279;WAOU1;358;217013.44:463012.38:848361.75:86531.86
1693912941;WAOU1;359;217887.36:457691.22:871610.31:74400.99
1693916605;WAOU1;360;209916.13:449884.38:889816.50:77003.74
1693920267;WAOU1;361;187226.14:435464.94:906686.81:70411.06
1693923933;WAOU1;362;178391.61:443308.34:935843.00:70017.13
1693927595;WAOU1;363;180354.70:453191.94:926927.00:69855.09
1693931262;WAOU1;364;184091.36:439662.44:905490.38:69953.75
1693934924;WAOU1;365;192868.89:443669.72:888543.94:71288.99
1693938587;WAOU1;366;198504.69:441821.09:870054.75:76856.45
1693942249;WAOU1;367;205969.86:443533.66:849757.44:77392.73
1693945912;WAOU1;368;204963.77:433717.56:830471.31:77584.03
1693949574;WAOU1;369;209006.92:446023.56:839065.31:87479.07
1693953239;WAOU1;370;216218.48:443756.81:831345.38:79080.61
1693956901;WAOU1;371;212289.33:442378.03:842527.25:79321.01
1693960567;WAOU1;372;221801.05:447591.19:836008.31:83477.34
1693967952;WAOU1;373;221004.08:446899.72:836555.13:89811.09
1693971614;WAOU1;374;221018.59:442037.66:816082.88:88210.89
1693975278;WAOU1;375;228469.48:452663.47:821085.75:93623.75
1693978940;WAOU1;376;225241.36:456898.97:813972.38:90381.34
1693982603;WAOU1;377;230901.94:461898.06:828536.06:90455.11
1693986265;WAOU1;378;235969.84:465553.88:822901.25:90457.47
1693989928;WAOU1;379;232300.45:462787.31:835037.75:92420.56
1693993590;WAOU1;380;225930.00:460999.38:855648.50:88656.41
1693997253;WAOU1;381;227211.66:452221.84:872897.69:90248.81
1694000915;WAOU1;382;219952.31:464268.44:874955.88:88465.81
1694004578;WAOU1;383;206561.95:450699.53:902087.25:83834.70
1694008240;WAOU1;384;197128.25:452316.25:941079.38:81667.78
1694011903;WAOU1;385;192780.50:447985.13:957106.63:80467.20
1694015565;WAOU1;386;193156.39:446410.56:940118.75:76210.55
1694019232;WAOU1;387;200736.16:446200.84:926161.81:79961.61
1694022894;WAOU1;388;209622.03:446883.31:894314.38:81696.23
1694026561;WAOU1;389;212173.67:444502.09:877301.13:80985.52
1694030223;WAOU1;390;218407.58:443509.22:860271.25:89328.98
1694033886;WAOU1;391;223100.19:441721.84:852505.50:89909.04
1694037548;WAOU1;392;222639.67:446337.25:855668.69:89638.55
1694041211;WAOU1;393;227576.09:464007.50:855043.06:92677.37
1694044873;WAOU1;394;229509.94:449121.28:840500.31:91685.32
1694048536;WAOU1;395;237301.08:456248.22:842716.19:100119.41
1694052198;WAOU1;396;228721.69:456746.16:847687.88:97164.62
1694055862;WAOU1;397;236797.02:447217.66:831322.44:99619.73
1694059524;WAOU1;398;239739.08:443052.97:833624.75:103523.51
1694063187;WAOU1;399;236057.28:460866.34:842630.19:101772.84
1694066849;WAOU1;400;237882.89:462556.00:833555.81:103263.75
1694070513;WAOU1;401;247872.11:465591.53:833181.44:103381.77
1694074176;WAOU1;402;240207.95:462637.31:836970.31:100857.97
1694077841;WAOU1;403;239464.33:465922.09:855009.44:105260.60
1694081503;WAOU1;404;240681.91:465683.59:883141.31:97737.95
1694085167;WAOU1;405;233397.53:466263.28:903477.44:91239.45
1694088829;WAOU1;406;227499.98:455742.28:914777.25:98097.90
1694092495;WAOU1;407;208598.23:467116.06:942162.31:88314.27
1694096157;WAOU1;408;202761.33:447760.44:960939.94:86870.69
1694099824;WAOU1;409;201844.58:439787.53:964098.19:87727.84
1694103486;WAOU1;410;206017.78:443580.25:941661.31:84431.63
1694107153;WAOU1;411;211129.94:438253.19:915063.69:90614.20
1694110815;WAOU1;412;215814.98:434154.00:915612.25:92473.67
1694114479;WAOU1;413;222388.53:425616.03:883342.06:91664.43
1694118141;WAOU1;414;223950.84:446186.44:875114.13:96752.86
1694121807;WAOU1;415;232052.73:443336.78:855658.44:99950.53
1694125469;WAOU1;416;231541.13:451367.97:859801.44:104077.48
1694129132;WAOU1;417;232710.67:447236.19:854411.31:98779.92
1694132794;WAOU1;418;238733.33:435071.69:854592.75:105017.95
1694136457;WAOU1;419;237030.34:442343.56:861180.94:105139.75
1694140119;WAOU1;420;237479.52:422778.44:842358.25:103871.77
1694143783;WAOU1;421;244841.42:448507.94:851697.88:106824.09
1694147445;WAOU1;422;241341.86:449804.50:842059.75:109147.73
1694151109;WAOU1;423;245011.61:445264.50:843127.69:111455.91
1694154771;WAOU1;424;248094.45:448021.84:833578.69:107028.26
1694158433;WAOU1;425;250034.89:459139.19:836670.31:106207.92
1694162095;WAOU1;426;248618.45:463928.19:859159.63:109313.43
1694165759;WAOU1;427;241777.70:464836.56:880242.50:108937.78
1694169421;WAOU1;428;243052.28:471907.47:905302.38:108621.73
1694173087;WAOU1;429;233418.19:456932.13:926342.94:105132.79
1694176749;WAOU1;430;232368.19:454039.66:946577.44:101188.18
1694180412;WAOU1;431;215764.70:450168.94:972964.56:97065.48
1694184074;WAOU1;432;211667.38:445699.97:996972.69:95588.03
1694187741;WAOU1;433;211483.28:433149.31:973409.88:92673.83
1694191403;WAOU1;434;217183.27:435787.94:960744.50:91337.52
1694195067;WAOU1;435;229781.61:439793.69:921319.69:96913.84
1694198731;WAOU1;436;236483.45:445726.41:912833.88:100295.38
1694202397;WAOU1;437;238412.91:439852.09:887419.13:101342.31
1694206058;WAOU1;438;244743.47:443081.28:886052.44:104624.96
1694209724;WAOU1;439;242083.25:458523.47:885295.13:112296.31
1694213386;WAOU1;440;246121.09:438738.72:878237.94:108206.07
1694217050;WAOU1;441;251212.70:445205.59:859227.38:108810.20
1694220712;WAOU1;442;251299.45:443624.88:867778.94:111348.16
1694224378;WAOU1;443;253929.34:440684.34:871309.25:114116.84
1694228037;WAOU1;444;255053.34:434404.44:871333.25:113073.10
1694231700;WAOU1;445;249989.45:442651.47:863986.81:124390.13
1694235362;WAOU1;446;255339.64:431784.69:862752.44:115888.05
1694239026;WAOU1;447;257066.36:434855.25:859119.19:115145.84
1694242688;WAOU1;448;258151.41:443223.25:850165.44:121969.95
1694246351;WAOU1;449;261563.28:454056.19:862240.75:121361.09
1694250013;WAOU1;450;257588.58:452733.44:884704.94:118218.65
1694253675;WAOU1;451;252872.97:459263.56:913019.75:111702.80
1694257337;WAOU1;452;252615.22:455670.19:929404.69:119346.30
1694261000;WAOU1;453;253017.89:454554.56:940910.06:110692.23
1694264662;WAOU1;454;231370.23:453272.19:974849.75:100370.55
1694268326;WAOU1;455;220316.63:449661.22:1023783.60:96185.20
1694271988;WAOU1;456;219255.89:431182.31:1024552.60:99823.90
1694275654;WAOU1;457;230932.98:441094.81:987796.00:98275.63
1694279316;WAOU1;458;235254.89:435198.09:961120.25:97919.10
1694282980;WAOU1;459;244057.44:437977.16:932848.31:101364.62
1694286642;WAOU1;460;252444.56:435555.22:904766.94:105007.22
1694290305;WAOU1;461;252276.98:431146.31:915314.69:108495.57
1694293967;WAOU1;462;257508.69:431315.91:888871.56:115284.63
1694297630;WAOU1;463;264675.16:445726.41:886987.75:112942.10
1694301292;WAOU1;464;264106.44:437031.50:888136.44:115855.36
1694304956;WAOU1;465;266128.66:435440.84:892307.81:118493.98
1694308618;WAOU1;466;271650.81:443470.75:879817.88:120856.45
1694312280;WAOU1;467;260441.41:448426.16:862959.06:119002.64
1694315942;WAOU1;468;268301.00:438237.03:874125.31:121317.20
1694319605;WAOU1;469;271422.91:440571.19:857328.50:120357.01
1694323264;WAOU1;470;271217.22:448608.03:860514.63:126244.77
1694326927;WAOU1;471;266819.19:464633.94:852716.75:127782.30
1694330589;WAOU1;472;279935.84:429926.84:855739.13:126125.45
1694334252;WAOU1;473;275710.94:440272.13:866212.56:127041.38
1694337914;WAOU1;474;275551.16:454428.88:890755.69:125201.26
1694341577;WAOU1;475;265122.91:454192.00:936073.69:120912.39
1694345239;WAOU1;476;263101.06:444136.47:955501.94:123230.13
1694348903;WAOU1;477;253652.83:447344.19:975375.88:118275.66
1694352565;WAOU1;478;239327.08:448193.31:1001520.80:106623.23
1694356231;WAOU1;479;239153.94:443557.97:1055459.00:102864.97
1694359893;WAOU1;480;245887.17:431256.09:1038513.60:100158.13
1694363560;WAOU1;481;246045.56:450123.84:1015643.90:95982.56
1694367222;WAOU1;482;262123.52:468257.53:976116.13:105792.74
1694370889;WAOU1;483;266580.56:424931.91:958455.19:111962.91
1694374551;WAOU1;484;270051.31:435645.38:942475.75:115797.41
1694378215;WAOU1;485;267591.72:436109.31:920202.06:117380.14
1694381877;WAOU1;486;272400.91:441910.09:911354.75:116495.72
1694385539;WAOU1;487;276353.56:444538.81:900145.00:122082.30
1694389201;WAOU1;488;279227.63:439375.91:901317.06:121653.78
1694392865;WAOU1;489;278682.28:445860.72:903976.94:126178.32
1694396527;WAOU1;490;285451.84:438275.38:877631.69:127411.13
1694400191;WAOU1;491;282706.31:450041.94:882635.63:123468.77
1694403853;WAOU1;492;282458.34:449317.56:871507.69:127305.03
1694407516;WAOU1;493;284889.97:447266.75:869480.81:129379.66
1694411178;WAOU1;494;284006.25:458736.84:859605.50:134008.64
1694414840;WAOU1;495;284699.03:461207.31:879431.31:134145.91
1694418502;WAOU1;496;283612.09:474888.81:871928.75:132600.70
1694422165;WAOU1;497;283202.22:477682.63:879248.31:126628.80
1694425827;WAOU1;498;285673.59:470103.34:906818.19:126223.88
1694429491;WAOU1;499;278515.41:465051.97:940888.00:127577.53
1694433153;WAOU1;500;275146.47:480265.09:962847.19:116685.49
1694436816;WAOU1;501;266451.19:460421.56:1002684.50:113737.89
1694440478;WAOU1;502;257708.48:460560.81:1043580.80:107432.59
1694444144;WAOU1;503;261922.17:458707.94:1062060.90:106585.23
1694447806;WAOU1;504;265550.84:450683.13:1048935.60:105770.31
1694451471;WAOU1;505;270060.75:446320.84:1016967.60:115195.29
1694455133;WAOU1;506;277927.78:444991.97:1005711.90:113653.63
1694458799;WAOU1;507;280686.31:451277.69:985997.56:113386.67
1694462461;WAOU1;508;290344.03:462351.84:946099.94:123536.16
1694466124;WAOU1;509;286261.94:456954.78:947574.13:124031.00
1694469786;WAOU1;510;289722.78:447976.88:946810.88:122121.36
1694473450;WAOU1;511;293015.34:447024.13:948145.19:128413.09
1694477112;WAOU1;512;292672.50:451792.84:933034.63:130200.59
1694480774;WAOU1;513;297756.22:452879.44:927202.81:133437.56
1694484436;WAOU1;514;295789.34:462810.22:905774.19:133523.59
1694488099;WAOU1;515;295417.34:451054.28:919899.44:138805.58
1694491761;WAOU1;516;298855.78:458415.72:905646.50:132350.73
1694495428;WAOU1;517;294827.03:462747.78:890029.31:137218.72
1694499090;WAOU1;518;299773.34:467644.44:886038.56:136536.69
1694502754;WAOU1;519;303699.31:477187.19:898685.75:143813.75
1694506416;WAOU1;520;304324.47:466562.81:894310.94:137079.45
1694510080;WAOU1;521;304638.72:468952.78:904547.19:135954.28
1694513742;WAOU1;522;305415.41:483788.84:945075.25:135644.02
1694517404;WAOU1;523;299484.34:470065.44:968137.06:131233.59
1694521066;WAOU1;524;298742.72:470812.97:992096.44:131562.63
1694524729;WAOU1;525;289865.09:469232.38:1020361.80:126436.78
1694528391;WAOU1;526;288444.88:471234.53:1088577.10:123496.97
1694532058;WAOU1;527;296830.00:464822.06:1061374.90:120851.50
1694535720;WAOU1;528;297027.94:453247.41:1071966.80:123308.50
1694539383;WAOU1;529;302268.34:457945.78:1023287.00:127338.31
1694543045;WAOU1;530;309062.59:465873.94:1004277.80:129067.98
1694546708;WAOU1;531;308626.19:463492.00:996563.63:129251.02
1694550370;WAOU1;532;309079.25:457593.97:976864.69:130252.63
1694554033;WAOU1;533;209407.47:453058.34:945729.88:128306.88
1694557695;WAOU1;534;181416.03:461677.38:928226.75:134454.16
1694561358;WAOU1;535;223813.95:496355.66:913163.00:134353.14
1694565020;WAOU1;536;233888.25:458728.72:939137.19:134818.83
1694568685;WAOU1;537;207024.47:458757.75:921785.00:141929.38
1694572347;WAOU1;538;193168.78:464017.88:905682.00:141501.80
1694576009;WAOU1;539;226580.03:449761.53:897355.31:146429.48
1694579671;WAOU1;540;246560.11:458548.50:902133.25:145752.66
1694583334;WAOU1;541;260021.63:467990.81:907692.44:142219.09
1694586996;WAOU1;542;275778.94:471637.44:900236.94:139175.67
1694590659;WAOU1;543;304749.66:473538.34:911087.31:141319.81
1694598046;WAOU1;544;313432.91:468610.28:926549.69:138961.59
1694601706;WAOU1;545;315188.28:465443.06:940214.56:140239.13
1694605371;WAOU1;546;315127.75:473504.47:933600.63:136850.03
1694609033;WAOU1;547;312693.66:468171.28:960864.75:134334.38
1694612699;WAOU1;548;316678.63:463825.88:953914.94:134903.81
1694616361;WAOU1;549;316040.03:469629.84:955786.13:135839.20
1694620024;WAOU1;550;245686.67:465763.13:508395.31:70727.70
1694623686;WAOU1;551;246134.55:465606.16:431355.94:77617.79
1694627349;WAOU1;552;268648.22:468058.09:435934.53:72752.29
1694631011;WAOU1;553;262309.16:470343.25:436830.50:76352.05
1694634674;WAOU1;554;270782.19:477142.59:458401.34:75753.94
1694638336;WAOU1;555;282087.53:490411.25:462729.03:79067.16
1694641999;WAOU1;556;292055.50:466883.47:467644.44:78838.09
1694645661;WAOU1;557;297131.06:477431.72:482391.88:80072.30
1694649326;WAOU1;558;292126.91:472855.50:480640.84:80061.09
1694652988;WAOU1;559;295657.16:459010.53:488366.84:78839.15
1694656651;WAOU1;560;288444.88:457829.91:497586.94:78287.89
1694660313;WAOU1;561;289973.44:466610.97:490181.72:81742.60
1694663975;WAOU1;562;289157.00:461350.69:487812.41:77478.29
1694667637;WAOU1;563;292669.19:483653.72:491400.72:79006.14
1694671300;WAOU1;564;294789.50:476420.31:513333.16:77014.84
1694674962;WAOU1;565;296013.09:494762.66:517542.47:80981.04
1694678625;WAOU1;566;298873.84:491075.81:517591.78:77782.19
1694682287;WAOU1;567;293026.66:487243.44:517672.63:79723.09
1694685950;WAOU1;568;287965.84:489995.84:511690.22:78188.75
1694689612;WAOU1;569;293848.06:484069.84:517008.44:76044.50
1694693276;WAOU1;570;286424.44:485220.75:539106.44:77857.59
1694696938;WAOU1;571;264734.16:482655.16:543591.44:71324.52
1694700601;WAOU1;572;257976.03:466286.41:658082.75:68838.02
1694704263;WAOU1;573;254735.05:475406.06:752519.75:70964.33
1694707930;WAOU1;574;252914.16:470956.25:740423.25:70703.16
1694711592;WAOU1;575;248289.77:465775.53:694104.56:68347.77
1694715256;WAOU1;576;255477.48:472652.75:617875.13:71039.86
1694718918;WAOU1;577;256937.36:465899.19:568889.50:74572.12
1694722584;WAOU1;578;261897.39:463254.31:504109.28:72721.02
1694726246;WAOU1;579;267927.47:473773.06:481106.44:73948.04
1694729909;WAOU1;580;265664.50:478800.13:485377.59:76331.87
1694733571;WAOU1;581;266418.41:477208.56:476887.53:74159.41
1694737234;WAOU1;582;264768.41:460824.81:483199.22:80713.85
1694740896;WAOU1;583;279106.66:485257.22:472481.63:76924.91
1694744559;WAOU1;584;272685.81:477697.50:492571.78:77110.43
1694748221;WAOU1;585;269800.53:479089.97:495954.41:78240.45
1694751884;WAOU1;586;276112.91:475747.63:504184.09:77848.63
1694755546;WAOU1;587;274732.59:482665.78:508557.34:77856.41
1694759210;WAOU1;588;282314.59:481880.38:514945.97:78738.83
1694762872;WAOU1;589;281190.25:491223.09:520683.84:78033.20
1694766535;WAOU1;590;281156.72:490618.97:531568.94:76544.18
1694770197;WAOU1;591;281712.25:488997.19:534535.06:78183.09
1694773861;WAOU1;592;271886.59:483735.25:535747.81:77712.32
1694777524;WAOU1;593;264560.09:484917.78:556742.69:76293.75
1694781189;WAOU1;594;262849.91:475974.44:566974.69:75320.11
1694784851;WAOU1;595;236598.05:466479.03:628996.94:72936.40
1694788518;WAOU1;596;234194.50:480401.63:784404.94:68967.48
1694792180;WAOU1;597;228712.95:459018.81:757794.56:68919.80
1694795843;WAOU1;598;236433.06:448246.44:764923.75:70728.77
1694799505;WAOU1;599;237940.84:455845.56:700895.06:73552.56
1694803168;WAOU1;600;240693.83:457376.72:666807.44:74633.60
1694806830;WAOU1;601;247376.08:466596.34:631327.00:74225.27
1694810494;WAOU1;602;249400.67:462818.59:559449.88:74811.57
1694814156;WAOU1;603;254371.08:464705.00:536571.06:73669.76
1694817822;WAOU1;604;255531.06:455738.28:542445.06:76515.98
1694821484;WAOU1;605;257502.67:461373.72:513061.00:77414.09
1694825147;WAOU1;606;260101.88:460477.72:501468.88:76529.43
1694828809;WAOU1;607;265065.44:462558.13:496216.06:77857.59
1694832474;WAOU1;608;263985.34:467938.41:498850.91:78681.24
1694836136;WAOU1;609;266783.31:471966.59:497416.53:78760.20
1694839798;WAOU1;610;271190.53:468309.94:501754.47:80299.61
1694843461;WAOU1;611;270664.53:470600.31:505196.69:78432.10
1694847124;WAOU1;612;266714.63:479124.09:512138.09:77690.95
1694850786;WAOU1;613;265929.09:475647.91:511959.78:77123.88
1694854448;WAOU1;614;264752.81:473016.13:525680.25:76845.13
1694858110;WAOU1;615;263105.66:476358.72:529409.56:74530.57
1694861773;WAOU1;616;261965.48:477210.56:539935.63:76013.11
1694865435;WAOU1;617;256252.98:473235.97:558083.13:74424.48
1694869098;WAOU1;618;266719.34:466062.41:607051.06:73265.55
1694872760;WAOU1;619;248117.23:470612.94:675975.69:72847.18
1694876424;WAOU1;620;247459.17:466250.78:710405.31:70306.74
1694880086;WAOU1;621;241394.27:456202.69:755448.13:72776.84
1694883749;WAOU1;622;241102.28:460762.50:720517.44:69638.88
1694887411;WAOU1;623;244754.09:445748.81:681825.13:72589.55
1694891074;WAOU1;624;247150.78:458975.25:673256.13:71565.87
1694894736;WAOU1;625;253756.69:462906.16:627703.94:75390.68
1694898399;WAOU1;626;250782.30:470800.47:586398.75:74523.97
1694902061;WAOU1;627;251462.19:461558.75:571266.13:75195.72
1694905724;WAOU1;628;258548.42:473709.59:571340.81:77811.34
1694909386;WAOU1;629;261246.28:466466.50:558961.69:76099.49
1694913049;WAOU1;630;263642.28:462795.59:560515.00:76006.38
1694916711;WAOU1;631;262378.91:466460.13:561056.38:76363.27
1694920376;WAOU1;632;268038.41:459832.06:534925.19:76062.44
1694924039;WAOU1;633;265631.81:468022.34:530116.38:75725.85
1694927704;WAOU1;634;269161.47:469358.53:518177.63:77575.06
1694931367;WAOU1;635;272040.72:473728.69:530682.50:75765.15
1694935030;WAOU1;636;275160.63:466263.28:517623.19:77263.38
1694938692;WAOU1;637;264989.22:473402.97:533450.50:78034.38
1694942355;WAOU1;638;269765.94:464475.22:547432.81:77495.16
1694946017;WAOU1;639;260057.03:464895.13:597615.38:74113.50
1694949680;WAOU1;640;254868.17:466175.38:654067.00:71029.95
1694953342;WAOU1;641;247670.89:472405.59:717334.00:72192.77
1694957004;WAOU1;642;243125.81:468154.50:750229.44:70940.96
1694960666;WAOU1;643;232427.31:454602.00:802890.81:66666.02
1694964329;WAOU1;644;230109.34:450242.69:819797.63:68477.12
1694967991;WAOU1;645;228977.08:456297.78:794987.94:72714.41
1694971656;WAOU1;646;236906.89:450629.91:769093.63:71466.97
1694975318;WAOU1;647;233215.78:448005.44:741068.00:70423.34
1694978980;WAOU1;648;245335.56:456341.09:719319.31:70289.04
1694982642;WAOU1;649;245971.67:459686.78:696558.50:72977.59
1694986305;WAOU1;650;251707.31:446512.41:669269.63:77094.73
1694989967;WAOU1;651;246080.25:462645.72:655656.56:75609.25
1694993630;WAOU1;652;252542.05:449164.13:639387.19:75208.11
1694997292;WAOU1;653;257144.59:462620.69:621395.25:78070.50
1695000955;WAOU1;654;260128.08:461883.44:608417.38:78063.66
1695004617;WAOU1;655;254118.88:471028.13:593655.63:75849.30
1695008280;WAOU1;656;225060.56:472331.63:454391.81:78610.20
1695011942;WAOU1;657;241617.31:456419.59:467506.13:82438.31
1695015606;WAOU1;658;232647.06:467825.00:502301.84:77605.52
1695019268;WAOU1;659;250375.02:485147.81:520713.13:81045.59
1695022931;WAOU1;660;257642.39:486085.09:536002.94:80487.49
1695026594;WAOU1;661;260773.39:481653.66:522983.53:78886.59
1695030256;WAOU1;662;265364.03:478519.03:544360.44:81275.61
1695033918;WAOU1;663;267596.44:478951.44:558639.50:78166.21
1695037582;WAOU1;664;264303.75:499341.38:565649.81:78450.16
1695041244;WAOU1;665;267109.25:485282.94:574964.69:79571.80
1695044906;WAOU1;666;250846.27:471426.41:602673.44:75064.72
1695048567;WAOU1;667;242852.72:469057.94:776401.88:73050.16
1695052232;WAOU1;668;242888.72:485523.69:775668.88:74885.57
1695055894;WAOU1;669;250749.02:451585.38:739912.00:76766.53
1695059558;WAOU1;670;251903.69:470935.34:697221.75:77384.82
1695063220;WAOU1;671;254375.69:467598.41:649619.38:75939.11
1695066882;WAOU1;672;261102.55:483731.00:601182.19:79747.88
1695070544;WAOU1;673;266273.59:486610.16:567369.69:83928.05
1695074208;WAOU1;674;270415.16:466481.25:556168.88:78670.02
1695077870;WAOU1;675;268222.88:495893.28:533111.31:79456.49
1695081533;WAOU1;676;273451.41:477825.06:531667.25:82258.93
1695085195;WAOU1;677;278258.00:456043.81:525750.56:82591.62
1695088857;WAOU1;678;278315.22:477068.22:540617.75:85162.86
1695092519;WAOU1;679;271842.59:469768.63:541828.63:82223.76
1695096182;WAOU1;680;285736.28:473202.09:541886.44:86635.01
1695099844;WAOU1;681;277362.97:483752.38:547941.81:85657.23
1695103508;WAOU1;682;284849.84:487743.47:537734.00:84157.00
1695107170;WAOU1;683;283810.81:478729.91:558540.25:82725.80
1695110833;WAOU1;684;286879.75:483640.84:553934.38:84205.98
1695114495;WAOU1;685;283850.84:488429.41:562128.44:82393.95
1695118158;WAOU1;686;282994.25:480890.69:571478.19:84574.20
1695121820;WAOU1;687;277900.75:480882.19:571781.50:83025.80
1695125483;WAOU1;688;281509.50:477346.63:620042.75:83632.06
1695129145;WAOU1;689;275193.91:478553.13:628213.19:80167.31
1695132809;WAOU1;690;268154.06:478320.88:745901.50:76915.94
1695136471;WAOU1;691;259440.16:470366.38:807840.00:74313.66
1695140134;WAOU1;692;264365.84:473980.44:792923.31:78499.73
1695143796;WAOU1;693;266095.84:459711.69:751105.94:77253.23
1695147459;WAOU1;694;270885.81:474821.06:724684.94:81664.36
1695151121;WAOU1;695;274263.72:464414.53:668125.81:80882.49
1695154784;WAOU1;696;274547.78:480397.38:633799.06:81316.33
1695158446;WAOU1;697;284238.63:476947.03:609252.81:83770.85
1695162109;WAOU1;698;282456.81:483299.91:582895.19:83029.11
1695165771;WAOU1;699;293236.50:470629.81:561049.13:84826.16
1695169435;WAOU1;700;289355.75:475681.75:556095.75:84947.01
1695173097;WAOU1;701;294077.63:474308.63:549239.06:90374.50
1695176759;WAOU1;702;295476.00:479695.41:547981.44:83750.43
1695180421;WAOU1;703;295910.19:475927.94:560766.50:83004.21
1695184085;WAOU1;704;294225.84:479836.09:558182.63:84541.03
1695187747;WAOU1;705;299985.31:482796.56:573998.00:87364.47
1695191411;WAOU1;706;298365.53:491814.84:564300.88:83121.28
1695195073;WAOU1;707;306061.91:490935.03:571988.50:84374.63
1695198735;WAOU1;708;307275.47:494064.38:566037.00:84054.56
1695202398;WAOU1;709;303643.25:497669.91:558253.69:84144.49
1695206061;WAOU1;710;294237.16:480937.66:576429.06:83873.41
1695209723;WAOU1;711;296759.66:481696.50:622110.88:83833.52
1695213386;WAOU1;712;286623.88:483480.00:666693.69:74000.56
1695217048;WAOU1;713;269563.91:474160.41:777345.06:75783.09
1695220714;WAOU1;714;266356.09:473371.34:870926.19:76213.97
1695224376;WAOU1;715;263080.88:462597.66:859801.44:77134.15
1695228040;WAOU1;716;265908.91:464262.06:848849.06:78099.65
1695231702;WAOU1;717;271569.13:460477.72:790631.88:79350.40
1695235368;WAOU1;718;273375.75:472249.34:768189.75:82073.88
1695239031;WAOU1;719;280943.00:468801.47:731695.31:79968.34
1695242697;WAOU1;720;283939.00:470162.22:660599.63:81039.93
1695246356;WAOU1;721;285278.38:475204.75:666563.63:79493.79
1695250018;WAOU1;722;278529.66:476411.81:679138.81:77746.19
1695253680;WAOU1;723;283841.16:474655.84:672333.44:80286.16
1695257344;WAOU1;724;286099.53:467904.78:674754.56:80740.99
1695261006;WAOU1;725;284609.09:470617.19:691671.75:81522.62
1695264669;WAOU1;726;288682.09:465286.09:677783.75:84174.11
1695268331;WAOU1;727;293927.84:459807.16:677116.56:82379.19
1695272000;WAOU1;728;288099.69:466106.31:663512.88:81788.04
1695275660;WAOU1;729;288803.31:472980.22:669432.75:83009.88
1695279323;WAOU1;730;292539.25:486911.69:678041.81:85061.13
1695282985;WAOU1;731;294028.75:474272.63:673392.81:82550.79
1695286648;WAOU1;732;295844.91:470924.63:716433.44:80370.89
1695290311;WAOU1;733;300688.94:490266.22:710317.06:82880.29
1695293974;WAOU1;734;291667.69:487042.94:745580.13:83255.47
1695297636;WAOU1;735;291377.38:477757.09:752624.81:81018.34
1695301299;WAOU1;736;286089.84:478080.59:795148.31:81963.89
1695304961;WAOU1;737;284557.75:473098.59:813542.00:78674.52
1695308625;WAOU1;738;286006.28:464297.72:819312.69:83267.98
1695312287;WAOU1;739;287783.63:475136.88:798824.88:81413.81
1695315949;WAOU1;740;290149.75:472242.97:717990.31:84084.06
1695319611;WAOU1;741;299886.66:473018.13:417792.22:21374.33
1695323274;WAOU1;742;288193.16:480636.47:440557.00:12700.89
1695326936;WAOU1;743;291854.28:475467.69:457591.84:16836.69
1695330599;WAOU1;744;290860.47:485846.34:444333.44:14867.69
1695334261;WAOU1;745;297610.47:488381.94:462210.47:16551.56
1695337924;WAOU1;746;308591.25:479853.09:461084.56:16391.53
1695341586;WAOU1;747;317103.47:483555.03:482950.69:16559.58
1695345250;WAOU1;748;314467.09:475382.81:493357.91:16246.48
1695348912;WAOU1;749;305148.69:473921.19:489219.75:18189.75
1695352575;WAOU1;750;311961.69:481651.66:498752.47:17176.22
1695356237;WAOU1;751;310144.94:473891.69:534062.50:17881.85
1695359900;WAOU1;752;313936.38:492281.00:525675.75:17725.36
1695363562;WAOU1;753;302969.38:489440.22:541388.44:17894.83
1695367225;WAOU1;754;312792.44:497080.16:552142.88:18488.93
1695370887;WAOU1;755;318356.59:490694.72:539623.69:29048.40
1695374551;WAOU1;756;316821.88:491329.31:556586.81:18032.20
1695378213;WAOU1;757;307533.09:509646.88:551783.75:19680.31
1695381875;WAOU1;758;314835.19:482668.16:547941.81:19193.37
1695385537;WAOU1;759;307912.19:497549.75:564792.44:19834.32
1695389202;WAOU1;760;304253.28:479390.47:552495.25:18058.40
1695392864;WAOU1;761;306833.63:491790.88:569014.25:19737.67
1695396526;WAOU1;762;308516.31:490861.50:566288.06:19485.11
1695400189;WAOU1;763;309231.03:484694.50:558303.50:19117.02
1695403851;WAOU1;764;310545.63:490467.31:511576.81:20547.74
1695407510;WAOU1;765;319178.44:487441.59:524488.00:20411.78
1695411172;WAOU1;766;311265.88:494146.97:526765.25:21101.71
1695414834;WAOU1;767;317436.03:493433.91:538508.81:20548.80
1695418497;WAOU1;768;315977.59:505048.81:529338.88:21255.13
1695422159;WAOU1;769;318970.38:487659.44:545223.50:20694.08
1695425823;WAOU1;770;324120.06:490088.84:542530.94:20820.12
1695429485;WAOU1;771;323053.56:478487.03:528439.13:21912.84
1695433148;WAOU1;772;326645.03:494501.50:545584.19:21003.76
1695436807;WAOU1;773;327979.81:490854.88:532385.50:20492.39
1695440469;WAOU1;774;325017.59:487023.56:541363.06:21151.16
1695444131;WAOU1;775;331172.66:496578.00:540455.88:21280.39
1695447794;WAOU1;776;318736.94:476588.13:537199.50:21384.48
1695451456;WAOU1;777;318819.81:494275.25:539334.94:21364.18
1695455120;WAOU1;778;327390.09:499930.75:544395.25:21152.10
1695458782;WAOU1;779;327018.34:502328.16:537475.94:20000.61
1695462445;WAOU1;780;328965.16:494096.94:543350.00:21578.38
1695466107;WAOU1;781;321241.41:510871.44:533127.31:21253.13
1695469771;WAOU1;782;320250.53:497115.09:536552.69:21145.02
1695473433;WAOU1;783;317677.41:491420.19:530785.31:20827.20
1695477095;WAOU1;784;310702.56:481516.88:511385.28:19940.19
1695484473;WAOU1;785;303758.91:483782.22:528363.94:18833.54
1695488135;WAOU1;786;312196.09:476968.38:517416.78:21092.51
1695491799;WAOU1;787;313513.50:488343.00:529772.00:21871.42
1695499184;WAOU1;788;314028.78:484958.50:534727.88:21580.39
1695502847;WAOU1;789;318806.22:492333.06:534165.75:22174.84
1695506513;WAOU1;790;318851.91:487549.56:554593.75:22080.78
1695510175;WAOU1;791;324515.78:501532.50:543150.31:22041.36
1695513838;WAOU1;792;320379.41:490742.28:548467.31:21819.85
1695517501;WAOU1;793;328175.38:493559.97:560560.00:22459.14
1695521163;WAOU1;794;329898.44:484679.41:560790.31:23333.42
1695524825;WAOU1;795;331776.19:492424.28:557522.56:21141.01
1695528488;WAOU1;796;331562.34:484569.88:568232.38:22119.14
1695532150;WAOU1;797;334401.72:492339.53:569127.19:21729.92
1695535813;WAOU1;798;332502.84:472849.22:572745.50:24563.75
1695539476;WAOU1;799;334822.69:481610.94:559729.63:22646.44
1695543138;WAOU1;800;335571.75:486027.03:575482.31:22168.82
1695546800;WAOU1;801;327270.19:501089.09:578814.25:21594.55
1695550464;WAOU1;802;324657.41:480751.91:565212.56:20359.26
1695554126;WAOU1;803;328273.34:485106.84:558324.75:23245.14
1695557789;WAOU1;804;321925.78:493344.81:543433.69:21119.88
1695561451;WAOU1;805;304132.56:484754.56:537722.44:20687.00
1695565115;WAOU1;806;299397.25:483514.34:535134.25:18786.33
1695568777;WAOU1;807;292696.94:480760.41:585785.69:18309.19
1695572443;WAOU1;808;294910.09:471135.38:625727.06:18234.96
1695576106;WAOU1;809;302636.09:479415.94:605350.56:17834.64
1695579768;WAOU1;810;304438.47:479377.59:568357.13:19015.40
1695583430;WAOU1;811;305435.22:476067.91:549767.88:19772.96
1695587093;WAOU1;812;306533.16:473134.47:532685.25:19667.33
1695590752;WAOU1;813;314806.50:480412.38:546707.25:21207.69
1695594414;WAOU1;814;318295.69:479388.34:525093.06:21861.39
1695598073;WAOU1;815;320016.72:497645.94:560078.31:21499.55
1695601736;WAOU1;816;318897.56:493492.56:541810.13:21631.96
1695605398;WAOU1;817;331560.59:497226.50:544142.00:23126.65
1695609061;WAOU1;818;319769.47:490935.03:549573.50:22511.78
1695612723;WAOU1;819;324048.44:490647.06:547192.38:22935.11
1695616386;WAOU1;820;322920.78:476962.03:558277.38:22190.06
1695620048;WAOU1;821;333128.22:495021.84:572275.31:21976.57
1695623711;WAOU1;822;336007.47:492272.38:576186.88:23645.81
1695627373;WAOU1;823;340341.06:486907.31:582690.19:23304.03
1695631037;WAOU1;824;330909.00:500229.00:591743.75:21590.54
1695634696;WAOU1;825;330838.44:486614.53:591368.38:21450.10
1695638358;WAOU1;826;327892.38:492472.06:588218.94:22570.55
1695642020;WAOU1;827;333546.69:491448.38:591805.50:21744.08
1695645683;WAOU1;828;322908.84:510920.28:592517.38:19530.43
1695649345;WAOU1;829;307913.94:490876.59:589609.88:20640.50
1695653009;WAOU1;830;307493.22:484265.03:682777.88:20285.62
1695656671;WAOU1;831;295479.31:475745.50:785462.63:20315.95
1695660337;WAOU1;832;298998.47:471660.56:779701.25:19571.62
1695663999;WAOU1;833;307356.91:473995.31:709193.06:20122.52
1695667662;WAOU1;834;313743.28:480380.28:656004.25:21188.45
1695671324;WAOU1;835;310980.03:488634.38:585341.81:19300.06
1695674988;WAOU1;836;316163.00:482171.41:554664.31:21861.39
1695678650;WAOU1;837;313946.50:491455.00:550655.63:21550.06
1695682313;WAOU1;838;327873.50:487907.28:545824.13:21919.92
1695685975;WAOU1;839;327482.63:493266.56:551814.31:22414.65
1695689638;WAOU1;840;335299.47:485970.97:548320.19:22773.07
1695693300;WAOU1;841;315556.75:483683.81:547010.44:24343.29
1695696963;WAOU1;842;327181.09:482297.56:560327.38:21783.50
1695700626;WAOU1;843;326556.06:484228.56:559710.63:23298.96
1695704288;WAOU1;844;322117.91:476108.16:569628.88:23754.38
1695707950;WAOU1;845;334810.66:485534.56:582912.56:23673.19
1695711613;WAOU1;846;339333.56:473176.72:574442.44:24611.54
1695715276;WAOU1;847;337465.69:490705.59:586239.31:24444.90
1695718939;WAOU1;848;337300.34:498945.09:591667.19:25043.72
1695722602;WAOU1;849;333993.16:484522.66:587088.56:24149.27
1695726264;WAOU1;850;331170.88:496150.56:595083.31:23328.34
1695729926;WAOU1;851;321399.19:495869.31:599289.56:23473.38
1695733589;WAOU1;852;310877.94:494031.66:628430.38:20997.74
1695737281;WAOU1;853;302739.97:484662.16:760105.00:21022.88
1695740944;WAOU1;854;296226.94:482668.16:834725.50:20841.25
1695744606;WAOU1;855;298921.41:473356.34:820732.88:20343.21
1695748270;WAOU1;856;306401.91:478076.22:775447.31:20682.99
1695751932;WAOU1;857;315715.00:493142.88:706781.75:21932.08
1695755594;WAOU1;858;314178.19:473677.94:670752.50:22247.66
1695759256;WAOU1;859;319036.38:483473.72:605428.44:21546.04
1695762920;WAOU1;860;319244.44:483977.56:566895.75:23959.38
1695766582;WAOU1;861;318143.56:481497.66:569422.50:24078.22
1695770245;WAOU1;862;321840.91:481959.56:568213.13:24170.51
1695773907;WAOU1;863;324271.84:484576.38:570311.25:24224.45
1695777570;WAOU1;864;322213.16:484035.50:549409.81:23890.34
1695781232;WAOU1;865;316879.25:480339.66:543103.94:24988.84
1695784895;WAOU1;866;328252.69:477442.22:553574.44:25946.91
1695788557;WAOU1;867;324672.88:482158.56:561995.19:25395.88
1695792220;WAOU1;868;325357.47:490374.31:559314.75:25696.12
1695795883;WAOU1;869;332708.41:487855.59:574539.25:25306.31
1695799546;WAOU1;870;336994.34:490896.06:574710.81:25778.73
1695803208;WAOU1;871;326994.38:478201.78:594872.50:25931.56
1695806871;WAOU1;872;329963.94:494357.88:587501.31:25504.81
1695810533;WAOU1;873;328589.03:497844.69:595473.00:25587.31
1695814196;WAOU1;874;327566.66:497482.03:603227.44:23703.52
1695817858;WAOU1;875;322794.75:488019.53:625850.75:22980.66
1695821521;WAOU1;876;309691.16:475238.63:685828.13:21571.30
1695825183;WAOU1;877;302707.03:487607.63:841400.63:19821.34
1695828846;WAOU1;878;300725.06:470518.03:825341.69:22125.27
1695832509;WAOU1;879;307644.50:482066.50:823888.19:22622.13
1695836173;WAOU1;880;316019.84:475037.28:769497.00:21943.29
1695839835;WAOU1;881;317206.50:474759.59:733048.50:23606.15
1695843497;WAOU1;882;315582.13:482496.66:698667.56:24202.02
1695847281;WAOU1;883;314841.91:479974.75:658313.63:24852.42
1695850942;WAOU1;884;309866.31:477025.75:620255.06:23490.62
1695854604;WAOU1;885;311125.31:477144.72:607003.25:23643.80
1695858268;WAOU1;886;315577.03:474471.63:599361.75:24995.81
1695861930;WAOU1;887;309919.66:482402.59:588580.56:24250.76
1695865594;WAOU1;888;325036.34:476828.06:565432.31:24716.22
1695869256;WAOU1;889;308771.09:475826.09:580341.75:25859.22
1695872918;WAOU1;890;326715.28:480963.28:580811.94:25192.30
1695876580;WAOU1;891;323230.56:477533.81:551992.75:28125.27
1695880243;WAOU1;892;324031.31:485564.66:559473.50:24869.76
1695883905;WAOU1;893;323423.06:481972.31:567599.69:26208.79
1695887568;WAOU1;894;326106.19:485680.66:576177.19:25752.18
1695891231;WAOU1;895;331260.59:488075.47:580431.94:26281.25
1695894894;WAOU1;896;329021.78:494373.22:591877.25:27204.97
1695898556;WAOU1;897;327566.66:487926.63:622331.69:25082.43
1695902218;WAOU1;898;324729.03:481803.44:643352.44:27376.69
1695905880;WAOU1;899;315903.47:480051.59:712117.19:25994.82
1695909544;WAOU1;900;308010.38:483657.97:805968.56:23704.70
1695913206;WAOU1;901;305645.78:470990.00:861573.69:24117.76
1695916870;WAOU1;902;305223.16:463414.81:824707.25:23785.89
1695920532;WAOU1;903;305274.63:458072.06:795494.44:22536.09
1695924194;WAOU1;904;315270.66:465135.63:758974.63:25511.89
1695927856;WAOU1;905;316060.19:463698.66:738067.06:24279.21
1695931520;WAOU1;906;315587.06:465796.53:699259.19:26640.38
1695935182;WAOU1;907;310158.28:467197.88:653754.94:26518.94
1695938845;WAOU1;908;316708.94:466265.41:607350.94:25276.80
1695942507;WAOU1;909;319268.16:473472.72:585481.69:25412.17
1695946169;WAOU1;910;318332.84:468058.09:573442.63:25784.87
1695949831;WAOU1;911;319749.06:471652.06:580259.06:26857.76
1695953495;WAOU1;912;319066.81:471618.44:566479.50:27194.82
1695957157;WAOU1;913;321953.03:481630.06:541587.75:26726.06
1695960820;WAOU1;914;321621.75:473360.72:542048.75:27279.68
1695964482;WAOU1;915;331993.47:476581.75:545526.13:27336.91
1695968145;WAOU1;916;328043.31:501914.97:559438.00:26611.82
1695971808;WAOU1;917;324408.28:490631.94:555001.38:27042.70
1695975471;WAOU1;918;325155.91:492508.91:571003.88:28896.63
1695979133;WAOU1;919;324055.28:490584.38:588602.75:28366.97
1695982796;WAOU1;920;319210.56:494582.09:616678.81:28617.99
1695986458;WAOU1;921;317864.81:490170.97:664817.88:27732.39
1695990122;WAOU1;922;315349.75:477733.72:743663.75:27300.09
1695993791;WAOU1;923;311187.28:475361.59:760356.13:25763.51
1695997454;WAOU1;924;305856.31:488282.69:815374.69:28274.80
1696001112;WAOU1;925;312588.03:474107.53:814904.88:28500.09
1696004775;WAOU1;926;315322.84:477469.97:807967.44:28416.06
1696008437;WAOU1;927;317424.25:485493.59:783652.94:26946.63
1696012100;WAOU1;928;314169.81:460939.06:761875.94:27269.41
1696015762;WAOU1;929;323922.38:485128.34:738111.19:29809.73
1696019425;WAOU1;930;319337.53:486717.78:714408.81:27338.92
1696023087;WAOU1;931;317797.31:476055.16:663888.25:27339.86
1696026750;WAOU1;932;328074.25:471392.78:613153.88:28486.76
1696030412;WAOU1;933;326402.16:472642.13:584903.50:28645.49
1696034075;WAOU1;934;328014.16:483482.22:599978.19:30193.99
1696037737;WAOU1;935;330877.97:469484.69:601599.75:31019.76
1696041400;WAOU1;936;331108.94:471569.94:587393.19:30148.79
1696045063;WAOU1;937;326460.22:481014.50:564224.63:30928.18
1696048726;WAOU1;938;327205.03:471318.91:560277.69:29022.67
1696052389;WAOU1;939;331669.16:479546.00:568640.00:29928.93
1696056052;WAOU1;940;326006.94:472995.09:555404.50:30655.56
1696059714;WAOU1;941;340998.41:487245.56:564129.06:31178.37
1696063376;WAOU1;942;329126.59:487596.78:573401.63:31219.56
1696067039;WAOU1;943;329931.25:486909.56:586509.25:31586.36
1696070702;WAOU1;944;324596.03:491725.97:596747.25:30937.50
1696074364;WAOU1;945;321434.81:487432.97:645100.75:29200.17
1696078027;WAOU1;946;323419.63:476017.06:697907.69:29930.93
1696081689;WAOU1;947;311451.41:470971.09:793221.56:28722.44
1696085352;WAOU1;948;313367.53:475630.91:844588.63:27505.44
1696089014;WAOU1;949;310011.47:463018.63:839696.63:26934.36
1696092677;WAOU1;950;310031.41:459744.84:814274.63:27403.24
1696096339;WAOU1;951;310906.50:471647.81:765112.31:30544.50
1696100002;WAOU1;952;315659.41:454459.78:735155.81:28247.18
1696103664;WAOU1;953;322919.00:465767.13:661382.75:30142.54
1696107328;WAOU1;954;325490.72:463437.72:616867.50:31753.23
1696110990;WAOU1;955;333562.28:473766.81:596988.44:32830.50
1696114652;WAOU1;956;326484.31:477268.03:596200.56:32607.44
1696118314;WAOU1;957;332777.47:484726.59:560965.94:32457.80
1696121978;WAOU1;958;330147.91:475953.31:554520.69:35870.38
1696125640;WAOU1;959;333868.53:483780.22:559452.25:33201.54
1696129302;WAOU1;960;329350.00:469781.38:558760.31:33653.43
1696132961;WAOU1;961;331738.19:470012.81:570989.63:31991.39
1696136624;WAOU1;962;335002.91:470945.84:566034.56:31850.13
1696140286;WAOU1;963;338219.47:474908.03:568848.81:33461.06
1696143949;WAOU1;964;336361.63:466066.56:572706.88:35492.25
1696147608;WAOU1;965;338679.50:468469.63:576904.06:33205.67
1696151270;WAOU1;966;336365.19:478991.78:584364.88:33660.75
1696154932;WAOU1;967;336389.50:492063.97:593202.69:34775.18
1696158596;WAOU1;968;336189.69:486252.91:613950.94:33714.56
1696162258;WAOU1;969;322153.56:484453.97:645697.56:32410.36
1696165921;WAOU1;970;315792.41:477342.38:714925.50:28737.78
1696169583;WAOU1;971;314075.75:481371.50:872418.31:27764.13
1696173246;WAOU1;972;309232.66:477676.25:910851.75:27453.28
1696176908;WAOU1;973;308917.69:460768.63:878375.94:29876.53
1696180571;WAOU1;974;318292.25:471571.94:823917.38:31448.16
1696184233;WAOU1;975;317716.22:480382.38:795035.13:30943.64
1696187896;WAOU1;976;319515.28:459524.84:757140.13:32697.37
1696191558;WAOU1;977;321107.22:480109.31:706779.00:30794.46
1696195221;WAOU1;978;322060.09:474251.41:649866.44:34412.52
1696198883;WAOU1;979;319732.06:466066.56:614922.13:30930.30
1696202547;WAOU1;980;325524.81:489997.97:597809.38:35958.66
1696206209;WAOU1;981;332212.75:465196.19:599778.50:33217.12
1696209872;WAOU1;982;340498.25:475722.13:586774.44:35652.17
1696213534;WAOU1;983;333048.78:479475.66:572897.38:33472.51
1696217197;WAOU1;984;332901.84:469916.03:583616.25:34840.57
1696220859;WAOU1;985;336342.53:466089.56:586970.69:35904.61
1696224522;WAOU1;986;337787.63:478836.38:581087.31:36222.78
1696228184;WAOU1;987;337164.75:482680.91:584240.00:35170.42
1696231847;WAOU1;988;343207.81:483299.91:592777.13:36352.72
1696235510;WAOU1;989;347798.91:489788.25:594106.56:37437.65
1696239173;WAOU1;990;346337.41:500742.13:606698.56:34490.17
1696242835;WAOU1;991;338290.88:503349.13:616620.13:35662.55
1696246499;WAOU1;992;334173.13:494227.47:664255.69:34254.96
1696250161;WAOU1;993;328777.97:496530.22:743607.50:31977.00
1696253823;WAOU1;994;322731.84:479136.72:835021.25:33187.14
1696257485;WAOU1;995;320286.16:482177.91:915454.44:30898.44
1696261152;WAOU1;996;312465.75:473589.09:895710.88:30103.59
1696264814;WAOU1;997;315736.84:459977.34:883730.25:31157.84
1696268477;WAOU1;998;322582.19:475162.38:848638.75:33812.87
1696272139;WAOU1;999;326842.03:472369.72:825754.88:33017.55
1696275802;WAOU1;1000;329018.38:476983.16:797117.19:34922.59
1696279464;WAOU1;1001;327854.72:469493.06:760244.25:35108.11
1696283127;WAOU1;1002;327412.41:475018.28:739318.13:37704.61
1696286789;WAOU1;1003;326006.94:463291.72:755754.88:35616.88
1696290452;WAOU1;1004;327654.09:462826.97:686482.81:34848.95
1696294114;WAOU1;1005;330142.72:476639.13:664458.31:36020.03
1696297778;WAOU1;1006;337457.06:475132.63:700197.94:36396.39
1696301440;WAOU1;1007;324159.25:476292.97:740195.69:36216.53
1696305103;WAOU1;1008;331531.31:474369.88:703289.50:37845.40
1696308765;WAOU1;1009;327726.09:478410.44:679347.94:38162.63
1696312429;WAOU1;1010;333792.41:488028.13:692099.00:35864.13
1696316091;WAOU1;1011;333558.84:490820.31:726440.25:38311.92
1696319753;WAOU1;1012;341808.84:499538.59:738096.56:35388.40
1696323415;WAOU1;1013;328700.66:496013.19:756335.88:36145.84
1696327078;WAOU1;1014;336483.31:490504.13:801061.44:38453.90
1696330740;WAOU1;1015;332086.69:484114.81:829029.25:35699.02
1696334404;WAOU1;1016;329241.78:484228.56:839782.50:38281.71
1696338066;WAOU1;1017;332734.25:482760.09:845652.81:38407.99
1696341730;WAOU1;1018;325026.09:488999.53:829055.38:37539.86
1696345391;WAOU1;1019;331179.50:483336.59:834219.31:39565.38
1696349054;WAOU1;1020;332869.03:476284.47:836054.50:38116.72
1696352716;WAOU1;1021;328240.63:488172.72:811700.44:36379.75
1696356379;WAOU1;1022;330822.84:485446.38:782383.31:39482.65
1696360041;WAOU1;1023;336954.19:481427.09:768922.50:39405.12
1696363705;WAOU1;1024;341246.84:492877.81:728134.56:37431.52
1696367367;WAOU1;1025;339782.00:489656.31:680047.06:39878.25
1696371029;WAOU1;1026;336285.28:484198.59:642596.81:39478.41
1696374691;WAOU1;1027;332191.97:477889.03:648545.06:39788.32
1696378356;WAOU1;1028;333845.97:491836.31:627548.75:41829.90
1696382018;WAOU1;1029;340592.69:506352.06:603500.50:40033.32
1696385680;WAOU1;1030;340251.84:492786.72:585300.25:43579.03
1696389343;WAOU1;1031;334682.38:495668.81:597199.94:42257.95
1696393005;WAOU1;1032;345468.66:484185.84:596088.81:45060.03
1696396664;WAOU1;1033;343667.84:480369.66:598771.00:43526.28
1696400326;WAOU1;1034;350930.63:488271.84:602055.31:40610.90
1696403988;WAOU1;1035;352715.41:554876.50:612423.31:42440.05
1696407652;WAOU1;1036;351797.59:531710.81:612890.00:42922.27
1696411314;WAOU1;1037;354624.81:534424.94:624917.94:43154.17
1696414977;WAOU1;1038;349254.91:530506.75:642436.31:43175.18
1696418640;WAOU1;1039;346467.94:514005.13:670845.06:42729.54
1696422302;WAOU1;1040;342497.47:522186.09:697713.63:40427.38
1696425994;WAOU1;1041;344279.28:516466.03:767600.75:38695.24
1696429657;WAOU1;1042;334375.75:530073.06:875660.31:38009.21
1696433319;WAOU1;1043;330132.47:545793.75:863023.44:39519.24
1696436982;WAOU1;1044;337352.50:483756.63:857163.25:40099.29
1696440644;WAOU1;1045;339300.38:488856.84:834485.19:38264.95
1696444307;WAOU1;1046;337536.97:495300.59:797148.69:41061.02
1696447969;WAOU1;1047;334933.63:491056.22:738904.81:39518.18
1696451633;WAOU1;1048;343896.22:495555.38:685262.63:44140.55
1696455295;WAOU1;1049;337672.69:488884.94:643481.56:46069.07
1696458958;WAOU1;1050;343028.91:499562.53:633177.13:44516.56
1696462621;WAOU1;1051;349424.97:501440.44:618595.25:46773.29
1696466283;WAOU1;1052;350105.56:506022.81:615463.94:46810.46
1696469945;WAOU1;1053;356346.19:495513.97:608768.00:45015.65
1696473608;WAOU1;1054;354333.78:532973.94:626763.94:46166.56
1696477271;WAOU1;1055;357343.81:491678.16:610144.69:46510.22
1696480933;WAOU1;1056;353002.06:483553.03:619543.81:48930.16
1696484596;WAOU1;1057;359393.88:497123.84:621579.94:48039.02
1696488258;WAOU1;1058;359940.53:499332.66:643286.75:46148.62
1696491920;WAOU1;1059;370715.97:500873.84:644011.38:46826.51
1696495584;WAOU1;1060;363377.19:501693.00:638598.50:47790.12
1696499243;WAOU1;1061;368496.53:488928.13:655485.56:50687.44
1696502905;WAOU1;1062;357499.69:503241.38:654088.50:48775.68
1696506567;WAOU1;1063;352407.63:505916.72:689076.06:43451.34
1696510231;WAOU1;1064;349483.38:498470.19:718344.81:45219.82
1696513893;WAOU1;1065;334822.69:489416.50:876433.94:42527.38
1696517559;WAOU1;1066;328667.97:487549.56:955001.44:40816.48
1696521222;WAOU1;1067;328877.56:482304.06:919420.31:40598.27
1696524889;WAOU1;1068;330838.44:489874.75:892265.69:41157.55
1696528551;WAOU1;1069;329936.44:484718.09:860660.00:40938.16
1696532213;WAOU1;1070;336391.16:494719.13:826503.94:43366.01
1696535875;WAOU1;1071;335311.63:488936.75:768992.75:44403.50
1696539538;WAOU1;1072;340601.53:491264.16:726768.75:45275.88
1696546916;WAOU1;1073;348679.69:492354.75:679524.00:45670.65
1696550579;WAOU1;1074;347039.59:483280.66:656793.81:45341.50
1696554241;WAOU1;1075;350548.97:490751.03:647866.88:47055.82
1696557903;WAOU1;1076;350966.03:491080.19:634304.19:49780.36
1696561567;WAOU1;1077;350946.44:481709.38:634468.50:49930.95
1696565230;WAOU1;1078;348416.03:484409.03:626400.00:48745.94
1696568892;WAOU1;1079;353381.59:486655.47:636192.50:49790.98
1696572554;WAOU1;1080;360387.00:496556.28:642631.13:50866.12
1696576217;WAOU1;1081;361614.38:500531.59:648012.50:51852.27
1696579876;WAOU1;1082;367049.41:501778.56:652203.75:49251.17
1696583538;WAOU1;1083;361670.19:496246.50:663577.75:50870.37
1696587197;WAOU1;1084;362130.34:491888.34:672278.81:47865.53
1696590860;WAOU1;1085;352452.00:491671.56:687418.69:51572.69
1696594522;WAOU1;1086;353107.22:500191.56:724174.06:47654.05
1696598185;WAOU1;1087;343237.78:521761.81:813034.63:45982.21
1696601847;WAOU1;1088;333525.91:503880.09:951042.38:43204.68
1696605510;WAOU1;1089;326354.25:491225.34:971162.94:41584.07
1696609172;WAOU1;1090;333707.56:485876.31:949971.75:42323.33
1696612835;WAOU1;1091;334353.22:486963.38:904809.50:44059.13
1696616497;WAOU1;1092;339089.25:490132.03:848929.00:47165.22
1696620160;WAOU1;1093;344747.00:501374.34:829744.94:47230.01
1696623822;WAOU1;1094;346649.56:481292.41:753789.06:46889.06
1696627486;WAOU1;1095;352610.38:495435.47:684357.06:46420.06
1696631148;WAOU1;1096;344340.78:487170.28:673010.44:51142.16
1696634811;WAOU1;1097;351402.94:501108.81:651102.06:49238.43
1696638474;WAOU1;1098;354758.75:494442.72:627572.13:51801.88
1696642136;WAOU1;1099;359908.19:499696.25:622080.06:54052.94
1696645798;WAOU1;1100;356815.19:498032.81:651040.81:52642.75
1696649461;WAOU1;1101;360336.59:488580.56:630878.06:55564.15
1696653120;WAOU1;1102;362215.19:486153.91:641970.56:54632.40
1696656782;WAOU1;1103;360858.94:490822.31:635548.00:54321.07
1696660441;WAOU1;1104;363247.03:486274.41:644029.63:54835.98
1696664104;WAOU1;1105;369391.81:492250.66:657131.44:53075.52
1696667764;WAOU1;1106;368241.50:484080.47:638281.63:53344.25
1696671425;WAOU1;1107;362339.81:490510.75:648007.19:48773.68
1696675087;WAOU1;1108;356161.75:504431.09:665599.50:51605.73
1696678750;WAOU1;1109;360030.56:504232.72:711616.81:52338.03
1696682413;WAOU1;1110;350898.66:501205.34:783205.81:48508.37
1696686079;WAOU1;1111;339902.63:494179.53:921139.31:47761.32
1696689741;WAOU1;1112;329133.44:488164.09:1007688.40:45544.72
1696693406;WAOU1;1113;331629.63:493653.53:990452.94:43890.24
1696697068;WAOU1;1114;329848.63:489835.69:954254.63:44955.23
1696700734;WAOU1;1115;337239.56:485861.34:912958.88:47285.24
1696704396;WAOU1;1116;335112.19:492237.69:887012.06:46829.70
1696708059;WAOU1;1117;341908.56:494869.25:849039.31:49182.96
1696711721;WAOU1;1118;345211.50:490768.25:793215.31:50399.95
1696715384;WAOU1;1119;341271.38:491907.94:752226.06:52358.33
1696722769;WAOU1;1120;351532.75:491777.91:718056.63:53281.81
1696726432;WAOU1;1121;352963.00:497233.00:699698.81:51647.51
1696730095;WAOU1;1122;357923.03:484217.84:698107.50:52025.99
1696733757;WAOU1;1123;363596.00:494053.38:680507.00:52370.25
1696737419;WAOU1;1124;354224.97:490480.41:649484.06:54782.17
1696741078;WAOU1;1125;352713.75:491803.84:645745.25:54747.71
1696744741;WAOU1;1126;359316.56:487950.47:641108.69:53454.83
1696748400;WAOU1;1127;353420.78:495522.69:647564.94:53469.93
1696752062;WAOU1;1128;359854.16:498829.06:640507.31:53441.96
1696755724;WAOU1;1129;357551.75:493042.81:665558.94:55376.27
1696759387;WAOU1;1130;358132.88:507832.59:692361.69:53567.77
1696763049;WAOU1;1131;352110.44:506520.13:744643.69:51031.93
1696766713;WAOU1;1132;350002.66:491929.66:841635.75:51288.86
1696770375;WAOU1;1133;345248.56:496733.09:909696.38:51439.80
1696774038;WAOU1;1134;338404.16:496783.34:1006817.70:43954.68
1696781416;WAOU1;1135;328716.00:472536.59:994578.38:44792.48
1696785078;WAOU1;1136;334405.16:468837.25:966068.38:47763.45
1696788741;WAOU1;1137;337018.63:489978.50:924071.94:47894.33
1696792404;WAOU1;1138;349591.38:484511.81:886789.50:47546.53
1696796066;WAOU1;1139;349942.47:480284.31:872490.06:50524.93
1696799728;WAOU1;1140;348936.25:486302.25:852130.06:50000.35
1696803391;WAOU1;1141;351831.34:489883.38:811130.06:53229.18
1696807053;WAOU1;1142;352234.94:481506.16:772040.88:52291.89
1696810717;WAOU1;1143;351786.97:483585.25:737521.69:54529.96
1696814379;WAOU1;1144;358793.63:474543.72:727426.75:55089.37
1696818039;WAOU1;1145;358208.28:492986.50:709903.19:52975.68
1696821701;WAOU1;1146;353697.06:492977.78:697185.06:51464.35
1696825364;WAOU1;1147;352690.63:497372.84:702203.00:56479.25
1696829026;WAOU1;1148;362664.97:486336.84:695896.06:54220.88
1696832689;WAOU1;1149;365035.81:495777.72:688199.56:53903.29
1696836351;WAOU1;1150;368155.81:504047.56:677657.44:56121.43
1696840013;WAOU1;1151;366291.63:506042.63:686272.13:53953.92
1696843675;WAOU1;1152;368032.03:503181.91:697348.25:56417.53
1696847339;WAOU1;1153;363744.34:505070.88:756052.88:53947.55
1696851003;WAOU1;1154;361838.00:492534.97:836110.44:52812.46
1696854668;WAOU1;1155;357752.59:499170.63:921409.69:55717.34
1696858330;WAOU1;1156;347707.09:497019.03:962926.25:50279.22
1696861994;WAOU1;1157;345347.13:486239.94:1024364.50:47761.32
1696865656;WAOU1;1158;343601.06:481640.81:1002120.10:46286.46
1696869322;WAOU1;1159;347422.69:474984.28:966620.06:49621.27
1696872984;WAOU1;1160;349382.47:487542.97:952040.13:47912.39
1696876647;WAOU1;1161;354999.63:479648.31:917076.25:49070.96
1696880306;WAOU1;1162;355895.13:482682.91:873233.81:51567.14
1696891313;WAOU1;1163;360658.91:475321.34:829313.56:54933.11
1696894975;WAOU1;1164;356707.69:493923.09:806736.50:50590.20
1696898637;WAOU1;1165;368001.09:492035.88:776574.38:54081.03
1696902300;WAOU1;1166;363293.88:486577.94:760933.94:56287.83
1696905962;WAOU1;1167;361374.31:483583.03:741899.88:58373.90
1696909624;WAOU1;1168;360739.97:490272.72:729745.06:61603.68
1696913288;WAOU1;1169;362563.69:482192.78:723069.31:55772.45
1696916950;WAOU1;1170;368828.28:493842.50:740429.13:60468.12
1696920613;WAOU1;1171;376112.19:514123.50:742901.50:59785.50
1696924276;WAOU1;1172;373972.41:490491.28:711311.00:59305.77
1696927938;WAOU1;1173;370299.25:505941.03:721812.75:60510.60
1696931600;WAOU1;1174;369625.25:504129.09:750103.88:57987.63
1696935263;WAOU1;1175;363019.13:498273.22:833299.63:58655.02
1696938925;WAOU1;1176;362379.59:499499.06:885350.75:56874.02
1696942588;WAOU1;1177;363322.78:483477.88:920966.19:54526.66
1696946250;WAOU1;1178;355215.84:504574.50:986799.88:52361.63
1696949914;WAOU1;1179;350644.78:495002.13:997413.38:48429.66
1696953576;WAOU1;1180;345924.94:482610.19:981129.00:51418.44
1696957240;WAOU1;1181;358111.38:483392.19:955207.00:51880.24
1696960902;WAOU1;1182;359307.59:478446.69:923041.63:56525.63
1696964565;WAOU1;1183;365110.16:472112.09:895559.81:53744.21
1696968227;WAOU1;1184;367393.09:491342.28:862735.44:56160.37
1696971889;WAOU1;1185;368266.88:487978.56:827583.06:56652.27
1696975551;WAOU1;1186;373428.94:488399.19:797640.81:60157.73
1696979214;WAOU1;1187;368895.56:486190.38:762615.56:58415.09
1696982877;WAOU1;1188;365405.66:489291.16:742943.06:60693.77
1696986540;WAOU1;1189;374884.22:489576.28:719397.31:60888.96
1696990202;WAOU1;1190;370555.13:492404.69:708104.63:64616.07
1696993864;WAOU1;1191;372475.13:492725.94:696909.75:61960.80
1696997526;WAOU1;1192;370027.09:489040.38:687435.31:63718.55
1697001190;WAOU1;1193;371250.00:496661.09:686466.25:63560.76
1697004849;WAOU1;1194;375447.16:501947.78:680691.69:60966.39
1697008511;WAOU1;1195;385606.91:507622.06:671539.81:61371.07
1697012170;WAOU1;1196;380602.88:495122.03:677138.56:63843.53
1697015832;WAOU1;1197;374992.81:496486.53:677166.06:64714.96
1697019491;WAOU1;1198;372117.78:508697.06:724127.56:60740.62
1697023154;WAOU1;1199;373498.69:512929.28:845712.63:60422.45
1697026813;WAOU1;1200;362170.13:504645.19:931892.38:60544.47
1697030475;WAOU1;1201;366822.13:488651.75:951079.81:58990.66
1697034137;WAOU1;1202;357634.25:493546.97:1035062.30:55292.24
1697037800;WAOU1;1203;356736.38:488552.50:1009534.20:51460.22
1697041462;WAOU1;1204;364263.84:481491.16:990371.75:52179.18
1697045126;WAOU1;1205;367646.00:483342.84:953571.75:60480.16
1697048788;WAOU1;1206;372992.16:493238.47:922359.06:57957.30
1697052452;WAOU1;1207;385696.59:478350.84:902469.00:57988.70
1697056114;WAOU1;1208;374464.91:494619.03:883758.00:63280.23
1697059776;WAOU1;1209;367757.03:482451.72:858622.88:61614.54
1697063438;WAOU1;1210;382023.31:493368.78:846431.63:64340.62
1697067101;WAOU1;1211;372438.44:479077.00:820062.94:65961.94
1697070763;WAOU1;1212;382428.72:488194.19:803021.00:62928.78
1697074426;WAOU1;1213;376964.03:491832.19:799279.94:64185.78
1697078088;WAOU1;1214;374589.88:497436.13:776223.19:69094.82
1697081752;WAOU1;1215;378993.00:492699.84:763656.56:64073.89
1697085414;WAOU1;1216;369796.97:487721.88:756688.13:66300.17
1697089077;WAOU1;1217;380434.09:493988.13:734841.50:64422.88
1697092739;WAOU1;1218;382973.84:508597.13:741905.69:66693.52
1697096402;WAOU1;1219;379379.72:498752.47:757984.44:67395.26
1697100065;WAOU1;1220;386549.28:508127.41:774078.94:64835.82
1697103728;WAOU1;1221;379794.69:502871.41:838764.88:61875.59
1697107390;WAOU1;1222;374273.72:493970.78:893638.00:63077.59
1697111052;WAOU1;1223;375068.22:510967.03:924759.50:64433.85
1697114714;WAOU1;1224;375064.44:488723.03:952185.31:64580.90
1697118377;WAOU1;1225;369651.00:476843.06:988835.63:60387.51
1697122039;WAOU1;1226;365550.94:484385.31:992755.94:62373.98
1697125704;WAOU1;1227;369965.03:473039.38:974651.50:60070.64
1697129366;WAOU1;1228;369067.16:485708.75:967244.06:58988.42
1697133029;WAOU1;1229;372566.84:482477.44:945548.56:62382.71
1697136691;WAOU1;1230;371793.59:484409.03:906541.06:61507.61
1697140357;WAOU1;1231;385224.06:503157.69:883567.25:65684.59
1697144019;WAOU1;1232;380537.97:498069.97:881583.63:63744.86
1697147682;WAOU1;1233;374623.06:489284.53:866372.38:64282.32
1697151344;WAOU1;1234;378049.78:489511.50:861800.25:69953.75
1697155007;WAOU1;1235;377704.25:492042.38:860555.19:69876.21
1697158669;WAOU1;1236;381033.38:492843.13:849557.19:74525.02
1697162332;WAOU1;1237;386592.34:496117.84:825497.81:71657.21
1697165991;WAOU1;1238;383696.34:489273.69:799681.44:68276.96
1697169653;WAOU1;1239;381727.81:500027.19:801118.44:68543.56
1697173315;WAOU1;1240;383290.22:493470.84:783746.06:70277.83
1697176979;WAOU1;1241;386351.00:503386.66:769469.63:71602.57
1697180641;WAOU1;1242;390465.22:507329.84:761942.50:67520.00
1697184304;WAOU1;1243;388739.91:510982.59:749966.25:71314.61
1697187966;WAOU1;1244;387406.78:507779.38:764814.31:70014.88
1697191629;WAOU1;1245;380643.69:509848.94:827700.50:69689.86
1697195291;WAOU1;1246;380376.50:509582.31:901543.06:69149.11
1697198954;WAOU1;1247;372731.81:500972.63:946869.94:65724.25
1697202617;WAOU1;1248;367298.44:510453.28:982468.63:66512.72
1697206283;WAOU1;1249;359575.38:496377.38:1016172.20:61299.07
1697209945;WAOU1;1250;357716.72:484439.00:1003916.60:61056.79
1697213608;WAOU1;1251;358868.94:480897.06:992546.31:59498.25
1697217270;WAOU1;1252;368684.19:484022.63:963205.13:61245.61
1697220934;WAOU1;1253;374523.81:487879.31:958698.88:63591.44
1697224596;WAOU1;1254;371771.63:477744.22:933582.50:65388.73
1697228259;WAOU1;1255;378754.25:480083.56:925103.63:64730.31
1697231921;WAOU1;1256;375780.56:494860.75:929099.13:69879.52
1697235585;WAOU1;1257;369587.03:487394.38:930871.63:67363.27
1697239247;WAOU1;1258;375016.63:480984.75:923829.75:67226.38
1697242913;WAOU1;1259;368738.94:467434.97:902211.00:69709.80
1697246575;WAOU1;1260;379044.81:481829.03:937936.25:73894.34
1697250238;WAOU1;1261;382798.94:490080.22:901281.75:69923.89
1697253900;WAOU1;1262;378726.50:476796.19:883273.06:69968.27
1697257563;WAOU1;1263;385803.19:501765.47:883255.44:71528.10
1697261225;WAOU1;1264;383387.13:471913.84:886191.38:74031.84
1697264889;WAOU1;1265;383554.72:484134.16:885090.13:73779.27
1697268551;WAOU1;1266;380903.56:482633.81:888265.31:73458.74
1697272214;WAOU1;1267;384307.78:494619.03:892804.56:72987.62
1697275876;WAOU1;1268;380402.59:488876.22:896142.56:70779.75
1697279539;WAOU1;1269;386496.88:498198.97:902943.19:69767.52
1697283201;WAOU1;1270;383990.66:486623.03:926956.06:70553.16
1697286864;WAOU1;1271;397225.13:498837.81:514469.88:6399.25
1697290526;WAOU1;1272;386427.72:494286.13:541946.75:8756.40
1697294189;WAOU1;1273;388231.50:496770.25:553821.44:14305.69
1697297851;WAOU1;1274;381289.50:492155.19:569624.06:16728.58
1697301514;WAOU1;1275;383323.75:480448.59:596148.44:18371.50
1697305176;WAOU1;1276;384044.94:483175.75:625928.19:22500.69
1697308839;WAOU1;1277;392906.28:490162.34:648635.38:23179.29
1697312501;WAOU1;1278;405159.53:493529.50:661329.06:23504.78
1697316164;WAOU1;1279;390109.63:495941.31:667897.81:24136.99
1697319826;WAOU1;1280;390785.03:516840.38:688071.75:24920.63
1697323490;WAOU1;1281;398017.84:499326.03:651229.63:25953.04
1697327149;WAOU1;1282;388794.56:491331.44:658238.44:26710.71
1697330811;WAOU1;1283;390081.41:503335.91:656245.13:28327.08
1697334470;WAOU1;1284;392528.63:496824.78:661070.63:28715.24
1697338132;WAOU1;1285;388527.97:496571.53:667881.50:28118.19
1697341794;WAOU1;1286;388559.81:490595.13:667032.50:28922.24
1697345458;WAOU1;1287;386380.88:500360.56:669642.06:29597.18
1697349123;WAOU1;1288;385894.75:502380.91:682037.81:29227.79
1697352788;WAOU1;1289;388747.47:498549.00:682305.69:28991.99
1697363885;WAOU1;1290;388520.41:505828.44:720352.75:29371.41
1697367544;WAOU1;1291;392321.16:505993.91:745330.19:29926.92
1697371207;WAOU1;1292;391580.00:513179.25:758458.38:28507.29
1697374869;WAOU1;1293;387985.91:502435.91:810272.06:30317.32
1697378532;WAOU1;1294;383219.53:504292.19:922315.75:28010.67
1697382194;WAOU1;1295;376576.72:500555.78:879621.00:30710.08
1697385858;WAOU1;1296;375854.31:499273.53:912776.63:29251.39
1697389520;WAOU1;1297;378212.44:509622.44:910145.69:30042.93
1697393182;WAOU1;1298;385132.59:492009.81:865964.38:29219.64
1697400568;WAOU1;1299;391244.59:502572.22:753371.88:30722.47
1697404227;WAOU1;1300;393408.69:517775.78:728659.56:29577.82
1697407890;WAOU1;1301;390589.38:494695.16:721725.88:30763.54
1697411552;WAOU1;1302;396048.00:507921.22:698374.81:28811.54
1697415214;WAOU1;1303;394747.94:498874.97:667941.31:31854.26
1697418873;WAOU1;1304;385382.78:528320.75:672521.81:31746.04
1697422536;WAOU1;1305;403779.09:514943.84:669011.31:30920.03
1697426198;WAOU1;1306;396351.56:500568.75:669584.94:31749.10
1697429861;WAOU1;1307;395547.38:510693.34:674182.81:30842.85
1697433520;WAOU1;1308;386074.38:505583.19:669536.00:31222.75
1697437182;WAOU1;1309;399579.56:483958.31:681585.31:30593.83
1697440841;WAOU1;1310;404740.56:490593.00:707939.50:30263.86
1697444504;WAOU1;1311;403692.69:484239.44:693849.88:31676.05
1697448163;WAOU1;1312;402843.56:488101.44:715999.50:32315.35
1697451825;WAOU1;1313;407905.56:491860.28:711428.06:31805.87
1697455487;WAOU1;1314;397555.69:508819.00:731077.81:30188.80
1697459150;WAOU1;1315;395865.91:491010.78:765303.88:31614.21
1697462813;WAOU1;1316;393308.59:526213.56:820470.56:31244.34
1697466475;WAOU1;1317;384762.97:536368.56:1027241.10:32178.10
1697470137;WAOU1;1318;382166.47:534932.19:1023335.10:29792.26
1697473801;WAOU1;1319;373322.50:510595.63:975562.94:30909.77
1697481180;WAOU1;1320;380968.38:522976.69:925639.69:31922.35
1697484842;WAOU1;1321;389254.47:524739.50:897154.94:31845.05
1697488504;WAOU1;1322;386465.13:518490.03:862772.75:32828.49
1697492163;WAOU1;1323;393087.66:525113.38:811684.50:31310.20
1697495825;WAOU1;1324;392041.91:511964.25:779701.25:33646.23
1697499484;WAOU1;1325;391045.03:517528.91:772638.88:32927.74
1697503146;WAOU1;1326;385892.88:512748.72:776139.88:31378.18
1697506805;WAOU1;1327;395107.78:513025.25:755276.56:34386.55
1697510468;WAOU1;1328;392587.16:513563.03:760452.88:32804.77
1697514130;WAOU1;1329;396042.34:520719.84:744126.88:31822.28
1697517793;WAOU1;1330;390348.50:506113.31:731402.63:32312.28
1697521452;WAOU1;1331;395253.63:523374.63:724751.50:33146.78
1697525114;WAOU1;1332;400787.34:536479.06:715973.50:32808.90
1697528773;WAOU1;1333;404521.75:525836.81:707091.63:33931.95
1697532436;WAOU1;1334;405392.13:520237.88:707854.06:33604.93
1697536095;WAOU1;1335;398341.31:518944.03:710813.81:34308.90
1697539757;WAOU1;1336;401098.78:526295.19:738238.19:33987.77
1697543416;WAOU1;1337;398033.06:525360.50:810025.56:31766.69
1697547079;WAOU1;1338;397975.94:520710.88:898780.75:32423.69
1697550741;WAOU1;1339;378846.78:526740.38:1000319.20:32699.38
1697554404;WAOU1;1340;371343.34:523453.81:1022714.80:32354.53
1697558066;WAOU1;1341;369240.41:500307.81:1025198.20:31599.70
1697561729;WAOU1;1342;370781.81:506469.25:990611.81:30096.39
1697565392;WAOU1;1343;375018.41:509251.63:972869.69:32681.79
1697569054;WAOU1;1344;379016.94:508610.56:941193.38:32087.34
1697572716;WAOU1;1345;382798.94:513556.31:911890.44:34188.75
1697576379;WAOU1;1346;385663.09:507015.69:897418.81:32488.84
1697580042;WAOU1;1347;381012.84:503459.25:898400.63:31911.02
1697583705;WAOU1;1348;387811.47:513839.78:900480.31:32775.86
1697587367;WAOU1;1349;386760.75:510984.84:888655.56:32718.97
1697591031;WAOU1;1350;387382.38:516163.56:876509.50:34538.91
1697594693;WAOU1;1351;390820.91:520044.06:846441.75:35362.55
1697598356;WAOU1;1352;389727.94:509207.25:856479.56:33083.76
1697602018;WAOU1;1353;385442.50:510108.81:843406.38:34975.34
1697605681;WAOU1;1354;385468.84:521044.38:859733.81:33818.06
1697609343;WAOU1;1355;389119.22:520927.19:863708.63:36198.82
1697613005;WAOU1;1356;395515.16:526413.25:869600.38:36316.37
1697616667;WAOU1;1357;398059.63:519656.97:881881.13:34582.46
1697620331;WAOU1;1358;395611.81:526810.69:891531.44:33888.40
1697623993;WAOU1;1359;383785.78:521980.63:919093.00:34251.89
1697627656;WAOU1;1360;390472.75:527374.38:938336.44:34374.04
1697631318;WAOU1;1361;388089.06:507183.84:955539.44:35109.29
1697634981;WAOU1;1362;384210.78:510113.28:960079.69:34071.57
1697642366;WAOU1;1363;384102.78:505333.72:960552.94:35507.83
1697646028;WAOU1;1364;384931.03:495871.44:965437.56:31873.97
1697649691;WAOU1;1365;390073.97:499665.47:959276.56:29599.30
1697653353;WAOU1;1366;384686.50:501073.63:937892.25:31199.97
1697657016;WAOU1;1367;386251.88:504292.19:949203.00:31097.06
1697660678;WAOU1;1368;384940.34:507690.88:938472.25:30536.36
1697664341;WAOU1;1369;376936.44:497816.38:600729.81:38402.80
1697668003;WAOU1;1370;372321.13:500367.06:449710.31:42222.30
1697671667;WAOU1;1371;363793.19:465597.78:444552.84:43148.86
1697675326;WAOU1;1372;353677.47:490722.81:489565.53:43769.98
1697678988;WAOU1;1373;356659.31:485515.06:518923.75:42354.84
1697682647;WAOU1;1374;354910.41:460141.25:537448.31:41455.78
1697686309;WAOU1;1375;362833.00:467780.88:541344.63:38598.00
1697689971;WAOU1;1376;361906.59:458848.84:565255.63:38278.52
1697693635;WAOU1;1377;371665.41:468574.66:581682.13:38325.50
1697697270;WAOU1;1;379513.09:473948.81:593623.56:38176.20
1697700932;WAOU1;2;378382.50:472937.97:638713.69:36808.50
1697704594;WAOU1;3;377010.19:470848.84:672587.19:36924.04
1697708256;WAOU1;4;377083.94:469545.69:687899.38:41756.37
1697711919;WAOU1;5;373943.03:481448.44:608634.25:44770.30
1697715581;WAOU1;6;375992.41:481206.84:629589.88:46202.67
1697719245;WAOU1;7;377641.47:461315.41:693415.94:45194.33
1697722907;WAOU1;8;383778.34:475287.34:476588.13:44762.86
1697726570;WAOU1;9;371885.06:465541.25:499479.34:40696.93
1697730232;WAOU1;10;356081.25:458919.31:472504.97:39981.98
1697733895;WAOU1;11;369119.91:458709.94:496610.81:39740.05
1697737557;WAOU1;12;367531.41:447007.72:502343.50:40670.61
1697741220;WAOU1;13;370313.88:441169.53:510046.72:36257.13
1697744882;WAOU1;14;379044.81:435480.97:524925.25:34082.07
1697748143;WAOU1;1;375491.41:443663.59:539924.06:31414.17
1697751805;WAOU1;2;371619.63:440078.22:533431.94:31187.70
1697755467;WAOU1;3;376844.13:435256.28:547295.06:29809.73
1697759129;WAOU1;4;383457.94:427081.81:543686.69:30930.30
1697762793;WAOU1;5;366496.84:422303.66:519753.75:36113.50
1697766455;WAOU1;6;368817.31:428064.06:452965.69:37204.21
1697770118;WAOU1;7;345592.00:186393.41:449403.34:36504.61
1697773780;WAOU1;8;328463.69:141236.48:456289.41:37656.69
1697777443;WAOU1;9;312990.22:187924.45:488990.81:37376.28
1697781105;WAOU1;10;290411.88:131212.58:461167.78:40239.85
1697784768;WAOU1;11;253199.52:123351.22:471335.78:41395.95
1697788430;WAOU1;12;253404.05:157402.84:491476.59:41855.15
1697792093;WAOU1;13;235486.20:127589.92:482719.38:42399.09
1697795755;WAOU1;14;266356.09:152495.80:499439.94:43194.18
1697799418;WAOU1;15;258311.31:157367.67:504960.53:42559.01
1697803080;WAOU1;16;261054.63:188224.45:512334.13:44311.56
1697806744;WAOU1;17;270156.34:209371.95:527194.75:44086.62
1697810407;WAOU1;18;286379.34:211789.89:534659.00:41906.73
1697814069;WAOU1;19;349727.91:212539.17:522018.97:37350.08
1697817731;WAOU1;20;364535.66:209867.86:527968.00:34126.56
1697819707;WAOU1;1;358206.38:210482.25:530105.06:32139.98
1697823369;WAOU1;2;357358.06:217916.16:538739.56:31547.06
1697827032;WAOU1;3;359848.94:221459.03:525900.31:30527.04
1697830694;WAOU1;4;366387.81:232924.64:542132.19:31081.60
1697834357;WAOU1;5;353524.16:237632.70:547474.81:29403.28
1697838020;WAOU1;6;339509.75:242002.41:554777.38:30778.06
1697841682;WAOU1;7;344863.13:237430.30:546795.88:38529.19
1697845344;WAOU1;8;348814.09:231818.23:546098.94:40131.87
1697849007;WAOU1;9;348136.44:242036.86:550615.75:34277.74
1697852670;WAOU1;10;351936.25:243375.19:538109.69:30248.40
1697856333;WAOU1;11;349977.88:250440.41:544997.75:29449.42
1697859995;WAOU1;12;350943.03:251990.55:550901.69:29210.44
1697863658;WAOU1;13;359160.19:245992.69:549040.06:28793.13
1697867321;WAOU1;14;335403.56:251711.92:543178.19:29980.26
1697870983;WAOU1;15;351737.03:252564.94:552814.88:29346.75
1697874645;WAOU1;16;349084.97:260765.72:560007.19:28482.74
1697878308;WAOU1;17;339211.28:258048.27:549126.81:29386.87
1697881970;WAOU1;18;349240.75:268982.91:567793.69:29632.11
1697885633;WAOU1;19;336895.19:271324.00:554899.88:28314.80
1697889295;WAOU1;20;341619.66:273430.84:554200.38:28036.40
1697892958;WAOU1;21;333296.03:271097.91:557830.13:28575.86
1697896620;WAOU1;22;329901.97:263746.38:542751.31:28657.76
1697900284;WAOU1;23;328731.47:256902.08:550198.75:29236.05
1697903946;WAOU1;24;321470.47:253194.92:539801.69:28373.10
1697907609;WAOU1;25;326331.94:265138.50:535690.31:29438.21
1697911271;WAOU1;26;322121.34:266353.00:543763.44:29343.79
1697914934;WAOU1;27;321653.97:274601.47:568596.94:29779.04
1697918597;WAOU1;28;322788.00:283163.84:556912.75:28797.14
1697922259;WAOU1;29;316602.72:284036.72:570200.81:29773.73
1697925922;WAOU1;30;324382.66:291076.09:568218.00:29930.93
1697929585;WAOU1;31;321660.81:296470.41:572056.13:29149.89
1697933247;WAOU1;32;316634.81:297518.75:575509.00:30574.36
1697936909;WAOU1;33;327906.06:302179.13:601199.75:31168.11
1697940571;WAOU1;34;319224.13:303633.34:592628.81:29873.46
1697944235;WAOU1;35;324323.06:306528.19:573582.69:29682.39
1697947894;WAOU1;36;305921.00:307391.84:587798.69:31489.35
1697951556;WAOU1;37;319296.94:313354.06:576000.38:30926.17
1697955215;WAOU1;38;316451.06:314075.75:589213.25:30636.08
1697958877;WAOU1;39;311806.03:318945.00:586676.13:30604.10
1697962536;WAOU1;40;318579.63:318305.72:592507.44:29759.45
1697966199;WAOU1;41;319340.97:320284.50:582231.13:30319.33
1697969858;WAOU1;42;315467.63:313998.44:583081.06:31163.97
1697973520;WAOU1;43;319760.88:322983.69:604998.75:31626.48
1697977183;WAOU1;44;313117.69:316739.28:589361.13:31143.32
1697980845;WAOU1;45;314857.03:315629.09:591501.69:31281.40
1697984507;WAOU1;46;300698.72:296673.03:600230.25:31509.06
1697988171;WAOU1;47;293730.88:281780.81:591274.56:30540.37
1697991833;WAOU1;48;291546.03:276014.72:618112.56:30528.10
1697995496;WAOU1;49;297851.09:269108.13:611574.44:29909.33
1697999159;WAOU1;50;294033.72:273202.38:598671.25:30072.67
1698002821;WAOU1;51;298324.56:284514.44:595604.56:30701.82
1698006480;WAOU1;52;301263.22:291437.44:568628.13:31022.95
1698010142;WAOU1;53;298716.41:297540.00:565064.69:30756.34
1698013804;WAOU1;54;309166.00:310609.09:572588.75:29247.26
1698017467;WAOU1;55;299074.00:301207.28:584083.38:31443.09
1698021126;WAOU1;56;302943.06:309816.16:572919.06:30547.69
1698024790;WAOU1;57;307714.38:318642.19:579869.56:29246.31
1698028452;WAOU1;58;304584.09:319400.22:595962.19:30287.46
1698032114;WAOU1;59;306317.41:322165.59:583027.25:29240.06
1698035777;WAOU1;60;301378.41:319755.91:579529.00:30321.45
1698039439;WAOU1;61;299715.88:316793.31:591978.63:29728.65
1698043102;WAOU1;62;302134.75:322350.88:591089.50:31651.27
1698046764;WAOU1;63;302258.31:328062.19:589994.31:29420.63
1698050427;WAOU1;64;301208.91:319989.59:602600.88:28778.73
1698054090;WAOU1;65;291685.63:325513.03:593091.31:29581.84
1698057753;WAOU1;66;288490.09:311821.16:593257.13:38259.64
1698061415;WAOU1;67;279361.22:305804.88:588878.44:35089.58
1698065077;WAOU1;68;286590.13:309654.34:583283.81:32915.35
1698068740;WAOU1;69;277723.03:305145.38:581472.50:29866.26
1698072402;WAOU1;70;281515.88:298959.16:576421.69:29378.61
1698076065;WAOU1;71;275367.75:292654.69:569857.13:29368.46
1698079727;WAOU1;72;276435.81:288782.31:571865.75:29117.08
1698083390;WAOU1;73;274778.38:291711.59:568244.31:29069.88
1698087052;WAOU1;74;260585.03:278971.53:526449.81:37122.07
1698090715;WAOU1;75;222339.33:168297.25:500329.78:41409.64
1698094378;WAOU1;76;220287.83:186640.78:517147.59:43029.78
1698098041;WAOU1;77;230603.36:170172.19:496940.44:41971.87
1698101704;WAOU1;78;228613.36:170206.77:515782.84:42925.45
1698105366;WAOU1;79;30215.59:171961.09:521815.88:43059.28
1698109028;WAOU1;80;21327.83:188287.59:535927.06:42705.35
1698112691;WAOU1;81;20526.61:205321.95:534046.44:43064.59
1698116353;WAOU1;82;19702.50:208688.98:521461.59:44063.37
1698120016;WAOU1;83;19691.41:210061.17:515527.78:42567.50
1698123679;WAOU1;84;18674.80:224145.69:503628.81:43888.23
1698127341;WAOU1;85;17847.62:229135.58:523365.56:44458.50
1698131004;WAOU1;86;17709.31:241475.11:535040.19:45461.05
1698134667;WAOU1;87;17854.70:237223.66:527895.19:45054.72
1698138329;WAOU1;88;16892.75:238831.88:531607.75:43974.74
1698141992;WAOU1;89;17059.98:249741.97:537231.75:44709.99
1698145654;WAOU1;90;16069.58:255990.75:539995.81:43197.36
1698149317;WAOU1;91;16111.59:259259.94:545821.75:40126.67
1698152979;WAOU1;92;16200.57:263484.00:548306.25:37553.43
1698156642;WAOU1;93;15438.30:262811.09:543565.94:32705.63
1698160304;WAOU1;94;15686.96:262117.25:561396.13:31408.04
1698163967;WAOU1;95;15587.00:257685.47:539358.19:31277.27
1698167631;WAOU1;96;15838.73:263028.13:552805.50:30322.39
1698171297;WAOU1;97;15531.18:264030.44:560785.63:30278.26
1698174959;WAOU1;98;15895.74:276261.63:561474.63:29760.40
1698178622;WAOU1;99;16608.56:285015.06:570647.94:29456.62
1698182286;WAOU1;100;16553.56:288674.06:562813.75:28593.32
1698185950;WAOU1;101;16109.58:289462.44:593126.00:28756.19
1698189612;WAOU1;102;15314.62:296344.59:579140.00:29079.08
1698193275;WAOU1;103;16035.59:290927.03:584484.75:28856.62
1698196937;WAOU1;104;17219.18:309354.22:583875.44:28455.01
1698200601;WAOU1;105;15605.06:312626.50:588671.81:27720.12
1698204263;WAOU1;106;16037.59:314690.63:584739.31:27846.98
1698207926;WAOU1;107;17143.06:315710.03:585606.63:28193.96
1698211589;WAOU1;108;16653.53:317712.81:588674.25:26948.64
1698215251;WAOU1;109;16220.52:313275.22:596332.19:27786.68
1698218914;WAOU1;110;15228.82:306219.56:608833.63:27100.88
1698222577;WAOU1;111;16441.45:303952.34:597799.56:27785.62
1698226239;WAOU1;112;15393.46:309172.59:595562.31:26886.32
1698229902;WAOU1;113;14930.59:309714.41:598295.00:28321.88
1698233565;WAOU1;114;15451.28:306146.53:592196.13:27464.61
1698237226;WAOU1;115;15968.67:308684.47:595996.75:27226.57
1698240885;WAOU1;116;15694.87:298857.44:606748.94:26428.18
1698244548;WAOU1;117;14924.57:296808.88:608238.19:25895.92
1698248207;WAOU1;118;15004.23:303292.97:598693.81:26294.47
1698251869;WAOU1;119;15093.10:299835.78:582094.31:27639.51
1698255528;WAOU1;120;14842.79:293083.66:584286.50:26344.51
1698259190;WAOU1;121;14747.08:296257.97:592641.06:27612.84
1698262849;WAOU1;122;14719.22:301521.78:601832.50:26110.01
1698266512;WAOU1;123;15164.97:307852.47:577808.75:28030.15
1698270171;WAOU1;124;15217.85:293895.41:585430.19:26646.51
1698273833;WAOU1;125;14784.96:302062.19:600899.75:26955.72
1698277492;WAOU1;126;14633.42:301381.69:589609.88:27636.32
1698281155;WAOU1;127;14203.13:302189.16:598741.00:26640.38
1698284814;WAOU1;128;15137.95:300154.56:582365.56:27275.54
1698288476;WAOU1;129;14716.15:287316.28:574370.00:31244.34
1698292135;WAOU1;130;14396.33:292083.13:564350.94:33451.86
1698295798;WAOU1;131;14256.00:293896.94:568920.69:33526.32
1698303459;WAOU1;132;14633.42:281407.41:547689.63:36581.67
1698307121;WAOU1;133;14540.78:288261.00:564735.06:37600.28
1698310783;WAOU1;134;14457.11:294224.06:584761.38:35019.01
1698314442;WAOU1;135;13735.43:304256.59:570530.19:30609.29
1698318104;WAOU1;136;14219.07:298944.41:578542.25:31054.81
1698321763;WAOU1;137;14304.75:304053.13:581445.69:28891.44
1698325426;WAOU1;138;14299.79:262741.44:521209.03:36752.32
1698336979;WAOU1;139;14252.94:275002.72:533347.19:39043.27
1698340641;WAOU1;140;13771.19:288654.72:548072.56:35904.61
1698344304;WAOU1;141;15525.16:289232.88:550550.25:35613.70
1698347966;WAOU1;142;13672.65:302192.34:557808.75:32708.70
1698351629;WAOU1;143;15156.95:284405.41:567367.31:32247.25
1698355288;WAOU1;144;13920.36:288554.66:534445.50:33333.84
1698358950;WAOU1;145;13786.18:280278.34:525723.44:37022.00
1698362612;WAOU1;146;14771.03:287683.69:520314.34:37866.29
1698366275;WAOU1;147;14593.53:288932.53:528534.69:45231.51
1698369937;WAOU1;148;13671.70:301955.03:532303.13:37318.93
1698373601;WAOU1;149;15065.25:291369.34:534730.13:38717.20
1698377260;WAOU1;150;14517.89:293937.53:529835.75:37379.35
1698380922;WAOU1;151;14539.84:301620.44:545980.13:35136.20
1698384581;WAOU1;152;14569.70:303701.09:562706.69:33185.96
1698388243;WAOU1;153;15253.72:309551.09:569276.00:30374.91
1698391905;WAOU1;154;14734.21:316867.44:578848.25:29478.10
1698395569;WAOU1;155;14845.86:315444.03:584210.63:29436.09
1698399228;WAOU1;156;15176.89:306624.50:566154.13:31014.68
1698402890;WAOU1;157;15417.41:310510.56:568702.44:32793.32
1698406549;WAOU1;158;15074.10:316943.44:571682.88:28978.65
1698410211;WAOU1;159;14857.78:314329.38:580283.50:29706.11
1698413870;WAOU1;160;14881.73:314122.72:568501.00:26899.66
1698417533;WAOU1;161;13918.48:311578.50:579784.38:26668.94
1698421195;WAOU1;162;14326.58:310699.38:571620.06:25664.73
1698424858;WAOU1;163;14746.13:312229.59:569837.88:26458.75
1698428517;WAOU1;164;14574.77:310296.84:576702.81:26342.50
1698432179;WAOU1;165;14650.42:307722.66:576579.25:26803.71
1698435838;WAOU1;166;14954.43:284192.13:532852.50:38074.95
1698439501;WAOU1;167;16387.51:293516.22:533945.44:39667.82
1698443160;WAOU1;168;16567.61:307282.19:568527.31:47258.69
1698446822;WAOU1;169;17054.90:314794.81:586276.13:33458.94
1698450484;WAOU1;170;17093.02:325782.94:584550.75:29728.65
1698454147;WAOU1;171;16302.42:317299.25:581882.25:28637.35
1698457809;WAOU1;172;15252.78:319806.66:591706.69:28376.17
1698461473;WAOU1;173;16667.57:313302.03:574991.25:29119.09
1698465135;WAOU1;174;16707.70:313520.25:586833.19:29120.15
1698468798;WAOU1;175;19445.93:322624.69:581818.88:28137.54
1698472457;WAOU1;176;19502.22:323753.63:579862.25:28565.71
1698476119;WAOU1;177;18494.00:324717.25:593415.63:27897.14
1698479778;WAOU1;178;17217.17:328661.13:589861.19:27265.28
1698483441;WAOU1;179;17385.59:325936.94:583345.06:28175.54
1698487103;WAOU1;180;15990.62:321225.94:595790.56:26101.75
1698490766;WAOU1;181;16232.56:320511.81:601427.31:26072.24
1698494429;WAOU1;182;16558.52:324326.47:611106.00:26649.46
1698498091;WAOU1;183;15952.62:322667.16:608649.50:26327.16
1698501753;WAOU1;184;15198.84:316430.91:585557.69:26905.80
1698505416;WAOU1;185;14523.90:318113.22:589563.06:25310.32
1698509078;WAOU1;186;14444.13:321287.19:574203.38:25489.47
1698512741;WAOU1;187;14339.56:318533.97:589893.25:26586.32
1698516403;WAOU1;188;14696.21:320196.47:579541.13:25678.89
1698520066;WAOU1;189;15680.00:323220.44:592955.19:26807.72
1698523728;WAOU1;190;15916.74:322126.41:580249.25:26967.05
1698527392;WAOU1;191;15386.37:319435.72:603733.75:26263.90
1698531051;WAOU1;192;15313.56:324068.84:593945.50:27357.33
1698534713;WAOU1;193;15451.28:329076.78:590716.81:26171.14
1698538375;WAOU1;194;15341.53:323966.66:586597.50:26357.72
1698542038;WAOU1;195;16867.73:330674.75:598414.56:28066.97
1698545700;WAOU1;196;15570.13:326595.47:607157.06:26192.50
1698545763;WAOU1;197;14923.51:327208.47:597028.25:27031.37
1698549425;WAOU1;198;15562.10:330025.88:598394.75:25443.56
1698553088;WAOU1;199;15229.77:333929.06:594517.88:27513.70
1698556750;WAOU1;200;15335.51:324167.88:580768.06:26563.78
1698560414;WAOU1;201;15348.61:326569.75:594870.19:26189.55
1698564076;WAOU1;202;14668.36:323613.91:594899.88:26190.49
1698567739;WAOU1;203;15985.67:323908.69:588157.44:29226.84
1698571401;WAOU1;204;15857.73:312370.16:599541.38:27428.85
1698575064;WAOU1;205;15443.26:324195.00:586494.50:26791.44
1698578726;WAOU1;206;14932.48:322316.78:588305.13:27802.02
1698582389;WAOU1;207;14888.58:321360.25:598230.38:27218.31
1698586052;WAOU1;208;14795.93:322941.19:597448.75:26313.94
1698589718;WAOU1;209;14771.03:317037.84:587299.81:27087.54
1698593380;WAOU1;210;14440.23:313985.09:590403.56:27680.34
1698597043;WAOU1;211;14651.48:324118.41:600340.25:26390.42
1698600705;WAOU1;212;14897.67:321800.09:597732.31:26467.95
1698604369;WAOU1;213;14668.36:327275.25:593752.31:26631.17
1698608031;WAOU1;214;15025.36:325155.91:599753.63:27360.28
1698611694;WAOU1;215;14841.84:329105.94:596436.50:26210.91
1698615357;WAOU1;216;14923.51:322369.53:591664.81:27513.70
1698619020;WAOU1;217;14709.19:321856.16:588607.69:25611.74
1698622682;WAOU1;218;15680.00:328499.81:587127.75:27338.92
1698626344;WAOU1;219;15377.52:340199.56:595974.44:26145.65
1698630006;WAOU1;220;15705.96:328305.91:616666.06:26965.98
1698633669;WAOU1;221;15845.70:330478.47:604268.25:25979.48
1698637331;WAOU1;222;16467.53:325565.91:602543.31:25144.39
1698640994;WAOU1;223;15157.89:325627.38:598703.69:25602.53
1698644657;WAOU1;224;15953.68:334247.59:597515.75:25817.44
1698648320;WAOU1;225;15656.99:331452.00:611997.50:25874.44
1698651983;WAOU1;226;15968.67:333809.63:616314.38:25078.30
1698655645;WAOU1;227;15750.81:340669.63:618258.13:26342.50
1698659307;WAOU1;228;16219.58:333093.63:623582.56:25753.24
1698662970;WAOU1;229;15233.78:334860.94:600335.31:26137.50
1698666632;WAOU1;230;15307.54:324734.22:601054.88:27121.30
1698670295;WAOU1;231;16076.54:322187.53:603906.88:26057.96
1698673957;WAOU1;232;15709.86:317896.91:612801.25:25922.36
1698677620;WAOU1;233;16208.48:301454.16:609318.44:35450.71
1698681282;WAOU1;234;15589.13:257968.36:507821.50:38421.56
1698684056;WAOU1;1;15686.96:262250.38:515753.78:37366.84
1698684238;WAOU1;1;15145.97:266488.63:523049.16:38131.36
1698684410;WAOU1;1;15544.16:263913.94:523193.72:38760.98
1698685793;WAOU1;1;15370.44:264864.69:529831.38:39307.87
1698685955;WAOU1;1;15732.87:270030.91:527594.94:38693.12
1698689617;WAOU1;2;15705.96:282773.44:547239.00:38995.13
1698693280;WAOU1;3;16077.60:299513.84:558743.69:38421.56
1698696942;WAOU1;4;16501.52:305523.16:568052.50:36812.63
1698700605;WAOU1;5;15617.10:302923.25:585011.25:30712.21
1698704264;WAOU1;6;16112.53:310766.19:585736.56:28413.11
1698707926;WAOU1;7;16522.53:316678.63:593106.19:26360.79
1698711585;WAOU1;8;16939.83:317614.97:590369.13:26792.38
1698715248;WAOU1;9;16917.77:326525.38:603397.88:26735.26
1698718911;WAOU1;10;16766.59:324113.34:598985.31:27276.61
1698722573;WAOU1;11;16948.80:327105.66:612091.25:27319.45
1698726236;WAOU1;12;16934.76:326895.13:605969.06:27006.82
1698729898;WAOU1;13;15843.81:328139.50:609988.06:26329.16
1698733560;WAOU1;14;17443.65:317611.66:613270.56:28079.24
1698737223;WAOU1;15;16589.56:316864.13:623520.94:28693.76
1698740886;WAOU1;16;17149.08:327439.78:610837.63:26832.27
1698744548;WAOU1;17;17235.23:312187.72:618792.13:26641.32
1698748207;WAOU1;18;16633.58:316322.91:606144.94:26574.05
1698751870;WAOU1;19;17347.46:317112.09:609942.50:27429.79
1698755529;WAOU1;20;17420.64:319093.84:600492.50:27942.22
1698759191;WAOU1;21;15875.79:310002.97:598808.38:26478.10
1698762853;WAOU1;22;16874.69:316516.81:600812.44:25611.74
1698766516;WAOU1;23;15729.92:314939.41:608581.31:25950.92
1698770179;WAOU1;24;16999.90:316897.78:604057.31:25435.42
1698773842;WAOU1;25;16392.47:318755.59:606240.63:25543.41
1698777504;WAOU1;26;16604.55:319412.13:611946.88:26122.16
1698781167;WAOU1;27;16619.54:322131.47:612884.81:25226.77
1698784829;WAOU1;28;16899.83:330850.47:603074.50:24454.93
1698788492;WAOU1;29;17261.31:322267.56:617484.75:24738.53
1698792151;WAOU1;30;17312.41:326101.09:614062.94:25789.94
1698795813;WAOU1;31;18094.51:323106.31:623816.63:25775.66
1698799472;WAOU1;32;18472.88:331188.13:612953.38:25386.56
1698803135;WAOU1;33;16849.67:344179.09:630380.13:24506.86
1698806797;WAOU1;34;18396.64:330296.03:632607.56:25114.88
1698810460;WAOU1;35;18584.40:332480.41:622660.25:25100.61
1698814119;WAOU1;36;18396.64:326705.00:623814.00:25031.45
1698817781;WAOU1;37;18014.26:337429.09:637760.69:25221.81
1698821440;WAOU1;38;18909.89:333344.41:645042.69:25562.88
1698825103;WAOU1;39;18633.62:340849.84:645486.31:25436.60
1698828765;WAOU1;40;18779.25:339541.13:643286.75:26285.38
1698832425;WAOU1;41;19200.45:331610.63:646844.94:24544.51
1698836087;WAOU1;42;19040.54:328319.59:653533.44:25514.96
1698839749;WAOU1;43;18835.54:330659.28:647893.19:24911.54
1698843411;WAOU1;44;17602.03:327457.00:641334.50:25530.19
1698847074;WAOU1;45;18034.33:328874.03:639977.19:25190.18
1698850736;WAOU1;46;17324.45:336349.47:631109.00:25490.54
1698854400;WAOU1;47;18834.60:328333.28:643739.88:33924.63
1698858063;WAOU1;48;16580.59:332426.81:639169.56:34609.37
1698861725;WAOU1;49;18363.48:326692.97:636887.50:30890.18
1698865387;WAOU1;50;17080.98:329797.06:645114.00:27030.42
1698869050;WAOU1;51;17161.12:326402.16:643168.13:32207.01
1698872712;WAOU1;52;18118.59:331303.66:635871.56:26172.08
1698876375;WAOU1;53;18075.40:332732.50:636041.19:27460.48
1698880034;WAOU1;54;17662.22:328583.84:640956.25:25493.60
1698883697;WAOU1;55;17900.73:333193.94:639164.38:26240.42
1698887360;WAOU1;56;18252.07:332323.22:639140.69:25694.23
1698891022;WAOU1;57;18453.76:336763.13:646725.88:26345.57
1698894684;WAOU1;58;18148.68:336924.69:634661.44:33030.06
1698898347;WAOU1;59;17197.23:325712.94:636446.06:34587.65
1698902006;WAOU1;60;16553.56:328506.66:612109.06:36251.93
1698905668;WAOU1;61;17205.26:309706.16:579760.19:38027.97
1698909331;WAOU1;62;18246.99:255142.20:558724.81:37750.40
1698912993;WAOU1;63;18101.48:293202.28:569011.88:36241.43
1698916656;WAOU1;64;18558.21:294574.34:588511.75:35923.37
1698920322;WAOU1;65;17560.96:300394.47:595885.13:35248.31
1698923981;WAOU1;66;17577.95:308128.50:601002.25:33870.82
1698927644;WAOU1;67;18390.50:308686.13:607565.06:30231.99
1698931306;WAOU1;68;17795.46:317155.88:627414.56:30389.19
1698934970;WAOU1;69;18020.16:306817.09:617349.50:28284.95
1698938632;WAOU1;70;17535.82:312442.28:619866.06:26696.55
1698942294;WAOU1;71;17126.07:289696.81:578180.31:35398.79
1698945957;WAOU1;72;17959.03:302612.97:605177.19:35703.15
1698947631;WAOU1;1;17744.36:307596.25:610511.31:35187.06
1698947751;WAOU1;1;18431.81:299098.66:609028.13:32851.15
1698951413;WAOU1;2;19048.57:313105.88:618076.69:29870.39
1698953310;WAOU1;1;18253.01:310620.78:619441.44:29490.49
1698954410;WAOU1;1;17814.58:307493.22:625054.50:26285.38
1698958072;WAOU1;2;18870.71:314559.50:631594.38:26384.28
1698961735;WAOU1;3;19084.80:318826.53:630079.56:25922.36
1698965398;WAOU1;4;18954.15:320764.50:638938.94:26154.85
1698969060;WAOU1;5;18278.03:315009.97:637250.88:25114.88
1698972723;WAOU1;6;18594.44:321669.31:631132.25:25546.47
1698976386;WAOU1;7;18683.78:319298.59:636845.69:25734.95
1698980048;WAOU1;8;18546.17:322862.84:619234.25:24283.34
1698983711;WAOU1;9;19277.87:317638.69:641413.44:25079.36
1698987374;WAOU1;10;16884.72:321513.06:628531.13:26298.60
1698991036;WAOU1;11;18169.69:326920.75:648107.81:24610.48
1698994699;WAOU1;12;17622.09:324329.78:635814.13:25829.60
1698998361;WAOU1;13;18318.28:330258.16:644678.63:24219.37
1699002024;WAOU1;14;17967.06:330547.28:652067.81:25347.97
1699005686;WAOU1;15;18516.07:331714.13:668552.06:23686.41
1699009349;WAOU1;16;17911.82:329377.50:654860.19:25048.80
1699013011;WAOU1;17;17788.50:329475.56:642244.25:25762.45
1699016674;WAOU1;18;17864.73:334401.72:651849.69:24956.27
1699020337;WAOU1;19;15978.58:331098.53:633796.63:24126.96
1699023999;WAOU1;20;17225.20:322401.84:631874.81:23596.12
1699027661;WAOU1;21;16854.74:326711.84:635931.56:25179.09
1699031323;WAOU1;22;17666.23:336683.13:645961.81:24189.87
1699034987;WAOU1;23;17913.95:332259.38:642638.94:24217.25
1699038646;WAOU1;24;19084.80:335401.81:651857.63:23767.48
1699042308;WAOU1;25;19013.40:336738.72:645932.81:23705.64
1699045971;WAOU1;26;17481.77:332988.25:640722.56:24242.62
1699049633;WAOU1;27;19313.16:338780.63:640764.56:23937.07
1699053295;WAOU1;28;17626.10:337065.50:646073.00:24369.61
1699056958;WAOU1;29;18510.05:344295.09:649364.75:24971.38
1699060617;WAOU1;30;18779.25:334516.09:656025.75:24321.93
1699064280;WAOU1;31;19356.35:338925.31:651567.63:25619.88
1699067939;WAOU1;32;18400.65:326795.75:646477.31:23446.00
1699071601;WAOU1;33;18505.10:333591.66:646440.38:25495.61
1699075263;WAOU1;34;17517.76:334173.13:647120.25:23768.54
1699078926;WAOU1;35;18300.22:333382.41:648123.75:25029.44
1699082585;WAOU1;36;17367.41:334351.44:640378.56:24811.82
1699086248;WAOU1;37;18682.83:326869.41:651112.69:24545.45
1699089907;WAOU1;38;18626.54:349790.00:653344.00:24190.81
1699093569;WAOU1;39;19213.55:334587.00:652222.25:31007.48
1699097228;WAOU1;40;19043.61:337236.03:668378.25:33678.33
1699100890;WAOU1;41;17986.18:333041.81:636532.13:36024.16
1699104549;WAOU1;42;18364.42:321779.66:618886.81:34142.02
1699108212;WAOU1;43;18324.29:317721.28:615407.88:33959.80
1699111871;WAOU1;44;17922.92:310341.91:591158.63:33958.74
1699115533;WAOU1;45;18211.82:306959.78:615184.00:32595.05
1699119195;WAOU1;46;17916.78:324507.28:622621.69:30512.64
1699122859;WAOU1;47;18184.80:322422.41:627644.50:27870.59
1699126521;WAOU1;48;18502.97:326184.78:628414.81:25279.76
1699130184;WAOU1;49;17626.10:322764.28:631656.63:25380.54
1699133843;WAOU1;50;17439.64:320542.16:619270.13:24204.15
1699137505;WAOU1;51;18229.88:321735.41:626887.75:25351.98
1699141164;WAOU1;52;19313.16:330046.53:629271.38:24274.13
1699144826;WAOU1;53;18203.80:318087.84:629527.81:23729.95
1699148485;WAOU1;54;17627.05:324427.16:620357.50:24084.24
1699152148;WAOU1;55;18820.44:334257.97:639174.88:29667.04
1699155807;WAOU1;56;18871.66:327624.94:625822.31:35382.14
1699159469;WAOU1;57;18379.53:317932.44:597553.19:34280.93
1699163131;WAOU1;58;18977.17:311170.50:596068.88:34258.03
1699166794;WAOU1;59;17629.05:314008.59:598389.81:34705.79
1699170453;WAOU1;60;18504.04:320611.78:614103.44:33747.61
1699174116;WAOU1;61;18335.39:317604.81:619149.94:33719.64
1699177778;WAOU1;62;19056.71:316211.75:594473.38:33440.41
1699181441;WAOU1;63;16715.60:319877.81:614347.50:32323.61
1699185100;WAOU1;64;17583.97:319774.44:606545.13:28757.25
1699186996;WAOU1;1;17546.91:320476.06:649919.50:31884.23
1699187079;WAOU1;1;13310.81:315332.97:633653.31:24813.82
1699190741;WAOU1;2;17416.62:329477.22:644807.81:30669.96
1699194404;WAOU1;3;15903.76:310492.16:642065.38:29669.05
1699198066;WAOU1;4;18160.72:308746.09:623729.25:27380.70
1699201729;WAOU1;5;16532.56:314363.00:610999.69:26813.86
1699205391;WAOU1;6;17229.21:303563.94:618033.38:27274.48
1699209055;WAOU1;7;18093.45:328619.94:629887.75:27311.30
1699212717;WAOU1;8;16363.56:330067.19:633484.19:26256.82
1699216380;WAOU1;9;18142.67:315613.97:637339.81:28709.10
1699220042;WAOU1;10;19303.01:321156.41:633570.00:27593.37
1699223705;WAOU1;11;18615.44:315479.31:602303.00:32957.60
1699227367;WAOU1;12;18334.33:323985.41:617415.81:34860.27
1699231030;WAOU1;13;17003.92:319425.59:631007.75:32620.90
1699234692;WAOU1;14;18031.26:328244.06:626988.44:31341.12
1699238355;WAOU1;15;19780.04:326540.72:621818.44:28594.39
1699242017;WAOU1;16;18730.98:310059.84:630333.50:27753.99
1699245681;WAOU1;17;18395.58:318295.69:628401.94:25736.96
1699249343;WAOU1;18;18257.97:321453.59:635858.38:26249.62
1699253006;WAOU1;19;18798.37:312844.34:630968.94:27633.25
1699256668;WAOU1;20;18005.18:330635.09:642670.44:26870.04
1699260332;WAOU1;21;19310.09:334097.00:630398.44:26843.48
1699263995;WAOU1;22;19402.62:316756.16:648481.50:26374.13
1699267660;WAOU1;23;18043.29:317510.28:641329.38:29060.67
1699271322;WAOU1;24;18140.66:337737.13:637546.38:27558.67
1699274985;WAOU1;25;18468.87:316766.31:643431.50:27276.61
1699278647;WAOU1;26;18367.49:320033.59:624990.19:28117.13
1699282310;WAOU1;27;15970.56:309894.63:635203.63:26540.42
1699285972;WAOU1;28;17787.43:314712.44:624915.44:26782.23
1699289636;WAOU1;29;17900.73:308694.41:634796.81:26362.80
1699293298;WAOU1;30;18614.50:316257.28:616569.19:27178.42
1699296960;WAOU1;31;17959.03:331962.56:633653.31:27640.45
1699300622;WAOU1;32;18581.34:316889.41:636432.88:26065.04
1699304285;WAOU1;33;17888.81:323210.16:635216.69:25855.21
