24747,288704220.00,271188900.00,288292480.00,273324990.00
24747,282455360.00,286076610.00,304798340.00,271990500.00
139238,270676030.00,286076610.00,303515680.00,276707900.00
24747,277400480.00,291974430.00,290289280.00,288865980.00
139152,286482050.00,293938750.00,285269150.00,270896610.00
253554,275347710.00,279400640.00,279946980.00,291627620.00
24682,300246270.00,295581790.00,299713980.00,265878110.00
24681,298646400.00,275568580.00,289620610.00,244531700.00
24681,126595380000.00, INF, INF, INF
24681,334866810000.00, INF, INF, INF
24681,32643359000.00, INF, INF, INF
24681, INF, INF, INF, INF
24681,17744142000.00, INF, INF, INF
24682,115930490.00,117227350.00,112945620.00,116800790.00
24682,164630100.00,161338420.00,160741570.00,154870050.00
24673,14274.77,81537.38,6156.13,472940.09
24673,14292.83,83552.40,6429.58,632948.19
3686427,15512.30,85693.82,7742.99,383869.69
7348782,15921.70,86798.58,8880.56,375835.78
11011655,16111.59,92255.10,8188.51,366751.19
14674398,17057.97,94685.79,8618.56,372055.59
18336254,15970.56,95654.23,8606.76,378498.97
21996088,15421.42,94115.65,8985.00,374351.03
25658028,16502.46,97329.26,8566.40,372784.94
29322173,15824.81,97871.19,8914.08,374584.34
32980811,16578.46,97820.91,8388.19,366171.59
36643233,16385.51,97600.22,8769.27,370441.69
40304858,17126.07,99124.18,8849.99,379041.03
43963739,15577.09,97960.05,8442.36,376379.38
47626437,15917.69,99106.59,8371.55,369503.13
51285607,15548.18,99594.01,8125.48,367542.38
54945617,15813.83,97462.38,8047.71,385535.97
58607346,14375.44,97466.98,7670.17,382014.00
62269631,15980.59,98299.00,7619.07,385592.03
65932047,15764.86,96551.16,7672.30,377892.72
69594526,14724.18,98065.21,7673.24,384874.97
73257250,15303.53,97870.01,7283.20,391436.84
76919065,14629.41,99069.18,7606.33,389573.81
80578201,15494.24,101214.14,8649.13,383003.56
84240736,15690.86,99971.54,8604.75,397823.81
87899875,16473.43,101002.54,9288.54,388952.09
91562644,15620.99,104687.63,9210.77,402631.00
95225300,16358.48,101426.93,8765.37,394023.06
98888239,18684.84,104981.13,8730.91,398508.78
102550979,16730.59,105894.70,8955.50,398457.44
106213890,16899.83,105885.27,8960.34,385134.50
109876249,16122.57,105154.15,8765.37,399552.78
113538121,16829.72,103834.01,8885.51,381389.81
117198379,16842.71,106738.41,8960.34,399217.38
120860269,16522.53,106066.66,8988.90,400052.44
124519442,16587.55,106942.70,9785.75,385844.38
128182341,15444.32,105315.13,9118.01,356761.38
131844956,15525.16,106118.94,9279.69,362179.19
135507429,17896.84,106506.98,8723.00,348946.75
139166761,16976.89,106814.53,8936.73,363539.94
142828607,15665.01,106244.74,7641.73,361383.41
146488462,15566.11,104823.82,7757.74,375393.81
150150614,15339.52,103319.22,7512.03,372361.38
153813183,14739.17,104503.16,8149.09,381530.94
157475555,15282.64,104045.49,7696.85,379861.38
161138485,15360.53,105188.49,8218.01,385586.38
164800702,15915.68,106325.23,8205.15,383843.63
168459750,14383.46,103077.28,7899.36,385834.91
172122667,15586.06,106359.81,8429.50,352781.25
175784921,15695.93,108082.16,8619.62,366720.25
179447391,15475.24,105426.53,8563.45,361686.47
183107261,16246.48,106936.80,8698.34,367052.97
186768693,15589.13,106599.51,8592.01,350167.53
190428561,16199.51,104688.80,8543.74,372178.22
194090483,16615.64,105612.52,8833.35,368738.94
197750401,15751.87,106204.27,8706.25,380228.28
201412174,15861.75,105655.25,9479.97,373678.56
205071977,16996.84,110907.60,9456.25,382279.88
208733893,16588.50,110573.73,9028.32,401580.53
212393185,15547.11,112954.14,8866.75,399987.53
216063281,15954.63,112275.90,9004.71,407618.19
219722587,16318.47,112890.41,9140.79,394367.44
223385784,16750.65,112179.95,9416.83,374034.97
227048463,16796.68,111289.51,9360.65,380569.47
230711376,14941.57,110011.85,7688.94,379150.19
234373837,14999.28,103543.45,7630.87,350779.69
238035683,13300.89,103020.63,7409.83,349380.72
241698340,13436.02,100610.13,7599.48,362204.47
245359090,13228.31,101743.45,8559.43,373386.69
249021615,14696.21,102725.83,8078.28,373208.72
252683549,15173.94,104961.07,8082.17,376403.34
256343797,16443.57,107147.23,8443.30,376893.94
260005683,16148.53,107491.95,9486.81,383485.78
263668312,16634.52,110286.84,9805.46,394187.72
267331261,16800.69,112701.94,9958.53,399106.91
270993816,15866.70,111919.72,9408.92,387358.06
274657317,15765.80,114227.66,9719.66,411864.44
278319668,17752.38,114144.58,9732.52,412604.16
281981515,17034.84,111782.94,9303.41,416388.75
285642070,16841.64,115780.53,9757.19,415188.63
289303800,17499.71,114144.58,9640.71,404598.47
292960773,17594.00,117549.61,9538.15,399284.03
296622227,16984.92,118695.45,9615.10,414818.28
300284980,16518.51,118648.12,9508.53,396378.09
303947888,16957.77,120223.17,9492.71,392338.03
307610529,16569.50,120609.09,9839.09,403677.47
311269768,17022.92,117655.12,8724.89,410354.53
314932347,17311.35,116187.58,8315.37,406069.22
318594244,15857.73,115208.51,8432.45,397905.59
322254277,15848.77,117721.68,8262.27,402165.78
325915944,15965.60,116547.65,8604.75,395706.72
329575031,17482.71,116997.65,8213.05,367953.66
333238340,17118.98,115518.54,8459.12,338386.69
336900543,16052.58,113109.09,8187.44,357137.63
340562384,16439.56,117731.48,8740.71,376471.56
344222931,16648.57,114297.53,8669.78,385179.22
347884764,16510.49,116510.23,8788.98,375603.78
351547452,17055.96,114539.59,8618.56,349773.94
355209249,15803.80,115242.38,8361.64,385758.31
358866612,15929.61,117330.45,8314.43,390954.63
362530828,15836.73,116090.92,8333.08,380946.06
366193921,16056.59,96877.72,8260.26,387017.34
369856325,13993.18,102743.53,7577.88,384710.69
373515343,15149.99,103821.02,8035.91,377170.69
377184632,14593.53,106356.16,8606.76,383018.44
380841719,16264.54,110365.79,8440.35,387837.78
384503391,15966.67,109767.09,9316.16,383828.75
388165844,15800.85,108624.21,9729.57,395064.22
391828131,16583.54,113755.83,9806.52,391176.84
395487447,16324.49,113238.91,9057.94,390514.06
399150064,16060.61,112567.52,9008.61,348362.94
402809201,16579.53,107508.59,8315.37,351486.50
406472002,13790.07,106733.69,7145.71,334786.34
410134111,13217.45,103816.30,6930.80,495570.72
413795810,13245.19,100455.05,6281.58,502167.66
417458087,13461.87,99924.69,7597.59,513875.66
421119090,14203.13,105062.80,7802.00,527590.31
424778091,15319.58,104645.02,8182.60,545737.81
428440903,14874.65,105465.59,8234.77,549122.00
432103483,15749.87,109919.92,9337.88,571068.94
435761624,15795.89,108724.29,9500.62,579436.56
439421693,15453.29,109216.77,9644.72,597704.94
443084006,15896.68,110637.11,9302.47,586302.94
446743320,16249.43,114210.79,9173.24,605121.88
450406361,17051.95,113148.75,9532.13,617716.88
454068318,16168.59,114295.05,8864.86,610741.56
457727198,16417.49,112739.23,9087.44,615555.50
461387171,16396.48,116969.80,8985.00,649165.75
465049149,17283.26,118863.02,8695.39,651431.81
468708741,16831.73,119003.82,9030.32,680325.38
472371586,17993.02,117498.75,9364.55,1008212.40
476031473,15828.82,122096.93,9315.22,1476230.60
479693576,16617.53,120259.64,9231.42,673452.88
483353839,16147.58,119455.71,9518.44,531564.44
487015155,16483.58,118153.27,8897.32,539829.44
490675387,15970.56,111592.58,7824.66,592950.25
494337025,13620.01,108574.05,6558.92,571290.31
497999406,12491.41,104777.55,6585.48,568131.63
501663598,13207.42,104076.30,6388.39,561643.25
505326344,14292.83,105400.34,7955.42,559082.50
508987461,14815.88,104677.01,8248.46,548511.81
512646739,13755.26,107279.16,7971.12,557520.31
516309883,15455.30,110874.09,7923.91,563497.44
519972415,16639.60,110013.16,8744.60,607313.06
523634269,16103.56,111378.02,9163.45,616745.13
527293343,15968.67,113546.70,9189.05,640223.81
530955802,16059.66,112445.13,9022.42,649237.50
534615034,15877.68,115831.28,10552.27,653490.94
538277294,15840.74,116400.24,9560.81,670858.63
541937224,17003.92,117089.58,9366.43,668049.81
545599097,15383.42,116919.05,9687.09,727654.00
549259487,16014.58,118285.33,9405.03,720820.81
552921663,17893.88,120591.98,9733.47,724403.38
556584338,16158.44,122498.78,9491.77,727249.13
560246648,16996.84,124728.60,9482.92,724232.00
563906665,17109.07,113059.77,9873.67,715669.00
567569114,17713.32,116800.44,10379.38,569564.00
571228140,17401.52,118217.47,9325.13,559871.94
574890791,16481.46,118697.92,8998.81,584876.44
578553522,14610.53,110013.16,6600.23,586600.13
582215404,13825.95,105626.80,6205.11,554252.19
585877639,13531.50,106837.07,6572.73,541571.50
589538257,14667.41,103649.78,6599.17,572680.31
593200811,14447.19,105824.72,7847.20,572036.81
596862773,14938.50,107499.15,8822.49,542772.19
600525539,15488.34,109947.41,8481.78,563006.69
604187372,15684.01,111757.80,8656.92,566386.13
607847310,16471.54,113757.13,9377.41,586246.75
611509226,15907.77,112355.09,8659.98,612545.00
615169433,15931.73,115282.15,9329.97,647668.13
618830146,16812.73,116164.56,9647.55,639145.94
622490727,16811.67,115303.87,9408.92,633713.19
626152581,17508.79,119337.93,9050.03,645853.50
629815374,15930.67,116648.08,9574.62,644549.25
633484745,17428.66,115945.99,9327.96,648415.25
637145253,15312.61,119151.93,9213.60,643470.94
640806708,17286.33,120336.35,9577.57,654678.31
644466598,16617.53,118011.30,9153.53,642891.69
648128437,16601.48,119134.94,9431.58,670036.50
651787256,15501.21,119549.30,9452.35,643818.88
655450147,16234.45,118864.20,8811.52,652877.75
659112660,15486.22,119680.65,8188.51,638409.88
662781971,15644.01,118537.66,8407.90,625819.81
666442431,14893.65,116664.95,8338.98,611490.88
670103456,14398.33,114819.05,7681.03,615074.69
673766368,15515.13,113071.92,8338.98,595497.75
677428354,14691.25,111817.88,9429.57,612894.94
681091005,14727.13,115145.84,8246.57,621241.56
684752867,15684.01,115506.50,8439.41,601624.88
688415457,15442.31,115394.27,8404.00,540492.94
692077345,15849.71,115850.52,8319.27,559480.69
695737150,16252.50,115104.77,8326.23,361129.19
699399332,15554.08,116697.65,8414.86,359915.41
703061868,16226.42,104142.51,8053.73,362168.22
706723803,15232.83,101116.55,7559.24,365848.47
710384210,15412.46,100884.99,7903.26,363042.63
714044653,14844.79,100973.03,7028.87,375907.66
717704537,15212.89,100989.55,7681.98,366883.84
721366318,14964.34,101189.36,8297.67,372319.34
725025548,16154.55,102460.64,8474.81,378911.56
728687945,15428.39,104701.91,9867.65,379620.50
732348406,15799.79,106413.16,9306.36,379474.25
736010158,15580.16,108488.37,9657.46,365864.88
739672900,16389.52,109704.89,9599.28,371006.66
743334880,15199.79,109306.34,9757.19,360212.31
746994076,16095.54,108437.03,9480.91,360104.34
750655905,14442.12,106636.33,8230.75,326112.91
754315049,13989.17,104343.48,7755.74,320121.75
757977097,13348.57,101386.92,7614.23,692708.44
761639567,14204.20,104125.87,8016.32,670515.50
765301111,14741.06,104190.89,8789.92,684564.63
768963340,14931.54,107453.95,8711.20,706349.81
772626219,15544.16,110357.41,9331.97,738400.19
776288690,16469.54,109811.23,10161.99,763249.81
779950445,16326.50,110007.25,9904.24,743301.94
783610946,16787.71,113205.28,10375.36,772209.44
787273057,17108.13,114952.88,10789.49,812248.63
790935612,17170.09,117114.95,10417.85,831191.44
794598496,17437.63,118968.65,10358.49,844724.81
798261355,17300.38,121033.13,10556.17,854098.94
801924510,16191.61,118913.89,10599.71,858562.38
805587251,17478.70,119503.15,10528.55,859376.00
809249051,18137.59,123027.02,10142.28,860284.81
812909902,17495.70,123790.84,10140.27,845619.63
816571340,18783.26,126696.54,10386.22,1285243.60
820231555,18206.87,128978.98,10013.76,1325215.40
823893382,17511.75,128260.02,10364.51,1186086.00
827553606,17938.02,131930.36,10220.17,491437.53
831215556,18827.52,130003.61,10681.74,523261.69
834876057,19068.75,125561.21,9447.39,523456.06
838537924,17369.54,123600.95,9075.64,561118.19
842200928,15313.56,121877.19,8969.19,565152.94
845861338,15129.10,118975.85,9183.15,564231.75
849520494,14932.48,118745.24,8763.37,545058.19
853182364,14992.31,119206.70,9316.16,542426.50
856842499,15964.66,121129.43,9601.29,544032.81
860504282,16564.54,122792.17,9969.38,540150.69
864167120,16644.55,124093.43,10454.44,536396.19
867829999,17001.91,125335.09,11083.35,549704.63
871492613,17160.17,126898.46,10579.89,562563.81
875154411,18128.50,127212.63,10206.36,612205.38
878814650,18356.39,128495.83,10233.15,605013.88
882476567,16213.44,130162.23,10177.80,595011.44
886137140,18467.92,131643.47,10503.77,611863.25
889798313,18358.40,131264.63,10400.97,597284.44
893458856,19138.02,132852.19,11030.83,594815.38
897120707,19302.07,135381.30,10368.40,600622.44
900780797,19434.84,138119.06,10516.63,598130.75
904442759,19424.80,137079.45,10753.96,1297928.90
908102682,19115.01,139063.56,9007.66,1337366.90
911764561,19730.71,139510.61,9552.90,601089.69
915423841,19556.51,130742.28,8653.96,539836.38
919086882,17758.40,131949.13,7304.79,563983.63
922749293,16644.55,126872.50,7669.23,534613.06
926411172,16678.54,124441.58,6871.91,592554.56
930073563,16070.52,122013.97,6367.85,581960.38
933734965,16623.55,124393.78,6584.53,627556.56
937397361,17947.94,123561.77,7589.69,623184.38
941059245,18636.69,127151.02,8112.74,621018.50
944722281,19025.43,129486.23,8059.51,627882.31
948383721,20355.25,131319.27,7909.16,625541.44
952046512,21102.65,131421.13,7971.12,629170.31
955708964,21971.62,133014.00,7918.01,631409.94
959367930,21839.08,134657.73,7850.15,620278.19
963030779,23926.81,133810.38,7584.85,617686.19
966693263,23581.84,136375.13,8559.43,599050.19
970355277,24741.60,136120.80,7522.89,616615.06
974019176,23878.18,139104.98,7749.95,615239.94
977680669,25342.89,136248.61,7319.54,644129.94
981343190,25036.52,135954.28,7967.22,616472.38
985005832,24106.66,137246.45,7819.58,497685.25
988668270,24951.20,136368.88,7984.81,417643.50
992330858,23958.32,135259.98,7710.65,365921.06
995993443,22999.90,132598.34,7700.74,376298.31
999655316,19658.24,123795.67,7179.10,386646.66
1003315252,15931.73,118833.88,7009.28,388539.28
1006977085,14814.93,113603.23,7118.21,390047.66
1010640636,14152.39,111977.31,7257.59,405426.59
1014302466,15085.19,109089.20,7459.04,418704.72
1017964894,14736.10,113587.54,7947.51,388119.03
1021626767,15665.96,112219.60,7033.82,385674.19
1025290492,14869.69,111167.36,7379.38,387189.53
1028952267,16278.47,113178.73,8161.83,397521.56
1032615094,17093.96,116610.55,7787.25,410013.81
1036277839,15544.16,116839.15,8140.24,402424.13
1039940485,16894.75,116858.50,8260.26,396717.88
1043602727,16945.85,118462.48,8564.51,389453.56
1047265480,16183.58,119292.84,8905.22,386642.88
1050928546,16572.56,118899.38,8267.22,392664.56
1054590794,16453.49,118782.77,8110.73,392876.06
1058253927,15725.91,120701.73,8265.22,388306.66
1061916644,16385.51,118369.01,7992.71,385435.06
1065578592,16108.52,119360.94,8248.46,373658.38
1069242054,15686.96,118480.65,8507.27,369324.31
1072903999,15775.83,121024.51,8344.88,374920.94
1076566881,16487.59,120063.73,8467.97,387065.84
1080228731,16259.58,119799.84,8755.46,387122.00
1083892001,16083.62,120466.64,8590.94,385709.81
1087550361,16135.55,119012.20,7573.05,379714.91
1091209697,14294.71,119912.91,7956.37,377525.22
1094872270,15364.54,116992.80,7794.09,364914.38
1098534821,15214.78,115671.84,8103.89,360410.47
1102196684,15162.97,118731.91,7799.99,356883.19
1105855934,15570.13,114602.25,7456.09,356410.63
1109517908,14990.43,118662.75,8101.88,368780.84
1113180342,13869.74,120603.07,7681.98,380929.41
1116842157,14558.72,121466.02,7429.54,374928.38
1120501996,14624.46,120710.23,7750.90,381274.75
1124163799,14694.32,119308.77,7861.95,386034.97
1127820841,15810.76,120553.03,7941.61,369729.47
1131481235,14775.04,122040.76,8321.27,378611.78
1135140801,15904.71,123868.02,8257.43,360201.59
1138803194,15370.44,123872.98,8290.83,348828.28
1142466400,16271.50,124239.41,8179.65,352834.84
1146128229,14719.22,121744.18,8221.90,354510.56
1149787362,16324.49,123870.38,8496.41,373452.78
1153450161,16334.41,116983.13,8565.45,386661.50
1157112824,15323.47,116308.30,8194.41,388612.34
1160774737,14837.83,114131.36,7965.10,397008.44
1164435241,15587.00,112527.98,7937.60,403167.41
1168096879,15466.27,110277.27,7909.16,404562.00
1171759727,16470.48,109437.59,7979.97,405745.97
1175421504,16574.45,108244.20,8133.39,396607.75
1179080776,15658.99,111709.88,7665.33,387052.75
1182743585,16735.66,106118.94,7520.88,407928.69
1186406128,17348.53,107362.37,7140.87,395066.00
1190068851,17007.93,108893.52,7559.24,394651.28
1193731379,16273.51,110561.93,7583.79,375371.75
1197393651,16277.52,111103.87,7590.63,381393.47
1201056338,15045.30,110725.74,7666.28,376254.06
1204718222,15875.79,112988.95,7661.44,372906.03
1208378252,14585.63,111102.57,7812.86,385778.88
1212038936,15825.75,107881.05,7453.14,379779.81
1215699201,15345.54,107635.93,8098.93,370238.94
1219360301,15749.87,106941.64,7912.11,364126.25
1223020274,15793.77,106991.55,7877.65,358350.00
1226681734,15724.85,108563.43,7628.04,369769.59
1230341020,16235.51,108167.95,8231.70,382741.22
1234002950,15003.29,109344.47,7792.09,367627.81
1237665937,16692.59,106669.61,7789.25,369632.56
1241327907,16245.54,108064.34,8294.72,374022.00
1244990226,15076.11,108770.79,7867.85,358610.47
1248652082,15241.80,109726.49,7820.65,370898.91
1252311956,15045.30,108055.95,7859.00,384207.09
1255973752,15796.84,104931.45,7319.54,382177.56
1259636499,15600.10,103044.23,7009.28,383126.53
1263298382,13536.45,103975.75,7507.19,370295.59
1266961434,15899.75,104349.27,6790.47,379479.81
1270623415,14225.08,106371.62,7015.18,382471.44
1274287131,13894.64,105265.44,6655.11,360540.19
1277950649,14817.88,106003.88,7492.44,378654.41
1281609697,13224.30,108030.94,7245.78,373823.72
1285271888,13655.77,106357.34,7862.90,385664.97
1288934310,15946.60,106021.58,8255.30,387011.66
1292596189,96682280.00,97251672.00,100135160.00,1482106.00
1296259109,87570648.00,94096712.00,90555584.00,1469839.80
1299920971,77769552.00,79299128.00,83253480.00,1432749.80
1303580983,73210720.00,76605080.00,81874912.00,1436499.60
1307242411,61538024.00,68145504.00,68682824.00,1360998.10
1310905139,69190120.00,72309032.00,77653200.00,1400982.40
1314567822,74975976.00,78976280.00,81295584.00,1418358.00
1318230334,71923416.00,74844448.00,75370488.00,1339234.90
1321892820,78630976.00,80018400.00,82153000.00,1318407.60
1325555629,79089784.00,79427248.00,82228320.00,1365799.40
1329217544,81624320.00,81308632.00,84794072.00,1415675.30
1332880417,84439688.00,89622248.00,87779664.00,1451933.50
1336538336,85137120.00,84707672.00,87008360.00,1439369.10
1340201966,83281512.00,87655352.00,91593304.00,1511679.60
1343860661,89645992.00,90382336.00,90979752.00,1488009.50
1347523186,82017376.00,87733384.00,89339200.00,1451150.50
1351184927,88858384.00,97194064.00,96748488.00,1453671.90
1354847506,103484530.00,108309120.00,119120410.00,1517396.30
1358509337,191113740.00,204235140.00,227111570.00,1569083.30
1362172016,116405170.00,121607020.00,130812580.00,1378958.00
1365832776,104046900.00,112461240.00,111978500.00,1514290.30
1369495128,89001696.00,91129928.00,92637928.00,1468907.60
1373156943,90357408.00,95198936.00,96786232.00,1446300.30
1376816021,95620568.00,95722280.00,98029456.00,630657.69
1380478215,74013272.00,74787432.00,74505824.00,676411.69
1384140602,68875544.00,68103168.00,73248920.00,710619.69
1387802558,65538896.00,68430288.00,68639832.00,630688.88
1391466071,49744824.00,52485076.00,51376384.00,803341.63
1395127864,49982232.00,50739924.00,52536360.00,1123287.90
1398790769,50253216.00,50466580.00,51160928.00,1160478.60
1402452558,51634948.00,50642412.00,51645888.00,1185482.80
1406111647,49090092.00,48319592.00,50167864.00,1147281.50
1409774118,44243084.00,45503588.00,46806852.00,1174103.00
1413436919,53609544.00,55646180.00,55643092.00,1183606.00
1417098831,54565332.00,53837356.00,55240920.00,1180815.10
1420758952,60502044.00,62606388.00,63036680.00,1182888.00
1424420702,73896936.00,75221368.00,73670192.00,1154331.60
1428079961,62674252.00,64855688.00,67072568.00,1076152.40
1431742994,45731044.00,49258816.00,48565580.00,1134909.30
1435405029,37626988.00,38357532.00,38614532.00,1389522.30
1439067020,82187648.00,82668256.00,89162688.00,1412536.50
1442727213,162969040.00,163985250.00,171924180.00,1561147.80
1446387812,204316290.00,218986320.00,217988660.00,1658450.60
1450050254,205825600.00,221594640.00,213584560.00,1552342.00
1453709128,147729260.00,150350560.00,155205410.00,1571057.00
1457371451,90596768.00,90530560.00,90904856.00,1449962.90
1461033196,75740744.00,81854416.00,78436640.00,1440517.60
1464696042,79369352.00,83597384.00,83995568.00,1564216.90
1468357315,79818504.00,80803488.00,87499688.00,1551245.10
1472016506,86604416.00,87437880.00,92266992.00,1523519.90
1475678815,87927176.00,87145832.00,87453704.00,1539383.30
1479338061,67985640.00,70381912.00,71190832.00,1531862.80
1483000724,59709580.00,63844040.00,63918636.00,1484105.00
1486663915,57248532.00,59186704.00,60666760.00,1518222.40
1490321959,49549932.00,53588880.00,52852296.00,1417493.50
1493980796,50346728.00,53313932.00,53030212.00,1442969.90
1497643532,53855028.00,56589872.00,56780212.00,1424397.90
1501306153,50808844.00,53995052.00,55646180.00,609704.81
1504968762,48252464.00,48237988.00,49651020.00,625768.25
1508631713,51212064.00,50803416.00,53698424.00,650211.63
1512293637,41277348.00,46373320.00,47430872.00,666160.13
1515953458,41303868.00,42350080.00,42900352.00,782684.13
1519615462,40493288.00,40633004.00,40839296.00,1126640.30
1523278715,38532656.00,41321620.00,41681644.00,1108700.50
1526940654,37451092.00,38498828.00,38749920.00,1254773.50
1530603356,37543272.00,38854560.00,39811264.00,1333954.50
1534265182,44090064.00,45735252.00,45403436.00,1323517.30
1537924380,47787620.00,47530680.00,48370236.00,1298353.00
1541586207,49537144.00,51018788.00,50703088.00,1338314.10
1545245469,45427084.00,46207720.00,48073492.00,1323073.80
1548908030,45067920.00,45497132.00,46238640.00,1304091.00
1552570544,43229968.00,45333460.00,45179356.00,1348728.40
1556232642,44088108.00,47172972.00,48071172.00,1340966.90
1559895095,46908740.00,47931292.00,47768836.00,1376428.60
1563557682,48317252.00,51311480.00,52837780.00,1373959.80
1567220521,53536128.00,56806588.00,57551672.00,1027884.30
1570882768,47806424.00,50141908.00,50419692.00,997511.06
1574545242,51501364.00,53992140.00,55112976.00,1105569.80
1578207108,44301700.00,46557932.00,49459300.00,948768.56
1581867121,41624192.00,44770280.00,45463228.00,986880.94
1585528985,42541820.00,44356500.00,44739436.00,555350.19
1589192067,57125292.00,61468800.00,62706288.00,754320.75
1592853863,40540920.00,41690596.00,41753860.00,711285.25
1596512793,43453168.00,44224960.00,44977976.00,773949.94
1600175193,43166388.00,44849288.00,45145496.00,836673.69
1603838242,34883032.00,35411736.00,36304424.00,1066135.30
1607501145,52311000.00,54301384.00,53689496.00,1035795.20
1611163495,49348968.00,49045440.00,49416676.00,773928.31
1614826470,57463988.00,59416060.00,60423468.00,969421.13
1618489112,41159444.00,42744844.00,42830136.00,538594.00
1622151271,45139348.00,47512092.00,49010976.00,560111.38
1625809995,35499644.00,37223408.00,37967260.00,605820.63
1629502389,36883236.00,37069860.00,38078540.00,780242.75
1633164864,35888932.00,36152700.00,36624420.00,861570.13
1636827154,41256188.00,44952956.00,44291624.00,959201.50
1640486376,37226368.00,39283988.00,38974052.00,1005830.10
1644148812,36344260.00,36954252.00,36656748.00,1000698.90
1647807856,46362300.00,48534136.00,49446800.00,1033318.20
1651477251,48978964.00,49811112.00,50216820.00,1035025.70
1655137117,33638172.00,35230748.00,35661976.00,1019444.40
1658798911,36707056.00,38492672.00,39480408.00,1022646.90
1662458232,37331892.00,38955140.00,38992984.00,1021028.60
1666128289,38867260.00,41577712.00,41723084.00,998767.50
1669791355,40684472.00,41847696.00,43079784.00,829542.38
1673453395,45812988.00,47694060.00,49105080.00,724426.50
1677112487,39386748.00,40669084.00,40362740.00,694191.44
1680774958,37913240.00,39402772.00,40179552.00,680664.19
1684438236,42361120.00,42984020.00,43260880.00,810540.69
1688100085,39619728.00,41200044.00,41584868.00,930664.13
1691762703,34630692.00,35217860.00,36208600.00,982680.13
1695425728,50652940.00,52697752.00,54153652.00,1055281.00
1699084324,49534684.00,50495420.00,51838212.00,1136408.40
24680,323200450.00,326979870.00,367153220.00,1596678.50
24673,14102.58,121256.30,5418.88,1580397.50
3687267,13768.24,120174.55,7573.99,1479598.60
7349573,14439.17,118964.99,8097.04,1259015.80
11011273,13500.70,117915.59,7709.59,1346473.10
14673915,13703.57,116241.98,7660.50,1298481.90
18335806,14112.61,120097.84,7441.34,1347476.30
21998339,13951.29,118829.04,7457.03,1327710.80
25660108,14060.80,119993.16,7679.14,1377762.30
29320325,14613.48,119886.12,7410.89,1345191.10
32981645,14806.91,120022.31,7541.53,1032587.20
36641460,14023.87,120652.99,7557.35,1030041.40
40304338,14478.00,120717.55,8172.69,1077734.30
43966462,15429.33,121933.24,7281.19,994380.06
47628594,14807.85,119831.36,7404.04,970399.81
51290964,15221.86,117523.06,7275.41,987506.44
54953712,14341.57,118115.63,7424.70,971314.69
58616025,15064.19,118770.73,7456.09,962937.63
62279181,14813.87,118769.55,7543.54,579811.19
65941374,16060.61,117729.00,7414.78,575167.88
69603842,15274.61,117844.06,7245.78,589085.19
73266506,15025.36,116095.64,7731.19,585844.44
76929265,14390.31,116769.05,7345.15,641452.75
80592297,14175.28,115912.13,7706.64,594381.56
84253124,14561.67,114997.49,8285.87,951466.81
87912401,13609.98,114758.86,5986.66,1469068.90
91574185,14952.42,109281.33,6309.08,1544998.50
95236354,11928.12,108190.61,6017.93,1464509.90
98897309,13938.42,105618.43,6438.43,1439613.90
102559993,11851.88,105687.23,6970.92,1315081.60
106221817,13273.98,105933.89,7793.15,1121125.10
109884644,14823.79,109814.77,7939.61,1177238.30
113546494,14392.32,111091.83,7654.48,1140303.90
117209033,15632.09,113772.83,7987.76,1114645.30
120870781,15135.00,115891.59,7433.43,1099275.40
124530281,14616.55,112745.13,7656.48,1082613.30
128192881,15257.74,116522.39,8025.17,1104213.30
131855519,15364.54,118012.48,8183.55,1063929.80
135513789,16525.48,117589.62,8211.16,1099603.00
139174013,16757.62,119432.70,8880.56,1090990.10
142835895,15543.10,119301.34,8817.54,1089204.50
146498426,16418.43,122183.67,8443.30,1128849.90
150161264,16296.52,117401.98,9285.71,1132050.80
153820148,15336.57,123281.47,8917.03,1133728.40
157483180,16023.67,123035.64,9069.74,1128836.60
161145717,16720.68,121938.20,8356.80,1085505.60
164808767,16061.55,120913.58,7948.46,1054244.80
168471046,14157.34,117974.95,7454.08,1179192.60
172133294,13571.27,117333.99,7767.54,1194214.40
175796269,13954.24,117684.15,6531.54,1351145.10
179458093,12742.55,116677.11,6048.38,1348836.50
183120565,14002.03,114631.16,6693.35,1269295.80
186780933,14380.40,114569.68,6595.27,1244891.00
190439917,14246.92,116679.47,7567.97,1094596.50
194101725,15200.85,118957.67,7854.04,1101411.10
197760897,14649.36,117988.40,8244.56,1180526.80
201423143,14925.63,119483.80,8380.40,1141079.80
205083681,14350.54,119288.01,7417.73,899052.06
208747609,15818.79,119193.36,7794.09,882279.00
212410927,14879.73,119409.56,7755.74,755204.19
216072851,16487.59,120534.86,8167.85,686932.56
219731873,16178.51,121272.11,8090.08,693483.06
223394380,17123.00,120412.95,8002.63,724078.25
227054260,15808.76,123495.67,8718.05,778953.25
230716087,17051.95,124970.41,9029.38,794016.25
234375411,16961.79,125010.90,9745.27,829029.25
238037253,17704.23,128116.76,9018.52,825533.63
241697426,16448.53,130038.31,9134.77,950317.56
245359282,18255.02,132051.09,9006.72,1069044.60
249022270,17440.70,132037.41,9063.84,782042.25
252684518,17423.59,129102.67,8221.90,829924.88
256344404,17298.37,127231.04,7621.20,1052229.00
260007048,17507.73,126474.90,7469.78,996275.19
263667241,15688.97,126578.28,7732.13,1285453.00
267330848,15458.25,125050.20,6649.21,1340848.40
270993826,14946.52,122310.78,6697.36,1443215.50
274655758,16870.68,120555.51,7710.65,1300044.60
278317965,17333.42,121401.22,8049.83,1281864.50
281979728,18305.18,122581.98,7303.85,1220298.80
285638676,17651.12,124720.10,6855.27,1065012.90
289301111,18333.26,126604.13,8380.40,1125552.40
292960166,20262.61,129308.02,8647.12,1129413.00
296629506,20742.47,127523.24,8304.63,1096443.00
300286892,21008.83,127745.23,9026.43,1045947.90
303947575,19930.04,128760.19,9677.29,1072550.40
307608137,21385.42,131324.22,9830.24,1107166.80
311269783,21808.75,133374.06,8863.80,1091781.60
314928744,21422.72,135171.23,8892.36,1218867.30
318591352,22882.47,136887.67,8577.25,1407134.10
322251247,20561.90,137304.03,8845.15,1497180.50
325913050,22205.17,138458.48,9127.92,1393319.30
329573439,21283.46,135862.94,8451.21,1063204.90
333235302,22831.72,139892.39,8839.13,959670.63
336895239,22861.23,137998.45,9245.23,710533.88
340557351,21274.25,135807.94,8144.25,818672.88
344220456,21034.09,135382.59,7281.19,1227655.50
347882184,19548.49,130677.84,6411.87,1525736.50
351544470,19102.97,126645.91,6413.88,1551672.10
355205681,19741.80,123356.18,6247.24,1475174.10
358868155,21506.63,123120.02,6681.66,1444566.60
362529564,23493.68,124641.62,7625.09,1205602.80
366188588,25085.38,130100.27,7584.85,1475810.30
369851035,25916.22,129755.90,7731.19,1286665.00
373514025,28518.50,132834.73,8321.27,1328856.60
377177150,28578.93,133715.61,9443.50,1333506.50
380839046,30637.03,137876.55,9246.29,1326645.00
384500835,31262.76,136697.08,9185.99,1342614.90
388161025,33027.94,139950.34,9076.70,1414692.40
391822946,33421.76,143483.78,8727.84,1387673.60
395483301,33042.45,144268.23,8536.89,1355971.40
399145115,34530.54,145836.69,8614.55,1370559.90
402808049,34474.71,147666.42,8477.88,1467535.90
406470685,35134.19,150597.97,9175.25,1436819.50
410130908,36637.73,147344.47,8905.22,1389008.40
413792590,36393.32,148680.78,9108.21,1405654.50
417455478,35076.13,150447.73,8894.37,1423201.50
421118431,36938.68,150409.14,8746.61,1404210.10
424777558,36518.18,149027.88,9694.05,1277454.50
428440448,36516.05,146641.09,7664.39,1200464.50
432099394,34332.62,147107.02,6187.52,1466915.80
435761549,32531.09,141398.30,6411.87,1595173.10
439423721,29123.22,139395.89,5408.14,1434779.90
443084404,29530.50,139620.25,5774.11,1512947.10
446746799,32251.38,133562.19,7022.02,1337302.60
450407760,35200.64,137857.78,7861.95,1421569.80
454070669,37018.93,138947.78,7830.44,1418197.80
457732989,37702.48,142607.84,7514.98,1415960.90
461395974,40420.06,147996.28,7595.59,1443946.50
465058204,40262.86,147817.13,8556.60,1365246.30
468718178,41031.63,149064.92,9628.91,1320677.60
472380173,44420.38,150631.36,9214.67,1331190.10
476042962,42627.46,151755.25,8867.81,1280219.60
479705109,44097.13,155179.05,8995.86,1283491.50
483364414,46668.37,155440.69,8340.04,1471340.00
487027529,47782.68,156772.63,8886.46,1404782.00
490690447,46216.48,158029.75,8623.52,1460714.60
494352784,47088.74,158137.73,9322.18,1529792.30
498016111,46058.57,156935.02,8936.73,1388734.40
501678715,47600.82,159742.30,8740.71,1570759.10
505337990,45793.62,160134.00,8775.17,1495453.00
508999746,46269.47,158261.42,9129.93,961266.81
512659937,47743.27,155239.94,8177.65,947974.56
516321775,43810.11,155759.45,7315.53,1422597.90
519984795,39690.95,152677.55,6010.14,1626767.30
523646479,37177.19,148624.36,6362.90,1624349.30
527308553,37669.20,145277.88,5864.16,1450721.30
530969260,36732.50,143869.58,5954.32,1596209.50
534632100,40028.13,142083.73,6687.44,1365865.10
538293766,44013.80,142825.70,7522.89,1508711.10
541955816,43792.17,144975.03,7605.38,1472920.30
545613706,43243.74,145889.08,7609.40,1435697.40
549273677,46197.36,149900.84,7675.25,1317582.00
552935838,45203.89,150763.67,7731.19,1320424.30
556598429,47018.64,152501.00,7873.75,1229186.10
560260830,49968.36,154865.70,8471.86,1183312.40
563920749,49900.98,153743.59,8424.66,1136002.10
567582624,51865.14,152925.16,8898.26,1184427.60
571239965,52573.00,156221.02,9581.58,1168821.50
574903639,53303.29,159045.64,9063.84,1223037.50
578563264,54611.87,164185.41,9104.32,1489089.50
582225816,54048.57,163522.86,9212.66,1525861.10
585885972,54694.83,166180.25,8789.92,1504489.10
589547764,56853.48,164627.50,8805.74,1476597.10
593207564,56859.98,164560.47,9504.51,1050969.80
596869362,52717.93,161507.00,7972.06,1043152.40
600529255,52462.42,162415.03,7532.68,1154808.60
604191063,50636.11,162238.13,7006.33,1482758.10
607853358,47774.19,159108.19,6093.46,1635456.90
611515003,46154.99,157006.42,5843.62,1486997.50
615174777,43277.50,157687.50,5917.15,1470933.00
618838431,44090.87,152765.23,5974.86,1511345.60
622500515,47610.38,151720.42,7104.52,1498494.40
626162371,50748.46,152406.94,7497.28,1507287.80
629824941,50401.02,153036.08,7703.69,1487682.30
633486711,50875.68,154738.95,7260.65,1430289.10
637146893,53910.84,158158.63,7925.80,1382421.10
640805596,53238.86,159389.89,8600.86,1344765.60
644467887,54769.18,160612.20,8419.70,1274271.40
648129972,58132.91,160825.34,8366.48,1275431.00
651792785,57254.04,158275.69,8980.05,1293302.10
655455654,58961.27,160390.09,8290.83,1215140.00
659118440,59248.17,155916.30,8970.25,1243604.80
662780623,61956.43,167821.98,9047.08,1296694.10
666443955,61915.95,168019.19,9762.03,1282527.40
670106846,63728.46,170306.48,9207.82,1343490.50
673769022,61089.59,174562.55,9054.99,1524443.50
677431719,63338.30,168335.72,9067.73,1369735.30
681091015,63226.53,170165.58,8573.24,880822.88
684753626,61665.88,169869.34,7752.79,952554.31
688412674,59892.07,169770.92,7646.69,1396739.60
692075393,54245.66,167554.67,6276.63,1578898.00
695737615,54102.50,165510.16,6373.64,1550059.60
699398718,52376.62,164348.50,5553.89,1434118.30
703061469,51881.19,163323.17,6111.99,1564049.80
706722671,53059.35,161601.30,6455.07,1530262.30
710385566,54809.07,161677.30,6891.50,1538732.50
714043809,55765.96,161564.59,6974.93,1498066.40
717705926,57018.00,162762.70,7743.93,1489599.40
721367744,57312.46,160647.48,7521.94,1544053.50
725026872,60341.72,163159.02,7832.45,1426091.50
728688729,61589.40,161558.11,7728.24,1452610.90
732348923,61108.13,165921.67,7749.95,1436557.50
736010674,62632.20,165597.13,8029.18,1421983.10
739673175,61258.71,168580.95,7574.93,1380855.00
743335540,60807.06,167231.91,8121.59,1367005.80
746998130,61737.86,164732.77,7569.03,1382565.50
750661013,61638.61,165917.66,7610.34,1383316.40
754323848,63512.49,166021.98,8231.70,1356455.30
757985612,64198.88,165100.28,8702.35,1354575.90
761646182,66419.13,168460.34,8930.83,1358795.30
765307027,64632.59,168205.89,8499.48,1349365.90
768967170,65459.06,40367.66,7204.60,1321310.60
772628996,65128.14,40789.22,7334.30,1370356.50
776291466,57893.34,35775.85,5724.19,1627504.60
779953195,54992.36,32373.18,6052.28,1678519.90
783615645,51508.37,32358.66,5821.08,1643786.50
787276498,48873.75,62235.07,5135.28,1462031.50
790938725,50232.13,155535.22,5959.16,1603268.60
794603339,54240.35,155453.55,6253.14,1537836.30
798266041,56040.35,157734.34,6411.87,1545944.40
801928548,59357.93,159986.47,7426.59,1580632.40
805590651,62321.58,36299.73,7905.15,1520485.40
809252475,62991.09,37131.40,7860.06,1445110.90
812911406,65458.00,38593.87,7731.19,1394598.60
816574223,63544.23,36961.57,7716.44,1375897.90
820232962,69067.09,40573.13,7875.76,1360632.50
823895713,68279.09,41980.25,8156.99,1400378.90
827558231,68901.04,42404.29,7975.96,1361183.60
831228077,70713.07,43588.59,8662.93,1350133.50
834887320,73865.31,42305.27,8489.69,1405971.40
838550000,74475.81,45542.60,8524.03,1384379.00
842213593,72412.28,43989.49,8817.54,1408042.40
845875073,75026.60,44201.69,8944.64,1378481.90
849538141,74635.84,48325.21,8669.78,1387400.00
853196717,73679.79,170984.73,8397.99,1342485.50
856856989,73117.09,160612.20,8592.95,1415789.50
860518747,71945.41,162328.52,7609.40,1583414.50
864181301,66021.53,108751.66,5761.36,1583035.80
867843077,61725.95,168629.94,5897.56,1634184.90
871505226,58167.61,166655.63,6091.46,1461728.90
875166672,59758.24,33769.32,6067.97,1551844.30
878829065,65522.91,36379.75,6883.71,1542317.40
882493016,68834.59,39455.39,7216.40,1474436.50
886152223,68141.01,168488.08,7892.40,1573338.30
889814156,71325.58,171067.34,7882.60,1532603.90
893473944,74542.97,171416.08,7856.99,1405082.00
897135840,75124.09,175127.95,8482.72,1422006.00
900794957,81062.59,174140.86,8537.84,1393380.90
904453278,79389.93,176783.03,8977.10,1394166.40
908116833,80886.98,177576.58,8833.35,1396003.00
911778928,85153.66,183347.27,9477.96,1399155.00
915438085,82171.59,180197.86,9766.04,1503622.90
919101218,84333.67,180766.00,8787.91,1551436.40
922763888,85249.60,188272.48,8963.29,1537060.50
926426697,89081.74,188919.92,8677.57,1593544.30
930086681,88431.34,188008.00,9031.27,1451804.40
933748455,90741.06,192243.41,8736.70,1586419.80
937408572,87594.84,193803.59,9102.31,1521574.80
941071040,86084.70,187924.45,9259.04,953605.25
944730046,84311.96,191610.23,8504.32,1175296.60
948391796,82121.68,188703.13,7975.01,1540760.50
952050991,74438.99,191126.61,5910.30,1626233.30
955712787,69355.05,192024.02,6229.54,1627430.00
959374869,67495.69,189705.33,6122.73,1518880.90
963035824,68792.46,186379.72,6010.14,1523881.80
966698301,75609.25,189220.52,7895.47,1414675.50
970360374,79133.60,190669.41,8245.63,1560081.90
974023096,81085.25,192106.73,7651.65,1655434.30
977684963,85553.27,197195.05,8410.85,1506893.60
981343833,89015.06,199772.42,8188.51,1448371.00
985006691,89027.69,192688.09,8612.66,1404096.60
988669329,92545.55,194261.73,9479.97,1397938.00
992332207,90126.66,195075.23,8936.73,1532428.30
995995035,92464.47,195410.88,9210.77,1550894.30
999657488,97396.99,197923.34,9036.22,1618020.50
1003316830,94398.89,199262.48,8797.83,1390042.60
1006980024,97894.55,206260.78,9389.21,1531429.60
1010642739,96341.45,206375.38,9487.87,1611462.00
1014304556,96393.85,209768.25,9053.10,1572651.10
1017965048,96526.73,208787.06,8617.62,1537956.50
1021627390,102363.98,209819.47,9573.67,1512984.50
1025290608,98141.09,210476.59,8801.72,1582042.50
1028952909,94264.23,208731.70,8959.39,1014806.30
1032612893,93193.93,208245.13,8028.12,1261690.90
1036274587,87237.25,203070.30,6270.73,1667672.90
1039937561,83130.37,206554.77,6390.28,1631671.10
1043599210,80447.84,202314.75,5790.75,1562613.80
1047260828,76231.91,200802.02,5962.11,1549575.50
1050922440,83287.34,199067.05,7529.73,1600668.60
1054584559,86462.11,204633.91,8554.59,1566931.80
1058246740,90223.44,207550.83,7783.23,1607512.00
1061909436,91752.23,212601.84,8305.58,1577328.60
1065571796,94200.38,213692.44,8793.93,1477294.00
1069231585,97260.45,211795.55,8763.37,1406147.00
1072893379,99991.48,211057.36,9266.95,1411841.10
1076553279,99703.05,208577.11,9725.56,1327689.30
1080214646,101477.56,206885.69,9430.52,1352217.30
1083874895,102824.96,207085.13,9582.52,1380616.10
1087536973,103063.12,206019.31,9228.47,1418936.80
1091196301,107622.84,211750.00,8962.34,1586242.50
1094854692,104893.56,214703.38,9715.77,1526943.30
1098514859,103993.57,212187.95,9185.99,1502279.10
1102176969,102427.59,214250.66,9209.71,1531693.30
1105838536,106237.55,216797.83,9631.86,1640209.40
1109502611,104224.05,218654.23,9253.02,1629474.80
1113162391,106351.43,220268.95,8904.28,1555991.60
1116820564,105164.77,218833.03,9394.05,1387600.90
1120477671,102780.12,216664.00,8329.18,1569270.60
1124138893,91488.82,219297.78,6963.13,1607092.60
1127801388,88406.09,214418.25,5981.70,1613421.10
1131462474,82633.63,214423.91,5956.33,1394340.60
1135124923,84190.05,211007.55,6033.63,1495379.90
1138786686,89869.86,208630.92,7632.88,1423926.40
1142448967,94877.45,212447.83,7461.87,1645150.50
1146110886,94967.02,214501.33,8008.41,1582205.60
1149770764,102118.98,216863.92,8227.80,1570655.50
1153431753,103987.66,221547.31,8976.15,1590904.10
1157091256,103462.02,216980.41,8702.35,1547609.10
1160754187,105946.87,217086.84,9717.65,1497443.00
1164417188,108738.69,219416.28,8856.95,1436598.50
1168079100,110413.59,212666.16,9406.92,1473357.40
1171739382,110335.81,215558.06,9236.38,1450627.50
1175401209,112376.68,214327.97,9223.52,1419085.80
1179061192,117116.25,218740.75,9103.26,1452723.00
1182722958,112993.80,221846.02,9276.74,1452181.10
1186383567,113366.26,220733.47,9793.66,1517421.50
1190042217,117288.09,225407.66,9296.45,1420111.80
1193704718,117715.55,224100.73,9464.15,1466790.40
1197367049,112212.28,228138.45,9195.90,1579262.90
1201026955,112185.85,225438.22,9376.35,1310479.80
1204688771,111546.91,224541.77,8509.28,1327291.50
1208348677,103602.46,221899.70,6868.01,1673495.00
1212010476,91516.55,226213.36,5805.50,1583545.80
1215672432,88481.86,222584.56,6107.15,1601728.90
1219333463,85953.22,219900.27,6576.63,1443712.40
1222996446,87168.56,216433.98,5905.34,1605455.30
1226658280,96745.90,216525.92,6984.73,1562144.50
1230320525,100281.34,222946.17,7835.40,1575085.10
1233981369,101372.76,227002.53,8128.43,1591029.00
1237641342,108890.10,227505.77,8026.23,1462957.90
1241303048,106565.16,230457.73,8885.51,1322028.10
1244962242,108435.85,227837.98,8480.72,1355091.60
1248624518,111751.90,228460.88,8353.73,1303773.80
1252283557,118162.95,225731.48,8942.63,1321326.30
1255946079,117224.00,226882.52,8806.68,1312713.10
1259605297,116361.65,225975.31,9817.38,1282491.80
1263268285,119845.99,223142.31,10054.24,1290140.60
1266930862,119540.80,227018.59,9582.52,1307541.10
1270593811,120819.87,228136.92,9207.82,1454031.40
1274256513,125177.89,229084.13,9445.39,1585764.50
1277919607,124859.95,231080.27,9296.45,1507632.40
1281582783,122409.68,230337.11,9351.68,1519683.10
1285244520,120340.01,228076.84,9156.48,876433.94
1288903778,117415.19,228551.63,8841.14,1071496.50
1292566758,111943.68,228765.83,8463.01,1297690.90
1296229107,101769.41,236866.89,6216.91,1652148.90
1299890950,94073.87,231775.50,6019.00,1645692.00
1303553029,87877.02,231172.91,5354.32,1468585.30
1307213764,87618.91,224976.06,5487.33,1564204.10
1310876153,92426.35,220823.16,6077.77,1503463.50
1314537804,96523.20,225486.38,6747.28,1608731.90
1318199786,98906.32,227492.66,6752.24,1606773.00
1321861610,106620.98,227466.23,8832.29,1509555.90
1325520493,111442.81,230803.52,8168.80,1314788.30
1329182849,110887.30,229778.78,8422.65,1232273.30
1332841860,114161.45,233678.30,7778.40,1207908.60
1336504218,118995.32,235576.61,7849.21,1203306.10
1340163309,121592.88,236715.23,7922.97,1206864.60
1343826013,125265.10,225342.03,9325.13,1150461.40
1347488877,124017.43,225988.42,9176.19,1020222.10
1351150712,128021.63,229737.47,8750.50,941083.19
1354810109,128230.29,228469.48,9644.72,948345.50
1358472837,124493.04,227107.81,9576.51,963397.13
1362132097,128833.23,228633.77,9787.76,973291.94
1365795081,127292.76,231691.36,9701.84,990363.94
1369457673,125689.02,229355.56,8701.29,979273.75
1373121205,126103.27,231664.92,8070.37,1014651.40
1376783612,119704.96,231978.84,8026.23,1179499.00
1380445373,111525.42,237089.83,6941.54,1634075.80
1384107658,100698.17,241364.17,6388.39,1681553.90
1387768811,94650.97,239317.98,5646.89,1735078.60
1391431084,87445.91,237823.19,5237.84,1473908.80
1395092773,89698.38,235914.84,5897.56,1559362.90
1398754509,100650.14,232933.61,6290.43,1547545.60
1402416253,104746.87,234857.77,6574.62,1620817.00
1406079706,106171.10,238016.84,7031.82,1498188.60
1409743727,113106.73,240696.91,7366.63,1528394.90
1413402999,117148.83,242266.17,8293.78,1301438.60
1417065182,119753.59,242933.67,8042.87,1262061.30
1420727571,123348.86,243222.00,8364.59,1224552.10
1424390161,123271.68,243662.20,7901.25,1249878.40
1428052782,126638.59,247085.88,8303.57,1318613.00
1431714601,130324.50,238925.70,8389.25,1321780.10
1435375066,130406.29,241406.30,8496.41,1231771.50
1439036699,125614.08,236266.77,8013.37,1292612.40
1442699464,124756.80,232400.64,7979.02,1314871.90
1446362720,128156.29,233190.53,7898.30,1328294.40
1450024701,125481.31,232136.64,7981.98,1355727.30
1453686591,127026.63,237055.59,8204.20,1389164.90
1457345559,125419.83,234116.14,8582.09,1365909.10
1461007893,125116.52,239330.03,8479.77,1416475.50
1464670922,119537.26,242669.56,7243.90,1596143.40
1468332771,112856.77,255062.55,6586.42,1614640.00
1471995255,104481.80,254070.02,6385.44,1676896.60
1475656642,103583.70,254803.97,5645.82,1459304.10
1479319100,109169.09,248242.92,6002.24,1576775.90
1482979770,107794.20,252557.39,6664.90,1595958.60
1486642554,112218.30,259725.52,6361.95,1593056.80
1490304319,114533.56,258716.23,7156.56,1615229.40
1493966588,120135.60,261176.66,6858.22,1593979.30
1497628366,122575.84,261444.20,7380.44,1584612.10
1501291175,124932.41,265017.19,7570.10,1588971.80
1504953331,125057.52,266178.34,7520.88,1584481.40
1508616068,131590.00,266391.97,8210.10,1222892.30
1512278057,131834.77,268082.09,8582.09,1096881.80
1515940506,132247.47,264790.22,8107.78,1191057.90
1519603216,133263.13,268066.63,9035.28,1225671.10
1523265659,134875.02,272004.50,8349.83,1601669.50
1526927550,136697.08,270204.84,8322.22,1504667.10
1530591083,134504.08,271776.50,8681.58,1413933.90
1534249937,135092.52,267198.25,8308.53,1108204.90
1537912298,138624.42,263586.44,8778.12,1025623.00
1541574290,136303.72,258403.73,8917.97,951407.06
1545237069,130226.55,255908.14,8570.29,1076417.90
1548898837,129325.25,266142.59,7699.80,1383633.40
1552557730,126733.36,265625.66,7210.50,1380017.40
1556219488,128623.05,269933.66,7666.28,1344200.80
1559879337,129105.15,265919.88,7319.54,1313797.10
1563541169,129055.70,265502.59,7856.99,981846.69
1567203567,127661.33,264909.91,7410.89,954377.69
1570865406,131763.95,262182.16,6803.22,1100422.50
1574528401,130744.88,258439.13,7916.95,1173151.10
1578190272,130955.66,260713.20,7762.70,1178468.00
1581852656,132370.56,260305.58,8009.47,1173858.00
1585515314,134240.67,262169.91,7870.80,1175662.80
1589178263,133992.47,262168.34,8752.51,1181909.40
1592840134,138087.56,265814.03,8696.33,1131028.90
1596502796,139261.13,264718.72,8742.71,1238503.40
1600165036,138915.09,266287.50,8491.57,1308850.40
1603827806,141084.84,266820.72,8437.40,1289022.00
1607497596,137749.67,266978.28,8065.53,1267251.40
1611160804,138024.89,266005.56,8237.72,1142816.50
1614822222,139698.25,263598.97,8220.84,1148739.00
1618479178,138004.70,266543.13,8283.86,1024324.10
1622139576,138843.34,266287.50,8295.67,880857.56
1625799706,141112.69,264553.84,8885.51,875031.69
1629461175,138121.55,264926.91,8647.12,910067.06
1633120307,132167.94,265280.00,8329.18,983591.06
1636782129,133133.55,266862.84,7965.10,1005649.10
1640442117,130932.05,262479.56,7843.19,1133532.50
1644103857,136246.02,262030.52,6896.33,1334850.80
1647765931,130483.23,260827.45,6965.14,1357477.80
1651428013,126445.40,258914.86,6868.01,1301869.00
1655086932,131219.91,258366.78,7148.66,1291913.00
1658748891,130408.77,257957.63,7162.46,994667.81
1662407964,131765.14,257173.88,8110.73,600490.00
1666069773,131246.09,252958.41,7811.79,487583.91
1669729561,137103.30,254774.94,7993.78,542642.25
1673391331,143878.42,256664.16,7648.69,619932.63
1677054270,142823.23,224938.06,7666.28,630605.63
1680716148,134653.97,162989.66,7830.44,629587.38
1684376061,137671.78,148630.86,7721.39,642002.31
1688037175,137276.55,138147.86,7714.55,647249.88
1691696788,129003.77,139525.72,7744.88,663267.13
1695359437,125446.97,140365.41,7531.74,680992.25
1699022074,125786.15,141468.98,8336.14,689889.38
1702684540,119336.63,142524.17,8660.93,765589.94
1706344398,115195.29,141794.00,8174.70,787444.38
1710006281,112545.92,144484.33,8896.37,796965.75
1713665083,110044.19,145452.19,8445.31,796212.44
1717327820,106668.43,143767.95,7770.49,814814.81
1720986715,100059.58,145160.80,7814.74,815432.63
1724649655,94052.98,142814.38,6935.63,886128.81
1728312165,83678.68,139732.36,6067.97,940817.88
1731973828,77679.74,140872.64,5834.89,1515139.30
1735635983,76117.43,138761.55,5279.03,1420696.90
1739296513,72995.52,137312.89,5471.75,1632703.00
1742958918,77126.24,136053.30,5544.09,1600443.30
1746620060,79512.91,139078.66,6291.38,1535239.30
1750278598,77505.20,143554.81,6101.25,1456718.10
1753941508,84733.75,144235.31,6879.69,1356091.00
1757603492,86828.44,144530.11,6779.73,1208853.50
1761265331,84054.56,147239.78,7590.63,1282359.00
1764928013,83380.69,149127.70,8045.82,1271798.60
1768589902,88186.81,147634.56,7227.25,1478882.50
1772249840,82989.45,152994.78,7804.95,1495112.00
1775911203,86410.66,152351.47,7512.03,561774.00
1779569896,86162.35,149694.31,6707.98,673972.13
1783232450,88130.64,131332.95,7941.61,699484.63
1786895755,88651.92,121114.80,7681.98,740695.25
1790557420,90281.03,124702.87,7703.69,697558.94
1794219883,82658.66,120409.41,8024.11,651583.44
1797881658,84941.34,121980.92,8208.10,664371.69
1801541781,83875.65,120722.39,7772.49,709090.25
1805203554,83875.65,120678.48,7135.91,765483.38
1808866137,81482.97,122252.13,7292.99,877387.19
1812527352,79077.19,124187.84,6778.67,959103.94
1816186622,79654.29,122965.89,7021.08,1095966.30
1819848401,77104.77,124928.64,6922.89,1199276.10
1823508308,76414.95,125412.51,6571.79,1208257.00
1827169624,76486.83,128416.76,6589.37,1261085.00
1830832066,74464.72,127014.23,6504.05,1535906.80
1834493840,74662.75,131788.86,6207.11,1638271.30
1838156551,75896.39,133632.05,6400.19,1627815.60
1841818755,77438.88,135304.95,6756.13,1616456.50
1845481384,79125.81,135513.84,7299.84,1612919.50
1849142815,78521.21,138007.19,7219.35,1510395.00
1852801619,81515.89,138853.38,7494.45,1172250.40
1856463396,80626.63,140022.33,7350.94,1339240.00
1860123292,82847.24,140780.59,8285.87,1151506.80
1863785092,82987.09,138475.95,8462.07,1086837.90
1867447816,80506.73,140867.69,7927.81,1117268.40
1871110008,84299.45,137968.36,8207.15,1165683.00
1874772846,80829.39,141112.69,8257.43,1178477.50
1878435074,80518.05,139346.92,8333.08,1187826.50
1882094050,83279.30,139753.72,7670.17,1191603.10
1885755821,80595.01,140586.09,7785.36,1181807.00
1889415732,82340.72,138425.67,8181.54,1270486.00
1893079814,76930.69,138032.33,7045.51,1460951.60
1896740459,75901.94,141371.73,6379.66,528691.81
1900402314,73894.34,141209.94,6516.91,922770.81
1904065542,71489.16,139188.19,5567.58,1407571.00
1907726220,68326.77,141153.17,5875.01,1422178.80
1911389592,70697.61,141145.50,5981.70,1466057.30
1915051065,72967.67,140463.72,6204.16,1585581.40
1918713092,75461.26,137595.31,5892.60,1512662.80
1922374776,73674.24,140924.45,6416.83,1330052.10
1926037072,75444.50,137950.66,6674.70,916853.63
1929695755,76876.64,139455.14,6608.02,744296.13
1933358164,77833.88,140038.61,6738.43,685708.94
1937019959,80561.02,141844.52,6657.00,607018.38
1940679804,79974.00,140759.11,6950.39,598581.56
1944340894,80001.14,141481.61,7187.96,607781.81
1948003942,83907.52,144129.80,7399.09,646530.19
1951665725,81995.63,143826.38,7794.09,642370.56
1955324626,81800.55,143188.27,8502.43,667339.00
1958987423,82051.22,147233.30,8199.25,671627.13
1962650356,80504.48,145520.88,7481.58,662075.19
1966312561,82306.61,144926.77,7986.81,672524.56
1969974864,83404.52,141921.81,8184.49,675778.50
1973637239,79985.33,144052.38,7745.94,664698.81
1977300012,82107.98,141005.30,7900.31,690421.75
1980962065,77676.32,143156.52,6791.42,724202.94
1984624429,76199.45,144526.22,6370.69,787341.31
1988286194,80568.92,147265.28,6699.25,808041.06
1991943149,77318.49,143586.56,6619.82,827984.25
1995607213,77975.85,146809.50,6826.82,863837.50
1999266485,79788.71,145811.31,7015.18,868685.75
2002928506,80392.48,146280.31,7033.82,1015405.80
2006591195,79471.24,148690.92,6790.47,1263489.80
2010253070,80079.16,146100.45,7149.72,1344055.60
2013912379,87446.97,146378.50,7848.26,1388421.80
2017574154,83880.25,149480.11,7635.95,1437011.40
2021233108,83711.72,150152.33,8171.75,1379645.90
2024895951,81602.05,149694.31,8275.01,1400136.30
2028558210,83864.32,149791.80,7732.13,1432170.30
2032220409,84223.09,150580.03,7814.74,1418638.80
2035883186,86972.66,151733.41,7599.48,1435314.00
2039544982,84460.19,151763.03,7718.44,1347983.30
2043205193,82197.56,152593.75,7641.73,1411984.00
2046866685,84638.04,149868.73,7571.98,1415252.50
2050529142,85006.37,151564.77,7705.58,1540286.80
2054191387,83649.17,149416.14,7378.44,1408843.50
2057854392,84392.91,150130.50,7689.88,1523120.80
2061516227,83439.70,149898.36,7626.98,1523775.50
2065175880,84268.77,149578.89,7812.86,1478340.50
2068837640,82064.79,152160.88,7502.24,1543432.50
2072496801,78426.55,153733.22,6465.93,1488464.50
2076158855,76129.83,160362.59,5511.76,1625219.50
2079821415,74779.12,161807.00,5578.32,1523070.80
2083483210,75357.05,163463.73,5663.53,1432946.90
2087145133,76466.53,163780.48,6072.81,1524999.10
2090806909,79193.55,164549.97,6209.00,1511370.80
2094469369,81684.77,167971.52,6964.19,1567803.30
2098131149,85119.43,170052.63,7329.34,1653217.50
2101791043,88054.76,169498.78,7614.23,1627558.10
2105452411,85981.78,171478.75,7695.78,1609359.00
2109111497,85779.50,174272.09,7896.41,1594698.10
2112773423,88245.35,169676.63,8309.47,1598866.80
2116436051,89874.46,171128.47,7611.28,1529121.40
2120097901,93255.30,166791.81,7903.26,1662285.40
2123758088,89686.81,166582.92,8442.36,1412006.40
2127419895,92098.97,169091.38,7654.48,1453925.10
2131082516,91479.62,168486.78,7894.41,1526073.80
2134744379,92286.38,169258.50,8080.28,1600257.80
2138405116,91000.58,168209.91,7590.63,1511858.90
2142066371,92439.09,170532.48,7795.04,1531938.00
2145729271,94326.90,169902.52,7854.99,1495105.40
2149391100,93510.22,172334.50,7770.49,1616993.50
2153050214,90501.25,172311.83,7965.10,1508785.00
2156713182,87173.05,168227.14,6371.75,1542583.40
2160375318,80110.90,179757.30,5922.93,1715698.10
2164038473,77120.58,183695.42,5811.40,1705795.50
2167699280,75951.38,187005.92,5238.78,1562948.50
2171359849,74631.36,186090.11,5633.20,1516484.10
2175022371,80333.60,184062.81,5966.01,1602638.10
2178682839,83368.05,186294.98,6540.40,1602691.30
2182341945,86875.29,187572.41,6390.28,1605681.50
2186003721,92520.05,188918.50,6948.50,1583866.30
2189662883,93840.66,189679.25,7206.60,1644567.50
2193324768,94626.42,188585.11,7347.04,1520080.90
2196983852,99113.55,191173.45,7528.67,1565621.80
2200645971,100680.59,188419.17,8388.19,1578025.10
2204308890,103072.56,189943.13,8304.63,1605987.50
2207971016,106179.37,185654.50,7795.04,1549505.10
2211633708,105041.56,183892.63,7995.67,1483374.30
2215295638,102984.05,181506.80,8487.68,1081757.00
2218955498,101940.07,181166.78,8686.54,986622.69
2222617321,102697.62,179287.36,8247.51,947122.00
2226280074,103259.03,190141.17,8790.87,934726.63
2229942092,103431.34,185811.47,8508.33,732040.63
2233602091,99325.63,184813.16,8311.48,823186.81
2237263979,102606.75,183737.55,7333.35,1368212.80
2240926128,96011.71,190182.47,6722.73,1672857.90
2244587928,91674.81,201534.78,6021.83,1665770.50
2248250469,89927.45,206173.33,5855.42,1640844.50
2251912301,83932.65,204942.64,5453.10,1670277.10
2255574522,85039.53,208347.20,5259.44,1604617.50
2259234966,88369.39,213080.41,5624.35,1673452.90
2262897994,93356.09,213100.58,5965.06,1644595.10
2266558710,95803.29,215655.66,6006.13,1635314.00
2270221821,98646.45,219697.98,6662.90,1617335.30
2273882658,101524.65,220012.97,7066.28,1574708.40
2277541791,103897.85,219575.13,6744.33,1469893.40
2281203672,108665.87,222035.91,7139.80,1579021.50
2284862904,109259.73,223953.69,7172.26,1570467.60
2288524689,109566.46,224986.33,7209.55,1535478.80
2292185146,115283.33,222034.48,7988.70,1534490.80
2295845850,112786.09,218387.28,8213.05,1506690.40
2299505819,117228.84,215230.91,8354.67,1593906.50
2303167653,117221.52,210093.73,8723.00,1652328.10
2306830072,112818.42,205999.48,8435.52,1619518.90
2310492055,115484.78,208757.20,8421.71,1579888.40
2314151963,118082.81,207079.47,7879.65,1447619.50
2317813742,116672.27,214262.11,7998.62,1525436.30
2321476580,115840.96,205705.75,7394.13,1572741.80
2325139069,112055.20,208886.31,7233.16,1654238.80
2328801552,110234.20,213370.72,6407.04,1645877.50
2332463510,98934.41,224808.48,5272.18,1606659.60
2336125904,96235.35,233367.80,5434.46,1647861.60
2339786079,88890.91,238769.20,5073.56,1490042.90
2343448245,87675.21,239431.41,4838.11,1500072.90
2347109926,94460.49,240731.36,5379.70,1545900.10
2350772076,101485.70,240046.63,6004.24,1589628.60
2354432719,103452.58,241180.17,6114.00,1677472.40
2358095806,108469.25,239974.98,6144.45,1602545.10
2361757764,116414.64,241524.44,6946.49,1534729.10
2365420089,116235.96,237614.77,7314.59,1553938.60
2369081974,120352.16,239997.41,7213.45,1623930.50
2372744486,125536.55,242201.73,7875.76,1619895.50
2376406286,127073.37,234777.86,7815.69,1596738.30
2380066147,132455.19,229675.86,8665.77,1576827.50
2383727993,134104.70,226803.67,8108.84,1478918.10
2387387172,137625.41,216431.14,8108.84,1465182.40
2391049283,138863.52,216856.72,8294.72,1485338.80
2394708553,137507.50,215572.33,8224.85,1476627.40
2398370550,141595.50,203969.13,8618.56,1552304.00
2402030672,145397.42,218854.75,8482.72,1578598.30
2405692422,141281.92,220671.16,8302.63,1544948.00
2409355069,138388.03,219299.31,7719.39,1668014.50
2413016938,131499.36,222112.73,6900.35,1595311.90
2416676727,122016.33,230562.17,6098.30,1740184.10
2420338456,113180.02,259469.55,5703.65,1652693.80
2424000465,107257.80,277480.25,5243.86,1653155.60
2427664939,101310.56,287343.56,5141.06,1500624.00
2431327272,102064.81,291625.56,5218.37,1568941.40
2434987404,110531.84,286421.13,5671.32,1517384.10
2438650287,116302.29,284096.06,6140.43,1579047.90
2442312052,121009.88,283034.16,6563.88,1621982.50
2445974214,129498.50,284123.22,6976.00,1638059.60
2449636029,131380.17,278747.41,7160.46,1566977.10
2453295135,135022.53,278866.63,7416.79,1618309.10
2456957037,140096.56,275386.75,8543.74,1617543.80
2460616922,141280.75,272843.25,8827.33,1587541.10
2464277791,146930.81,264647.19,8470.92,1528589.40
2467937825,151612.33,254583.75,8233.71,1534981.30
2471599561,150143.36,241554.41,8475.76,1505644.80
2475262976,153615.67,251841.27,7940.55,1551009.10
2478924859,154597.92,248156.53,8820.49,1516441.00
2482584686,153815.94,238305.64,8554.59,1540716.60
2486246584,155943.56,238518.77,8655.97,1417339.40
2489906411,152788.48,238487.50,8584.10,1486931.00
2493568208,153954.02,242048.91,7982.92,1514048.50
2497231266,148055.05,245243.52,7922.97,1583035.80
2500890193,146456.16,244123.64,6825.76,1551321.60
2504552248,125222.15,280174.72,5756.52,1694228.30
2508213295,117657.48,313003.69,5406.13,1699939.00
2511875533,109054.62,323274.94,5338.63,1613897.30
2515536741,107134.13,325365.97,5027.65,1523887.90
2519198985,111892.10,321081.72,5573.48,1552367.80
2522859706,121413.49,320986.72,6560.93,1621322.40
2526522195,123843.47,323728.00,6567.89,1563418.40
2530183618,131390.08,322173.97,6934.69,1651590.80
2533846162,135770.28,322723.44,6880.64,1513479.50
2537508277,136144.64,320194.69,7124.11,1586767.10
2541170612,139987.05,317069.84,7799.05,1566318.80
2544832646,143870.75,315896.88,8249.52,1583924.90
2548491932,149375.08,305418.72,9007.66,1576417.50
2552153810,158024.44,299384.13,8902.16,1569186.40
2555813721,159100.52,283042.19,8619.62,1496270.90
2559472243,159017.08,280912.69,8183.55,1596031.50
2563134298,164959.25,269418.28,8347.95,1445380.60
2566796469,170020.77,273490.81,8607.82,1515925.90
2570456414,165172.73,257365.77,8655.03,1545182.40
2574118216,172915.14,271399.44,8244.56,1582512.90
2577778064,167684.38,263546.09,8375.44,1552782.80
2581439974,162068.89,268765.53,9299.40,1611455.30
2585099202,159569.98,273544.28,7470.84,1576339.90
2588761023,145296.88,297309.41,6164.98,1660953.00
2592423458,124918.84,346458.97,5493.23,1657820.10
2596085125,122140.95,356815.19,5446.26,1681610.30
2599747779,112753.63,359230.31,5478.59,1575683.00
2603411663,110531.84,361913.78,5232.06,1540255.10
2607073697,115224.20,352982.59,5708.49,1581787.50
2610734175,127958.73,355795.19,6387.44,1678252.60
2614396911,131061.05,355190.81,6550.19,1617684.90
2618058750,135623.95,357809.97,7350.94,1464664.30
2621721363,140977.56,358649.91,7062.27,1581716.00
2625382309,144081.66,357594.69,7363.68,1507306.30
2629041595,150925.58,360664.34,7346.10,1530500.90
2632703475,152114.48,357677.19,7683.98,1528739.30
2636363321,167516.33,353748.75,8183.55,1494221.40
2640025127,165225.48,340073.75,8777.17,1550409.90
2643684411,167701.50,342464.06,8689.49,1406158.40
2647346238,172601.33,320126.84,8733.86,1435192.30
2651006674,174811.80,314569.53,8745.66,1439858.90
2654667642,175614.78,319346.03,8868.76,1468102.30
2658330522,179460.14,280678.28,8891.42,1392898.40
2661993521,177252.27,312467.41,9037.29,1533207.30
2665655751,173527.06,310308.53,8209.04,1518427.30
2669318564,170016.75,319948.88,7360.85,1609759.30
2672980839,161563.30,328690.28,6536.50,1697262.40
2676642707,144841.44,371423.84,5838.78,1711440.50
2680305158,130283.67,388301.00,5307.35,1748800.10
2683966811,126266.84,397903.72,5319.04,1627558.10
2687629103,120393.48,398748.72,5247.75,1551423.60
2691292311,119455.71,392488.97,5377.81,1640619.60
2694954570,131709.31,391060.13,6046.38,1633484.80
2698615982,140306.05,394172.59,6977.88,1586498.40
2702278366,139630.28,400281.53,7036.78,1669892.60
2705940380,150711.03,397458.78,7578.83,1589648.50
2709602669,148373.58,400411.34,7199.76,1609219.00
2713260547,155204.89,403349.50,7062.27,1599059.40
2716920364,163164.33,386646.66,7645.63,1599079.30
2720579099,166967.55,399465.09,7970.17,1585070.50
2724241187,168187.38,396427.44,7878.59,1574922.80
2727902619,177530.91,382436.16,7977.96,1557304.40
2731562524,175144.13,382296.66,8777.17,1559696.60
2735224208,184541.95,353483.22,8909.12,1541134.10
2738883169,183080.91,310824.50,8639.33,1577634.50
2742545715,184762.77,329730.03,8849.99,1590181.00
2746208612,181254.94,356032.97,9246.29,1605794.40
2749870904,182465.67,363116.84,8209.04,1595721.10
2753533810,178286.45,367593.34,7352.94,1636900.40
2757194867,170168.28,377176.22,6967.03,1502518.50
2760854106,161631.39,395321.84,6505.11,1676061.10
2764515966,144020.64,426846.00,5413.92,1691612.80
2768178067,135246.17,420606.09,5686.07,1721304.60
2771839372,131476.94,424311.34,5549.99,1527912.80
2775501345,128613.13,418093.75,5305.35,1616302.40
2779161853,132582.05,413515.75,5425.72,1629881.00
2782824263,150067.72,414381.88,6342.24,1627774.90
2786486048,141584.05,421726.78,6936.70,1668133.00
2790148387,152124.75,425374.69,7536.58,1624747.00
2793809766,156523.38,427913.13,7738.15,1583074.60
2797472212,164080.14,436388.41,7025.92,1512409.00
2801134022,163541.27,433823.53,7219.35,1447666.60
2804793947,165853.11,432625.56,6924.90,1417522.30
2808455289,173309.20,426631.81,7748.89,1412741.90
2812117940,176469.94,433771.63,8218.95,1472896.40
2815779844,175610.77,433283.38,7633.94,1400875.30
2819442994,184503.95,416150.34,8047.71,1471286.10
2823105064,188988.61,409907.47,9180.20,1427897.10
2826767549,192004.78,387006.00,8651.13,1464694.00
2830430682,196006.38,383914.31,8877.61,1477119.80
2834092774,194434.86,362106.97,8916.08,1474910.00
2837751000,194034.67,336050.78,8248.46,1477408.60
2841410854,188629.02,359028.97,7330.40,1437872.40
2845072497,182540.27,396949.66,6833.55,1582970.10
2848735107,161845.00,450197.59,5775.05,1735203.50
2852396893,147353.44,458376.44,5522.61,1575741.30
2856059028,138838.27,453161.00,6062.07,1668001.00
2859719145,130586.15,448834.97,5487.33,1663474.10
2863381642,134672.73,446351.44,5735.87,1606799.10
2867042002,145659.78,439380.03,5544.09,1701833.50
2870704396,153489.03,438355.88,6098.30,1624025.00
2874366234,151032.39,450810.22,6801.21,1698703.10
2878028513,159823.14,452519.72,7456.09,1515696.50
2881690269,162320.73,466479.03,7154.56,1442005.90
2885352991,168293.23,457093.34,7288.03,1436982.40
2889014817,178913.48,456650.91,7237.05,1450010.30
2892677243,182119.66,455362.63,7522.89,1505804.30
2896339035,182046.48,453459.25,7909.16,1447654.60
2899999577,192160.67,433949.72,7500.23,1371402.30
2903660402,200569.75,417393.31,8028.12,1422781.80
2907320144,193215.75,405684.34,8884.57,1470371.00
2910982371,198807.41,394386.31,8908.17,1446130.10
2914644971,207702.36,392349.47,8665.77,1455270.50
2918307494,205804.64,385214.63,8771.16,1464747.80
2921970946,206911.30,363516.44,8969.19,1458297.30
2925632706,203938.20,391280.34,7456.09,1439631.40
2929294991,204338.05,439252.81,6620.76,1442000.30
2932957355,187795.69,466713.63,6533.55,1682611.80
2936619753,170452.70,483758.88,5309.24,1703601.60
2940281522,151529.95,486461.56,5619.51,1661292.90
2943943256,146468.91,477083.09,4856.64,1518321.90
2947603819,145429.41,468322.44,5033.55,1722997.50
2951265993,146488.02,457209.25,5265.22,1697797.30
2954927360,153371.72,457747.03,5243.86,1668531.10
2958589278,159714.80,462779.06,5491.22,1706405.90
2962250174,165483.83,457407.75,6883.71,1579810.30
2965909154,166767.97,481720.00,6985.67,1567584.00
2969570953,171205.78,478201.78,6878.75,1441042.60
2973235100,174199.88,489247.84,6707.04,1407009.50
2976895515,180285.67,495357.25,7381.39,1445140.40
2980554792,187213.86,484984.34,6719.78,1452587.30
2984216660,181608.52,488975.56,6921.00,1425123.80
2987876451,184926.22,493857.72,7449.13,1471585.30
2991535094,191553.83,502150.06,28394.58,1507995.90
2995196775,194608.00,497777.06,29313.94,1514996.30
2998858680,196056.30,494527.56,7656.48,1546401.80
3002517649,198305.23,499742.28,7003.38,1514655.60
3006179520,203669.36,482614.56,6818.92,1530663.60
3009839336,196766.53,479784.88,6863.05,1523126.90
3013501034,192072.28,476339.72,6741.38,1619781.30
3017163520,190591.05,463410.69,6812.07,1666578.30
3020825565,189068.16,499507.78,6581.46,1671856.90
3024488097,188143.72,517331.44,6135.48,1653210.90
3028149854,183877.75,515344.28,6262.94,1573261.00
3031811788,187457.45,513469.34,6137.48,1556676.80
3035473429,187141.41,518669.75,6676.59,1688619.80
3039135922,183706.28,516244.16,6373.64,1648920.30
3042798010,180565.72,513504.97,6293.39,1659801.10
3046460100,186184.41,497289.88,7448.18,1697932.80
3050121994,184429.02,499687.53,6906.25,1636362.50
3053780738,188755.17,514096.72,6884.65,1616208.30
3057442596,185493.53,497763.97,7291.10,1631875.30
3061105410,190168.66,496030.66,7410.89,1647387.60
3064767142,190161.81,506330.00,6902.35,1616899.40
3068429545,196378.84,487558.06,7071.12,881189.44
3072091314,198621.88,497659.03,6978.83,535338.75
3075750622,198209.06,483126.41,6729.69,425980.25
3079412400,199361.73,501297.63,7153.61,423125.41
3083071648,200236.59,511685.88,7079.03,407186.25
3086730061,197035.14,500783.91,7345.15,454618.41
3090392724,204493.00,504570.00,6295.27,499457.41
3094054648,195893.91,508929.94,6329.62,511247.44
3097717666,200426.95,506367.66,6729.69,890706.81
3101379394,205333.16,497274.53,6640.36,845832.44
3105038192,202171.48,503331.53,6529.54,950730.13
3108700956,199152.13,494976.16,6698.30,994142.63
3112363060,203828.33,500163.13,6705.15,480598.13
3116024899,187421.81,505099.56,6024.78,953198.81
3119687943,189173.78,501723.69,6767.93,1245315.40
3123349705,192268.19,493010.34,6919.94,465583.16
3127012121,194551.23,491810.47,6558.92,517405.44
3130673970,192127.52,491151.56,6922.89,540206.13
3134336317,195154.30,485882.81,6668.80,646379.63
3137998109,198496.31,487374.78,6753.18,627716.81
3141657996,196003.67,469722.38,6551.13,453233.00
3145319409,195279.05,470825.59,7331.35,434173.94
3148979262,203435.80,480549.03,7418.68,460162.03
3152640555,202091.58,473121.84,7059.32,486283.00
3156303412,204518.38,467254.50,6802.16,480378.16
3159965224,209117.73,467911.03,6744.33,493699.09
3163624451,206513.81,471529.81,6837.56,499900.06
3167286209,203784.66,475673.28,7126.11,499464.00
3170945174,209283.80,460966.09,7498.34,495328.78
3174607543,206060.27,446294.41,7521.94,514389.41
3178270279,207298.86,455835.28,7076.08,541997.75
3181932230,212407.70,453877.03,7234.10,410970.47
3185595180,209165.89,446852.75,6630.56,499652.47
3189253330,201139.55,461084.56,7057.31,678456.81
3192916432,206673.72,451251.03,6595.27,765641.63
3196578170,207269.23,449002.56,6227.65,507879.09
3200236879,202203.81,436758.16,6417.78,542431.25
3203899133,205489.89,428002.47,6140.43,594748.50
3207558157,209914.70,423156.91,6688.39,680355.56
3211220275,210371.20,416748.09,6383.55,803544.88
3214883309,205670.58,415344.53,5958.22,858110.38
3218545546,205388.28,401802.28,6135.48,893809.63
3222208011,213173.28,388749.34,6686.50,946540.38
3225869867,217640.94,380030.00,6846.41,892458.06
3229528824,216303.22,375117.91,6938.58,880342.69
3233191325,218016.94,367242.13,7146.65,901970.63
3236850152,232777.00,356937.00,7794.09,975055.38
3240512850,224617.53,350249.19,8129.38,998607.44
3244175480,222284.09,330757.47,7656.48,1020561.50
3247837509,227185.34,312554.50,7911.16,1084366.50
3251497335,236186.52,309091.06,7795.04,1061449.80
3255159254,231274.64,296915.09,7641.73,900551.13
3258822457,235719.05,295520.03,8322.22,512713.09
3262484249,241846.50,287820.69,7829.50,611430.13
3266143478,243214.44,293195.78,7664.39,497779.19
3269806321,241903.39,260041.69,8180.60,592331.88
3273468952,243244.53,260821.31,7731.19,681058.50
3277131265,234219.64,261858.80,7847.20,1043315.40
3280790538,242921.77,263619.03,8270.17,1080016.30
3284453114,236767.28,270518.53,7779.34,1130953.10
3288115916,229210.41,276096.97,7338.19,565014.44
3291777767,226734.88,279666.78,7933.71,541224.25
3295437690,228327.39,283144.50,7742.99,519906.81
3299099362,231392.42,279783.00,7870.80,539053.25
3302758149,229922.64,283741.91,8065.53,579485.31
3306416525,234788.13,281089.81,7234.10,554563.06
3310076498,241085.89,279119.53,7254.75,577786.94
3313738287,243832.03,275252.34,7478.75,618909.56
3317398437,238851.23,272575.72,7479.69,615746.56
3321060158,242581.05,253280.36,7672.30,628627.00
3324720083,243369.16,235216.42,7526.78,581001.88
3328381896,248049.14,221077.95,7256.64,603051.81
3332040861,250738.28,214146.22,7516.99,662452.50
3335703806,249302.00,210041.22,8051.72,726562.25
3339367216,258014.50,209749.84,7785.36,609331.06
3343029136,256952.70,207201.27,7626.04,565207.81
3346689366,252354.64,203774.98,7385.40,578418.19
3350350782,250296.19,200610.23,7402.98,586256.56
3354010642,246056.17,198039.11,7587.68,573288.13
3357672421,239286.72,199487.30,7637.84,613725.06
3361332577,243578.05,198418.30,7574.93,599828.44
3364994372,243680.14,197941.39,6997.48,863281.19
3368657197,240498.05,197855.13,7044.56,1109387.90
3372319492,236480.61,198582.81,7243.90,1153709.90
3375979322,228544.31,189117.48,6820.80,1250096.60
3379636965,229138.41,197593.23,7109.47,1158298.00
3383296301,226688.14,202443.86,7371.59,1267100.40
3386959066,229617.09,199046.03,7459.98,1167657.60
3390621523,233638.41,200159.64,7316.59,755014.88
3394284293,239019.64,204848.11,8006.52,436772.22
3397947023,234478.69,202233.20,7358.84,456613.84
3401624098,235652.25,202729.00,7544.49,607124.25
3405283494,237687.81,200930.89,7267.50,739920.88
3408945820,234036.25,199984.86,7565.14,732734.88
3412605149,241100.75,195618.94,7789.25,605936.31
3416267821,235546.98,195102.97,7934.77,576269.00
3419927078,236311.27,194727.19,7745.94,576879.88
3423589986,240991.59,190581.38,7759.75,547936.94
3427252608,242392.09,184614.30,8113.68,531180.56
3430915922,248008.30,185347.55,7798.10,614861.13
3434578733,244993.55,182728.97,9025.48,1115100.10
3438241075,245365.66,179991.09,8507.27,1097415.30
3441903979,246700.67,185954.97,7767.54,570198.31
3445565850,237118.14,185755.53,7316.59,536156.94
3449225764,232141.13,185323.11,7727.29,488211.53
3452887588,225169.84,179192.70,7007.39,942815.06
3456547678,226274.61,174969.81,7312.58,1075077.90
3460209163,222687.70,182792.94,7035.83,1119159.60
3463872113,226868.00,183945.73,7122.22,1194120.10
3467535529,225413.44,184247.97,7108.41,1196227.80
3471197832,224435.55,187442.47,6959.24,1202422.90
3474860082,221846.02,187681.92,7235.16,1213216.10
3478522726,223238.14,186632.63,7278.36,1180703.80
3482184475,226003.05,187532.75,7317.66,1135177.00
3485843849,233546.83,189329.09,7331.35,1085905.50
3489507066,228232.16,188753.88,7459.98,1102085.10
3493165980,226226.45,191799.19,7334.30,1087489.80
3496827886,226983.42,194500.02,7655.54,1107657.30
3500491056,232914.48,196099.38,7468.84,1076337.90
3504153722,230619.53,192387.03,7163.41,999099.81
3507813015,231084.64,190443.77,8208.10,1154304.50
3511488593,239453.83,198659.53,8745.66,1128336.00
3515150285,241726.72,199138.33,9118.95,1129355.40
3518812143,243489.42,201250.23,8028.12,1072071.50
3522471426,244529.86,199765.47,8380.40,1027333.60
3526133800,243270.03,200309.41,8755.46,945900.19
3529794181,241683.28,200077.27,8186.50,768629.38
3533456410,229082.70,196610.86,7603.38,731282.56
3537119178,220500.38,194250.64,6452.12,917622.06
3540788975,205416.48,200744.66,3931.03,1476224.80
3544451628,188642.70,200671.84,4263.84,1599277.50
3548112949,180193.84,202617.94,4551.81,1449574.50
3551775423,174036.53,203191.27,8987.01,1554258.40
3555436703,173116.83,204173.17,4532.33,1574383.90
3559098925,185766.50,206523.72,5703.65,1604823.40
3562759769,194935.14,208649.33,5803.50,1559125.00
3566419929,194408.55,212269.27,6857.15,1643512.60
3570081330,201370.86,213924.34,7188.90,1560389.90
3573744167,203995.91,216899.80,7911.16,1607932.40
3577405987,203555.47,217465.22,7668.29,1567797.10
3581065832,212039.48,219943.58,7191.97,1669941.30
3584727652,215303.97,216871.00,7473.67,1659004.40
3588389195,219963.88,221154.67,7463.88,1531555.00
3592052944,218566.20,214287.84,7418.68,1509543.10
3595715648,220323.94,216507.27,7840.35,1578076.90
3599377423,219258.95,220371.63,7234.10,1536927.80
3603037352,215216.52,219306.52,7003.38,1610019.60
3606699245,215390.23,217262.34,7054.48,1512100.00
3610355896,224952.70,220721.89,7367.58,1598027.00
3614020349,223143.73,220358.64,7227.25,1690924.00
3617680177,220351.33,225321.50,7216.40,1516025.30
3621342230,220517.73,225537.47,7289.10,1610647.30
3625004745,220810.17,225832.28,5840.67,1702828.10
3628666800,217465.22,230794.55,5801.49,1629826.80
3632329413,204466.20,233332.39,5580.33,1514426.10
3635991840,198715.34,235514.41,3964.20,1558073.10
3639654085,199062.80,241510.98,5371.91,1588971.80
3643316011,197945.64,240351.47,5379.70,1589576.00
3646978866,194710.67,236577.16,5370.96,1648823.90
3650640576,196430.19,239289.78,5358.22,1629413.10
3654303276,194560.91,242572.08,5483.43,1579673.40
3657965007,196135.61,239973.45,6614.86,1529528.90
3661627394,196932.11,239482.27,5769.27,1588617.00
3665289231,200538.83,234662.33,5884.69,1557259.40
3668949075,201369.31,240883.84,6097.36,1576131.50
3672610960,203814.41,237031.75,5681.11,1467541.50
3676273459,206412.08,237573.09,6366.79,1368855.50
3679936164,203410.55,232428.73,5724.19,1333101.30
3683598561,209063.69,235478.77,6034.69,1430173.50
3687261380,207929.06,236340.89,6116.95,1465914.50
3690923341,205743.98,234428.42,6507.94,1428890.40
3694585142,210463.72,233398.95,5804.44,1489933.10
3698244122,208253.63,233642.78,5783.90,1523794.10
3701906462,208160.14,233892.73,6146.34,1564036.60
3705569129,205241.58,235962.41,5777.06,1629853.90
3709231293,201641.34,235730.97,5513.76,1650530.50
3712893998,204927.06,236635.09,5431.62,1666034.60
3716555930,202771.02,236208.83,5687.01,1623728.30
3720218766,202186.94,234709.66,5782.96,1484407.80
3723880153,194218.78,235180.89,5613.61,1509747.00
3727539266,203814.41,234022.91,5435.52,1578435.10
3731201076,199319.72,231906.63,5562.74,1571445.30
3734860241,203838.23,235339.52,5882.80,1193898.50
3738522194,205906.38,237283.14,5255.54,1267996.40
3742181175,209415.84,235888.17,6307.08,1190616.80
3745843427,210334.27,236948.55,6694.29,476333.34
3749506049,205964.20,235803.67,6409.87,418129.03
3753167954,204650.78,232045.17,6167.93,477091.59
3756827936,211782.80,234302.48,6511.83,722895.44
3760489184,217690.03,233449.11,6108.10,688447.06
3764148035,220101.13,239315.16,6531.54,940994.56
3767810527,218825.72,237034.83,6620.76,973398.38
3771473206,225506.78,233639.83,6320.77,949938.38
3775135005,212953.30,234268.50,6817.85,1063100.80
3778798117,223654.03,237262.25,7029.81,1074938.90
3782461321,223665.72,240762.75,7443.34,970255.75
3786123489,223944.95,238338.44,6833.55,454645.31
3789785284,219734.09,241466.02,7472.73,556596.25
3793449065,222110.02,238363.81,7219.35,499558.19
3797110654,226423.66,235357.20,6898.34,533590.19
3800772734,209529.50,238949.53,6799.32,535007.94
3804434982,200817.47,231710.72,6102.20,541636.25
3808098378,195810.59,225541.84,6876.74,567975.94
3811760146,192890.97,224646.67,7218.40,556903.31
3815422760,25897.93,213089.14,5913.25,634648.44
3819084670,13525.48,166387.48,6179.62,674554.56
3822744941,14446.13,151216.14,6850.31,887290.56
3826406202,14432.21,149448.13,7378.44,642844.25
3830068824,14786.96,144246.64,6126.74,594892.38
3833726573,13279.88,141168.16,6078.71,629758.19
3837386648,14099.51,138642.13,6085.56,684874.81
3841048628,16085.51,137597.78,6851.25,723883.94
3844711128,16002.54,138217.02,6371.75,584254.75
3848372944,17845.73,136662.03,6657.00,563969.38
3852035848,18194.83,137202.42,6186.46,691029.75
3855697685,16456.55,137948.30,6075.76,1053176.80
3859519534,17189.21,135940.47,6009.20,1052834.50
3863181225,17845.73,138810.64,6072.81,616666.06
3866843679,18071.38,135190.00,6602.12,595547.44
3870502382,15869.77,134619.03,6434.53,629491.31
3874164584,15420.36,127547.91,6459.91,576417.00
3877826441,17805.61,131100.81,6080.60,609795.81
3881489405,17556.95,131512.94,5753.57,573350.94
3885151361,16753.60,127454.32,5921.98,561198.94
3888814121,16598.53,128042.76,7725.29,574471.63
3892489748,15677.99,128203.14,5770.21,546931.13
3896150519,17457.69,126980.95,6983.79,560469.81
3899812122,16963.91,127043.74,5871.12,565319.94
3903474937,17074.96,125424.78,5592.13,539295.75
3907136991,16019.65,126771.59,5532.29,658957.63
3910799272,15105.14,125220.97,10271.63,557695.25
3914461121,16305.49,126601.65,7173.20,695090.94
3918124027,18753.17,127670.06,6866.95,974190.56
3921786179,16293.45,125176.71,7153.61,518218.13
3925449106,17364.46,126157.43,11100.23,511536.69
3929110846,17525.79,126654.64,7452.20,595291.75
3932773380,16793.61,124185.48,10397.08,698614.13
3936600105,16234.45,124399.92,7433.43,963924.81
3940262842,15773.82,124239.41,9748.34,666582.75
3943924657,15460.37,122396.23,8121.59,671392.50
3947584572,14917.61,119444.85,7444.29,631973.50
3951246349,15060.17,118478.29,12412.10,662730.19
3954906270,15012.26,119859.45,10207.43,650700.56
3958567985,16035.59,118251.46,7885.56,636328.31
3962227247,15214.78,113907.48,8166.91,693998.25
3965890183,14040.86,116376.05,7616.24,945700.38
3969552931,15145.97,115074.67,7024.97,958931.38
3973215064,15481.26,112325.11,7088.70,654798.81
3976877350,15415.29,114315.59,6995.59,601467.31
3980539188,15975.63,113822.04,5885.75,1008871.20
3984197991,14397.27,115492.10,4848.85,1133585.90
3987859787,13564.31,117029.16,5417.82,1190978.60
3991522708,15684.96,120304.73,7349.05,601755.06
3995184492,14569.70,116165.74,7117.26,524977.44
3998847235,15524.22,117987.10,7414.78,545598.13
4002510152,17948.88,117772.55,7833.39,624964.44
4006173062,14689.25,118271.99,7446.18,630779.50
4009834780,15281.69,120049.22,9139.72,709056.19
4013493934,14119.46,114686.63,10098.73,773805.50
4017156847,14595.66,116204.45,7579.77,781642.44
4020818852,16086.57,118126.48,7717.38,694045.69
4024481629,16407.58,118366.65,7670.17,698256.63
4028144396,16605.49,118980.69,8115.69,619387.75
4031807226,15443.26,117840.41,7822.65,624632.31
4035470066,16107.58,120726.05,8639.33,631635.94
4039131905,16741.57,119283.16,8638.27,644557.19
4042792253,16505.53,121257.48,8022.22,641973.31
4046454060,16018.59,120145.28,10503.77,623811.50
4050113908,15799.79,118985.53,11513.99,583269.19
4053776064,16257.46,116237.14,10436.62,829313.56
4057438599,15238.73,114850.44,5819.19,1142156.50
4061100013,14407.30,116435.30,4878.12,1539579.00
4064762146,13578.23,123450.47,4581.07,1488124.60
4068423271,13476.86,127551.57,4383.87,1545551.10
4072085725,14091.61,128288.23,4266.79,1587180.30
4075747418,14049.83,125695.04,4503.89,1298906.30
4079409411,14772.92,127365.45,6050.39,1104533.80
4083071224,14387.48,95419.27,8517.18,991123.31
4086729964,16740.62,125363.41,6428.51,894359.94
4090391919,15913.67,128248.81,9044.13,773657.94
4094054359,17438.57,127950.12,8922.93,808242.19
4097717142,16837.75,128752.75,7504.24,840318.44
4101379576,17510.80,127906.92,7499.28,930096.00
4105042084,18972.21,128411.91,7401.09,572866.13
4108704943,19217.57,126918.17,7262.66,721173.44
4112366773,19042.66,127237.17,7148.66,924596.75
4116026663,18934.09,128878.91,7606.33,1056727.90
4119684416,19723.62,129165.69,7324.38,1121917.50
4123347776,20575.94,128939.45,7499.28,1276455.10
4127009559,21816.89,126441.62,8025.17,1283884.30
4130668864,20983.58,127074.55,7783.23,1199881.80
4134331857,22234.56,125620.10,7150.66,1063750.10
4137994178,21238.96,123559.40,7309.75,1014770.60
4141656043,19756.90,123005.08,5590.12,1263128.40
4145315913,22117.13,128728.09,5103.89,1421592.60
4148976587,23367.88,130234.10,5803.50,1511469.60
4152639858,22888.49,135667.73,4817.58,1434629.40
4156300421,25266.54,136168.48,4819.47,1506087.50
4159962791,27273.42,135760.25,5242.80,1428844.10
4163623489,29536.75,134129.61,5140.12,1306707.60
4167282407,31117.59,133478.63,5162.66,1151706.30
4170944219,31791.47,131583.86,5459.95,1095317.60
4174606675,31600.64,133400.27,5937.68,959970.75
4178268541,34818.85,134770.09,6155.07,989953.50
4181931452,34373.10,136416.44,6299.17,956062.63
4185593308,35679.20,134135.88,6475.60,1051640.10
4189255862,35899.53,131407.42,7145.71,1001407.30
4192917648,36301.86,133830.33,8045.82,709925.94
4196576679,37963.30,131795.00,7651.65,807588.00
4200238479,40088.91,134043.58,8137.29,726786.38
4203898357,37606.65,132065.97,7801.05,863980.06
4207560147,40491.35,132980.36,7817.70,806854.31
4211223025,39354.96,132243.70,7569.03,890846.44
4214885216,38300.36,129513.37,8044.88,966147.56
4218548110,37620.11,129284.53,7439.45,947296.06
4222209941,37097.05,128804.68,7864.90,950265.25
4225872296,37429.27,129147.16,7689.88,1080939.10
4229534036,36799.18,136951.64,9862.82,1303950.50
4233192946,37410.63,143760.28,6598.22,1560357.80
4236854763,36299.73,147830.00,4309.63,1493046.10
4240516887,39910.82,147104.42,7881.54,1433671.80
4244181430,39170.85,150248.64,5986.66,1539338.90
4247843597,41500.98,150896.08,6526.59,1491592.30
4251504572,46119.94,147164.50,9777.84,1231488.60
4255167698,47631.62,144169.22,6962.19,1078676.30
4258829069,50285.59,142191.25,6446.22,994337.13
4262491417,49884.93,145876.22,6186.46,930970.19
4266152677,50001.29,144547.81,7023.09,964739.63
4269815105,53611.91,146333.77,6276.63,945167.75
4273473127,52503.25,145808.72,7170.25,854048.69
4277135822,55324.46,144564.34,7074.07,876974.13
4280797634,56803.68,143649.94,6367.85,671346.25
4284460428,55262.02,142911.86,7087.76,802408.50
4288122251,56540.86,143729.84,9466.04,765863.88
4291781337,58220.83,144514.77,8058.57,613714.94
485154,59026.42,144738.53,8709.20,950737.56
4155291,59211.23,144092.98,8172.69,807355.06
7814450,57551.79,143808.67,6570.73,845346.69
11476338,58754.98,143439.41,7578.83,800697.13
15135585,57530.20,144098.05,6639.41,820121.06
18797417,56441.37,143433.03,5271.24,950711.50
22460049,52904.75,149853.39,5371.91,1272344.10
26121259,51004.08,157574.44,5761.36,1582709.00
29783266,51030.87,160635.80,4478.52,1427556.50
33444648,50752.71,161803.00,4679.74,1550148.50
37106902,51911.28,158653.47,5796.65,1424766.90
40767500,55586.81,154992.58,5991.62,1341202.90
44430012,57211.79,152479.16,6164.98,1073016.90
48091870,58233.93,151034.88,6259.04,968511.88
51754620,61353.60,152192.97,6137.48,813349.25
55415298,60910.68,146286.69,6505.11,1106103.30
59074368,62243.92,147462.02,6764.04,963088.31
62736392,63775.55,150473.34,6946.49,1045076.50
66398831,66036.88,150578.61,6881.70,796779.88
70060764,68731.68,149330.23,7536.58,779395.25
73723518,69146.87,146113.31,7138.86,863664.63
77385618,67955.24,146240.77,7483.59,775253.31
81048231,68300.21,148490.06,7609.40,802275.25
84709710,71725.07,149725.11,7114.31,791957.25
88368735,69938.29,149830.39,9864.70,874163.31
92030532,71366.77,152595.06,7140.87,919089.50
95689759,70230.15,150405.36,7349.05,813712.31
99351872,67085.10,150998.88,13436.02,795299.38
103011160,70842.06,150726.38,13094.24,799592.94
106672879,63644.08,153349.66,5594.96,1182020.90
110335391,60753.72,161762.39,11180.36,1548856.00
113996783,56826.46,166614.67,5101.88,1544675.40
117658907,55869.58,170099.13,11657.62,1486822.00
121319409,57935.59,168306.56,6593.27,1508007.90
124982046,60079.37,166382.30,5664.47,1509191.60
128642591,63153.13,164311.69,5964.12,1220631.80
132305105,65143.48,153588.53,6749.29,1053147.90
135966803,68992.97,147183.61,6402.08,881569.81
139628817,71454.70,149439.16,8912.07,917331.25
143290521,71788.56,152006.27,10284.49,783656.13
146952782,73302.37,154781.56,9317.22,962128.25
150614620,73796.03,154920.11,7422.57,1028338.80
154277216,79161.92,155636.23,7286.15,732866.88
157939052,77016.02,156135.58,7894.41,821980.00
161601710,77499.65,156289.81,7698.85,785418.94
165263533,79466.64,157262.52,8794.88,763571.75
168926216,82382.73,158047.92,7570.10,754011.19
172588561,79047.92,157774.72,7740.04,782873.69
176251250,83770.85,157423.61,12400.18,819522.75
179912998,80256.65,157848.83,7747.95,840109.75
183575826,78658.70,155386.28,8699.28,845855.56
187237625,80140.16,158313.58,5922.93,837774.69
190900515,79937.77,155803.59,6686.50,796533.81
194561271,73118.14,164611.80,4828.20,1398924.40
198223800,69733.17,173625.95,5703.65,1548207.00
201885209,68417.52,167009.80,4628.99,1382048.60
205547428,69051.63,169608.89,5871.12,1528996.40
209208674,67531.09,180797.16,7448.18,1508415.10
212870603,71647.18,176857.03,4894.65,1468943.50
216531118,73588.33,169190.88,6276.63,1178672.50
220193838,78165.03,48738.39,6892.44,1059842.90
223855229,81631.55,40323.64,6967.03,999936.13
227517708,83712.90,168551.69,6746.33,865712.56
231179565,82342.96,170306.48,7286.15,711508.19
234841816,86148.66,175787.80,7125.17,686874.25
238503577,86510.15,173952.27,7408.88,635908.06
242166228,89439.45,177634.53,5976.86,804937.13
245828086,93833.82,175769.03,8111.79,810624.13
249490677,92968.05,176339.53,8430.56,896691.00
253152483,89638.55,161716.48,6560.93,804673.25
256815546,94470.88,173397.47,11782.48,822579.88
260477331,95193.62,170275.92,18166.74,906214.38
264140024,94826.34,169759.00,6492.24,1004650.90
267801909,99051.48,171389.53,6060.06,1024472.40
271464241,95494.91,172438.58,11597.20,971364.38
275126001,91059.47,166167.03,6084.61,957866.88
278784935,88263.77,162114.80,5277.96,1258626.00
282446714,84543.39,149531.45,5011.01,1546872.10
286109191,79519.75,198368.03,7454.08,1730335.60
289769959,78869.59,39368.65,5501.02,1640988.30
293432500,81413.81,42979.15,4682.69,1604325.10
297093093,81200.79,44452.12,4917.19,1539452.30
300755376,86637.13,129842.64,4767.66,1247241.10
304417132,89362.38,58564.86,5226.16,1093777.50
308079466,91812.30,81366.25,5716.28,1023147.00
311740878,97135.47,83050.83,6035.64,903282.75
315403447,100309.54,87264.75,6012.15,880190.81
319064494,101565.72,88305.07,6164.04,883134.25
322727709,103359.34,52111.79,5981.70,891503.44
326389460,106212.65,93230.99,6048.38,916347.50
330052277,109857.84,91268.36,6222.81,993995.38
333714056,107461.03,89773.20,6653.10,1098353.50
337373127,111501.47,92695.90,6794.37,1075697.00
341035035,111682.39,54516.04,6770.76,977770.13
344694169,114482.94,89880.24,6845.35,1018177.30
348356371,112667.13,54571.98,7110.42,1119440.80
352019178,111420.04,104142.51,7112.31,1113303.40
355681244,112670.78,91671.39,7130.95,1005542.90
359344028,110479.32,53563.52,6576.63,1069350.50
363006419,113391.63,187602.61,6293.39,927239.06
366668472,100769.81,49858.25,4856.64,1435163.50
370329863,95500.70,52524.73,4252.04,1607192.40
373992275,89188.66,47995.35,4223.84,1523856.80
377653895,94448.80,49482.61,4725.64,1511259.50
381316373,89579.77,44522.93,4564.55,1522347.80
384980205,92033.12,168241.78,4659.20,1446722.30
388642596,101170.59,213126.19,5276.08,1114198.90
392304377,103235.42,210476.59,5357.27,947722.44
395966460,109210.88,205862.59,5724.19,884739.75
399628295,109860.32,152969.05,5627.30,889453.69
403287177,111207.96,197845.33,6823.87,923804.50
406949265,114788.95,54737.91,6460.85,930219.69
410611636,118059.80,56999.59,6089.57,1074013.40
414273143,124370.41,56293.26,6831.66,1180113.00
417935965,122721.36,58259.90,6700.19,1199465.40
421597723,128395.75,60049.86,7111.36,1293019.10
425257100,127223.72,59877.91,8020.21,1390680.10
428919449,130193.15,60570.55,8386.18,1473645.10
432582185,131659.63,62452.70,7697.79,1448347.10
436244470,133536.11,63302.18,8270.17,1444823.90
439907559,133382.69,62697.82,7797.04,1364583.50
443569565,132133.11,61837.35,7051.53,1247775.00
447232210,127872.34,57494.44,6165.93,1092012.60
450894048,119068.14,56756.12,5906.29,1313572.00
454553271,113155.95,54923.32,4860.54,1571219.10
458214649,106061.94,50910.96,4765.65,1645027.10
461876877,103932.08,51101.56,4194.45,1591528.90
465537465,101285.90,51724.70,4695.31,1583369.00
469199814,102286.21,51983.04,4470.73,1601457.30
472860761,108113.20,55048.41,4991.54,1404006.50
476523325,113019.05,54477.21,5316.08,1161241.30
480185118,119465.50,55187.44,5855.42,1093181.80
483847660,117934.94,54527.84,6044.37,1039558.50
487509024,125640.99,58294.71,6477.61,1073054.60
491171722,122184.86,56515.96,6820.80,1049030.10
494834281,129191.66,59537.43,6835.56,1143575.50
498496591,136005.61,60362.49,6520.80,1200777.00
502158452,136592.98,61101.63,6871.91,1234816.80
505821542,141399.47,60833.26,7335.24,1332622.10
509483425,145240.94,64066.23,10146.17,1413660.00
513146142,148198.33,63847.89,7664.39,1399222.80
516807932,145462.33,64555.76,7567.03,1459967.60
520466914,149404.58,65241.44,7658.49,1435477.10
524129301,145449.58,62662.77,7888.51,1410845.10
527785739,146715.20,63161.98,7669.23,1325140.80
531446699,140810.80,62778.66,6507.00,1255759.40
535105866,142631.92,60743.92,6919.94,1227694.40
538767622,133799.17,56536.49,5196.89,1469511.00
542430476,123328.09,58677.80,5503.97,1559105.90
546092240,116893.67,53835.67,7063.33,1533238.90
549754564,118503.78,56052.27,5413.92,1494124.10
553415022,118844.73,56295.38,4968.05,1555441.60
557077601,118855.59,58449.79,5129.26,1504169.50
560738758,124157.16,57524.77,5579.26,1330004.00
564400899,132167.94,58651.71,6707.98,1274063.90
568062542,134635.20,60409.34,5416.87,1178937.30
571725041,137403.30,61798.05,6458.96,1109954.10
575386907,140159.70,62718.59,6382.49,1014643.90
579045685,136976.66,58867.92,6184.57,1041838.60
582707539,139596.28,64039.91,7124.11,1134918.00
586366783,147647.19,66196.67,7982.92,1201488.30
590025908,147876.02,64761.11,6840.51,1245892.60
593687919,152256.11,66638.53,7738.15,1380433.50
597349453,156705.13,67858.00,6983.79,1433677.60
601012835,154409.09,66632.98,8001.57,1442701.50
604674667,155885.14,67573.11,7909.16,1373744.50
608334461,158106.45,67613.94,7943.62,1376124.60
611996215,155621.95,67954.19,7104.52,1326443.60
615659429,155811.27,68022.63,6597.16,1246811.50
619321416,151456.66,65631.73,6434.53,1175945.30
622983769,147281.92,64742.46,5928.83,1261836.10
626645526,138198.14,58760.29,5016.91,1570714.00
630307648,127614.59,56814.54,5337.68,1592325.50
633968668,128122.89,56764.74,4708.18,1506530.60
637630867,128035.20,61994.67,4369.23,1562646.10
641292601,124912.70,59091.68,4965.10,1516912.10
644954799,130774.62,59293.73,5412.98,1430850.10
648615357,130286.03,59472.17,6042.48,1319112.90
652277932,131254.83,63003.25,5606.76,1230407.10
655939195,141092.52,62400.29,5556.84,1205521.60
659602216,143220.00,63129.05,5998.34,1122252.00
663264289,145300.64,63820.51,7299.84,1143845.40
666926560,151102.97,63729.52,6472.65,1178161.90
670588250,159282.97,65225.98,7443.34,1209904.50
674250519,162380.92,68660.87,7287.09,1289575.80
677912314,159576.48,65735.23,7221.35,1412787.10
681575330,164947.44,68324.52,7113.37,1452139.80
685237123,166518.25,70612.16,7193.86,1398794.40
688896402,164956.77,69391.75,8064.59,1409445.60
692558319,167986.03,70555.40,8019.27,1386557.60
696217483,171448.06,71949.89,7432.49,1390775.50
699879421,166996.69,71057.68,7504.24,1391671.50
703539239,170577.69,71830.81,7337.25,1327355.30
707200619,164887.02,70334.47,6599.17,1278252.00
710862922,157472.94,64481.05,5539.26,1451733.40
714524698,152403.05,64680.86,5313.13,1570591.00
718187030,142282.47,62982.36,5460.89,1577250.30
721848913,144504.63,63458.79,5763.37,1508717.50
725511064,140671.89,61913.83,10147.12,1542589.50
729172684,140344.98,61689.83,5389.49,1508309.90
732834662,143784.48,64406.47,5663.53,1419974.10
736496280,142719.27,64207.73,6006.13,1371595.10
740158396,149463.47,65850.77,7578.83,1353729.00
743820095,153101.83,63776.61,7822.65,1361505.90
747482595,158624.67,67781.76,8596.02,1412758.90
751144455,156618.27,68670.78,9020.41,1433712.50
754806929,165294.06,67981.80,8284.92,1446593.40
758469175,167852.31,74840.73,8630.36,1480881.60
762132011,167984.73,71360.16,8627.53,1438029.60
765793802,167596.92,71314.61,98199.63,1440850.00
769456158,175287.52,71917.67,9364.55,1444754.30
773117981,175051.48,72917.40,7305.85,1454037.50
776776912,177438.03,71819.72,7822.65,1464801.40
780438754,177639.84,74014.02,7708.53,1436645.00
784102193,177556.52,73511.14,7393.19,1439008.00
787764040,180761.86,74673.84,7406.88,1447918.50
791426642,174566.55,70867.55,7417.73,1529372.40
795088801,171790.44,71770.74,6786.46,1528113.40
798751191,162854.53,68411.85,6396.30,1636158.50
802412995,153059.33,67541.01,5539.26,1704282.50
806075437,143285.86,61312.18,5500.07,1581938.40
809736667,143971.19,67075.20,5791.81,1631515.00
813399265,154538.33,69844.11,5826.04,1497583.80
817059779,154157.02,71452.45,6021.83,1485610.90
820722436,150736.64,69643.24,6147.28,1518209.80
824384184,157543.28,69106.98,5939.57,1531938.00
828046228,153596.31,70082.51,6296.22,1524287.00
831707950,156941.52,68843.45,6897.40,1499314.30
835370114,165026.52,72840.45,6649.21,1563894.80
839032597,166712.52,71037.62,7266.55,1535774.80
842694699,169988.78,74090.02,7025.92,1527280.60
846356496,177895.81,73343.67,7032.88,1509093.30
850015525,177742.16,76550.79,6727.69,1449251.60
853677480,170589.61,74811.57,6851.25,1525917.50
857340340,177314.23,74741.00,7119.15,1533471.10
861002193,182575.67,72803.63,14017.96,1477625.40
864664776,177268.44,76708.11,6770.76,1459191.30
868326595,179722.14,329231.41,11350.54,1466945.30
871986437,176878.52,325815.50,7886.50,1442601.90
875648078,174921.55,73054.53,17012.89,1499632.50
879310347,172730.91,169975.56,15346.48,1505699.50
882971433,171208.38,300376.44,6423.68,1566654.60
886630506,170755.89,333619.41,9487.87,1589799.30
890292524,165732.97,328563.31,25717.60,1568585.60
893954791,176941.66,331232.97,14029.88,1471160.60
897617909,172147.91,327503.28,6718.84,1489162.50
901279902,173390.63,326390.13,7113.37,1579451.80
904941687,175940.75,331243.22,6821.87,1499883.40
908604396,172039.80,72753.47,6809.12,1514971.40
912266130,176369.14,70496.63,26921.14,1508945.00
915928615,175519.55,332014.25,6720.84,1488555.60
919590468,180314.22,325318.19,40217.78,1479225.40
923253184,185900.33,71481.37,7408.88,1520541.60
926915350,188631.84,72857.21,7122.22,1511494.40
930577850,190869.09,71428.02,7421.63,1508556.80
934239847,198129.63,68981.88,7130.95,1507466.30
937903119,192828.89,66553.67,35689.58,1484340.80
941564936,192414.53,65746.20,26757.80,1414875.10
945228207,194653.78,69582.35,7567.03,1426667.60
948888805,195688.44,262671.59,7394.13,1399544.00
952548333,197374.56,244584.03,6501.21,1413557.40
956210388,198472.59,224651.05,8111.79,1419773.50
959869568,195397.06,211134.30,8059.51,1444361.80
963531508,193493.67,58518.12,7746.88,1454432.90
967190836,198274.56,57950.69,6861.05,1464914.60
970853221,191338.80,60976.18,7235.16,1459421.90
974515699,203427.42,205570.27,7366.63,1541045.60
978177595,197700.52,207521.08,7272.34,1517849.40
981840102,193492.38,206931.00,6672.69,1490303.90
985501956,195607.95,207512.70,7016.12,1562922.80
989161873,189654.58,211058.77,6556.09,1513893.90
992823524,189307.02,214086.03,6940.59,1498940.90
996485769,185688.73,211097.23,6289.37,1563811.10
1000147863,182277.09,212988.94,6594.21,1538650.40
1003810405,184028.70,59502.62,6277.69,1533905.40
1007472388,185023.11,216609.47,6976.94,1499143.00
1011135198,188575.55,219819.42,6757.07,1515163.80
1014797124,182775.23,59773.47,5988.66,1493338.90
1018459956,185198.95,50036.70,6120.84,1458356.50
1022121638,187724.41,34732.70,5603.81,1367565.40
1025784421,182335.39,33936.08,5482.49,1372575.60
1029446200,174545.19,33367.00,5532.29,1398783.00
1033105315,170032.69,35615.94,13560.29,1401790.10
1036768155,165038.31,35415.43,5516.71,1384167.50
1040430297,23514.93,31571.84,5382.65,1371496.00
1044092125,18199.79,113878.69,5846.57,1350896.10
1047751147,19695.54,115091.67,6638.47,1357619.40
1051413002,19414.65,116390.56,5906.29,1385799.30
1055075872,19969.34,119264.99,5953.38,1477318.00
1058737648,21143.02,119308.77,5747.67,1509820.90
1062396704,21792.58,119779.08,5555.78,1551698.10
1066058637,10639.25,112349.07,5528.40,1448499.90
1069721623,12306.83,111817.88,6079.66,1359874.40
1073383469,12110.57,107688.21,5468.80,1384974.50
1077045542,12828.00,106923.70,5687.01,1228928.90
1080707864,12618.52,108002.38,6232.49,1175278.50
1084366902,13025.56,107636.99,6274.74,1143526.50
1088028844,13384.33,105435.98,8956.44,1113692.10
1091691421,12985.79,106930.90,8789.92,1103105.50
1095353525,12325.72,108763.59,5726.19,1085135.50
1099016386,12621.47,23961.38,5774.11,1025045.70
1102678290,12494.48,107684.67,6263.88,963325.63
1106341139,13158.80,106866.70,6946.49,945115.81
1110003368,12152.11,106084.48,14559.78,986958.13
1113662086,13844.83,109060.52,5877.96,1014889.60
1117323955,13284.96,106411.98,8790.87,996957.38
1120987126,12757.42,107249.42,8371.55,1004855.30
1124648963,14849.75,108020.31,8358.69,979756.44
1128310960,13974.18,109383.88,5941.58,1001211.40
1131972727,14493.93,108566.97,6254.09,972763.00
1135636385,13979.14,109988.13,8739.65,991786.06
1139298312,12660.18,109589.12,6040.47,966858.13
1142961213,12978.94,110918.34,5274.07,1300661.40
1146623000,13097.08,110597.70,7607.39,1326608.00
1150285176,11196.17,113724.67,7292.99,1403921.30
1153946903,12464.62,113553.79,7195.86,1359667.40
1157609233,11797.35,116338.64,4757.86,1404006.50
1161270553,12884.53,115349.66,7799.05,1312016.80
1164933434,12965.96,117017.00,5790.75,1240593.80
1168594910,14929.53,115259.13,5711.44,1143782.50
1172257830,15676.93,117719.20,8324.34,1025306.30
1175919926,16162.46,114606.97,8331.07,942959.06
1179582126,17469.73,117467.35,8480.72,980269.94
1183244021,16903.84,117887.73,8792.99,963920.94
1186906648,18227.99,118120.46,6432.53,1004022.30
1190568472,21040.11,119352.45,7123.16,1078747.80
1194227596,20613.36,119268.53,7351.88,1197530.90
1197890098,19904.90,110718.42,7474.74,1222230.30
1201552587,21394.51,128454.99,7748.89,1213024.40
1205214402,22337.71,120316.88,7571.98,1246243.40
1208874591,22221.46,117842.88,7356.84,1154931.10
1212535747,23256.35,119506.70,7467.89,1196931.10
1216199232,24084.24,121625.69,7343.15,1141330.60
1219861032,23506.78,119514.13,6960.30,1102975.50
1223524278,24676.57,119663.66,6348.26,1018300.80
1227185349,24251.83,117393.48,5786.85,1106506.90
1230844389,25750.29,121498.82,4837.05,1390177.00
1234506260,27713.03,122498.78,4832.10,1500042.30
1238168506,30947.77,120344.97,4765.65,1426275.90
1241830372,34239.50,122902.28,4649.52,1405625.90
1245492517,36573.29,123520.22,4690.48,1418117.50
1249154399,39658.50,121337.84,4870.33,1339599.50
1252817093,40575.26,120912.39,4610.46,1244900.90
1256477621,44572.62,119171.41,5244.80,1090464.30
1260137015,44967.97,121746.54,5707.55,1032671.90
1263798088,46770.21,124582.73,5533.35,983818.00
1267457140,45709.95,127905.74,5780.01,957050.56
1271118939,47877.21,128996.34,5606.76,962030.38
1274781870,50439.49,128687.25,5819.19,955872.00
1278443721,49496.41,128252.48,5799.60,943383.31
1282106023,50469.35,127512.15,5676.27,963841.81
1285767787,51070.41,131112.03,6452.12,1018587.80
1289427762,51841.53,132680.36,7000.43,1059996.80
1293089479,53520.56,131826.03,7419.74,1094601.00
1296752009,52674.97,130130.01,7453.14,1122613.40
1300414070,51845.90,34841.63,6984.73,1184539.50
1304076982,52993.85,129691.58,6285.48,1158594.40
1307739339,49188.27,127227.38,6245.23,1134521.50
1311401829,52155.70,128055.03,5587.17,1107275.40
1315063596,50438.43,128032.84,4699.33,1287484.50
1318726164,47387.21,136347.39,4975.84,1519340.90
1322387995,50506.88,31288.60,4835.16,1509518.80
1326050289,50252.43,137713.33,4546.85,1428728.50
1329713580,50095.35,140183.66,4587.92,1394508.60
1333374156,52086.06,136368.88,5853.42,1343985.80
1337034901,54520.29,133886.38,4877.18,1298993.80
1340697161,55864.27,127143.59,4857.59,1230967.30
1344358781,56299.75,126590.55,5026.71,1182174.80
1348021401,59675.51,129564.00,5560.73,1057158.10
1351683112,62856.43,135148.69,5653.73,1006597.30
1355345465,63533.38,138947.78,9495.66,930296.19
1359007452,67779.52,144372.44,9878.63,907895.19
1362669992,66015.98,141178.31,9979.18,916613.13
1366332718,69729.87,145135.31,10181.70,915056.50
1369995072,69785.22,147007.41,6438.43,988421.88
1373656924,71142.18,146582.55,6714.94,928651.81
1377319544,71583.69,148260.98,6233.43,982803.06
1380981476,76978.96,143103.28,7002.43,1061599.40
1384643869,72733.29,143946.98,7798.10,1136417.10
1388306700,73013.34,144359.70,6472.65,1131171.00
1391968808,72838.21,143236.41,6325.72,1060519.50
1395630666,70812.09,140925.63,6204.16,1040103.80
1399290607,70875.34,144789.39,5729.15,1086407.80
1402952018,67831.45,148267.48,5530.40,1173969.00
1406610531,68410.79,149794.39,5160.66,1242152.50
1410272333,67537.70,147136.28,5144.02,1177943.60
1413934611,70549.97,149070.00,5670.37,1192632.90
1417596437,69873.97,148665.31,5634.14,1198310.80
1421258801,70072.59,146120.88,6059.12,1183913.90
1424920599,70895.41,147653.56,5470.81,1135493.50
1428583104,73023.38,149720.03,5763.37,1092723.40
1432245093,73101.50,147492.70,5557.78,1137087.30
1435907084,75385.13,148248.25,5710.50,1106467.90
1439569005,75387.38,144124.72,5689.96,1101544.90
1443231795,75162.09,153076.09,6243.35,1089558.60
1446893681,79550.32,151025.78,5772.22,1083589.00
1450556128,81929.78,149627.63,6838.62,1112539.10
1454218089,81885.52,151625.31,6118.84,1131526.50
1457877050,84482.96,155420.03,17757.46,1137145.30
1461539068,85745.16,156766.14,6762.98,1176797.90
1465202108,81293.66,154419.36,6901.41,1207903.90
1468863954,85676.59,153356.14,6903.30,1199635.60
1472526902,87753.10,150842.03,6791.42,1141003.50
1476189213,86895.95,152169.72,6553.14,1121155.60
1479851427,84773.64,150292.42,6366.79,1093173.00
1483513325,83473.91,151796.44,6006.13,1053391.00
1487173244,80914.24,146273.81,5580.33,1209025.50
1490833744,79563.89,155065.03,5192.99,1356368.40
1494492736,80449.02,156431.33,4948.46,1350312.10
1498154488,77773.21,133999.91,5188.04,1309288.60
1501817120,79588.67,157626.48,4971.95,1332424.80
1505478532,80936.78,158339.55,4988.59,1275051.10
1509140865,79140.45,154521.56,5074.50,1248358.80
1512802825,82529.19,153125.19,5303.46,1187419.10
1516464856,82751.77,126989.57,5532.29,1166219.80
1520126632,84698.46,142738.38,13776.15,1115918.60
1523789530,89717.85,162563.27,6361.95,1098495.80
1527451388,88578.40,40455.70,6217.85,1093794.80
1531113842,91460.02,43590.60,7843.19,994010.69
1534775985,93920.68,43015.03,5660.58,1059411.60
1538438029,93354.91,43671.91,6768.88,1083788.80
1542099868,95844.01,41517.86,6365.85,1113941.40
1545759810,96008.17,44781.86,6707.04,1133136.30
1549420748,98606.67,46247.16,7442.28,1163844.50
1553080642,100399.95,43983.12,13503.65,1176158.50
1556742505,100803.91,47824.11,7706.64,1179522.60
1560405189,103113.87,170412.81,7415.85,1164265.90
1564067166,98994.24,180986.69,6391.34,1116058.90
1567730312,99031.65,163337.58,6666.91,1075482.30
1571392189,96267.92,162324.52,6337.41,1008969.60
1575055047,92266.67,46148.62,26496.51,1241414.60
1578716848,93009.70,68461.66,5090.20,1385459.60
1582379218,91786.93,42937.02,5305.35,1383394.00
1586040941,93906.76,178979.56,5426.67,1218886.40
1589702955,90829.81,179097.00,4761.76,1299159.80
1593364380,93686.41,45130.96,4868.33,1313828.60
1597026662,93609.82,43286.94,5323.99,1275679.50
1600688457,94402.31,148593.69,5973.91,1218246.00
1604350813,97469.34,46985.60,5722.30,1168701.90
1608012694,100201.55,162989.66,11632.84,1150135.60
1611675611,101663.44,45682.33,7272.34,1110886.30
1615337288,103126.85,48209.20,6264.82,1111104.00
1618999852,107405.21,48864.20,6798.26,1098133.80
1622661646,109660.75,48711.83,9156.48,1147439.30
1626320930,109287.23,47933.63,6769.82,1153337.80
1629982809,110305.95,194135.69,7145.71,1177813.50
1633645623,114855.28,212626.27,7254.75,1202565.00
1637307452,113534.55,211885.48,7552.27,1209082.90
1640966721,116043.83,49698.11,7763.64,1244615.30
1644628507,112698.28,50528.24,8123.60,1223467.80
1648287517,113936.40,52048.42,7230.09,1196492.40
1651949331,114331.28,51239.53,6534.49,1147290.50
1655608557,114433.60,49394.09,6506.05,1119924.40
1659271019,112296.31,47751.88,5972.02,1261010.30
1662933309,108057.25,228107.66,5120.53,1320861.90
1666595210,105136.33,212335.00,5364.00,1372851.10
1670257401,102341.56,203694.84,5146.02,1348010.40
1673919113,103217.72,207147.44,5522.61,1364424.60
1677581330,103235.42,206578.95,6006.13,1374704.60
1681242722,101676.41,49294.84,5706.60,1289355.40
1684905128,107640.66,50718.48,5780.95,1261165.00
1688566951,107939.35,204581.75,5410.97,1221708.10
1692229359,108648.05,213439.30,5913.25,1202560.50
1695891197,112188.33,220106.91,8093.03,1170718.80
1699553587,114701.03,219048.06,8521.20,1199824.90
1703215361,113812.48,216227.09,6770.76,1207307.90
1706877658,116781.09,214352.28,6796.37,1239361.40
1710539455,122962.23,209513.81,6408.92,1257054.50
1714198383,121757.52,212227.84,6357.00,1212631.60
1717860267,127253.34,216812.11,6802.16,1244329.40
1721519510,129645.78,226521.61,8111.79,1226345.00
1725181347,127888.39,225928.58,7080.91,1276211.50
1728840509,128390.79,222170.91,6972.93,1226301.90
1732498762,134604.05,231022.80,6442.32,1240088.40
1736161368,128919.63,208121.80,6718.84,1211367.80
1739823247,131865.81,195999.42,6719.78,1162370.50
1743483182,125413.69,204753.58,5982.65,1199290.00
1747144573,121858.89,157171.41,5554.83,1351329.00
1750806614,122541.63,154764.80,5213.41,1488112.90
1754468342,118288.99,154334.16,6062.07,1447179.80
1758130367,118814.41,155005.56,5248.70,1364057.90
1761792173,118302.33,49540.20,5342.52,1289996.60
1765454280,120741.86,233514.14,5544.09,1272728.10
1769115704,115056.50,183700.84,5527.45,1351556.30
1772778100,117158.50,221485.00,5451.21,1335085.60
1776439913,120267.08,227988.92,5398.34,1307119.30
1780102145,125310.54,226468.98,17692.19,1322212.80
1783764024,122983.01,249276.16,6256.09,1352585.40
1787426221,129799.33,250270.33,6321.71,1356514.90
1791088101,131930.36,250147.36,6739.37,1335891.60
1794750854,133305.50,249625.14,6769.82,1360818.00
1798412795,135135.00,249766.28,6304.01,1364736.90
1802075498,136652.00,247339.84,6402.08,1300236.50
1805737339,143062.81,269404.22,6679.66,1249670.40
1809400144,147582.03,230595.92,23712.72,1248027.10
1813062096,149713.55,57850.97,6580.52,1215826.60
1816724518,148038.41,239291.20,7425.64,1218236.00
1820386682,144622.75,242101.30,6126.74,1210616.90
1824049176,141786.45,241058.86,7059.32,1212296.30
1827711004,145268.91,244135.69,6050.39,1263013.30
1831369927,141103.84,246134.55,6016.04,1377707.00
1835031716,139008.09,243223.41,6376.59,1408263.80
1838694260,134900.03,249986.27,6549.13,1415675.30
1842355611,131899.33,249782.92,5630.25,1406339.90
1846018420,130997.91,255973.98,5706.60,1405467.00
1849679395,137181.19,55617.02,6061.01,1396632.80
1853342011,135535.08,55187.44,6171.83,1456523.10
1857003969,135844.17,243542.06,6248.18,1415846.90
1860666653,140007.11,263850.34,6187.52,1442987.50
1864328581,138872.25,264976.69,6280.52,1406612.30
1867990973,137565.09,237952.77,22538.10,1387868.80
1871652554,145900.53,270056.03,6111.99,1295894.30
1875314650,146440.94,289468.91,6527.53,1193282.00
1878977129,147589.70,289984.78,6818.92,1167648.50
1882639315,151703.80,283024.59,26824.13,1165609.40
1886301245,149452.02,285284.75,16389.52,1115270.80
1889963909,151868.55,258921.00,6669.86,1120645.80
1893625781,155255.52,293337.28,7047.63,1103789.10
1897284800,152969.05,272608.75,6506.05,1074236.30
1900946573,155194.63,276549.81,7324.38,1089678.30
1904605642,153260.55,274336.28,6256.09,1099297.10
1908267463,159423.89,276301.28,6232.49,1091387.90
1911930638,160839.73,286233.00,7050.58,1101091.80
1915592042,157163.73,285249.56,6672.69,1093854.40
1919254899,154785.45,282103.59,6580.52,1226287.00
1922917397,153132.86,284011.09,5888.70,1362631.00
1926580536,153341.98,289310.53,6849.25,1331110.00
1930244147,152187.89,279962.88,6270.73,1380866.40
1933903150,156143.23,271740.38,13059.43,1378105.50
1937564965,151793.95,273512.88,6301.17,1410486.80
1941227574,154318.58,271162.22,6407.04,1402518.80
1944889490,152223.89,58293.53,5862.27,1382226.90
1948551884,156976.67,273331.72,6410.93,1360125.50
1952214090,153383.30,276579.91,5946.41,1363664.60
1955876299,156868.81,277956.47,6371.75,1241739.40
1959538177,161825.30,234977.78,6090.51,1156649.80
1963200827,161743.98,62952.73,6392.28,1077198.10
1966862667,166793.11,126599.17,6713.05,1078473.30
1970525425,172377.22,286498.44,6262.94,1123826.10
1974187236,174566.55,286406.72,6439.37,1119313.40
1977846579,170471.36,63873.15,8672.73,1149959.10
1981508447,175958.33,218421.86,8655.03,1157756.30
1985170750,172138.58,283781.91,9280.64,1143607.10
1988832599,172760.19,273126.72,8963.29,1148106.90
1992492434,176119.42,278853.88,9184.10,1129577.00
1996154355,178313.36,279028.78,8418.76,1086727.10
1999816860,166307.00,275110.13,6921.00,1040339.80
2003478618,166425.84,278008.75,6414.94,1024520.80
2007141105,169330.25,57352.46,5577.37,1104676.90
2010803007,158886.67,55838.30,5289.65,1320609.10
2014465312,157769.52,279781.38,5624.35,1417339.40
2018127097,156673.97,281972.59,6251.13,1336388.50
2021790074,157266.30,57569.14,5386.54,1417757.10
2025450722,156470.16,301498.66,5776.12,1431359.50
2029113634,158163.81,285334.66,5463.84,1447150.50
2032775390,157899.58,289502.91,5848.58,1397094.00
2036437704,158984.39,315304.41,6004.24,1393094.90
2040099499,155432.89,303274.81,7173.20,1384323.30
2043761497,158114.25,57362.38,6178.67,1320298.00
2047423194,160161.38,57132.71,6301.17,1205964.40
2051082186,167610.14,283184.63,6622.77,1125101.90
2054744053,173406.67,58674.49,6488.35,1067881.60
2058403056,171429.53,59399.35,40306.89,1085148.80
2062065804,178592.47,60226.30,6936.70,1104911.00
2065727937,181174.92,62237.31,6438.43,1102919.40
2069390034,182885.23,61084.17,6419.78,1140810.90
2073052412,185455.41,62194.71,7081.98,1152975.10
2076714308,186211.55,62732.75,6858.22,1171770.40
2080373414,185148.56,60917.17,6374.58,1133203.30
2084035349,183105.45,59626.54,6404.08,1090840.50
2087694573,181759.00,60302.54,5830.99,1066883.00
2091356395,175030.00,57867.25,6405.03,1027811.80
2095018845,170309.08,56795.07,5556.84,1354548.50
2098680324,167963.61,58066.82,6130.64,1427481.50
2102342627,163186.52,56859.98,6085.56,1469869.50
2106004346,157867.13,58275.12,6142.44,1462126.60
2109666520,158010.16,57231.26,80919.91,1428012.60
2113328253,160612.20,57050.46,5913.25,1469176.30
2116990389,158554.45,57548.61,5654.79,1506857.00
2120652155,159819.23,57797.86,5958.22,1513763.60
2124314385,161780.69,55850.22,5438.35,1530739.30
2127976156,159409.48,55958.21,5687.96,1466921.40
2131638990,161770.19,57417.49,5940.63,1400943.30
2135300657,165453.50,60161.04,6702.20,1330355.30
2138962928,168327.81,59943.29,6518.80,1239670.80
2142625051,170697.36,60895.46,6659.95,1155830.90
2146287423,170492.59,59984.60,6221.75,1082574.90
2149948846,175251.28,62160.84,7274.34,1060565.10
2153607698,183229.02,61857.06,6974.93,1111308.90
2157269545,180625.31,63401.91,6496.14,1148459.10
2160928656,182089.91,61905.09,6641.30,1163734.50
2164590586,185929.02,62756.82,6674.70,1182491.80
2168249824,181947.34,60462.69,6042.48,1120579.60
2171911694,180423.75,59663.59,6432.53,1109222.90
2175574400,182682.95,58671.19,6486.46,1205626.40
2179236239,168740.05,57671.11,6231.54,1471465.50
2182898686,165715.86,58326.11,5781.90,1561161.00
2186560143,162434.73,59892.07,6176.67,1570493.80
2190222932,162997.56,57237.75,6006.13,1514822.80
2193884336,158001.19,58963.52,5704.60,1534760.80
2197546949,158334.23,154304.30,6175.72,1542627.80
2201211241,158513.97,303626.75,5677.22,1525623.60
2204873459,159972.08,308484.69,6882.65,1562910.30
2208535378,159228.22,307101.03,5773.17,1494532.50
2212197370,163815.89,59937.87,5918.09,1499620.30
2215859481,166847.17,61802.42,6727.69,1491878.30
2219521620,163671.44,61822.13,6632.57,1482233.00
2223183641,167933.05,62303.99,6744.33,1444467.50
2226846260,171757.16,62214.30,6379.66,1317329.60
2230507746,174707.23,63788.77,6606.01,1224130.80
2234170640,171171.08,63310.91,6540.40,1165848.00
2237832871,182545.81,64990.77,6085.56,1144092.80
2241495016,179697.83,64969.88,7277.29,1168044.00
2245156856,184046.52,62437.35,7090.71,1200995.10
2248819732,186259.45,323808.16,7427.65,1185343.00
2252481666,185578.27,316139.41,7378.44,1157487.40
2256144268,181979.92,317430.97,6996.53,1106155.10
2259806073,177984.56,63397.42,6824.82,1142403.40
2263468504,177742.16,308321.59,6088.51,1431255.50
2267130641,172066.47,314625.00,6365.85,1534031.30
2270793482,168114.55,308929.38,6120.84,1549562.80
2274453747,160070.03,151927.78,6086.62,1474760.40
2278116570,161479.50,306599.47,5934.73,1511067.90
2281777593,159519.13,61625.51,5588.23,1556055.50
2285440216,157064.95,59390.62,5965.06,1571730.60
2289101357,160651.38,61054.66,5798.54,1602339.80
2292763729,162459.64,60679.61,6102.20,1520379.40
2296425531,158418.97,59561.27,6439.37,1536096.50
2300087655,162669.47,63214.50,6123.79,1514612.10
2303750315,163630.61,64113.43,6242.40,1463201.80
2307412302,166221.20,61976.14,6328.67,1350722.90
2311074079,171076.55,63951.04,6618.88,1296751.30
2314736280,172362.58,77783.24,7563.13,1204299.10
2318398041,173169.00,312206.13,7359.79,1136761.00
2322060772,175475.28,63962.02,6856.21,1165145.80
2325722552,180630.63,69796.31,7489.37,1183680.40
2329385015,180088.34,64977.55,6643.31,1193555.40
2333047062,187634.00,67932.12,6722.73,1202598.50
2336709840,186202.11,68352.14,7024.97,1192764.60
2340371545,190159.11,66640.66,6615.93,1139511.30
2344034121,186691.28,67732.08,6799.32,1149954.60
2347696142,183167.88,68080.11,6666.91,1417219.10
2351358465,174880.00,66182.27,5859.32,1547577.50
2355020583,169538.55,85241.58,6057.11,1560312.60
2358683154,167352.28,259064.16,6216.91,1563476.30
2362343757,164249.97,310968.34,6084.61,1462672.80
2366006486,163159.02,64314.18,5721.36,1567009.50
2369667334,157472.94,63744.86,5912.19,1599151.60
2373332535,163687.14,63653.88,6341.30,1557368.60
2376994988,160916.80,62772.17,5990.55,1564481.00
2380657086,164161.80,66164.57,6211.95,1595371.10
2384318870,165322.97,63831.49,6709.99,1583035.80
2387981090,168125.17,63639.59,6319.70,1510475.30
2391642573,168937.48,67970.83,6385.44,1575988.40
2395304988,167354.88,66792.77,6352.16,1489647.80
2398966851,172722.89,66224.17,6658.06,1463843.50
2402629380,177960.48,70133.61,6831.66,1384941.50
2406291275,178095.16,70155.80,6733.59,1366391.80
2409954338,180944.67,69793.01,6559.99,1328517.30
2413615095,180837.88,69367.32,6900.35,1313509.00
2417274241,187477.98,70051.47,6622.77,1277876.00
2420936217,187056.44,69393.88,7508.14,1216220.50
2424598389,187483.42,69165.75,7082.92,1174426.90
2428260909,182695.11,69286.48,6888.55,1303550.60
2431923049,175993.14,67961.98,6550.19,1602970.00
2435584975,175771.75,68404.18,6382.49,1598701.80
2439247093,168239.06,68359.93,5976.86,1648851.50
2442908212,163670.03,63971.93,6015.10,1641083.90
2446570743,158945.33,67516.70,5741.89,1651349.50
2450232544,155308.50,67016.77,6053.22,1599429.80
2453894220,157873.61,64944.51,6108.10,1689590.60
2457554951,152705.88,68060.28,5910.30,1651473.10
2461217432,153584.63,66839.04,5640.04,1651879.90
2464878714,157255.91,67621.61,6104.20,1663161.40
2468541095,158051.81,69101.43,5972.02,1637943.50
2472201564,162698.27,71072.08,21632.91,1632350.10
2475864128,163833.00,72457.95,6775.72,1631216.80
2479525592,169910.42,73263.30,6576.63,1648706.90
2483187959,170289.14,73924.55,6831.66,1615330.40
2486848754,173802.39,76316.17,8974.26,1659718.10
2490507564,168957.44,75351.50,9587.48,1497382.10
2494169687,172205.14,334961.38,10272.69,1571620.60
2497831734,180986.69,343597.63,9776.90,1537407.00
2501493542,177232.20,346923.00,16212.49,1589280.50
2505155682,185433.58,349299.16,15262.69,1608825.00
2508817504,183839.64,351959.38,9497.67,1582650.00
2512479862,186699.55,78946.30,15665.01,1630023.10
2516141685,183256.16,77252.17,9975.29,1591325.30
2519804233,183518.52,75182.27,9379.30,1652913.60
2523466032,172410.61,73482.11,8960.34,1629982.30
2527128412,169392.67,73914.52,9208.76,1676082.10
2530789970,171421.52,72325.42,10251.80,1561546.40
2534452278,166072.03,71933.25,10484.06,1535780.90
2538116658,170661.48,72875.03,6509.00,1618988.00
2541779081,175814.70,73527.90,6649.21,1605481.60
2545440726,172139.89,75853.78,6545.23,1634293.60
2549102893,171566.67,74635.84,6883.71,1654024.90
2552763762,173401.38,356002.53,7165.41,1647614.50
2556426323,171838.58,76823.88,28777.79,1583081.30
2560088041,176988.73,74952.72,11406.95,1621921.40
2563750920,172235.83,71363.46,6861.05,1632383.60
2567412321,178263.56,77149.85,7120.21,1587645.80
2571074575,181975.80,75501.62,7487.48,1599383.30
2574735702,181272.53,76372.23,7076.08,1587075.30
2578398712,181021.97,74745.48,7065.22,1533346.00
2582060300,180633.47,79754.73,22191.95,1572080.60
2585722575,181726.42,73414.02,7222.30,1549091.60
2589384390,183755.25,76088.28,7447.24,1566893.10
2593046884,184651.00,76302.72,7397.08,1554213.80
2596708953,183351.41,79345.80,6777.73,1534798.80
2600371325,185261.63,75802.21,6967.03,1529504.00
2604032072,183417.95,78607.95,7144.76,1565254.00
2607691064,186717.25,75157.60,7839.29,1548836.60
2611352872,185076.34,71776.29,6977.88,1557823.50
2615015686,186126.92,75579.04,6858.22,1579562.50
2618677000,180633.47,74098.98,9070.68,1609498.90
2622339358,178053.38,155760.86,8766.32,1481937.50
2626001076,181310.41,343171.00,9697.00,1574292.80
2629663332,184907.22,343162.25,8952.43,1571750.00
2633325110,175288.81,73565.90,8792.99,1589885.00
2636987234,180705.09,74825.02,9574.62,1520995.80
2640649084,183525.36,72615.16,6760.02,1546757.50
2644311391,186609.27,70733.13,6847.36,1624531.00
2647972838,185885.34,72617.40,6684.49,1562112.40
2651635817,194335.14,74714.21,7285.08,1577439.10
2655297213,194188.45,73386.05,6973.99,1610914.30
2658959750,202460.75,74579.91,7306.80,1590463.50
2662621163,202615.23,78147.09,7068.17,1502702.40
2666280056,200078.69,77017.20,7224.30,1454993.10
2669942012,207603.34,80303.03,7092.72,1554878.80
2673600825,213595.19,78847.05,7481.58,1604458.00
2677262870,219036.50,78455.71,6982.72,1579765.00
2680925677,219439.41,80002.32,7618.13,1580254.30
2684587536,218844.59,79428.29,7383.39,1565196.50
2688250343,211730.05,78624.95,7317.66,1561842.40
2691912194,209113.38,76923.84,7455.15,1592918.00
2695575047,200993.80,74368.42,6101.25,1579967.00
2699236929,173087.44,65835.42,5514.71,1694071.80
2702899026,168089.42,63635.23,5150.86,1723055.50
2706564175,163986.91,61813.39,5360.10,1708661.50
2710225167,172700.23,60533.50,5436.46,1637950.50
2713888820,187842.31,62483.38,5592.13,1584782.10
2717564431,211631.73,66126.09,5877.96,1656235.90
2721226229,232442.06,68933.13,5715.34,1637862.00
2724888492,240058.55,67818.23,6048.38,1637227.80
2728548971,242687.61,72812.48,5947.48,1576808.00
2732211516,241620.27,71396.87,6224.70,1576287.50
2735873254,247788.91,73750.24,6342.24,1615893.10
2739535394,252142.80,79130.30,6850.31,1597980.90
2743197209,248966.95,82078.48,7560.18,1609712.30
2746859606,258049.91,78115.46,7723.40,1605887.60
2750521485,244441.00,78070.50,7213.45,1541786.10
2754184151,239255.44,76070.34,7449.13,1539983.00
2757846356,244225.84,83009.88,7399.09,1622568.10
2761508581,241958.97,82113.65,7471.79,1576248.50
2765170708,240421.80,82327.02,7467.89,1641651.50
2768833211,241302.80,81472.82,7727.29,1603069.90
2772495088,232132.27,80195.52,8170.80,1602618.30
2776157359,231019.72,79524.35,7144.76,1601894.60
2779819163,224952.70,80076.91,6863.05,1648473.40
2783481477,204554.95,72035.69,6324.66,1671094.80
2787142863,205910.63,68531.29,6220.80,1711908.90
2790804998,212137.92,376110.31,5898.50,1668984.80
2794469130,218100.50,367808.03,5769.27,1489994.00
2798131297,239894.38,367811.69,6221.75,1616221.90
2801794993,257508.69,369074.34,6113.05,1664545.00
2805457138,269012.75,362908.91,6226.71,1653845.50
2809117518,281934.22,353866.53,6349.21,1653866.10
2812779728,284163.34,356283.41,6298.22,1657481.00
2816440987,286334.28,73144.94,6436.42,1661952.60
2820103367,289774.47,356974.53,6122.73,1646481.30
2823764853,282242.63,74892.18,6426.63,1648693.10
2827426555,281713.91,72954.22,6597.16,1665505.60
2831087862,284379.78,74051.90,6417.78,1626828.10
2834749975,283601.00,77990.48,6223.75,1623802.60
2838411942,274461.03,76381.20,6630.56,1596137.00
2842074101,282434.38,77032.89,7261.60,1583048.90
2845735936,272235.69,370240.84,7285.08,1651707.80
2849398284,274443.56,79487.06,7132.96,1637888.90
2853060046,269258.47,85129.58,7393.19,1478316.50
2856722335,270575.06,80840.60,7849.21,1599324.00
2860384374,264717.19,83403.23,7532.68,1584651.10
2864046656,269632.81,83396.50,6870.02,1626273.40
2867708567,261481.38,80524.79,6722.73,1643896.50
2871370833,261320.52,79593.16,7352.94,1631983.60
2875031350,258580.75,76515.98,6293.39,1691619.80
2878693703,256618.13,67850.21,6541.34,1630843.80
2882354928,266117.69,69170.12,5751.57,1604571.00
2886017319,287888.44,69304.18,5733.04,1593122.40
2889680672,298663.88,374913.59,6353.10,1699195.80
2893372967,305208.28,372718.97,6178.67,1654363.40
2897033622,305092.41,375121.44,6528.59,1595094.00
2900695841,312584.59,371189.69,6296.22,1664677.10
2904357459,308240.03,378295.63,6637.41,1611074.50
2908026809,306964.84,378306.72,6921.00,1643704.60
2911688730,302194.00,80330.17,6898.34,1641507.80
2915350663,308752.81,382385.88,6833.55,1640660.30
2919012300,302218.78,385168.00,7205.66,1631942.50
2922674325,298780.38,383336.84,7472.73,1497388.30
2926336306,304958.22,382592.41,7236.11,1594045.00
2929998669,292898.38,389481.78,7547.44,1617275.50
2933660515,294910.09,390220.69,7624.15,1599866.60
2937323095,288725.78,396288.88,8122.53,1607106.00
2940984865,295673.44,400250.97,8209.04,1592569.10
2944647348,292778.13,400839.03,7477.69,1570131.00
2948309176,287656.28,401410.34,7118.21,1647394.30
2951971668,282963.81,400583.06,6698.30,1625550.80
2955632568,275190.72,395852.69,6860.10,1729145.30
2959294978,277022.00,399520.31,6398.18,1754507.10
2962956292,290366.56,395594.81,5814.24,1731270.80
2966618278,305975.63,386380.88,5669.31,1559535.60
2970281873,320296.31,376517.69,5782.96,1645829.60
2973943944,329888.28,383880.91,5926.82,1650495.50
2977607447,339246.34,377222.38,5926.82,1718093.10
2981270933,347655.88,370666.66,6178.67,1719020.30
2984934370,352096.28,372698.78,7008.33,1682858.30
2988596726,346794.25,375463.94,6821.87,1677065.40
2992260882,340382.97,377270.41,6962.19,1627930.60
2995923578,342043.56,77472.63,6991.69,1621996.00
2999584022,338222.88,76572.16,6498.15,1606726.30
3003242950,339005.56,81616.68,6745.39,1606373.60
3006904880,338088.81,74931.36,6868.96,1584219.60
3010567083,334653.00,79857.63,7453.14,1551615.00
3014228837,336236.66,80986.70,6960.30,1577862.50
3017891485,338114.91,82272.62,7650.58,1580795.00
3021553357,324004.19,414598.06,7771.43,1624031.80
3025215669,324783.69,414644.81,8202.31,1550046.90
3028877516,322218.22,411713.13,8121.59,1617664.50
3032539919,324566.88,411550.16,7569.03,1624807.90
3036201834,320208.28,417359.91,7465.89,1599416.30
3039864056,318667.56,416201.09,6857.15,1664948.40
3043526183,301762.31,412264.28,6509.00,1701912.10
3047187906,314525.97,408654.59,6148.34,1705666.40
3050852358,328093.13,397550.00,6214.90,1700796.40
3054514363,349736.75,394210.38,6429.58,1607925.50
3058177216,368871.97,388327.09,5898.50,1729590.40
3061838894,379761.28,384139.97,6166.87,1690909.80
3065499043,397945.59,384565.19,5820.14,1709524.90
3069161415,396474.88,379448.19,6423.68,1720912.90
3072821543,399724.47,379692.72,6545.23,1722132.60
3076484267,396351.56,70935.41,7005.38,1685336.40
3080144877,397092.00,75483.68,7015.18,1630843.80
3083807276,387652.28,76966.57,7242.95,1636226.30
3087469111,382960.72,80636.90,7061.32,1707001.50
3091131209,383286.56,404107.16,7606.33,1670591.00
3094792936,373084.00,235194.23,7078.08,1569063.90
3098455373,366689.47,80738.75,7207.66,1576339.90
3102116155,367678.81,82735.95,6991.69,1613722.80
3105779154,362780.50,402987.19,7270.45,1617262.10
3109440578,363279.47,423119.38,7172.26,1637602.60
3113103354,358000.09,432757.50,7027.92,1566751.00
3116765032,357531.91,424554.34,7182.05,1654826.00
3120426984,358111.38,433399.28,7419.74,1656381.00
3124087742,353470.72,431100.53,7708.53,1727065.50
3127750298,344448.06,429059.44,7224.30,1782380.50
3131412003,347371.47,431477.47,7343.15,1745109.60
3135074027,357293.53,425808.16,7621.20,1699381.50
3138734656,347247.78,428671.97,7706.64,1608971.60
3142396931,356731.06,426067.34,7286.15,1707339.50
3146057678,358163.44,419269.44,6878.75,1652431.80
3149719752,381627.50,417641.63,7753.85,1707051.80
3153380170,394749.69,410705.03,7506.25,1683916.60
3157042351,387938.94,409427.63,7650.58,1669948.50
3160703124,395054.66,415648.91,7251.80,1676285.90
3164365581,385943.38,415243.16,7748.89,1673642.30
3168027046,383104.13,415617.63,7619.07,1684192.30
3171689460,384942.13,416810.66,7970.17,1645568.50
3175350699,381024.06,415428.44,7559.24,1661723.30
3179013423,377780.13,416861.41,7976.90,1664934.60
3182673588,368556.63,422597.16,7466.95,1595378.00
3186336151,362336.28,429242.34,7750.90,1697904.00
3189997616,367151.16,423715.13,7880.60,1570701.00
3193660493,354274.88,435137.91,7601.49,1627788.50
3197321777,362587.19,431601.16,8179.65,1673347.60
3200984199,362271.25,438591.56,7918.01,1611709.40
3204646214,359561.09,439892.47,7621.20,1643533.30
3208308346,358064.75,85275.80,7809.91,1661640.40
3211969800,351582.56,89228.91,7792.09,1731417.30
3215632157,343099.13,79051.23,7160.46,1689718.00
3219293859,346210.41,77344.34,6991.69,1720535.40
3222955555,357177.16,71517.01,6891.50,1693211.10
3226615774,369660.06,75667.55,7060.26,1683507.30
3230278265,381826.34,77817.00,7276.35,1749103.90
3233942352,385076.53,79510.78,7076.08,1697383.00
3237604494,390070.09,81392.33,7678.08,1717738.10
3241269083,391451.94,79667.74,7826.55,1738117.60
3244931043,389632.13,83330.52,7747.95,1716305.60
3248591822,386539.97,83760.70,7908.21,1718100.30
3252254105,392336.13,85499.56,7600.54,1667449.40
3255915936,379863.13,85997.72,7567.97,1626463.30
3259578013,384660.41,84040.75,7658.49,1627118.60
3263239027,377456.88,86328.28,8080.28,1672773.90
3266901431,376840.47,85699.48,7839.29,1665031.90
3270563189,369021.59,100239.09,7644.68,1671640.10
3274225415,369568.72,88042.24,7545.55,1630586.00
3277887206,367198.47,112658.74,7300.78,1698753.30
3281549297,368195.84,87677.45,7416.79,1600072.00
3285211109,367560.44,89569.51,7560.18,1635041.90
3288873370,363228.84,91918.64,8135.40,1657868.80
3292534602,357962.44,463223.03,7972.06,1660855.50
3296197676,355167.69,461648.34,7598.54,1654169.90
3299859095,346681.31,454138.56,8351.84,1750712.10
3303521442,338750.91,455847.56,6667.85,1740470.90
3307181914,349724.38,446441.13,6436.42,1687989.10
3310844090,374034.97,441042.19,6504.05,1664524.50
3314508214,377174.47,425042.47,6426.63,1720999.90
3318169940,402330.41,427460.66,6278.63,1777350.30
3321836388,420264.31,419514.56,18704.90,1765911.90
3325495717,427724.53,79574.04,6950.39,1719005.90
3329156429,433137.41,433551.50,7252.75,1701568.60
3332819133,428840.84,82173.84,8176.70,1701153.80
3336479549,424307.47,79418.26,7171.20,1592918.00
3340142614,416990.50,83612.70,8268.17,1681906.30
3343807080,408376.44,84184.38,37739.07,1641767.60
3347469465,406970.38,86941.73,33563.50,1651212.10
3351131288,392179.53,92300.30,12621.47,1694135.60
3354793728,391048.69,90513.88,12370.33,1487676.10
3358455396,381088.97,91745.39,10173.79,1572463.50
3362118178,373496.94,90929.06,8767.26,1616644.60
3365779493,378922.66,92607.98,9943.66,1655592.60
3369441810,371131.03,91067.50,11349.60,1629697.60
3373103932,371012.19,92797.75,8206.21,1532396.60
3376766131,361010.34,93411.79,7555.23,1698225.50
3380428013,359703.19,92726.11,7523.83,1643286.50
3384090219,358231.66,85910.85,7951.41,1689300.00
3387751692,353388.81,88993.23,51085.39,1677198.50
3391413917,354364.09,86098.38,8128.43,1731022.30
3395075265,363037.31,84617.50,7569.03,1735856.10
3398737497,372488.00,83558.06,6866.00,1711598.90
3402398950,372970.22,77955.55,7374.54,1704597.90
3406060828,384195.91,80738.75,7024.97,1738389.50
3409724646,385956.47,84235.60,7367.58,1802708.30
3413386872,395981.56,82278.16,7161.40,1727976.90
3417048184,395993.00,82899.65,7248.85,1685477.50
3420710578,394023.06,83752.67,7993.78,1671514.40
3424371909,390591.25,85427.70,7251.80,1637657.10
3428033810,389573.81,85644.61,7457.98,1644903.60
3431695055,389184.97,89335.83,7802.00,1580090.80
3435357327,380309.81,87249.88,7065.22,1656519.40
3439019065,381909.91,92949.52,7047.63,1635974.30
3442681648,376125.06,86188.66,7307.74,1530343.90
3446342947,371969.44,90438.94,7329.34,1658713.30
3450005167,368103.06,91189.77,7181.11,1622177.80
3453666981,367480.41,89193.27,7192.91,1651473.10
3457329508,375351.44,90515.06,7658.49,1552578.50
3460991225,366900.13,92540.95,7125.17,1641569.10
3464653431,368374.41,90190.16,7083.86,1610620.40
3468314852,371174.94,95792.79,4337.96,1634749.30
3471978477,360388.75,91743.03,4210.03,1607659.00
3475643639,364508.38,92130.24,4700.27,1624092.50
3479306158,361984.22,90053.02,4879.07,1620050.60
3482970502,367003.97,87999.76,5130.33,1652004.30
3486633134,365496.44,89965.45,4347.64,1596315.50
3490298270,380649.25,94757.78,4224.78,1597068.10
3493960934,363384.38,93309.70,4478.52,1638168.40
3497626038,364504.84,92774.62,4305.74,1657460.40
3501288363,362309.13,94590.55,4527.38,1625091.40
3504949813,363490.97,97652.74,4374.07,1622858.50
3508612379,360561.78,94837.91,4838.11,1602691.30
3512274210,357541.00,100613.67,4701.21,1598542.90
3515936695,350919.88,95861.48,4502.00,1602525.10
3519598052,354971.06,98110.77,4624.03,1604345.10
3523260745,353793.25,102661.03,4530.33,1612672.10
3526922604,347816.63,98653.52,4450.31,1527768.80
3530585133,344557.00,96607.11,4978.79,1600596.00
3534246963,348554.00,100176.89,4969.00,1553491.30
3537908593,349247.81,102057.73,5792.76,1604843.10
3541569862,352218.91,104001.83,6418.84,1574884.00
3545232393,353003.94,105344.75,6512.90,1613234.10
3548894639,343035.88,104449.94,5841.62,1624180.00
3552556915,344775.19,105437.16,6540.40,1634939.90
3556218768,340057.94,106000.21,6207.11,1651260.00
3559881300,321339.69,104330.39,4922.03,1656615.90
3563543193,327501.50,99586.92,4228.67,1725579.80
3567205510,325395.00,101862.30,4952.36,1739565.90
3570867357,326280.59,99656.20,4490.32,1656643.50
3574529368,323090.97,97723.91,4959.20,1660120.50
3578189919,330900.41,90663.76,4595.83,1679110.90
3581852135,338630.63,94933.15,4868.33,1669124.00
3585513893,343774.88,93890.59,4877.18,1695060.80
3589175871,354830.03,99304.51,4746.18,1656395.00
3592837656,345875.59,99674.96,4323.32,1672444.60
3596499790,344405.94,95724.10,4795.98,1636682.30
3600161657,348704.34,101229.37,4685.64,1631711.60
3603824604,339834.53,105238.18,5175.29,1622973.00
3607485925,350371.56,100899.16,5813.29,1620958.60
3611148124,347048.34,105414.61,5752.63,1542824.40
3614810020,339757.59,100195.66,6197.20,1550002.30
3618472981,340704.56,102351.00,6358.88,1578428.80
3622135112,342225.69,107087.74,7180.17,1537022.90
3625797605,338663.81,106744.43,7213.45,1572774.60
3629458927,331169.13,111549.38,6740.43,1543660.50
3633121492,329668.06,105746.48,7068.17,1531938.00
3636783288,329152.44,110193.48,6608.02,1486573.60
3640442477,327336.97,105296.24,6070.92,1551404.30
3644104620,321365.19,100760.48,5546.10,1667261.30
3647767508,302456.25,93772.22,5090.20,1695708.90
3651428083,305183.38,86783.71,5026.71,1703000.00
3655090153,311095.34,80969.71,4214.98,1778870.90
3658750797,332639.25,78882.10,4381.86,1628634.50
3662413124,339789.09,81961.52,4645.63,1710273.40
3666073388,355101.47,81139.66,4471.67,1680265.10
3669735946,364765.66,84880.92,4989.53,1683655.50
3673396471,371356.09,87106.72,5099.05,1698960.00
3677058961,371251.88,88789.77,5370.96,1661875.90
3680720598,367049.41,89277.18,5350.43,1662112.10
3684382716,366934.81,94004.23,4698.26,1615196.10
3688043424,363784.22,91730.28,4638.78,1580234.30
3691702321,362943.25,90292.59,4432.61,1567209.60
3695364224,357754.25,97153.05,5470.81,1611689.60
3699027135,345051.38,99351.36,5728.08,1570668.50
3702688978,349309.91,94999.59,5244.80,1524175.10
3706351190,346999.00,100511.47,5205.62,1575630.90
3710013110,344542.94,100272.02,5759.36,1503714.90
3713675764,342008.41,97608.25,6071.87,1569471.00
3717337889,335462.47,98554.04,6198.26,1561456.30
3721000190,333243.97,99230.75,5974.86,1542735.40
3724661997,334289.13,98748.29,5967.07,1573429.90
3728324510,328043.31,97645.66,4929.93,1612946.80
3731986560,321932.63,95784.65,4973.95,1716146.90
3735650023,316580.91,88843.82,4611.40,1736347.60
3739313293,321382.19,93942.75,4958.26,1698774.50
3742975637,317221.72,89591.22,4905.50,1500642.50
3746637406,319146.34,87573.01,4882.96,1639260.30
3750300143,329319.09,84028.24,5226.16,1701075.40
3753963658,337557.88,84494.30,5017.85,1703752.30
3757625923,342937.69,86447.24,5049.13,1658720.10
3761287557,346117.06,91530.48,5301.45,1620353.30
3764949742,346011.31,88090.40,4973.95,1631732.60
3768610575,347647.03,89490.08,4863.37,1593478.10
3772273338,345422.75,93129.02,4783.35,1516167.60
3775934788,339590.00,93664.35,4726.59,1548181.90
3779597616,345630.72,96590.82,5531.35,1536612.80
3783259471,344801.53,97156.59,5863.21,1564532.50
3786922005,339871.13,95734.73,5564.75,1463921.00
3790583900,339389.38,102010.64,6160.03,1491421.80
3794246631,340403.97,98536.45,6325.72,1483440.50
3797907962,332990.00,99574.06,6683.55,1524811.90
3801570895,328738.56,98626.62,6846.41,1466903.80
3805232267,326054.84,96094.44,6565.89,1477769.40
3808891291,323762.00,102247.38,6244.29,1505909.40
3812553210,318388.56,96697.98,5560.73,1597974.40
3816215797,310995.03,98032.40,4899.60,1602843.80
3819877842,308052.03,94367.61,4640.67,1669711.10
3823539961,313919.50,93781.54,5347.48,1631949.60
3827201649,313642.63,89044.92,5396.34,1678675.00
3830863721,302550.31,85729.23,4720.81,1613963.50
3834525393,317400.53,84417.94,5111.80,1670661.40
3838187767,323934.19,83906.45,4879.07,1713870.80
3841851956,329257.25,85459.67,4921.08,1689647.50
3845514486,338597.47,85100.08,4740.40,1613468.10
24675,341365.81,91309.91,4973.95,1581572.30
3700580,343824.09,87089.49,5112.74,1563798.40
7361996,340250.19,91242.99,4939.73,1643006.40
11023720,334928.44,92993.42,4823.36,1588807.80
14686003,340840.97,91538.63,4846.85,1576476.30
18347613,336976.88,94221.27,5733.04,1553395.60
24675,339042.16,96724.89,6192.36,1593300.40
3685113,338750.91,95176.27,6634.57,1552004.00
7344282,339635.44,99762.89,6253.14,1460542.60
24676,333143.91,96804.20,6454.12,1481002.50
3686686,332093.66,98437.08,7260.65,1420886.50
7346967,332618.59,102780.12,6658.06,1511222.80
11008260,332919.06,104271.38,7182.05,1504599.60
14670554,327160.53,103053.68,7470.84,1511611.90
18332416,323211.81,99793.34,6974.93,1532164.40
21995262,317027.59,98858.41,5963.05,1607379.10
24675,312653.41,96043.22,5600.86,1616174.80
24675,313228.38,103060.76,5511.76,1643177.00
24675,312857.81,97398.05,5251.65,1642157.40
24675,310273.47,96677.09,5569.59,1574461.80
24675,312017.06,97909.78,5097.04,1608178.40
3685344,303468.00,92797.75,5129.26,1500189.50
7346614,297792.19,89770.96,5024.82,1695359.80
11007082,310538.88,90117.46,5022.81,1588748.60
14669170,311978.47,86266.44,5279.97,1540090.60
18330900,320442.19,82444.10,4628.99,1644855.50
21992558,332368.06,81312.91,5024.82,1685866.90
25655224,351236.06,81204.21,4911.40,1675520.90
29315774,350742.38,87563.92,5218.37,1480610.50
32977166,356872.44,88778.32,5442.36,1601516.80
36639294,350497.50,91629.85,4732.49,1607032.90
40300950,354000.13,92006.56,4865.38,1598893.50
43963144,348005.69,96680.63,5082.41,1644279.80
47998733,352906.00,97528.82,5659.63,1593497.90
51669828,342490.38,103175.23,6305.07,1624355.90
55331986,342243.25,102353.48,6003.30,1627254.10
58993804,344813.91,102134.33,7178.16,1579008.50
62656324,327098.81,102565.56,7405.93,1626807.80
66318145,343713.53,105251.16,6376.59,1607065.90
69980426,333223.31,105367.17,6827.77,1608965.30
73642764,336747.44,107211.42,6825.76,1588669.60
77305162,326186.56,108543.13,7576.94,1643622.30
80967000,325082.50,104827.24,7339.14,1669271.10
84626098,323595.13,99438.10,6539.33,1707418.30
88288001,304378.97,104464.10,4626.98,1633973.90
91951203,307950.53,92940.20,4542.95,1735511.60
95612787,316388.75,97582.64,5037.45,1719679.80
99274630,316425.81,86995.55,4995.43,1509605.40
102934943,329051.06,91640.23,4987.52,1686651.30
106597644,335466.00,86022.97,5316.08,1713141.90
110257949,342662.34,90867.93,5834.89,1673334.00
113920291,347703.56,89813.45,4895.71,1712262.00
117582026,352897.16,93293.42,4799.88,1613468.10
121244548,354701.50,95049.40,5118.64,1663286.30
124906493,351905.91,96171.27,4578.12,1601450.40
128568006,352523.28,98018.48,5925.88,1630613.10
132229000,343887.34,99390.07,5741.89,1648081.10
135891865,346002.47,101824.65,6131.58,1617087.30
139553741,347572.81,106080.94,5892.60,1653721.40
143216755,342106.47,106854.89,7321.55,1479652.60
146878375,341147.00,107691.88,7134.97,1580214.60
150541119,346744.78,110847.65,6842.52,1559324.10
154203008,338235.03,113065.91,7444.29,1551525.40
157866334,339216.59,105991.95,6946.49,1591430.50
161528328,334529.91,110503.16,6850.31,1597445.10
165190677,339439.88,110834.55,7028.87,1650984.60
168853664,327119.47,106351.43,6558.92,1581853.10
172515757,328165.09,106952.26,6234.49,1676812.10
176177669,311015.09,98101.44,5121.47,1655820.90
179840165,307242.31,91967.26,5089.26,1728239.90
183500721,316019.84,85816.09,5045.24,1699074.30
187162682,332972.66,81575.96,4406.29,1629975.60
190827416,344849.09,80067.82,4473.68,1669529.10
194488915,366482.22,81570.30,4696.38,1705508.50
198149344,376397.91,524612.63,5400.35,1702728.00
201811482,382705.81,509469.25,5703.65,1695160.80
205472181,393484.31,90375.56,5475.64,1697269.30
209131152,394252.16,94395.46,5016.91,1645438.50
212792896,384074.69,93721.23,5111.80,1571575.00
216454981,384156.72,96612.89,4973.95,1661431.80
220116810,378177.38,98177.45,5006.17,1640947.30
223779094,374483.19,95987.28,5296.61,1648411.10
227441019,378486.00,101177.68,5904.28,1625658.80
231105989,364669.59,103857.61,6138.43,1482389.50
234769680,361026.53,102170.79,6157.08,1632024.40
238432066,359397.41,106799.07,7044.56,1534112.90
242090740,361652.25,107332.63,6919.94,1593346.40
245753040,359456.78,105087.70,6906.25,1552444.50
249415047,359834.56,106698.16,6264.82,1625355.00
253077366,353196.31,102158.99,5720.29,1646872.40
256739591,345260.84,105368.47,5952.43,1682971.00
260402274,337895.63,104069.22,4793.03,1686552.60
264063870,325688.88,97254.55,5204.68,1667505.40
267728223,332238.72,93863.91,5283.87,1700059.90
271390957,348771.63,96025.63,4901.61,1653182.80
275052509,356245.88,95841.77,4948.46,1612993.30
278713224,363179.97,96030.36,5066.71,1675113.90
282375348,372253.38,88755.30,5057.98,1718889.50
286036791,378275.31,93220.48,5346.53,1705472.90
289698473,384455.19,97692.39,5330.84,1711800.80
293360182,384901.06,100805.09,5225.21,1675934.90
297022852,383662.81,100117.05,5156.64,1750089.80
300683384,374216.84,104491.37,5235.95,1592727.00
304345967,372396.31,101927.09,4929.93,1686870.80
308007841,368815.44,106019.21,5007.12,1669305.60
311670419,370074.56,104328.15,5484.38,1645747.00
315332200,361926.41,102709.30,5952.43,1556824.10
318994750,356827.72,103470.28,6470.76,1504083.90
322656898,354671.19,105299.66,6065.02,1541501.00
326319218,353324.50,107892.85,6353.10,1586918.00
329981178,351978.97,105023.86,6618.88,1641200.00
333643935,352368.44,107872.67,7066.28,1589431.80
337304910,352642.47,106444.08,5846.57,1651701.00
340964090,344479.69,103562.45,5247.75,1662744.30
344625946,342248.47,101638.77,4929.93,1709647.60
348289515,341435.91,105632.59,5564.75,1682893.60
351950049,344068.41,100825.04,5155.70,1684729.00
355612455,338827.59,101957.77,5199.72,1689129.90
359274219,340606.72,99887.16,4896.65,1544567.30
362936388,339501.00,99874.18,5180.13,1662938.50
366597800,335533.63,98276.81,4786.31,1693993.60
370259972,344757.63,96940.63,5245.75,1734411.40
373921585,347781.22,95102.98,5320.10,1632241.40
377583876,350600.53,98064.03,5209.52,1682018.90
381245182,351854.47,98470.95,5419.82,1605249.40
384907350,344490.31,97598.92,5018.92,1588046.30
388569167,343348.25,96762.18,5036.50,1679131.90
392231569,348564.50,94040.23,5068.72,1587796.80
395889805,349529.53,551035.38,5244.80,1658505.60
399551463,350252.75,271047.63,5136.23,1620527.90
403212976,345916.06,111497.81,5013.02,1525748.80
406875582,346670.69,108891.28,6317.81,1617167.80
410537609,346944.25,104170.83,6368.80,1627734.50
414200134,352082.00,105227.44,6353.10,1618705.80
417861909,350149.81,104810.72,6063.02,1624578.50
421524627,341402.63,103338.10,5791.81,1630138.50
425186568,342539.50,103861.15,5472.69,1634123.80
428849185,337575.22,100615.91,5510.81,1617121.00
432510450,338060.97,160046.42,5515.77,1668788.90
436173043,333389.25,101051.87,4977.85,1597134.80
439835152,341686.22,124173.09,5279.03,1671402.30
443497493,337872.97,546171.19,4953.30,1711765.10
447162021,341255.56,554184.00,7192.91,1647229.50
450824189,356412.28,535081.56,5733.04,1595331.50
454484859,368046.53,521779.88,4989.53,1723775.30
458146982,376480.88,422106.78,5181.19,1700053.00
461807455,385195.97,502587.69,4676.90,1691385.60
465469739,379115.03,509291.75,5598.85,1690178.80
469131498,397320.00,500527.22,5734.93,1688761.40
472793669,387225.03,511385.28,5246.69,1626118.40
476454413,385394.00,94655.58,4912.35,1668580.30
480117094,389186.84,134540.31,5048.19,1613615.40
483778966,379388.94,97554.66,4795.98,1622865.10
487441562,380406.25,93113.91,5523.56,1627815.60
491102464,375057.13,96356.55,4854.64,1640933.50
494765177,365556.25,530999.94,5202.67,1575416.50
498427151,367565.97,526070.63,5110.85,1633742.80
502089815,369420.97,519168.88,5149.92,1638796.00
505751587,369818.94,528536.94,4641.73,1554514.00
509413851,363601.44,273106.31,5209.52,1623660.80
513074616,360731.00,529899.81,5122.54,1632085.50
516733613,363066.22,543828.31,5937.68,1638509.50
520395421,363720.84,96059.39,4943.62,1645795.10
524057566,353205.16,536198.38,5413.92,1645130.00
527719000,357410.00,86958.84,4223.84,1661292.90
531381144,368307.00,81115.81,4578.12,1653300.50
535041820,380775.41,333600.38,4361.44,1657404.80
538704250,393828.47,75110.63,3723.32,1676054.30
542367893,405069.25,90774.46,4018.84,1693019.00
546030309,422922.28,222783.42,4620.14,1646845.30
549694539,430470.78,84716.64,4787.25,1695836.80
553356749,435988.69,528004.31,5018.92,1685591.00
557017746,426697.44,506898.38,4888.86,1598424.00
560682507,417037.25,494688.66,5010.07,1629406.50
564345314,411139.09,88610.50,5161.60,1626699.50
568007529,408337.84,93921.98,5291.66,1664941.50
571668166,405670.91,93544.91,5378.75,1626334.80
575330638,397945.59,95504.23,5137.17,1495325.10
578992607,387967.03,94229.41,5171.40,1588420.40
582654578,389739.16,539986.63,5356.21,1613434.80
586316380,382826.66,96304.16,5566.64,1549505.10
589979012,378998.41,96656.09,4933.83,1633178.90
593640464,377298.16,96016.31,4770.61,1625023.90
597303047,371394.56,96213.16,5093.15,1604969.90
600965202,372229.53,97192.59,4760.81,1584560.00
604627348,366943.91,95865.02,5499.13,1641822.40
608288599,356931.69,554358.19,5116.64,1728429.60
611950728,369453.91,544102.56,4303.73,1755028.30
615611252,380647.34,530531.94,4508.85,1705128.30
619275462,394250.13,506781.19,4031.47,1615001.90
622938750,407789.78,490220.78,3842.29,1674903.90
626604363,430263.56,456587.06,4097.79,1670423.60
630267652,435814.03,424396.34,4030.52,1753697.30
633936372,445126.28,479460.69,4253.93,1725412.10
637596952,448181.03,106168.74,4251.10,1713452.30
641259139,434508.50,98141.09,4561.60,1643191.00
644920899,424939.69,472614.72,4848.85,1653714.50
648583038,418248.34,500424.06,5450.15,1688463.50
652247661,410428.06,492435.13,5214.35,1664607.80
655909872,401792.84,505812.84,5473.64,1701025.00
659571745,399623.47,502519.59,5629.18,1655489.30
663234040,396194.13,510353.34,5638.04,1535277.30
666894702,388591.81,511158.44,5279.03,1637650.50
670557474,381180.09,97095.81,4589.81,1183890.50
674218438,374722.31,95057.66,4965.10,1097148.50
677881177,374795.94,541453.31,4880.13,1053617.60
681542667,371191.47,538829.44,5133.28,332394.03
685205084,367740.66,534392.81,5100.00,114355.36
688866843,365431.03,538845.50,5229.11,96731.97
692529457,363273.94,100364.77,5431.62,107539.52
696191082,354963.97,96606.05,5164.55,235499.55
699853495,353174.97,549608.69,4571.40,524112.38
703513852,361859.72,90841.38,3991.46,1029981.20
707175962,361480.88,89968.99,4155.39,1522503.30
710837235,380087.47,246074.23,5391.38,221790.89
714502267,374961.41,537634.88,4917.19,198702.84
718164404,374492.53,529074.50,5080.52,258779.25
721826475,365166.34,140074.02,5670.37,326385.06
725488164,358075.50,547323.19,5283.87,338595.81
729150208,352041.28,107412.29,5406.13,345252.13
732811153,346972.44,537333.13,5529.46,321271.97
736474088,342259.06,532864.06,5057.04,330641.94
740136125,342096.09,540432.75,4893.70,332983.03
743798206,341507.66,538017.50,4258.89,334925.00
747459660,335557.94,544734.94,4220.89,340234.50
751121748,328094.88,126078.72,4478.52,344463.88
754783601,331684.75,127273.05,4695.31,335426.00
758446022,323491.16,124882.02,4795.04,347541.06
762107767,322859.53,555399.81,5005.23,341376.31
765766731,313597.31,130017.30,4433.55,347002.44
769428576,312372.03,559082.50,4680.80,381189.28
773090983,307903.91,566319.06,4409.24,413154.25
776749215,305491.66,574952.38,5028.71,554040.25
780411479,295086.19,535798.19,5219.31,1407162.50
784073261,296915.09,572586.25,5214.35,1619115.50
787765513,299607.44,574718.00,4915.30,1711123.80
791429707,302545.34,558686.94,4697.32,1636198.90
795092026,307990.44,116545.29,4160.34,1683147.60
798753643,310463.81,117170.66,4874.23,1698489.40
802415665,313706.34,547073.44,5101.88,1724487.60
806080521,312422.22,548778.19,5383.59,1656893.00
809742173,312961.66,120540.88,4841.07,1514822.80
813402899,314914.25,498174.91,4991.54,1146050.60
817065725,309886.25,541332.94,5224.27,865559.50
820727206,315169.75,126628.80,5173.40,704127.88
824389335,307185.78,125116.52,4988.59,502598.66
828051173,304703.28,558689.19,4988.59,460241.09
831713795,306178.03,514219.56,5133.28,472559.75
835375230,303673.00,135438.78,4670.06,438978.66
839037929,309200.94,275707.75,4889.81,430430.78
842699356,302134.75,566173.25,4623.09,430508.44
846362163,296803.94,557101.81,5295.67,435041.59
850023962,297490.91,550665.06,4880.13,419969.75
853686947,296109.41,553444.94,5444.37,446139.59
857348631,288808.16,345873.72,4641.73,479932.16
861010817,289171.53,573440.25,4728.60,495675.28
864671581,288185.13,556442.69,4821.47,419416.47
868330736,274482.97,564844.94,4941.62,559120.38
871992613,268920.47,568392.88,5329.89,1239337.00
875654803,265147.81,561130.00,4864.43,1598960.00
879315237,273845.56,557267.31,4589.81,1557733.50
882978333,281614.75,542403.38,4399.56,1679047.40
886642182,291127.88,517226.19,4978.79,1661903.30
890304468,291234.81,540277.75,4881.07,1709223.00
893966015,296870.97,538991.00,5121.47,1714513.30
897628174,289966.97,528999.31,5082.41,1634654.30
901289484,290465.47,126034.46,5241.85,1624287.90
904951634,290716.38,119703.78,4692.48,1369169.00
908613960,284896.34,122543.98,4495.16,1140294.90
912276241,292000.28,129656.88,4657.31,1023231.10
915937873,294416.44,126014.75,4585.91,944701.69
919600025,286949.03,129986.38,5319.04,885100.63
923262036,286335.91,126500.74,5664.47,810652.81
926923031,292388.31,128854.13,5326.94,783864.19
930586613,285373.13,132980.36,5366.95,733954.88
934248992,281175.97,126604.13,5508.81,690932.13
937910938,277673.81,130752.20,5367.89,638399.50
941573648,273325.34,131087.25,5113.69,642849.44
945235501,269797.34,121401.22,4101.69,770307.44
948897579,261176.66,123652.40,4134.02,1083427.60
952559409,259276.81,122754.29,5329.89,1424018.10
956221629,255132.88,124385.17,4506.84,1311357.80
959883384,257190.75,127985.88,4544.96,663337.50
963545881,256621.19,125992.68,5054.09,461641.97
967207895,257694.67,129507.23,4761.76,325930.09
970870242,253205.66,126404.68,4808.73,365032.16
974532340,240118.38,122215.42,5123.48,490439.22
978194555,240345.56,126860.23,4331.11,558360.13
981856044,236247.30,126650.86,4548.85,617433.63
985518308,243022.31,127774.86,4460.93,528796.56
989180939,258422.14,133078.78,5410.97,318074.28
992843299,250495.16,128626.83,5080.52,313738.22
996505069,253118.69,128235.24,5308.30,305600.94
1000167327,254487.33,133539.88,5624.35,295559.19
1003828914,260598.84,132217.61,5559.67,261841.69
1007491165,257705.42,138786.69,5705.66,272729.84
1011152975,252395.70,146369.53,6336.46,273793.53
1014811976,259192.08,146318.55,6012.15,274800.44
1018473774,251086.42,142588.84,5943.46,273218.19
1022132962,249603.89,154272.08,5867.11,271049.16
1025794744,252537.56,153899.86,5314.20,275546.44
1029457418,247131.20,148998.36,5592.13,250650.11
1033119226,244056.02,154070.39,4469.78,256128.83
1036781799,229799.19,143634.83,4942.68,276399.34
1040443785,228950.53,137992.08,4441.46,317005.75
1044106087,218647.03,139778.86,3810.19,362280.22
1047767585,202433.95,128653.85,4593.82,636459.06
1051429864,205684.63,578496.00,4825.37,874911.38
1055091659,202870.86,554638.56,5285.75,1086437.50
1058755251,204035.33,541314.31,5056.09,916552.25
1062428334,204800.20,536980.75,4893.70,1248462.60
1066088173,212229.27,530205.50,4693.43,1090771.90
1069749407,212225.13,531109.63,4984.57,937217.38
1073411417,223710.80,129152.12,4071.59,811235.69
1077073274,228000.61,539947.31,3674.58,702627.31
1080735502,231771.02,534992.00,5019.86,613189.38
1084397527,233573.27,524619.50,5607.71,579186.13
1088059931,231271.58,503761.00,4890.75,536226.00
1091721904,237635.77,493875.06,5958.22,494155.72
1095384445,245594.61,482798.69,6384.49,503069.66
1099046439,237415.55,479799.84,6690.40,469886.53
1102709312,236924.72,409124.19,6901.41,467279.66
1106371236,240575.81,408451.84,6444.21,456243.97
1110034596,237833.69,412101.31,6866.95,479081.25
1113695194,237866.50,402447.13,6483.51,450744.63
1117354275,229766.86,409624.94,6022.89,448154.59
1121016327,230179.92,404777.16,4951.41,487877.19
1124678860,213073.33,372234.97,4557.71,1438524.40
1128340647,188506.98,372044.50,4997.44,1642533.90
1132003117,181607.22,408741.47,4070.53,1658685.60
1135677169,180630.63,532930.38,4152.44,1670654.50
1139337451,187777.88,511352.00,4154.44,1634592.90
1143001385,199082.39,502110.53,4343.74,1681666.30
1146664029,222973.78,474473.84,4040.32,1655634.30
1150327763,240645.92,479463.03,4701.21,1655026.40
1153991266,247912.94,475482.44,5228.16,1659524.30
1157654808,243372.11,89009.28,4493.27,1502100.90
1161317424,244701.34,88472.66,4593.82,1546243.40
1164979035,253295.70,93346.88,4307.75,1376849.30
1168640847,254054.67,91218.80,4383.87,1262066.50
1172302538,251577.84,94775.13,4018.84,1180871.40
1175964637,254745.78,96165.48,4729.54,1054888.60
1179626490,251392.20,420515.56,5009.12,972625.88
1183288966,244484.66,407521.75,5116.64,887857.88
1186950947,245300.88,407780.22,5633.20,866638.06
1190613775,247178.05,394246.34,5471.75,795910.19
1194275232,243050.88,361017.56,5591.06,802186.63
1197937829,243456.27,339042.16,5277.02,685950.19
1201600031,239892.73,319011.00,5177.30,701160.44
1205262376,237329.16,314892.31,4533.28,757197.50
1208924190,220785.52,320633.84,4343.74,1021184.40
1212586560,205965.63,336092.44,4519.59,1614352.30
1216248316,193307.09,372293.75,3768.17,1660765.40
1219910721,193703.98,471626.94,3748.70,1694889.80
1223574936,205601.42,464629.69,3268.25,1594124.60
1227236848,232626.53,454737.97,3586.78,1681433.50
1230900261,258255.97,444124.44,3611.21,1709611.50
1234563432,276100.16,428115.66,3833.55,1710453.50
1238226733,287266.25,425060.28,3822.81,1703501.80
1241889295,288090.00,408312.84,4156.33,1697283.40
1245549527,287155.19,428763.31,4807.78,1673676.80
1249211893,289496.41,423809.91,5073.56,1507872.60
1252873640,287707.88,424872.53,5013.96,1373794.50
1256536429,275069.06,425149.28,4664.16,1135439.90
1260201340,274615.63,422106.78,4390.59,1016434.90
1263864268,282659.91,403744.38,4443.47,919474.56
1267524486,275824.72,398697.25,4088.12,856035.25
1271187364,271121.38,386590.47,4503.89,808858.69
1274849248,272630.69,376407.13,4641.73,739164.63
1278509523,264232.38,377916.69,4320.37,663877.44
1282173264,271564.41,377011.97,4234.46,673152.38
1285835418,261557.03,321147.94,3949.56,689056.63
1289497261,246484.70,316471.25,4212.98,687365.69
1293159534,242768.69,310320.19,4252.99,736735.31
1296822046,245237.50,320399.81,5043.23,1488743.50
1300484117,222957.73,363919.84,3706.68,1644615.60
1304144675,223777.59,435400.72,3557.63,1588906.40
1307813904,245979.11,429873.16,3681.43,1680940.40
1311475296,276908.00,413517.75,3766.16,1611642.60
1315137826,283865.22,404700.31,3380.13,1704977.90
1318814480,301506.91,399341.16,3483.51,1699845.60
1322474351,296086.63,394004.31,3897.87,1585102.90
1326135657,307656.09,391370.88,3984.61,1310505.60
1329797781,302555.13,392562.59,3878.40,1347098.80
1333461886,294045.16,394857.81,4706.17,1146258.10
1337125193,298603.34,399999.09,5161.60,1011529.60
1340789102,294388.72,396556.53,4781.35,881016.56
1344451822,288955.06,398057.72,5709.55,927231.88
1348112482,289750.16,404514.09,5253.54,744602.13
1351774938,290973.88,397289.66,5097.04,673644.19
1355436877,285557.94,401907.44,4994.49,665526.50
1359099407,273372.56,400634.63,4988.59,738276.50
1362760960,277077.47,393919.22,5104.95,1039859.70
1366423112,276648.13,383892.00,4239.41,1210176.90
1370084207,274784.63,379283.56,4510.74,1212914.10
1373746909,267070.31,377757.94,4454.21,1351810.80
1377408676,264417.06,374420.78,4419.98,1322513.30
1381071105,263668.72,377623.16,4857.59,1545760.30
1384732894,251182.25,383347.94,5128.32,1700553.30
1388395228,244405.00,408882.63,3234.14,1751617.60
1392055783,258406.80,408646.81,3574.15,1701032.40
1395717943,288140.06,412491.47,3645.32,1680490.00
1399382043,301991.25,403763.63,3754.48,1680948.00
1403043675,318199.38,392902.50,3987.56,1721805.80
1406704119,320379.41,394361.78,3928.08,1772654.90
1410366185,328110.22,392806.06,4148.54,1759104.40
1414027005,325415.53,394278.47,3929.97,1715553.60
1417689566,322546.44,395166.41,4826.31,1700874.80
1421350910,314327.59,399787.28,5014.90,1687175.80
1425013388,305662.31,395365.28,4849.80,1661216.30
1428674675,306463.41,379987.41,4850.74,1576554.00
1432336837,302799.44,373572.09,4300.78,1606739.50
1435998746,300432.38,373478.53,4817.58,1547564.50
1439661021,297299.47,357960.69,4699.33,1359394.30
1443322833,294644.44,307985.47,5131.27,1320029.60
1446985375,289190.88,296370.69,5494.29,1207198.10
1450647212,296196.03,311903.16,5790.75,1165586.50
1454309762,292477.66,295272.06,5225.21,1134784.50
1457970956,278299.41,291150.56,5235.95,1193955.40
1461631116,276003.75,288512.75,4556.64,1297753.30
1465291448,266169.13,283721.00,4536.23,1476381.00
1468950631,261002.11,281718.63,4904.56,1655309.60
1472612455,243073.41,284036.72,4296.89,1744798.80
1476276528,244459.05,337533.56,3793.43,1752085.30
1479939751,265409.22,442718.38,3637.53,1734125.40
1483601258,283047.03,433443.28,3546.89,1647676.10
1487265307,300667.56,421494.66,3753.54,1660189.90
1490927589,311197.31,418479.53,3644.37,1748385.60
1494591427,319435.72,410147.28,3960.30,1722677.60
1498253605,321861.22,411589.00,4249.09,1721094.40
1501914292,326409.00,415926.00,4564.55,1694178.10
1505576693,320764.50,412580.91,4417.03,1742563.50
1509238351,314959.56,417223.13,5193.94,1641036.00
1512900484,311011.78,412870.31,5233.00,1636192.10
1516560883,308030.31,420364.38,5600.86,1563251.10
1520223355,304830.75,418665.66,5007.12,1511858.90
1523885219,297897.00,418796.78,4940.67,1447132.80
1527547489,299208.53,412227.34,4675.84,1285003.60
1531209404,294931.34,413984.75,4848.85,1108357.40
1534872084,284466.28,420177.81,4761.76,1096912.00
1538533920,292186.97,406151.94,5338.63,1013632.50
1542196048,285145.13,393427.56,5285.75,903884.63
1545857577,281059.38,393692.16,4733.43,892913.13
1549520051,274748.28,396898.31,4801.88,888899.38
1553181952,274296.88,370070.88,5502.08,1441486.40
1556845052,257980.64,370929.94,5546.10,1693538.50
1560509273,252429.34,441175.66,4046.10,1694078.50
1564172389,266621.16,447615.50,3526.35,1771178.80
1567836040,284644.38,440433.81,3780.80,1684658.30
1571496988,298593.41,427353.59,3753.54,1676643.90
1575157368,310579.00,420953.88,3489.30,1644944.50
1578819377,336365.19,414699.34,3543.94,1737287.80
1582480008,335207.56,413636.47,3755.54,1744260.40
1586142056,332299.00,414744.19,4035.36,1666592.10
1589803350,329229.75,413622.78,4057.90,1651604.10
1593465688,325413.78,413309.78,4369.23,1669857.40
1597129872,321180.25,417097.91,4713.02,1624011.50
1600792662,315949.03,418407.06,4525.49,1694861.00
1604454064,314682.22,419004.72,4444.41,1704841.80
1608115793,313479.88,421278.31,5286.82,1672717.90
1611777418,305997.22,417946.94,4836.11,1584396.30
1615439673,300851.69,425489.41,5347.48,1595265.10
1619100888,297255.34,424374.63,5326.00,1463641.50
1622763699,289669.31,432465.88,5704.60,1324437.40
1626424311,289648.31,430367.19,5351.37,1182822.90
1630086439,286569.25,434183.97,5778.95,1090361.90
1633748180,287727.22,431489.41,5508.81,1337452.50
1637410329,274508.25,437049.53,5522.61,1358615.60
1641071745,275674.47,435029.69,4755.03,1573851.40
1644733988,267004.81,437003.53,4284.26,1757404.00
1648395450,277147.22,437969.13,3691.11,1730058.00
1652057438,296514.56,430002.50,3921.24,1738691.00
1655721288,307962.09,427722.66,3581.94,1626990.00
1659383363,325019.25,419061.47,3398.78,1650110.10
1663047021,342627.16,409215.06,3728.28,1707899.50
1666709634,356095.66,403044.78,4010.11,1725048.10
1670373127,354928.22,411596.78,4049.05,1723753.50
1674035329,351968.22,410524.94,4473.68,1787329.90
1677696027,340402.19,414303.97,4317.54,1658914.40
1681359022,338092.38,425794.25,4878.12,1625881.60
1685023404,329133.44,420843.91,4355.54,1645150.50
1688685782,321689.75,428107.63,4924.98,1621874.80
1692346312,312177.78,428018.28,5191.93,1550116.80
1696008774,311886.41,439097.50,5234.89,1521836.80
1699670661,306264.31,436131.25,5372.97,1389349.40
1703332701,300603.38,436545.03,5584.22,1267055.30
1706994604,300639.50,442714.38,5256.49,1106424.40
1710656885,293434.88,452355.31,5153.81,1110990.80
1714318922,295596.84,448712.34,4887.92,967251.50
1717981001,276605.41,440472.03,5233.00,1074114.10
1721642833,283347.84,450754.88,5503.97,1325760.60
1725305236,276838.25,459425.25,5561.68,1560415.40
1728967017,269396.31,459377.69,5171.40,1725135.80
1732629164,259133.55,455868.22,4515.69,1744392.90
1736289846,275937.19,454179.75,4292.05,1777774.30
1739952009,292588.13,451827.66,4080.33,1747319.40
1743616097,303625.09,442683.91,4256.88,1652080.00
1747279645,311578.50,427432.91,3886.19,1705293.80
1750941629,331900.34,431052.75,4151.49,1701461.50
1754603709,338859.13,430275.47,4368.29,1737390.10
1758264250,344296.75,427720.63,4235.52,1704067.30
1761926286,335081.03,436227.69,4550.74,1748837.10
1765587647,334516.09,434694.88,4337.01,1728714.00
1769249755,327633.56,437393.56,4996.38,1687684.60
1772910513,318278.81,445608.28,5164.55,1677796.00
1776572980,314860.44,452287.56,5321.04,1595219.10
1780231731,313416.16,455432.84,5221.32,1557605.10
1783893350,310515.53,452221.84,6267.78,1459078.80
1787554229,298931.31,457355.94,5851.53,1382860.10
1791217216,298765.59,467032.16,5339.57,1188112.10
1794878170,292969.91,465997.50,5820.14,1054814.60
1798540987,287108.47,475794.13,5173.40,1113976.40
1802202864,275353.59,465250.69,6057.11,1122745.50
1805864894,283660.22,474927.03,5980.76,1274028.30
1809526053,276817.59,470802.47,5944.53,1558362.10
1813188822,269078.50,481091.44,5428.67,1672836.60
1816850575,259665.33,477461.47,4746.18,1746432.40
1820512529,260442.95,470794.09,4504.95,1768546.80
1824172999,284004.72,459873.47,4134.97,1776247.10
1827835911,293882.28,459998.00,4007.16,1645253.40
1831499355,314522.56,454698.91,4315.53,1747008.80
1835161144,333342.63,439444.47,4029.58,1719332.10
1838824951,344521.81,429127.16,3860.81,1690469.90
1842487064,343367.50,427474.69,4611.40,1742032.50
1846151186,347721.16,79412.48,4682.69,1777834.60
1849813420,336203.63,80488.55,4390.59,1735027.30
1853474330,335589.22,83386.35,4644.57,1707712.60
1857136689,342527.22,443907.06,5390.44,1718795.60
1860797389,322662.09,446932.44,5280.92,1764510.00
1864459383,318479.91,452012.34,5375.80,1813717.10
1868120634,315661.19,453247.41,5467.74,1742246.80
1871795184,308741.13,450486.50,5384.65,1715749.40
1875458764,299707.63,462166.56,5719.35,1713372.80
1879121163,306763.88,471099.63,5539.26,1691130.00
1882782693,293410.47,475075.41,5761.36,1727459.80
1886444781,296678.00,477844.31,5828.04,1743426.30
1890106307,285185.25,476800.56,6059.12,1701339.60
1893768537,278321.50,480837.22,5575.37,1750363.80
1897430422,278996.91,482222.75,5684.06,1786773.80
1901092731,277277.41,479712.41,5526.51,1772150.80
1904756910,272915.72,479642.06,4961.21,1793397.90
1908419306,290659.72,468060.09,4895.71,1810213.10
1912083701,294422.94,464134.72,5183.08,1749378.10
1915745818,316038.25,452119.03,4933.83,1683359.30
1919409844,323181.25,452708.78,4918.13,1774736.50
1923072252,334750.00,445966.56,4857.59,1773703.10
1926735533,341288.84,447456.41,4885.91,1791280.90
1930397791,340561.28,444552.84,5196.89,1798279.00
1934059347,331503.59,451536.28,5376.86,1799339.30
1937720835,325947.09,463175.00,5882.80,1742158.00
1941381236,321762.69,462493.59,5503.02,1724545.90
1945043664,320582.97,473109.09,5579.26,1759410.50
1948705263,316771.25,471732.31,5520.61,1741391.60
1952367329,313050.66,477869.81,6098.30,1767915.10
1956027986,306813.69,486797.56,5711.44,1744791.50
1959690742,290164.28,482263.34,6139.37,1721021.90
1963351584,290198.28,492882.31,6136.54,1772565.00
1967013838,287975.41,496722.22,6047.44,1714535.10
1970674964,286702.84,495657.94,6372.69,1721624.50
1974337564,280695.75,505002.44,6304.01,1626064.30
1977998726,279902.34,502884.72,6275.68,1683881.40
1981662003,275459.56,510186.69,6226.71,1666459.90
1985322635,268310.44,509538.06,6013.09,1735724.00
1988985170,264251.00,510702.31,5678.28,1764202.80
1992645810,268829.72,502475.44,5332.73,1745804.40
1996308123,291147.25,500779.53,5747.67,1774570.80
1999972327,303454.91,489727.69,5249.64,1703264.80
2003634549,319398.56,472293.72,5644.88,1755021.00
2007294712,339131.16,462643.47,5635.20,1769907.30
2010957004,356888.59,455146.19,5564.75,1765304.30
2014620773,363594.09,449278.59,6315.81,1786339.60
2018282913,365643.34,465403.28,6016.04,1730912.60
2021947258,356480.28,470865.72,6293.39,1755847.40
2025609758,342257.31,472171.22,6277.69,1738139.60
2029271089,342369.53,480734.78,6037.52,1748237.60
2032933609,331341.66,485439.91,6090.51,1697790.00
2036597610,324263.34,498146.56,6324.66,1703780.50
2040260178,318794.53,466106.31,6550.19,1643629.30
2043921635,303524.31,506705.88,6609.91,1462601.50
2047583848,302502.38,518242.91,7221.35,1619304.00
2051244660,291539.53,507896.91,7274.34,1611341.90
2054907193,294100.38,510931.38,7233.16,1581996.60
2058569162,290227.41,526937.94,6338.35,1587317.90
2062231189,285390.84,530369.75,6960.30,1573884.00
2065892940,288533.75,528439.13,6543.23,1607365.90
2069555188,276627.47,523399.53,6613.92,1686446.60
2073217026,273749.38,529017.63,6605.07,1731285.40
2076879117,270572.00,528842.25,6119.78,1731629.00
2080540442,270506.16,525158.69,5572.54,1703401.00
2084202553,278429.59,516824.69,5477.53,1747571.00
2087866440,308824.34,501581.00,5659.63,1621658.80
2091528508,328486.13,485889.31,5367.89,1737860.40
2095192313,352957.56,467028.03,6239.45,1742172.80
2098854474,365286.13,463679.88,6238.51,1712586.50
2102518696,363382.63,458786.78,6057.11,1786773.80
2106181129,355444.66,90840.31,5496.18,1555678.10
2109841410,342690.44,97530.12,6809.12,540347.31
2113503554,334782.81,100619.45,6925.84,614680.44
2117165371,325261.78,99245.85,6590.32,640357.56
2120827571,317630.06,101759.98,6000.35,627962.31
2124488947,317137.34,105472.80,6345.31,648346.38
2128151323,307258.84,106913.08,6545.23,701363.81
2131812270,304084.53,103032.55,6523.64,399036.44
2135474791,296130.63,107292.27,6796.37,339171.28
2139136524,293470.66,109527.04,7050.58,351305.34
2142798596,292049.00,111715.91,6775.72,366969.41
2146460430,288727.31,106888.17,7411.95,414148.31
2150122466,284423.09,109720.59,6425.56,414290.41
2153784342,282703.13,577549.13,7029.81,480555.41
2157446394,275196.97,573155.50,6801.21,567975.94
2161108155,266317.13,575588.75,10675.84,924777.69
2164770247,261363.83,570912.44,6545.23,1546910.10
2168431666,273118.94,571268.75,14930.59,1708834.30
2172094018,276077.97,570102.25,8653.96,1751869.80
2175757898,292381.81,565432.31,6562.82,1727452.60
2179419922,300243.31,554881.19,5917.15,1690235.60
2183084385,304781.06,560408.06,6439.37,927569.25
2186746757,303575.53,564362.81,7096.61,786132.13
2190408501,296553.72,568258.56,6765.93,918506.38
2194070551,289924.81,576865.25,6432.53,996458.63
2197732155,291654.72,576225.56,6128.75,925541.81
2201393989,288709.59,574251.63,6790.47,785288.31
2205055249,283770.69,107261.34,6887.60,813076.44
2208718000,283283.88,112063.59,6703.14,753807.00
2212379283,280173.06,553508.44,7281.19,834058.19
2216041402,275369.41,585783.19,7342.09,782554.00
2219703192,278056.44,114116.84,138802.97,730999.00
2223365779,278596.34,573503.06,7518.99,722070.25
2227027535,268288.50,587779.00,7381.39,643544.69
2230689683,269896.13,580271.31,49264.98,618559.50
2234351097,266550.94,579752.75,8347.95,635354.81
2238013878,259865.72,578396.50,9363.48,664060.94
2241674961,256783.83,586833.19,7318.60,839197.63
2245337607,247735.92,587299.81,7260.65,1449293.00
2248999439,237141.86,593517.00,6907.19,1722553.80
2252661798,237957.25,570607.13,6341.30,1687677.50
2256322539,254702.94,582704.81,74536.36,1725397.30
2259984158,270411.97,569806.75,9479.97,1643464.50
2263644479,303593.56,543874.81,85629.85,1717984.40
2267306533,309155.84,507604.34,6230.60,1705157.30
2270967172,319972.72,97801.09,504318.63,396871.66
2274630018,317204.84,103751.40,467969.81,478510.53
2278290663,304602.38,99617.49,12631.38,743117.94
2281953172,299329.97,103352.14,8426.66,906796.81
2285614622,293056.06,105509.38,436442.59,814525.31
2289277582,287930.34,105920.79,51520.17,820946.50
2292938183,289485.09,110539.16,9512.42,846581.50
2296600825,288532.09,111590.10,425277.81,908382.50
2300262223,292579.97,110281.99,414750.06,904132.69
2303925023,279991.56,112561.50,152931.64,883858.63
2307586719,276325.00,116548.83,6886.66,898580.13
2311248942,279899.16,111090.65,10389.17,934116.00
2314910905,274345.72,114821.52,14813.87,913978.50
2318572914,270052.84,115443.83,27272.48,901034.38
2322234718,263443.78,114724.99,18021.23,851798.56
2325896834,263634.59,121857.71,7240.95,801701.44
2329558639,251434.81,114190.37,9434.53,961289.63
2333220951,258879.45,113496.08,14141.41,578092.81
2336882633,251043.83,117104.09,25764.45,649739.06
2340544758,257696.22,114001.30,16867.73,648847.44
2344206566,259413.95,116841.63,8069.43,684071.94
2347868726,257084.77,117348.75,7323.44,710462.56
2351531203,249901.30,148520.75,6876.74,778094.69
2355192972,241626.28,216422.53,49632.02,938648.50
2358854376,238672.31,109149.98,11440.71,978129.63
2362516509,244793.28,232005.52,36305.98,913159.38
2366178447,241500.48,242129.75,10605.62,887572.19
2369840816,249261.05,449610.13,9689.09,868071.94
2373501491,249779.86,121130.61,15697.00,894608.81
2377163730,256579.77,119482.50,18157.65,792060.63
2380825542,255797.80,123463.80,7486.54,962079.38
2384487859,254265.58,121878.37,27436.99,972881.00
2388149898,255229.42,121105.12,15074.10,1015735.30
2391812135,253071.36,118962.52,37728.56,1094755.60
2395474239,254932.48,122525.80,12091.69,1127153.30
2399136417,255250.89,125277.38,19457.97,1119366.30
2402798431,251928.13,120431.24,45419.75,1107292.60
2406460620,251725.48,122695.63,10264.78,1092226.80
2410122353,251173.17,120027.27,45669.70,1071849.00
2413784930,237613.34,121300.08,9854.91,1040376.10
2417446745,231424.77,118656.62,7806.84,1057042.00
2421109175,220130.05,117794.38,6350.15,1084205.10
2424770465,205307.91,104542.11,77282.50,1426160.90
2428432689,219884.33,96306.40,6145.39,1685011.50
2432096068,232938.09,109174.99,5805.50,1634198.30
2435758131,264947.31,92631.11,6652.16,1628620.80
2439418527,275723.56,94403.49,6707.04,1665463.90
2443080574,284224.25,95391.41,6479.50,1477468.60
2446741805,291229.97,99929.41,7207.66,1183951.40
2450404706,291333.72,113515.31,34882.11,931881.50
2454068382,305998.88,103425.43,11802.31,795211.31
2457731401,297090.13,100654.74,16254.51,869078.31
2461395637,297361.69,107795.38,7007.39,765675.13
2465057604,300741.56,113577.86,9554.91,760277.38
2468719435,289722.78,112531.41,12617.57,908478.69
2472382053,290030.09,112568.70,10856.76,934946.19
2476043876,283876.56,113428.80,7966.16,964463.94
2479706535,285453.50,119692.80,10043.50,979273.75
2483368172,279935.84,115478.77,36686.71,912851.81
2487030301,280673.56,114138.56,33544.86,934785.19
2490690807,274527.25,113544.23,15594.08,828242.31
2494349844,274538.34,115472.74,67140.34,746740.94
2498011661,271094.72,119130.10,50376.35,761539.63
2501673753,268385.50,115089.19,47812.43,856769.06
2505335558,262268.91,111781.88,23459.10,772071.69
2508997661,260747.19,113139.20,83273.64,673594.94
2512659436,263113.31,131633.55,23066.81,547101.50
2516322433,254998.22,140755.33,34678.88,532557.06
2519982924,242584.11,136888.86,50098.54,457467.69
2523645347,239443.44,130001.13,20548.80,648182.06
2527306840,258723.91,136159.63,19230.55,872719.69
2530968912,266911.22,139550.84,14920.56,805576.75
2534630132,270570.47,153954.02,28987.86,712646.75
2538292233,266463.59,155482.23,6469.82,678385.25
2541953944,272111.53,160540.33,18051.32,671591.63
2545615668,270159.41,158786.23,30249.46,484368.19
2549277756,271041.38,157899.58,190303.44,562773.25
2553222607,275214.44,210091.03,9473.00,520422.44
2556885607,271471.66,209543.78,19803.29,537655.56
2560547838,261377.64,214292.20,20813.98,548747.88
2564210017,243507.48,202274.05,11064.58,670994.81
2567872271,237799.45,201661.06,12904.47,599187.38
2571533709,225814.81,199166.17,11578.43,695110.69
2575195753,219575.13,196914.05,11911.36,751821.81
2578857744,209488.31,196112.02,13170.72,449908.94
2582519925,199321.25,187812.09,9502.63,461346.69
2586181864,192879.98,190765.83,25131.17,530335.63
2589843964,189177.91,186873.27,13062.38,550294.81
2593505732,182943.66,181541.95,7740.04,583584.56
2597167942,171794.56,181833.47,14203.13,605659.63
2600829688,163085.48,179406.08,10583.90,606736.44
2604491782,152025.63,177928.16,8980.05,621874.88
2608153543,152943.33,174633.47,36690.84,662220.81
2611815675,142724.33,166859.20,22438.85,705659.50
2615477346,148637.23,175469.97,11785.43,638991.38
2619139660,144835.19,171460.11,17372.49,628976.06
2622800402,143431.84,169626.23,10620.49,631916.38
2626463007,146860.59,175043.45,8310.42,658310.88
2630124877,145190.06,169817.55,10578.94,668161.06
2633787304,153643.98,168472.14,11753.69,617362.13
2637448337,150008.59,164174.78,13654.83,672510.75
2641110840,152317.95,164441.97,23518.94,671839.81
2644772678,158198.98,174563.95,8962.34,819015.25
2648434925,156322.28,174333.59,23410.48,881908.63
2652096925,157196.19,171520.06,53836.61,931046.75
2655759188,154627.78,167357.59,31276.21,968546.13
2659421028,160431.88,165598.55,35883.84,960177.44
2663083521,155570.27,156728.61,8702.35,934569.44
2666745421,154116.89,161003.19,10809.31,885631.94
2670407885,149312.17,163123.48,10314.11,904841.50
2674069855,148427.39,156045.88,9709.75,877710.88
2677732660,145885.19,150161.30,8216.95,802909.81
2681394349,129852.55,141168.16,7178.16,823488.81
2685056274,120419.20,135042.47,7362.74,941602.19
2688720800,118614.13,126522.81,31158.78,910951.75
2692383123,110125.38,115214.52,15762.85,1012250.00
2696044561,112939.74,116604.53,12808.17,929608.38
2699706263,112026.41,117548.43,9117.06,908354.31
2703366697,114168.66,113657.29,10208.37,913398.94
2707029220,117187.66,113139.20,9461.20,876464.88
2710689973,120938.01,120416.72,8394.09,756106.94
2714352472,127358.02,111467.95,8051.72,664523.06
2718014178,130825.37,110540.34,15527.17,666842.69
2721676281,132873.31,115159.05,7516.99,695879.19
2725337313,137402.00,113991.75,4710.07,653208.06
2729005292,137928.11,112973.26,4262.78,709115.88
2732668851,141964.78,113847.30,4607.51,660142.44
2736331798,141161.91,113577.86,4531.27,615838.19
2739993480,144968.67,105967.05,4601.61,609851.50
2743655998,146678.27,110381.25,4585.91,572902.19
2747317714,144655.92,109410.09,5204.68,584847.06
2750980426,151592.97,110445.80,6954.28,590290.13
2754641694,151226.41,107810.84,11359.51,693083.25
2758304120,147543.80,109067.72,6266.83,775290.38
2761964931,145414.06,107112.77,30955.08,773968.25
2765624044,140094.08,100342.35,7873.75,797530.25
2769285709,123017.23,90850.59,5227.10,1194271.00
2772948132,112362.28,89216.28,4118.45,1385977.90
2776611995,109588.05,81127.15,3962.31,1549117.10
2780274167,116347.13,93578.66,3783.75,1351621.30
2783938059,120187.89,80291.82,4642.68,1484045.00
2787600888,130698.97,76528.37,4284.26,1520678.30
2791264805,140641.56,81710.86,4565.50,1416612.60
2794927168,150389.78,84585.52,4916.24,1173192.40
2798591225,151275.39,85284.89,4804.83,765212.75
2802253391,157682.30,83928.05,4811.68,683554.56
2805914983,161969.28,88400.43,5318.09,621908.38
2809577366,163932.84,86902.79,5363.06,689360.19
2813241703,166526.16,87473.40,5160.66,633598.56
2816904168,173711.52,90252.23,4537.17,625577.50
2820565424,169825.45,91354.87,4511.68,578802.13
2824227591,173426.75,92640.31,4826.31,706080.00
2827888857,171149.84,92019.30,5612.66,906331.56
2831547807,169446.97,94405.85,5674.27,1067831.40
2835209520,165755.39,95555.34,5854.48,1035062.30
2838871931,165632.77,90496.65,5596.97,1029747.30
2842534069,165116.09,94376.82,5705.66,1020992.50
2846196692,161499.22,94851.95,5767.26,1021048.20
2849857220,162010.00,91421.91,5889.77,1018479.90
2853801792,147331.72,87393.15,5778.00,1141043.90
2857746076,146892.58,89135.79,5778.00,1064650.10
2861690809,128876.31,81426.32,5365.06,1250686.00
2865635030,131441.06,77057.68,4665.10,1357064.40
2869579548,140894.13,85553.27,5025.76,1361429.10
2873524192,154291.44,88768.05,7462.94,1100573.60
2877468766,158570.03,84211.64,15584.17,1094313.50
2881221091,165174.03,88724.27,6203.22,695887.69
2885165655,173715.53,92824.42,5538.19,676716.06
2888859820,173858.69,92621.78,6335.40,590652.69
2892644221,175382.64,93887.05,5613.61,573423.25
2896588508,176869.06,93804.67,6273.79,579932.94
2900532749,177388.34,90667.18,5592.13,598280.13
2904477335,184330.94,94299.05,5606.76,543303.63
2908421967,184584.20,96566.27,5857.31,842258.63
2912366110,184758.64,95693.89,5937.68,909197.63
2916310691,188058.75,95974.41,5715.34,900596.88
2920255436,186554.63,101365.80,6631.50,932997.94
2924200308,185388.50,102560.84,5516.71,968829.94
2928144927,187553.28,103420.71,5094.09,944934.88
2932089232,180659.19,101314.10,6019.94,925578.19
2936033541,171973.25,103318.04,5257.43,913463.25
2939887024,169538.55,97825.63,5238.78,946584.88
2943581541,147114.58,93405.89,5544.09,1021352.20
2947376572,145271.50,89944.68,5222.26,1029872.10
2951321247,141543.69,81613.38,4548.85,1310845.60
2955265494,143294.70,87299.21,4759.87,1258441.50
2959209920,145384.80,82328.20,4294.06,1403005.00
2963022399,143369.53,86612.11,4891.81,1363921.60
2966966855,156923.33,88716.24,6199.21,1172227.30
2970911644,164268.25,91981.19,6367.85,723619.94
2974616996,169509.39,91834.38,7223.36,681381.00
2979047782,174446.06,91637.88,6613.92,733306.56
2982955514,182135.94,108202.41,7633.94,749766.06
2986726422,184475.28,93049.01,4966.16,794937.50
2990458917,190342.03,95643.85,5360.10,719045.38
2994124719,190245.61,95975.59,5280.92,604361.13
2997867560,191699.81,96987.24,5763.37,581175.00
3001812083,201260.03,96552.34,6566.83,728029.81
3005501082,203462.59,101984.68,6985.67,990937.31
3009445842,201614.67,97477.48,6652.16,997612.38
3013114817,197458.11,98995.30,6269.78,953277.19
3016831750,189889.55,98470.95,6468.76,933900.31
3020855498,188146.44,93899.91,6460.85,902890.06
3024585815,173948.38,92713.25,6187.52,983891.06
3028530453,152400.44,83817.70,5460.89,1169369.10
3032200774,139497.86,80315.54,4482.53,1381027.10
3035902602,140769.27,73543.59,4256.88,1599257.40
3039590458,150156.23,71907.64,5311.25,1612685.60
3043277752,168588.86,76414.95,5355.27,1621174.40
3046991697,196306.38,75767.39,6275.68,1506506.00
3050662572,201410.03,79849.73,6370.69,1463112.50
3054394643,207556.48,83412.43,5968.01,1204023.50
3058055196,215840.83,90277.73,6179.62,751282.63
3061716496,218685.86,86161.29,6533.55,722348.06
3065378793,219114.39,91413.88,6192.36,633463.31
3069039395,220933.16,94787.99,6670.80,725777.06
3072701683,224038.06,105880.55,6886.66,792622.00
3076450342,221959.08,104610.80,7140.87,766542.94
3080112870,223030.44,91330.68,8228.75,761936.63
3083773585,226006.00,98955.41,7425.64,582016.44
3087432727,227912.69,102457.10,7113.37,599773.56
3091094756,231028.69,98645.27,7287.09,742148.75
3094757498,220953.33,101251.79,7538.58,919525.00
3098418185,214667.61,95986.10,7721.39,962557.25
3102085285,212068.05,98898.17,7012.23,976486.31
3105753663,204201.50,99371.30,5467.74,1021595.60
3109412392,194924.05,94930.91,4673.95,1069354.80
3113076380,181520.36,102114.26,5140.12,1150402.40
3116737231,166675.45,87835.71,4395.55,1342174.10
3120401551,174790.31,73840.77,3940.83,1588932.50
3124063438,190113.67,74897.73,3876.51,1571478.00
3127726617,202212.31,76781.16,4033.47,1343743.40
3131388479,221201.05,80395.91,17484.72,1333394.60
3135049733,234828.14,84145.67,8178.71,1343001.50
3138711664,239991.39,84290.24,10891.45,1187180.50
3142371826,237967.64,82275.92,10286.38,1141232.30
3146034930,240809.14,86875.29,7615.18,1106741.30
3149695135,244538.83,86443.82,8202.31,722579.75
3153357195,251457.59,93270.29,5796.65,774844.25
3157019168,248516.95,92005.38,6573.68,734324.69
3160681109,246447.05,87216.71,5281.86,759609.06
3164342341,250236.94,93229.69,5934.73,831594.25
3168004602,237821.77,90334.14,5507.86,766061.75
3171665102,237920.08,94659.00,5951.37,788615.00
3175331713,240317.23,92062.03,5198.78,828647.00
3179020580,239882.47,99606.87,5181.19,757357.19
3182965011,236020.23,99769.85,5900.39,786512.13
3186909746,226188.58,99151.09,5363.06,773916.06
3190647645,226980.59,91637.88,5291.66,790087.38
3194320041,213157.70,94675.28,4978.79,700564.81
3197980584,213229.11,95500.70,5166.56,690589.06
3201639289,198372.16,93324.81,4818.52,976120.00
3205300969,206167.66,90698.34,6353.10,977143.44
3208962947,204501.50,94369.85,6383.55,1023403.40
3212624497,208058.06,89384.22,5588.23,1064017.10
3216286404,205323.48,86678.44,4984.57,1095476.80
3219947031,209038.20,83238.35,5151.80,1125596.60
3223609490,207676.98,82642.72,5485.32,1237807.10
3227269855,215567.97,91669.03,6481.50,1127095.90
3230932211,220053.45,85618.41,7876.70,1115249.00
3234594027,221976.53,91140.31,6889.61,1067923.50
3238255918,226270.36,91302.95,6805.11,700601.44
3241917740,226203.09,88390.04,5816.24,670033.81
3245580128,223870.72,108439.51,6196.26,697578.88
3249243994,233140.38,88748.34,5824.03,663750.44
3252903037,229320.39,92373.01,6344.37,678086.00
3256565097,232664.77,92133.78,6091.46,710733.88
3260227408,236027.78,98627.68,6983.79,662493.19
3263889424,233150.77,98610.21,7151.61,703776.69
3267552241,240148.23,99549.39,23135.74,959096.63
3271213803,237345.56,96574.53,7854.04,956653.88
3274875660,228685.11,94990.27,45665.46,971972.19
3278537353,218305.14,97136.65,44607.43,961597.88
3282199339,214293.63,92177.57,27966.65,981931.19
3285861234,196263.42,91112.58,48066.63,1002747.30
3289524070,192257.22,83873.41,13701.56,1276206.60
3293187825,195134.83,72831.48,67751.90,1561533.50
3296850410,216319.03,69225.47,4943.62,1583447.60
3300513793,257783.78,74632.54,6132.65,1603148.90
3304176149,276375.63,73282.30,4532.33,1467081.90
3307839496,277994.47,76376.72,4778.52,1359553.10
3311501634,283146.28,81335.56,5837.72,1290017.40
3315162885,282568.69,80657.32,5152.75,1160026.60
3318825418,279636.56,82151.06,5620.45,981313.13
3322489279,285880.84,83767.55,5886.70,745577.06
3326152422,270263.03,85098.90,6181.62,765708.69
3329816613,276002.09,95125.05,6134.53,718117.31
3333479385,277508.81,100009.07,5947.48,726093.81
3337140060,273979.53,130454.67,5951.37,700925.94
3340802551,284020.66,100789.76,5817.19,699619.75
3344465912,277063.31,95928.98,6959.24,794720.63
3348124904,278459.81,101156.44,6407.98,959164.00
3351786736,275001.06,104488.88,7328.28,973014.13
3355449064,271212.50,100303.64,6522.69,956406.75
3359110895,265174.25,97921.34,7696.85,935345.06
3362773493,256104.28,99063.16,6145.39,934225.69
3366435336,250723.05,98988.22,6563.88,889450.31
3370097583,238739.34,101498.69,6929.85,993125.13
3373759306,222497.47,96515.05,5750.62,1145087.10
3377421763,224649.63,78756.77,5116.64,1344227.60
3381085785,243131.83,74728.84,5123.48,1477048.00
3384749038,267841.56,75639.58,4976.79,1540710.30
3388412158,287997.97,72914.09,4832.10,1467249.30
3392074235,291606.09,79295.05,5366.01,1378393.00
3395737820,294647.75,85690.40,5337.68,1323116.00
3399400095,303284.72,83338.43,6259.99,1212368.30
3403060591,300983.38,82329.27,7028.87,1178978.90
3406722845,293348.75,87967.66,6426.63,878117.56
3410386003,292396.34,90654.55,6459.91,800811.13
3414046613,291708.31,92340.66,7009.28,799564.38
3417708393,291264.09,98786.88,6581.46,856573.63
3421370951,292833.34,99894.24,8279.02,787141.75
3425032248,288835.53,102273.35,6912.03,822975.94
3428694789,284373.28,103991.20,8546.69,863321.88
3432356636,287696.53,105435.98,7979.97,748284.88
3436019073,282501.53,111090.65,7881.54,756998.44
3439680934,284492.13,108412.02,12231.54,768711.88
3443343642,278928.69,104589.44,23889.28,767631.31
3447005453,277515.19,103333.26,9442.44,713603.25
3450667829,269042.50,110626.37,8690.55,738896.13
3454329902,262377.38,103007.77,141762.38,785026.94
3457992162,243631.98,96490.63,7063.33,888407.94
3461653909,228922.80,88623.13,6731.58,1208472.00
3465315739,251234.06,83794.80,11310.06,1186198.10
3468979437,255926.42,86458.69,41004.37,1103971.10
3472642161,258189.77,88075.52,30883.92,1112875.30
3476302649,267254.44,87226.98,29258.59,1149525.50
3479965118,274689.88,88896.69,467344.69,1103079.40
3483625791,269867.91,85610.38,457736.78,1104447.40
3487288130,279308.69,92230.91,39925.45,1116518.60
3490949847,269285.16,242459.61,54451.36,1127051.80
3494612172,274187.94,201232.06,456805.97,1116698.50
3498273682,279735.22,92811.67,17801.60,1135248.30
3501935963,274296.88,93593.66,146962.69,1125782.40
3505596587,276413.63,100133.58,15091.09,1137055.80
3509259549,279137.00,97764.86,83117.86,1134838.00
3512920867,277924.72,99896.48,17865.80,1150040.80
3516583409,276711.50,100210.88,93401.17,1141797.30
3520245287,283602.53,105300.84,340671.38,1110594.30
3523908050,271258.03,99345.58,32433.96,1095588.10
3527569807,277516.84,101917.65,201533.36,1076809.90
3531232192,271005.13,99144.13,17775.40,1064691.90
3534893486,264885.13,101797.63,11538.78,1049522.90
3538555827,261997.94,96775.05,17360.45,1026245.20
3542217674,260645.23,96446.25,166478.72,1051562.30
3545880248,242806.22,95868.44,417839.19,971105.69
3549541800,236718.30,258185.28,13039.48,1260084.80
3553203879,260813.64,78622.59,14091.61,1489034.80
3556867578,272378.97,82526.95,184423.58,1479110.50
3560529724,288496.56,76257.76,503871.25,1516279.30
3564193703,306929.91,79551.38,7814.74,1378216.40
3567855945,314556.19,80110.90,6817.85,1215504.90
3571519800,319886.31,81725.61,7167.30,1168572.80
3575183222,320699.94,86024.03,7509.08,1135676.40
3578847182,314203.44,108940.14,13438.03,1083279.40
3582509616,311471.47,90509.27,8052.79,956425.50
3586170811,312779.09,93211.16,7402.98,807757.00
3589832642,312691.88,241133.69,9009.67,773587.25
3593494397,291589.94,99094.79,8019.27,755282.56
3597156558,301342.16,101098.84,7626.98,773750.13
3600818352,300424.09,99318.55,16343.49,748875.75
3604480737,292953.63,98571.50,7735.20,752052.19
3608142551,298473.75,300341.84,9639.64,732233.94
3611804769,300026.28,288172.28,8902.16,729686.88
3615466645,292474.34,279359.69,9487.87,766141.00
3619129170,294202.94,106322.99,9479.02,775868.88
3622790993,289051.97,258419.19,39052.71,758464.44
3626453778,275321.97,262160.56,8005.58,737029.81
3630115577,276575.19,265849.78,7590.63,728432.13
3633777496,267360.66,265387.41,19669.22,1138097.40
3637441772,280994.09,203708.78,7310.69,1293925.00
3641104317,293768.28,81255.20,6822.93,1507700.10
3644769233,303094.84,83147.37,7523.83,1491470.40
3648430217,313490.03,302406.78,504973.88,1408093.40
3652093577,326371.25,80114.32,377517.78,1239238.90
3655756016,326609.16,265052.94,480820.13,1248517.10
3659419966,330950.31,287574.03,473787.94,1116050.10
3663082648,332464.72,90309.83,174060.73,1135363.90
3666743315,322689.34,89032.29,465637.56,1136511.30
3670406080,328779.63,92060.85,441104.84,767780.69
3674066580,327237.63,95725.40,436794.28,764169.94
3677730566,318923.06,91835.44,435404.75,767741.06
3681394141,317858.06,101352.81,418477.66,769414.44
3685056750,315989.41,98413.71,412963.66,772595.94
3688718701,308559.63,100205.09,393559.84,778048.56
3692381131,303592.03,102287.51,81519.32,764692.56
3696042787,304911.81,103782.08,9170.29,765428.75
3699705472,307521.53,323697.34,8585.16,823349.13
3703366203,296107.75,105608.98,9019.46,767006.06
3707029692,299272.63,98159.86,8189.45,873778.81
3710690422,299531.91,286615.84,7907.15,886709.31
3714352612,290798.97,288782.31,7887.56,846844.56
3718014401,288877.53,100707.62,54751.95,907781.31
3721676652,287238.88,89762.82,467818.63,1201848.60
3725337055,302891.84,286060.94,59362.30,1424991.10
3729000247,312981.84,78591.07,537717.88,1563939.90
3732664655,332585.69,282370.44,531879.88,1504550.50
3736326501,340800.84,77044.10,513121.19,1341771.50
3739988305,344662.50,249353.58,494941.22,1317655.40
3743803890,354278.41,256413.95,482441.09,1236822.60
3747465650,345009.13,264888.06,485334.50,1158776.60
3751129803,342288.81,92707.59,479239.03,1176176.60
3754792729,340382.97,92587.20,482225.00,1080384.60
3758453224,337430.88,92445.94,440377.16,899644.25
3762115678,328141.16,96484.73,461477.69,965966.13
3765777534,331305.44,293387.69,451528.00,925853.38
3769440046,331201.94,293013.69,439698.69,829885.63
3773100867,319418.84,272443.41,423954.00,842000.31
3776763929,318529.00,102802.54,415590.34,825650.81
3780424395,316882.66,291745.59,417674.91,817356.19
3784087112,314974.69,296302.25,147602.58,837013.13
3787748960,311863.03,286883.03,82489.54,803779.94
3791411277,313588.94,282046.13,49756.88,768998.75
3795073101,306576.34,282880.63,161546.31,852140.19
3798735541,307581.38,279273.78,8548.69,1087446.80
3802396913,302756.59,111947.34,459074.84,1089238.50
3806059709,297510.63,95827.84,499148.53,1179978.00
3809720321,306587.91,285315.31,506252.72,1402948.50
3813404769,327381.59,295746.97,538780.94,1600237.40
3817069000,339195.72,309956.34,544063.19,1570105.50
3820731188,360023.38,81712.04,517701.78,1489216.80
3824395069,369105.41,80848.63,497549.75,1373910.10
3828056882,375138.06,83191.73,494170.81,1395693.80
3831721057,373236.22,84309.72,492192.13,1259055.40
3835383370,373001.38,92030.76,481082.94,1221066.10
3839044224,364856.31,296156.84,496065.56,1231079.10
3842706526,354002.03,295128.56,490536.59,1220516.10
3846367001,351129.47,274274.69,494760.53,1203700.60
3850029485,351696.19,270845.09,494027.31,1172749.10
3853691398,345012.66,268058.72,500022.81,1192477.60
3857353771,334975.19,287045.69,496981.88,1171955.10
3861015197,331472.66,120768.77,500419.72,1223889.10
3864677342,331486.47,114820.23,488373.34,1264788.90
3868338810,328652.53,111029.63,486291.63,1236034.50
3872001392,330461.25,260751.80,496560.66,1261610.90
3875662839,328726.41,241253.47,513197.06,1183330.90
3879325266,319771.13,238138.88,493555.59,1175005.10
3882987096,308757.78,220338.34,518550.56,1159643.40
3886649772,317574.38,148703.80,536016.63,1129559.40
3890310595,307308.75,186971.69,539187.19,1091071.10
3893973111,314862.09,252354.64,543596.06,1234553.10
3897637344,329609.53,277120.31,538963.31,1447138.40
3901340824,343688.97,292508.47,566367.00,1560370.80
3905044103,365140.97,291666.16,538857.06,1599767.80
3908747504,374165.25,288480.28,515894.81,1483893.50
3912459531,387326.31,261837.08,510413.41,1280499.40
3916162790,388991.53,89987.41,492248.56,1268378.80
3919825793,391229.50,92830.20,482807.28,1282048.00
3923488534,384384.13,183895.34,492717.31,1221404.10
3927152522,374624.94,100277.80,504431.09,1228204.30
3930815415,368452.75,316752.84,505309.28,1238395.30
3934475895,357157.34,316265.66,498686.75,1224300.30
3938138503,349820.09,313436.31,508311.16,1265652.50
3941800248,347655.88,337858.94,499615.31,1310437.80
3945462453,349440.91,327388.44,498586.06,1305661.30
3949124194,336584.09,331145.16,483923.97,1344604.10
3952786419,336441.66,336610.19,473847.19,1322951.80
3956448151,334083.09,325615.47,459076.88,1328124.30
3960110717,331396.78,340344.59,462956.22,1307343.50
3963772039,329602.69,333256.13,41918.29,1249358.60
3967435243,323104.66,339635.44,460313.56,1212105.00
3971095650,319518.69,337977.41,507526.94,1178231.50
3974758130,307883.97,324309.38,534555.81,1150167.50
3978419991,306858.53,291525.03,537996.88,1212837.50
3982082370,314354.50,319884.66,555388.00,1457308.90
3985786227,344824.41,353693.53,573510.25,1645027.10
3989489845,362226.06,349869.66,561900.06,1621584.60
3993193412,389474.22,312273.16,496222.66,1509438.80
3996905365,395477.28,297497.50,526770.00,1418421.30
4000608896,396201.66,255711.88,501936.81,1274929.10
4004311132,402228.94,292599.44,504468.75,1215745.00
4008015004,393784.91,307757.47,503750.03,1189588.80
4011676866,388201.53,311642.22,503853.66,1174112.50
4015339029,382371.00,315353.16,508235.97,1173650.10
4018999743,371780.84,324473.19,507391.94,1171673.50
4022662653,372786.81,321579.28,515881.50,1187962.50
4026327353,362552.97,121662.39,523388.34,1198514.30
4029989737,359183.44,326066.88,524225.44,1179722.40
4033654069,356593.09,332040.09,526097.88,1202332.80
4037316843,350025.78,325536.88,528170.50,1201981.50
4040981981,349407.16,334593.97,523585.06,1263033.50
4044643911,348094.19,329131.78,533292.31,1264312.10
4048305432,342074.97,337853.72,532200.06,1236435.80
4051968027,333216.38,334050.16,534360.75,1194864.60
4055632045,332248.97,339602.16,535607.56,1184413.30
4059295250,328425.94,333129.97,539670.00,1153247.30
4062959138,326951.53,329901.97,534294.19,1117544.80
4066621914,332819.00,301325.75,549056.50,1330153.00
4070333902,350300.53,344404.16,572813.00,1611221.80
4074037187,358914.03,278057.97,579570.56,1550327.30
4077740600,387166.97,282781.34,546968.50,1499785.40
4081444159,392181.53,86192.21,547712.88,1396823.90
4085156134,395700.91,252686.97,506849.63,1375456.30
4088861477,400947.84,251574.89,502647.16,1255973.50
4092573343,395960.69,264703.00,507733.00,1187480.10
4096285201,388542.94,273842.50,502913.28,1184866.50
4099987865,388263.47,283698.59,515962.09,1209603.40
4103652543,374128.69,278543.94,507737.38,1193555.40
4107314759,364912.59,294308.81,516874.00,1236068.90
4110979511,362892.63,307450.03,515321.84,1309764.00
4114641331,359208.72,323527.03,513603.28,1350641.90
4118305144,357662.91,343156.94,507874.72,1358022.00
4121964377,339801.25,350305.84,523365.56,1319966.10
4125626195,338993.31,338283.91,538582.56,1338934.90
4129288311,343270.97,332400.97,524501.69,1358506.80
4132949713,341227.59,351369.28,529559.94,1349517.50
4136612020,327748.28,303144.28,530230.50,1286056.50
4140273644,331122.63,276477.00,546220.19,1223961.30
4143936089,329934.66,239988.33,552157.00,1195090.80
4147596851,324208.81,229614.25,571442.00,1156358.80
4151259370,323574.72,287367.75,539148.00,1188163.90
4154962998,338026.03,287324.31,557674.00,1527174.40
4158666287,359239.28,344734.72,572099.44,1608898.80
4162369726,378569.31,375758.50,577427.94,1567118.80
4166081817,402805.31,346376.09,561964.38,1474502.60
4169785097,415028.72,301836.31,518811.28,1380671.60
4173488515,409907.47,360097.13,530050.31,1386540.90
4177191185,413873.81,314662.06,508481.81,1278231.80
4180893943,396919.09,323552.41,506018.31,1268545.10
4184595706,399181.25,152155.67,499858.28,1340521.50
4188298644,381445.50,369963.25,515489.69,1374031.30
4192002094,377108.03,373979.75,515912.75,1397932.60
4195704929,370447.25,111970.12,519337.63,1396857.60
4199417291,367023.94,116301.11,521879.13,1402665.80
4203120651,351575.34,114338.37,523349.84,1371016.90
4206832000,351692.66,111137.38,533984.50,1451786.40
4210524257,348757.47,120404.57,524880.06,1451733.40
4214248057,346071.16,188629.02,531665.00,1447191.80
4218193314,332544.25,122071.20,513797.53,1458527.80
4221896593,335471.19,120694.30,517638.88,1389427.50
4225589917,329719.63,119052.45,513942.59,1341889.80
4229275284,318111.56,119635.69,538439.44,1303701.00
4232936645,318420.78,113218.50,538660.94,1219074.50
4236664763,315193.38,105796.28,548750.13,1197687.10
4240368180,322007.44,97822.09,572866.13,1510172.60
4244071651,352194.13,96280.79,594592.38,1606839.50
4247775190,369152.84,342399.28,591822.81,1549257.30
4251478572,390333.50,97922.65,571911.56,1491957.10
4255181855,393754.59,341684.44,546341.25,1429560.80
4258885322,404702.22,301793.47,528282.00,1399764.30
4262587386,405569.03,317701.13,515131.72,1278267.10
4266298857,399930.41,255025.84,526812.94,1311436.10
4270011143,393909.66,336010.91,522066.41,1335539.30
4273712991,379372.41,322537.81,541835.50,1381188.00
4277414839,377143.06,110929.09,527367.50,1416584.00
4281116772,373520.78,112056.50,529760.56,1423051.90
4284820054,372409.16,114964.91,551028.31,1466754.30
4288523783,367178.53,121257.48,558731.88,1515300.00
4292244893,358743.38,123373.29,557378.44,1457788.30
979681,359780.50,119360.94,544230.38,1480839.90
4691293,347166.59,118356.97,563023.44,1471453.30
8412412,345586.69,124916.48,565740.44,1490303.90
12114173,340937.16,123100.43,565762.06,1444519.90
15826618,333564.03,122040.76,562823.31,1376041.80
19529900,330101.53,125616.45,578530.00,1316930.00
23233299,327931.91,120754.13,552023.19,1251058.00
26936576,322815.16,114395.02,553311.00,1208094.90
30639946,331072.69,104624.96,604273.19,1570934.00
34343225,348102.94,97337.40,589575.31,1638544.10
38046272,370419.88,101314.10,603124.50,1482389.50
41748114,382901.13,99103.05,591338.75,1509019.10
45451324,391043.13,95079.73,579215.31,1446153.80
49154405,399369.84,99533.11,561885.75,1451898.30
52857930,404396.91,99762.89,536175.38,1413483.00
56561210,406756.53,102526.62,511826.19,1361571.30
60264583,397968.28,107020.12,520075.72,1375157.90
63967976,392487.19,109176.17,546110.56,1504366.10
67679884,390939.53,115122.95,532586.81,1517886.90
71391753,382515.91,114838.41,548806.31,1531573.60
75095553,379607.63,117772.55,566433.94,1541494.90
78807874,384824.47,118752.45,576438.69,1554130.50
82519638,360151.19,119656.34,568347.56,1457149.90
86231308,365344.06,127223.72,565465.69,1567125.40
89893484,361460.94,123399.02,575049.31,1566060.40
93555894,360795.81,128766.44,562661.38,1531153.50
97259790,352612.25,125293.31,609649.44,1531134.80
100963074,347689.41,128141.42,584847.06,1494770.10
104675390,347170.13,125408.85,585972.00,1385203.00
108387810,340038.81,123042.84,590157.00,1336185.80
112091451,344669.69,121083.05,583892.81,1320609.10
115794173,339829.22,107400.48,625623.94,1677641.40
119506150,348499.13,98893.45,611599.69,1690143.60
123208961,387419.88,89191.02,627538.50,1663314.30
126912179,405048.00,91767.22,621951.94,1700160.50
130623661,427244.56,95583.30,609871.81,1703637.30
134327093,447676.88,94426.74,585244.06,1691044.80
138030659,444587.53,91451.88,571071.31,1688102.40
141734297,431966.44,99047.94,551671.06,1694676.40
145446157,430054.31,106558.08,559440.44,1730430.50
149158209,419163.44,107249.42,563078.00,1746631.90
152860300,417256.41,107685.97,557165.81,1736406.40
156581252,408498.22,111300.25,571759.81,1625314.40
160285109,405276.72,117708.34,576400.00,1627314.90
163997464,396459.78,574708.31,573799.88,1639731.40
167709541,381514.31,496715.63,582709.69,1604737.10
171421502,375318.41,451242.88,584467.56,1687005.10
175366603,358626.66,197878.84,581087.31,1649855.60
179030791,371930.97,135203.69,600879.81,1705767.00
182693008,367262.09,132875.80,600142.94,1689370.90
186396763,370904.31,140023.52,615285.81,1636430.50
190100540,360775.97,288102.88,613684.38,1668007.90
193803739,358612.25,120270.62,628344.94,1694071.80
197507394,358976.81,118087.66,629719.38,1694206.50
201219451,352756.47,110136.13,633520.56,1732639.00
204932260,362191.72,188184.80,641544.81,1749674.40
208635791,386053.72,607986.00,633551.81,1734924.50
212338101,413340.72,86594.88,623354.00,1661695.40
216049283,440831.88,84996.10,597709.88,1733378.50
219752920,470992.22,81141.78,577515.25,1748007.90
223464707,477878.41,398649.69,571942.88,1733297.80
227167990,467961.44,368186.75,556705.06,1755117.50
230870057,457389.22,396940.09,554146.19,1733774.10
234582312,447405.44,98884.02,552119.50,1709086.10
238293552,433125.34,101665.80,553917.81,1758522.10
242006218,424186.97,103038.34,554739.69,1723978.50
245717560,426528.78,105201.35,576022.13,1659919.30
249429613,413008.38,406365.53,577969.06,1690547.80
253132867,400285.19,487599.03,578051.63,1617235.00
256835352,386837.47,308977.63,570501.25,1697419.10
260537448,382491.84,134054.80,579774.69,1695687.40
264240387,386655.97,519438.75,585388.44,1704619.40
267951744,378034.94,115347.30,601457.31,1672767.00
271663279,376373.94,127536.82,602703.69,1688619.80
275375642,373434.50,296230.38,602766.31,1665798.10
279087599,378378.84,725335.31,601769.94,1705659.60
282791015,374123.13,756516.56,621574.75,1693125.90
286494940,373032.53,725753.81,635143.63,1709855.80
290197494,378277.09,681786.63,630782.19,1761643.90
293918444,391998.59,641308.19,624681.06,1735122.40
297621975,425645.78,607099.00,620109.19,1635191.50
301333852,432707.56,91799.55,606497.19,1751937.00
305037355,445429.25,92443.70,601714.94,1773446.50
308740595,461413.13,93585.52,592114.44,1752731.80
312452842,452638.91,98561.00,595517.63,1727962.80
316164486,444983.84,103248.29,596160.81,1651487.40
319866932,433031.28,135647.78,588079.00,608757.94
323579258,419634.09,114443.16,593603.75,663251.13
327282279,415052.09,671602.44,597115.31,663502.00
330993841,403336.03,694905.94,603202.19,635555.63
334696460,400678.53,577001.06,609859.19,668791.31
338408634,392723.00,603438.00,610395.06,668049.81
342120719,384272.25,646178.63,614482.13,677731.69
345823149,370449.03,670561.81,622262.31,670782.38
349544209,364948.81,686249.69,621456.94,685872.50
353247964,366974.81,673964.00,641434.31,699169.06
356959618,361652.25,453163.13,633851.25,708173.06
360662047,355258.78,202505.70,643961.31,717506.69
364364453,360062.91,134440.36,638960.00,950707.81
368067113,355585.81,240903.42,652954.94,1309111.10
371770610,349067.13,125975.34,660129.06,1725325.00
375482512,353123.28,122853.42,656191.69,1678815.60
379185198,364504.84,112819.72,667640.19,1794010.10
382888821,386158.41,102602.14,667862.50,1621773.40
386601239,406044.06,113247.41,669378.19,1749770.90
390313241,429835.38,95823.12,650121.31,1739669.10
394025565,454008.72,574573.00,637862.75,1756919.90
397729113,473041.47,550119.13,610999.69,1757806.40
401450198,469106.19,593868.81,606937.88,1660064.90
405153178,459481.31,445530.97,612562.94,1735797.40
408864857,445055.00,671643.44,617107.06,1690711.00
412585464,431457.41,715838.50,617770.44,1737390.10
416297222,421296.03,745954.81,624403.00,1740463.80
419999700,414557.25,759693.81,621977.44,1685923.10
423711560,406908.78,136403.92,630367.25,1670255.60
427414834,398223.31,130400.15,633942.38,1559773.40
431135670,385164.34,132584.66,629680.38,1717854.10
434838784,379514.88,133106.28,627319.00,1647861.60
438540936,377312.91,140661.86,644902.88,1668970.90
442252961,370187.84,413961.38,644214.31,1649380.50
445956480,370723.28,151362.84,666571.88,1602850.40
449668998,366042.84,153850.64,667121.94,1664614.60
453389443,363948.88,134472.92,688055.00,1687975.00
457100618,368245.03,132807.34,679485.44,1710878.30
460803375,368521.91,397656.47,684847.06,1703701.90
464515163,371530.06,493131.91,690048.31,1723847.90
468226429,392490.97,140983.81,690268.31,1768163.40
471938649,416550.78,274457.72,681830.69,1733239.80
475650224,450802.09,270677.03,667607.44,1755727.90
479361789,480277.81,642338.94,639625.69,1775899.10
483073212,483951.81,635394.06,626154.88,1768554.00
486775610,479996.13,650370.94,635250.44,1723622.30
490478352,465796.53,670390.19,628999.44,1654549.40
494190671,451727.09,697429.69,636370.19,1447807.60
497902243,437528.47,718488.94,616898.06,508521.81
501604421,427264.28,130160.93,631976.06,660064.50
505306686,420867.50,118548.63,634846.38,607960.88
509009856,411792.69,128305.58,650065.38,657115.13
512712201,401159.94,127831.63,642596.81,670975.81
516424448,398880.06,130186.89,663761.31,782082.63
520144735,396169.34,141184.69,643012.69,815310.13
523856787,385267.13,173898.69,651439.81,783444.75
527568747,379820.53,399059.22,661619.88,826419.31
531271259,377750.50,147283.22,671605.31,870369.13
534983595,377940.88,147587.23,675504.56,929051.81
538686104,371063.41,649970.06,686860.44,1151896.50
542398144,368813.66,828977.13,674177.25,1543787.30
546101311,368948.53,664104.25,696044.75,1653776.10
549812653,369251.25,125247.88,699087.25,1693801.30
553524975,381269.19,126327.26,693312.31,1735907.60
557228699,387907.06,768989.69,702333.06,1681046.10
560940906,401064.44,703850.19,688934.25,1713863.40
564643270,419812.78,347594.03,678995.75,1781705.40
568345503,435043.72,108306.03,671019.44,1742548.50
572057400,448581.47,458154.78,663412.88,1748852.00
575777821,447615.50,693446.63,663107.94,1786583.80
579489854,438128.34,111442.81,653789.56,1772767.80
583202115,435376.66,117473.38,647718.38,1759589.30
586905163,428109.75,170931.50,652411.44,1719419.30
590617460,417211.31,133433.78,657745.00,1693531.60
594319921,412860.63,144263.16,658925.44,1688428.40
598032299,401787.06,784762.69,668628.31,1669871.40
601735675,400390.22,253911.05,679650.75,1611889.80
605438168,392889.16,142762.45,676474.69,1671961.60
609141224,387656.03,862132.25,679782.69,1602478.80
612853255,380347.00,144392.86,678737.19,1649353.40
616557123,380087.47,148500.33,677116.56,1606287.30
620259226,376058.72,173266.47,682253.31,1624855.10
623971264,374123.13,803808.63,700581.56,1617792.30
627682874,368629.53,624066.19,716571.38,1709287.90
631386062,371683.72,136853.80,722820.25,1715959.00
635088521,367551.47,808804.44,701719.75,1735188.40
638800304,391344.44,107888.13,715112.00,1747408.40
642512727,416076.34,140057.50,726853.25,1650481.90
646214815,450349.25,93607.58,697744.69,1765634.50
649926761,493186.31,101271.73,679471.63,1760731.60
653630637,512106.84,96383.34,654590.31,1749385.60
657333427,513994.03,604679.88,640825.00,1748178.10
661045096,505923.31,103697.11,640746.06,1769388.60
664756364,480794.50,108363.27,626972.94,1776141.40
668459418,467483.00,113617.63,637062.75,1662612.10
672163432,459786.38,716373.13,636338.81,1752122.50
675866454,454997.72,120800.40,641379.06,1726300.50
679587347,443113.75,349618.03,647906.50,1786583.80
683290097,432607.50,796723.00,655276.94,1735709.10
686993132,418924.34,134409.19,665937.88,1574468.10
690705105,407512.09,135593.86,656378.94,1784385.40
694426179,398417.44,854340.88,662733.00,1735613.80
698146634,395001.78,852683.19,675896.38,1755906.60
701850601,396070.66,813320.44,678484.31,1709719.60
705554485,388569.16,380640.03,685049.38,1730152.60
709258095,385197.88,838230.13,698355.19,1723855.00
712961373,386515.66,826328.06,697502.88,1739007.00
716664815,382343.16,849720.75,708466.31,1777101.00
720366662,381889.50,767805.25,725152.44,1736289.30
724068596,398031.28,618030.94,712729.81,1777493.90
727770657,418105.44,115270.11,720009.13,1726585.00
731473115,443117.88,699690.44,732456.50,1677767.60
735175264,464669.47,689482.69,706207.69,1774804.50
738878100,476057.28,668435.38,692733.69,1797274.50
742581587,486704.94,695856.63,664366.38,1741413.60
746283821,487950.47,716683.63,661269.69,1751142.80
749986219,480333.28,115997.80,663113.38,1753890.60
753698311,467340.44,745559.38,653069.50,1750104.90
757400073,459788.38,164826.36,663213.31,1749859.60
761102440,449329.72,124999.92,665126.13,1741001.50
764804902,438108.16,126602.95,670466.44,1759798.40
768507724,431569.19,136634.53,671147.25,1539395.50
772220111,421679.56,133305.50,683446.81,1599039.10
775922226,411325.22,136658.25,672996.81,1710864.10
779624634,408600.56,140818.36,687024.25,1695466.60
783336280,407865.06,145644.44,699247.75,1743094.40
787038433,407552.44,146500.89,699467.75,1710806.50
790740801,400915.41,143369.53,702166.31,1754627.00
794442950,402820.66,151184.05,703332.00,1739154.00
798155292,397909.38,144854.31,711196.63,1763888.50
801866857,387560.34,149731.48,720731.13,1800753.90
805579090,386242.56,137465.95,716338.75,1783208.00
809299682,398156.75,121819.83,730659.81,1782357.80
813002271,427214.69,112789.63,726111.31,1760358.40
816714639,456365.88,111020.08,728577.75,1762099.60
820417170,472521.84,106726.61,718004.81,1806587.00
824120443,494466.69,104299.70,695825.88,1766767.00
827823966,511233.97,107863.23,692563.00,1763656.10
831527836,506632.97,111779.52,682250.19,1763229.40
835231284,489055.59,117688.99,665101.75,1753868.30
838933342,476458.56,124556.88,698287.81,1697376.00
842636811,470257.00,125246.70,676247.13,1776496.40
846340187,454977.06,138269.89,679438.56,1758731.30
850043506,438388.09,140851.28,678580.56,1774985.80
853745771,435787.94,141456.47,684268.31,1755713.30
857448786,421968.84,151916.11,687893.81,1709992.80
861152519,414987.75,150360.41,699893.31,1716479.10
864855903,402813.00,151903.23,701250.75,1736545.90
868559919,397462.69,153764.25,707746.06,1742917.60
872263050,399560.31,156099.22,724290.06,1749378.10
875967554,394291.78,161991.70,694721.00,1717412.60
879669481,387929.59,165628.75,741455.69,1723513.50
883381250,384609.91,157499.03,737439.31,1739970.80
887085119,383791.44,156785.73,736988.63,1751744.10
890797638,376150.91,154544.81,737854.81,1801122.80
894501294,380315.38,376967.81,736337.94,1777759.10
898213788,407032.09,377719.22,749135.63,1787688.10
901926250,432475.78,403108.03,751249.69,1669019.80
905638582,477676.25,409124.19,727013.44,1743005.60
909350067,494497.25,398162.41,712927.25,1792748.00
913052741,526772.13,581784.63,695842.63,1794951.90
916754664,524902.75,720064.00,708324.00,1753429.90
920456981,514903.47,120178.09,692046.00,1726832.90
924159432,496427.53,126557.27,687674.31,1773197.50
927862199,484241.44,134692.67,678481.56,1745523.00
931564260,466259.16,136301.13,676639.31,1763312.10
935267232,458664.50,200025.58,698490.31,1716298.60
938969161,445354.06,583721.44,701779.00,1699660.30
942671412,432791.38,188637.27,700226.13,1747601.00
946373740,420832.09,155786.59,716977.00,1639444.60
950078461,407921.00,167945.08,696561.31,1823116.90
953790739,402324.63,167048.03,705395.63,1772037.10
957493170,402072.09,306578.00,700745.25,1752627.10
961213510,397926.59,180471.08,710785.38,1737897.10
964916480,391097.78,174661.67,715215.38,1765566.50
968618848,383949.84,172023.75,724063.81,1755571.40
972322129,388364.75,895458.06,740488.25,1791364.60
976025567,385524.78,630792.56,757474.75,1721007.00
979736915,382402.50,154707.92,731186.06,1778454.80
983439233,399764.50,127602.20,753554.94,1759044.60
987140998,435294.41,735032.38,774364.50,1696742.00
990843365,471574.06,116168.22,763362.00,1737207.00
994545429,494636.50,163827.70,752205.13,1758470.40
998248842,516129.91,118559.48,721665.13,1731541.90
1001950906,522988.00,112938.45,718278.63,1780507.30
1005653578,522789.28,124474.74,706432.06,1761928.00
1009355341,499588.97,742033.13,704196.00,1747142.40
1013057416,491652.09,855823.19,685160.19,1726154.60
1016760087,476964.13,139984.45,719004.88,1725113.50
1020461848,464738.38,144990.27,704354.69,1718542.10
1024163999,454591.75,152406.94,707874.00,1711138.00
1027876201,443679.75,174217.22,696117.69,1733795.90
1031578548,437055.69,215850.86,713700.63,1642424.40
1035299640,431699.00,165511.45,706807.25,1816662.30
1039002102,420877.28,162886.03,714922.56,1708281.00
1042713580,414473.44,168783.70,725846.81,1738462.90
1046415677,405732.50,164017.00,735323.38,1743227.30
1050117735,406750.75,166859.20,738606.88,1762833.30
1053820075,408291.59,171590.63,732509.25,1750215.80
1057531555,403813.44,166954.20,743883.25,1776481.30
1061242864,403138.72,164785.52,758370.63,1740611.10
1064955583,401897.88,160913.03,756314.88,1755921.00
1068657679,410420.38,164269.55,752615.75,1767457.40
1072361269,404773.25,157276.67,752025.38,1725841.50
1076064964,415787.44,143379.69,753975.19,1718469.90
1079777203,432857.47,133462.47,766552.13,1808604.10
1083479573,462593.53,129306.72,754654.25,1744098.00
1087181636,492437.38,884278.19,718627.25,1819761.00
1090884512,497654.78,336749.22,706537.31,1783215.50
1094587792,499512.28,218495.50,705279.25,1744865.90
1098289552,499531.88,148563.00,704842.38,1747682.30
1102001338,478878.97,270802.72,706372.44,1775604.40
1105703104,463949.09,244758.70,708104.63,1767209.60
1109406383,457709.88,158856.69,708415.00,1761404.50
1113109662,450765.16,167901.30,727286.88,1725776.10
1116812612,440195.41,330500.91,720364.31,1679342.50
1120533558,430351.13,924473.88,707171.44,1776057.50
1124238816,421488.75,179157.78,726704.69,1779620.80
1127952289,418418.75,458925.56,730046.00,1771894.60
1131673183,403077.22,183558.05,720225.69,1761224.90
1135376273,407602.72,313167.84,737563.13,1705652.00
1139081709,402234.72,186210.25,737901.94,1805275.10
1142784073,400426.56,190713.42,741082.88,1767630.40
1146487354,395003.56,181814.58,759261.50,1747631.00
1150190023,395962.56,188664.77,754975.81,1780249.50
1153892085,392349.47,520334.50,763805.31,1836897.50
1157594458,427722.66,160736.36,767558.00,1783352.30
1161296828,462391.38,731352.81,780143.56,1749563.10
1164999341,489239.09,749993.25,749186.38,1782919.10
1168701715,529979.56,122081.12,737831.38,1798671.30
1172404082,542377.88,121869.75,721853.13,1788685.90
1176116170,535053.88,820473.88,734483.19,1823914.80
1179827952,517172.25,811565.69,713697.81,1770230.80
1183539624,505510.25,137428.31,722374.31,1831754.60
1187241697,490798.59,908738.44,719253.00,1787055.80
1190944974,484750.31,146160.41,721945.88,1822546.40
1194648256,472181.72,154586.23,729161.31,1741951.50
1198350926,458272.81,192221.33,721500.38,1737515.30
1202062412,452527.84,211234.03,714001.69,1767554.90
1205774053,439942.97,175687.13,723136.00,1702434.60
1209485406,431932.56,538690.94,723318.44,1763589.00
1213188390,426196.09,187735.39,731595.81,1738051.80
1216901095,419808.78,201166.22,736579.44,1802053.90
1220606684,418996.81,187580.66,722310.56,1805290.40
1224269316,409087.38,309944.66,747139.94,1828864.10
1227983630,406983.97,182317.80,745449.13,1741376.80
1231687019,403861.56,199293.16,752471.88,1798870.80
1235390298,400900.16,184675.55,767945.69,1767547.60
1239094800,400565.81,150831.88,767268.38,1750630.80
1242798678,426734.97,326807.78,771345.31,1815301.60
1246502068,466188.00,134761.36,784880.81,1786150.10
1250204307,497283.28,311371.16,770781.63,1808580.80
1253906370,527019.69,125607.83,763004.06,1818460.00
1257608742,528389.06,890333.06,748395.44,1799431.40
1261320830,534493.75,874022.50,741358.06,1808735.60
1265022901,530052.50,133994.95,717109.44,1794193.80
1268724968,520907.03,913191.44,721401.81,1803562.90
1272427638,497226.50,265208.47,712632.44,1805035.80
1276129703,498741.50,149861.19,715419.06,1782835.80
1279831470,478259.25,991336.44,722362.63,1783382.40
1283534148,472836.50,181215.53,714824.94,1791953.00
1287237067,460621.13,173534.97,733608.56,1776201.30
1290940359,450080.88,178147.55,721662.31,1734191.60
1294644177,444095.88,984452.94,720716.63,1789356.90
1298356904,431291.84,185309.42,723909.94,1793566.60
1302047728,432309.84,184133.61,722611.75,1778333.60
1305711587,429363.91,183607.03,719002.06,1799600.40
1309374220,424710.50,184995.84,746481.81,1758134.30
1313035649,422234.72,256766.95,749843.75,1754604.40
1316748331,419424.16,183800.09,755210.19,1775302.80
1320455646,414142.41,180996.25,763398.63,1798993.80
1324167435,411703.47,188394.52,760428.56,1742792.00
1327870836,426479.34,664679.94,767957.75,1750074.40
1331574455,464730.00,701767.69,760867.38,1785928.80
1335277899,523720.66,799071.19,773188.13,1750927.50
1338980708,554918.75,465455.47,759944.69,1771773.80
1342692491,570703.31,822207.19,730294.44,1768471.60
1346395163,567693.19,123592.45,745357.06,1752642.00
1350097532,550130.94,868580.13,726006.75,1774713.60
1353799473,531806.75,818886.06,735840.88,1800960.90
1357501842,528218.31,146354.19,730718.13,1754753.40
1361213931,504733.34,938898.44,723434.56,1790158.80
1364917041,505642.78,257287.52,719224.06,1744230.90
1368620510,484767.44,970380.94,728094.00,1765896.80
1372323515,476464.81,271438.72,733860.81,1767547.60
1376035983,462347.72,814355.00,731033.94,1776677.60
1379739911,451794.84,180745.81,724063.81,1756770.80
1383443685,444142.63,189482.86,731227.00,1761725.80
1387155780,436898.84,1029489.50,716327.19,1776783.40
1390869660,432675.59,197570.94,734973.56,1764757.40
1394533380,429083.38,202119.56,733397.44,1747268.30
1398195631,427629.28,263342.97,730475.44,1742644.00
1401900894,429483.09,237436.31,751854.50,1834429.80
1405604445,423314.69,186649.03,754491.88,1841592.50
1409316452,417702.41,273317.44,768436.88,1796338.60
1413020214,425214.53,458562.78,772451.69,1745493.90
1416723694,455094.59,141910.38,764990.63,1796667.90
1420427368,504431.09,159549.09,789042.81,1731578.30
1424130084,558298.63,893378.88,773863.69,1764794.90
1427841875,576792.50,846062.00,751968.50,1788953.30
1431554101,597714.88,112810.04,732693.94,1793275.50
1435256195,585837.13,121696.50,725265.63,1841592.50
1438958733,565778.81,128614.31,732761.25,1777426.40
1442670054,546259.69,138257.27,718904.00,1818857.40
1446372116,527044.88,148437.55,721028.75,1766639.30
1450074642,517585.06,159341.75,719004.88,1743227.30
1453777584,501583.13,166276.67,718831.88,1706678.30
1457480957,485040.19,293324.31,706636.69,1764270.80
1461185341,478787.28,181515.05,720991.25,1763896.10
1464888760,467913.16,189079.13,696769.25,1758418.00
1468600645,451967.28,1029791.90,728088.13,1799707.80
1472303001,441792.78,1030432.40,721725.88,1814664.50
1476014074,440106.53,494423.13,733309.44,1769448.40
1479718845,435432.81,196781.88,724969.50,1787619.80
1483422126,432064.25,201299.34,723927.38,1758485.30
1487124192,426045.75,213101.88,739926.63,1745486.40
1490826818,425723.09,187624.45,749428.31,1771359.30
1494530317,427411.19,226707.14,760540.69,1753415.00
1498233601,431323.94,167402.44,766914.81,1778311.30
1501945689,456107.66,146532.75,760129.19,1796392.40
1505648009,503558.38,492250.66,782507.50,1770268.60
1509350167,561640.88,830229.00,782203.44,1801045.80
1513052820,597605.44,789805.75,772924.25,1771359.30
1516764467,609414.38,773894.44,746175.06,1783109.50
1520467141,603011.69,369054.28,728948.44,1806664.10
1524169816,577789.31,664734.00,728059.19,1820127.80
1527871886,562875.69,849420.06,736273.31,1802777.60
1531574556,541564.38,305627.47,724264.00,1755929.00
1535276326,531703.81,923298.31,728889.88,1755482.40
1538979904,510602.22,296207.34,720144.81,1766346.40
1542683183,498214.31,179597.86,721523.50,1771367.30
1546385956,487676.56,174351.05,717204.44,1781697.90
1550098220,471844.09,398183.41,714824.94,1745168.90
1553810682,467743.09,189447.11,715074.56,1764645.30
1557522025,457654.06,191272.59,705608.63,1836360.80
1561224796,457043.78,199448.23,721564.00,1765874.10
1564927305,447607.38,195509.41,727971.38,1778137.30
1568629679,444457.47,196516.33,730490.13,1802330.50
1572332656,434678.81,194170.27,723359.00,1784036.30
1576053251,440464.13,224305.97,744278.38,1775332.90
1579755788,439087.47,204457.83,744578.38,1797811.40
1583467878,443683.75,177059.91,753750.13,1757694.80
1587169812,470029.56,168945.52,776897.88,1813042.50
1590872183,514485.59,739459.88,788958.63,1782866.40
1594574858,561847.75,128299.33,774540.00,1792915.90
1598277231,605486.31,414911.88,776417.31,1779522.10
1601980318,626751.00,130351.77,752085.25,1818397.60
1605692105,624812.44,682167.63,731276.81,1791838.60
1609395335,602200.31,124368.05,735649.81,1822945.10
1613098652,580186.13,273100.06,722044.06,1820120.00
1616801913,556591.63,140440.94,719792.69,1815581.50
1620513091,542788.38,201132.58,722371.44,1772632.50
1624216368,533888.19,154476.25,729914.63,1782372.90
1627918744,518490.03,316550.44,721118.50,1751246.50
1631639343,510388.84,165979.73,725123.38,1566028.30
1635341989,500132.44,185252.19,710254.19,1752753.90
1639044719,489651.94,187664.22,719284.75,1781030.50
1642757129,481521.03,656638.63,727106.44,1766324.30
1646460979,471962.22,188645.53,723657.75,1766999.80
1650162996,467327.91,308959.34,727249.13,1812165.60
1653865364,465185.78,223156.70,741817.06,1801329.80
1657576715,464189.13,193849.14,721164.88,1792304.80
1661280092,463633.88,197824.44,729421.13,1823523.40
1664983475,457463.56,190414.84,743604.38,1853629.30
1668687043,462991.63,463039.53,747667.50,1791808.40
1672390324,472807.09,166159.13,758844.81,1805976.80
1676092088,507954.50,153292.89,769267.69,1802530.90
1679794452,556582.19,139968.05,779129.50,1789669.90
1683506655,601299.75,145192.55,774103.38,1831157.00
1687210220,610529.19,144223.86,792333.38,1829695.90
1690913288,606051.94,143080.52,758591.19,1792587.80
1694615601,585672.75,149349.47,759947.69,1812693.10
1698327228,573589.88,162537.06,754038.31,1775053.50
1702030201,560688.25,166076.05,750516.44,1800645.80
1705732436,541921.25,181840.31,756227.31,1764412.80
1709434196,529756.06,181299.55,753503.94,1837560.50
1713136876,512365.28,184352.78,741387.81,1767757.40
1716839239,507197.06,187699.86,748419.13,1772165.40
1720542951,493951.31,198227.11,739259.13,1767584.60
1724246455,494325.28,195696.83,740361.19,1843224.60
1727950017,490870.09,203411.97,746121.56,1819815.80
1731652325,483218.59,204888.95,753689.94,1793260.30
1735363587,472050.97,211186.94,737619.06,1800122.90
1739074963,467825.00,714647.00,735117.69,1776768.80
1742786647,466676.00,222211.63,749144.75,1787680.60
1746498656,461536.00,214127.45,749165.50,1845079.60
1750210794,458925.56,216359.28,739182.56,1784469.10
1753923203,459054.22,204636.75,768977.38,1789029.30
1757635294,460263.88,191806.16,773007.06,1807583.50
1761337909,497501.72,168940.08,780214.75,1810213.10
1765041335,536936.94,157293.67,795460.00,1833690.10
1768744945,594855.06,155223.06,806736.50,1834044.10
1772457145,622082.69,143570.05,819222.06,1774804.50
1776159710,633429.56,148076.77,801181.81,1772135.10
1779870798,621190.38,150138.30,793278.06,1800568.50
1783574581,609689.81,157644.66,772749.31,1777433.60
1787276900,578573.75,621882.50,762940.31,1800099.80
1790980774,550512.56,747533.44,770806.19,1807923.60
1794684652,536412.25,593180.38,744688.19,1774140.50
1798387500,526463.25,205914.75,744174.44,1783398.00
1802090093,512820.00,204442.25,746720.19,1810252.40
1805802051,508876.69,208660.66,741801.94,1791021.10
1809504881,482083.59,213851.30,749365.56,1793467.00
1813208521,483934.59,216133.75,739696.25,1755869.50
1816912254,480017.59,223451.88,736941.25,1787147.10
1820614354,470431.78,226803.67,732497.44,1835509.60
1824317103,469148.22,231572.05,748356.63,1784332.50
1828028551,462789.44,233336.88,753606.00,1759350.40
1831731312,454346.50,239797.14,751731.75,1847438.60
1835434818,454466.06,229122.36,768840.00,1838777.40
1839137211,451132.06,229456.94,776836.38,1831330.30
1842839754,451495.09,214330.91,783286.25,1787969.50
1846552125,471418.03,185154.00,788365.00,1805513.90
1850255618,519027.13,172841.73,819658.44,1758880.40
1853967202,581321.19,168533.16,830150.69,1828747.00
1857670207,620821.19,161228.25,835100.19,1793406.10
1861373685,644011.38,153641.52,812598.31,1823359.10
1865075862,635396.56,156757.05,801958.13,1802361.80
1868779253,616049.63,168004.67,796448.88,1824743.10
1872491317,594646.75,172303.92,797883.81,1810895.00
1876203673,565353.56,179591.14,791133.13,1798847.60
1879905780,553071.06,194646.94,776916.44,1803231.50
1883608452,538142.00,198480.97,773639.56,1796062.90
1887310881,525920.75,208906.25,773605.94,1815892.90
1891022773,511964.25,217937.64,782339.88,1827194.10
1894725842,503104.84,220600.34,782535.19,1784005.30
1898437597,493318.72,228805.48,760256.19,1831966.80
1902141423,492973.28,236921.88,756682.13,1813500.10
1905853852,479529.00,239101.78,762012.25,1828126.80
1909555961,475071.16,236057.28,777453.06,1766009.10
1913258362,475955.56,240916.77,758518.56,1793512.80
1916971015,471152.38,242891.67,748296.75,1800122.90
1920674897,469078.81,237866.50,795604.81,1828510.80
1924386653,467537.63,239317.98,791286.56,1857507.40
1928098997,469049.56,227358.00,811363.88,1779098.40
1931802689,486401.38,203622.97,817014.19,1792839.40
1935506282,520208.59,191606.11,820554.69,1823500.00
1939218209,588369.19,170262.47,849249.63,1831998.10
1942920064,632763.63,160690.56,842142.75,1810120.60
1946622067,651094.00,164314.41,837850.69,1812064.90
1950324429,654435.56,192101.31,810873.75,1831817.60
1954036139,639224.56,161741.39,811774.06,1817953.60
1957747750,609914.63,178485.91,808401.88,1812413.80
1961449776,578122.00,178120.77,806172.31,1856138.40
1965170727,570239.13,191870.83,792229.94,1840499.90
1968872647,557243.81,202309.09,797095.13,1777880.00
1972575195,536838.06,212314.94,795639.25,1831667.50
1976277656,533725.44,221409.70,763699.19,1805722.10
1979989621,520237.88,230753.36,769653.06,1764135.50
1983692317,510306.72,234381.09,777042.94,1798279.00
1987413215,501275.69,241310.23,772304.56,1811987.40
1991124472,495494.38,249757.08,783432.38,1834555.90
1994826940,485358.22,248741.19,778900.88,1846795.40
1998539228,484134.16,254663.30,804272.56,1818865.00
2002242805,477316.91,254371.08,801863.25,1815908.00
2005944650,481405.72,244955.78,790556.75,1781788.50
2009656127,484754.56,243462.28,796584.31,1805691.60
2013368205,484486.19,237037.78,822148.75,1818997.60
2017070559,487079.63,209455.63,823323.13,1815161.40
2020772896,531424.94,192271.02,832895.88,1800184.00
2024476454,586855.38,176885.23,864438.44,1800922.60
2028179169,658767.06,167791.55,864665.88,1808062.90
2031881932,665883.81,162666.88,837434.94,1786994.90
2035584003,679023.25,156254.89,828052.94,1780681.50
2039287641,664604.19,804186.88,822168.13,1827570.10
2042990036,631815.13,176792.47,822320.56,1830347.90
2046692973,606542.63,184001.44,820930.19,1790754.00
2050404697,585827.19,198949.73,812578.94,1780719.50
2054116579,573983.38,837125.25,806580.25,1738051.80
2057827927,555197.06,215001.48,817327.06,1806787.60
2061531347,557976.81,219586.69,810675.25,1753415.00
2065234973,533335.75,251961.64,814940.38,1773778.90
2068938762,521556.47,315645.97,819057.31,1709324.00
2072642465,511619.06,772617.38,800763.69,1801699.40
2076354023,503505.63,251383.13,797328.44,1824681.10
2080066262,498761.22,258773.13,787241.50,1816460.00
2083768684,492558.81,259221.34,801441.56,1770463.80
2087489579,491947.00,254192.28,819112.25,1863685.40
2091192557,492958.31,254013.38,820528.94,1764300.30
2094895929,488099.31,248970.02,811597.88,1793872.30
2098598034,496608.69,245264.64,830648.00,1778507.90
2102309866,486657.47,230881.53,831427.25,1787725.90
2106013021,531376.94,205097.59,847517.81,1764660.10
2109716567,584651.19,191012.36,867519.88,1807506.30
2113419280,641229.44,174558.53,875121.00,1724211.60
2117131182,682838.63,167665.73,872623.75,1834681.90
2120834468,695242.50,164615.70,840632.63,1781303.40
2124545726,680184.94,166491.94,828751.44,1816125.60
2128248095,652443.31,181855.17,823079.56,1842899.40
2131960302,623706.00,187415.08,819286.81,1814439.60
2135662992,604561.88,202738.67,825946.88,1824477.10
2139374888,581335.81,208785.52,819952.94,1821914.50
2143077752,572979.38,219076.97,828167.13,1812212.40
2146780826,556754.50,232293.02,812707.38,1813469.50
2150492404,546471.81,894865.06,819804.13,1807111.60
2154196113,532170.44,719460.69,821717.50,1719665.10
2157908284,518334.94,259830.31,797710.19,1773665.60
2161610391,518148.47,265062.25,814927.38,1753979.90
2165312711,499109.25,261181.27,812893.38,1792472.80
2169033788,500290.25,273210.28,809168.63,1820634.30
2172736139,495599.06,269737.88,827589.69,1798372.00
2176448392,502847.31,273594.91,821928.19,1779439.00
2180152060,498695.47,300920.84,834705.56,1831620.50
2183854400,498174.91,256240.70,841324.56,1820478.80
2187557773,497862.28,249026.08,861346.63,1772308.60
2191260206,516690.16,219385.94,864754.38,1812483.50
2194972746,583687.19,197700.52,879462.38,1789014.00
2198676929,648566.31,187103.05,910327.44,1816118.00
2202380275,689393.44,176491.41,871774.63,1768554.00
2206083280,710845.31,168538.47,853119.19,1823508.00
2209786376,703887.00,166329.42,844435.81,1764577.30
2213498899,673447.44,178654.44,845273.50,1783724.40
2217211166,638747.75,191688.84,831551.63,1780871.50
2220913801,623814.00,200898.67,829803.94,1820923.60
2224617179,603615.94,215123.39,839676.88,1754999.00
2228319622,581938.31,230263.59,833779.00,1764869.50
2231982770,568431.38,233246.70,832961.63,1797028.50
2235644926,550098.00,240246.91,824440.88,1760089.40
2239306207,546019.75,252110.81,826044.75,1828629.00
2242968689,530716.75,257364.23,817104.44,1735430.60
2246630231,531333.50,262457.84,836841.75,1840144.30
2250292554,522999.47,271171.53,835215.38,1767052.10
2253954301,524739.50,276231.63,831017.88,1802453.50
2257616642,511619.06,282445.59,825940.63,1839519.60
2261278275,507743.97,471350.53,841092.63,1762362.10
2264940425,508725.88,273394.75,847044.50,1783747.10
2268601660,508240.22,267231.06,854156.19,1794767.80
2272305248,512907.09,265382.78,835794.50,1826896.30
2276017623,521398.44,234138.33,864112.50,1774782.00
2279721285,560472.31,223169.92,898055.50,1732705.10
2283424822,628324.38,298127.97,889098.00,1685166.90
2287128306,690951.63,191894.42,900205.06,1693958.00
2290832010,700443.38,179828.94,890294.69,1750378.60
2294535247,712157.44,180894.64,849851.25,1831857.00
2298237854,697907.69,189149.11,839158.00,1753712.00
2301940790,670188.88,199927.63,842530.56,1783982.90
2305643241,636015.00,208711.77,853323.94,1758134.30
2309592836,609295.75,985515.94,849727.50,1763319.50
2313257057,593851.31,433287.28,852579.25,1729692.60
2316919607,575327.44,247581.67,847151.19,1764173.00
2320584107,572154.81,260371.91,847107.88,1803671.00
2324296449,558208.69,302718.59,858140.69,1728021.00
2328027476,548105.13,273866.09,840394.19,1689413.40
2331691679,537798.56,289525.44,820920.69,1781735.40
2335354445,526888.13,278323.16,836350.81,1823328.10
2339016259,522466.16,494558.16,843333.31,1809648.40
2342678821,511000.41,492951.69,831679.44,1777501.90
2346340621,511156.09,298259.09,850038.19,1789654.50
2350002930,512140.22,285044.00,854683.63,1815464.60
2353711673,507228.13,269872.63,862450.81,1772587.40
2357415470,517022.00,282282.63,877318.38,1740891.30
2361118898,517998.13,258126.73,891279.69,1805830.80
2364831150,549899.00,244496.70,902246.44,1819168.80
2368543676,618217.25,225264.61,918380.81,1777419.00
2372247273,685115.94,214429.69,928106.94,1782054.30
2375949501,726940.50,192004.78,908307.69,1791685.40
2379652973,736017.31,191986.72,876833.06,1805653.00
2383355872,720069.75,201157.83,872959.50,1785062.00
2387067568,689209.81,206544.97,857685.50,1781993.90
2390788620,662363.75,212751.95,857904.56,1794660.90
2394492324,632597.19,226631.14,867080.50,1798210.50
2398203670,612958.56,246502.88,865413.38,1735591.60
2401906450,596608.06,256547.55,864550.44,1779067.80
2405639609,584712.44,262098.61,860754.63,1817891.40
2409303356,570669.44,273402.53,867652.88,1796576.30
2412966063,559817.31,279880.03,865515.31,1769658.90
2416627940,546653.63,283080.66,865131.31,1821048.10
2420290498,547701.19,284296.34,857142.88,1876779.10
2423951252,530397.13,274150.06,866202.31,1853509.90
2427613949,526050.06,279245.09,864601.44,1819270.30
2431275860,529922.56,298308.19,872510.69,1763888.50
2434938188,526225.00,294734.03,873429.13,1778818.50
2438600406,529708.06,294703.09,885114.56,1797934.10
2442262648,533583.25,284325.25,893799.25,1788762.60
2445923414,537482.88,287835.22,909849.69,1799700.10
2449585626,543603.00,291082.56,896044.38,1815511.60
2453247432,553282.81,300460.22,905703.25,1737015.80
2456909554,549426.25,290888.09,922835.56,1594137.40
2460570991,552680.88,292367.19,925581.94,1808712.30
2464286202,558710.63,281064.22,929157.19,1763985.60
2467989995,564236.44,279461.41,938788.06,1783527.10
2471701992,574531.94,280085.50,947789.13,1791922.60
2475405273,583173.81,284556.22,943752.50,1771728.50
2479109137,575037.13,301156.16,932388.50,1816825.40
2482821499,470183.22,285699.34,900127.44,618406.19
2486486372,563006.69,291121.41,902706.13,585594.38
2490147018,554817.50,289255.66,915418.56,844675.06
2493808836,546390.38,285255.94,910869.56,864227.75
2497471373,434158.00,283450.41,896114.63,771544.38
2501132505,353077.00,360786.84,905370.00,721934.31
2504794886,355498.25,319129.34,908094.44,770693.13
2508456723,358912.13,300591.81,910509.38,860605.81
2512119400,365901.09,280893.56,909500.50,916853.63
2515781339,367296.66,259176.63,905008.00,889910.81
2519444108,370425.28,241587.45,912859.00,883557.00
2523105727,433049.47,227580.47,917388.75,857409.13
2526768013,531818.19,218169.78,908973.38,857739.44
2530471289,254676.98,199379.78,910067.06,754506.94
2534198396,391321.91,199951.34,896571.31,763462.19
2537902201,534429.69,184437.16,902349.00,772758.56
2541605478,536221.50,180322.25,890958.31,748431.06
2545308760,549213.31,175740.83,878700.00,790015.50
2549011817,552739.69,158906.14,895289.69,878300.13
2552715467,569854.75,155114.38,878917.13,769961.75
2556418744,387867.75,174827.84,858980.75,640604.31
2560132270,520931.69,102157.81,750872.38,656229.06
2564097466,545016.25,46552.59,714601.06,712618.06
2568106273,521389.34,41542.05,693245.38,684179.81
2571785149,517212.59,39163.54,664317.75,672150.69
2575447493,501550.06,41457.91,643070.63,686643.75
2579109467,507340.94,43688.79,635853.31,706329.88
2582772216,514999.66,43303.81,588841.63,744590.19
2586433955,493034.19,40481.91,584896.06,722658.00
2590096628,500123.59,42900.20,558251.31,812765.06
2593758267,502114.91,42815.93,510929.25,855584.44
2597420946,497403.41,43388.08,459983.59,891982.38
2601082599,511993.28,44602.24,460016.88,917130.19
2604745112,499021.69,43627.54,458662.38,945511.75
2608406417,507673.03,44534.50,451722.97,965713.25
2612069737,509595.78,203940.92,452201.19,921341.25
2615730254,519339.75,200859.38,468364.47,903417.25
2619395139,513764.03,184477.98,552556.25,846128.69
2623107325,516775.25,268710.75,615095.00,982054.00
2626811142,539866.38,331220.94,612633.75,961962.88
2630523320,579784.38,298609.81,630076.94,928502.88
2634226840,623235.69,272256.22,616034.19,924499.19
2637938696,644441.06,27559.61,600822.38,950681.88
2641642098,656847.38,26524.13,590391.19,862904.94
2645353662,646971.94,29901.07,577881.69,852337.88
2649056944,623446.38,31357.52,584462.81,889610.81
2652768905,606248.19,34522.27,566252.19,898340.63
2656446703,579456.19,36693.08,564136.25,948720.19
2660108697,573490.88,39202.25,564179.19,933809.06
2663771269,399291.59,36242.49,561158.56,642417.75
2667432033,488522.16,41026.32,532069.81,796477.31
2671094812,525317.56,39258.66,492721.44,818928.19
2674755575,518647.34,42970.77,472661.13,824512.13
2678418100,516009.06,41621.83,470490.78,849253.06
2682079959,516793.28,42345.39,463686.03,829967.50
2685742409,509655.84,41346.62,448385.34,868007.19
2689404015,503787.44,43295.32,461943.84,863081.25
2693066385,502719.63,42026.52,440149.03,855665.13
2696727835,509471.50,41527.30,448352.66,847121.19
2700390277,502510.72,41342.37,447064.84,837491.13
2704052145,504552.44,40566.88,461596.28,846028.81
2707714045,502671.34,36135.45,469045.31,943361.38
2711417752,515098.09,31497.61,472354.97,1012127.30
2715130117,548074.81,28467.28,579507.19,955221.88
2718842564,579550.94,29136.56,593101.19,964641.31
2722546297,591850.13,32399.97,581418.81,895012.31
2726250159,589600.00,33046.59,575738.88,901550.00
2729962508,572926.38,34387.61,571191.69,902515.25
2733664688,565083.56,36583.68,579966.94,949633.75
2737610104,550313.50,38919.95,565055.00,949875.13
2741273843,547022.13,39626.99,542969.38,944022.13
2744936312,530150.69,42102.28,517905.97,922868.38
2748596670,529756.06,41739.61,478067.72,941130.94
2752259762,523591.78,42379.03,479831.97,892594.63
2755921397,513112.34,42884.38,472439.38,936953.19
2759584006,504272.25,43388.08,460209.84,953985.75
2763244383,500509.63,44973.29,465524.50,939843.06
2766903645,493736.03,46235.60,457058.31,927881.63
2770565573,490454.44,45127.65,467661.44,950038.44
2774227819,493075.50,47439.25,455641.25,945415.38
2777889686,489008.16,45952.59,457213.25,817649.56
2781551916,486377.66,46012.90,456380.41,817117.31
2785213746,488455.25,46843.39,454208.53,840920.44
2788876216,488403.53,44460.50,461531.75,954306.75
2792537829,493186.31,42700.04,470385.38,977640.31
2796200272,491374.75,39510.86,477616.78,1103153.00
2799903694,501719.19,38336.94,501064.78,1024808.90
2803607062,515393.38,39761.05,542825.44,992942.38
2807310336,506719.09,41415.89,561151.38,1020900.40
2811013613,510873.66,41256.33,569886.06,980492.56
2814734981,510077.75,42372.66,555489.38,988657.81
2818454682,510584.53,42753.73,572051.31,1017695.80
2822159868,505589.81,41785.88,570263.25,1014191.60
2825823679,506203.97,42561.13,568347.56,845652.81
2829486136,503672.84,44840.04,571593.50,772951.75
2833146539,499074.19,45221.83,561182.25,826608.25
2836809112,502260.06,42653.77,555305.38,853478.19
2840470962,490664.41,48504.13,577541.81,862084.81
2844133335,488727.28,47327.73,557681.19,878589.50
2847795288,485057.41,46125.37,558088.00,861441.63
2851457367,481476.19,47206.52,542011.69,876929.38
2855118778,478410.44,46820.02,537651.06,880466.94
2858781585,480756.03,47341.54,552991.06,878972.50
2862443214,478465.91,48219.94,548110.00,888624.06
2866105786,479181.56,47345.79,542266.63,876754.00
2869766830,480835.09,47266.00,545018.63,890846.44
2873429716,479531.25,45247.20,563366.31,892458.06
2877091563,475645.78,44226.12,572109.13,935538.94
2880813106,480087.94,41722.74,586047.94,938288.63
2884516500,486481.03,39467.90,604433.81,932655.00
2888219776,488597.81,38068.69,587211.31,1006703.70
2891923350,501530.38,35981.55,604358.50,1164499.50
2895627000,527831.44,31229.83,581852.88,1292869.90
2899330443,551912.88,31491.47,575332.44,1487658.30
2903033860,565644.88,35967.04,576722.19,1198992.10
2906735926,561921.56,36402.64,564902.31,1249363.40
2910439533,546504.50,37253.19,549721.06,1189476.50
2914151311,546210.75,39135.33,559447.44,1168361.30
2918119598,536571.06,40745.20,567654.81,1229964.40
2921783967,529188.38,39877.30,568155.56,1204190.10
2925446296,518544.06,42900.20,566409.94,1256905.10
2929107034,523087.50,43029.78,547906.63,1337233.00
2932769932,506606.41,44625.37,557390.25,1125198.90
2936430731,457807.00,50704.55,522371.25,999666.31
2940093524,446453.28,45420.80,501567.66,816859.44
2943755360,469930.66,37281.39,492899.66,816450.06
2947417795,469979.06,36364.29,499266.91,937437.25
2951079215,485407.69,34317.16,505960.97,929892.06
2954741359,477272.16,34922.59,523915.41,983821.81
2958403164,476369.34,32225.66,510693.34,1055946.40
2962065626,479454.41,30738.88,528445.81,1004085.10
2965727421,477648.63,29093.48,543830.81,977854.25
2969430699,487978.56,27655.79,559791.19,1029010.60
2973133977,499464.00,27855.13,586133.69,1048344.90
2976837466,511000.41,24143.13,599456.69,1068283.10
2980541215,525870.94,24098.52,597299.31,1060909.80
2984245065,555423.38,24078.22,580960.56,1097548.60
2987948851,564761.38,26849.62,584034.56,985670.19
2991661042,565162.50,27944.23,559414.38,933304.69
2995363052,546276.00,29854.93,578357.56,955475.81
2999075438,528917.31,32919.48,547885.75,1063050.80
3002777195,529065.44,35596.11,526792.63,1209995.10
3006479256,509735.63,33545.92,497222.16,1172661.60
3010181699,507201.56,37100.12,480551.03,1209417.40
3013894052,497086.78,38364.09,463683.91,1211583.30
3017596974,484947.78,37805.86,465022.69,1076599.40
3021308332,480198.88,39187.61,461508.84,1050439.30
3025030155,476121.03,41715.42,458415.72,987923.38
3028744284,462122.88,42358.97,452111.03,942431.50
3032463205,463168.75,41910.98,443312.59,928666.44
3036180545,457471.84,42257.95,449397.34,909703.56
3039843912,449687.88,43021.28,462543.50,825465.25
3043557416,449256.06,41130.29,466753.41,885791.88
3047260699,443710.19,40792.29,462403.88,884763.94
3050973797,440142.91,37988.32,465957.63,942973.81
3054677186,433149.31,33380.34,479004.66,1010663.90
3058389271,449483.25,29234.98,495368.09,1119774.80
3062092655,486455.19,28783.92,595266.94,1132037.50
3065803912,525759.63,27836.83,616304.06,1275436.10
3069515314,550350.88,29101.74,595438.19,1475066.00
3073227053,560391.56,29975.07,595194.94,1470646.30
3076929383,559632.50,31873.97,588575.81,1341132.80
3080631616,554841.06,33457.99,584359.94,1260175.10
3084343154,548644.94,35955.59,593960.38,1306212.90
3088045754,536095.00,36729.43,592154.00,1170953.90
3091748121,520963.31,39294.30,570732.13,1113181.10
3095450182,509216.13,40364.48,546026.75,1080392.90
3099153462,502726.34,42382.22,522667.13,1094210.60
3102855688,490328.88,42595.83,532051.50,1328029.10
3106567859,489455.19,40275.38,527856.44,1305843.30
3110279201,480190.38,44832.61,509418.16,1311859.80
3113941078,472048.84,44094.06,492356.88,1303992.30
3117603673,466933.75,46904.99,477631.53,1328787.50
3121265725,464011.53,47605.07,478921.56,1311415.10
3124928257,460492.38,48855.70,475893.97,1077713.00
3128590014,452145.94,46446.49,488591.31,1057911.40
3132252562,450355.28,46128.44,496702.63,1031396.20
3135935613,447003.59,46256.84,494351.50,1003696.40
3139648083,442911.00,38372.46,499803.66,1075920.50
3143360548,452992.38,34645.72,515928.47,1219995.00
3147064208,480862.97,30347.06,585584.44,1667414.50
3150767975,514007.38,29772.79,629362.00,1733458.50
3154471603,544546.44,28020.00,604938.56,1684100.50
3158175245,571827.31,29484.35,608546.00,1694619.30
3161887503,583692.06,31233.96,581960.38,1661827.30
3165589746,574597.31,33540.72,592005.75,1602916.90
3169292409,560728.63,36740.88,577289.63,1529115.30
3173004623,543250.13,38766.29,581448.19,1381449.10
3176666426,530273.94,38832.14,568472.19,1384902.30
3180328552,520138.72,41394.89,572793.63,1406130.30
3183989501,513014.16,43439.89,540562.31,1365060.10
3187652428,501739.13,45726.94,546725.88,1325818.40
3191314212,487463.19,48169.90,517019.66,1353897.80
3194976315,484355.19,47890.08,501631.50,1370345.40
3198637996,476214.38,46169.86,494962.94,1363396.50
3202300516,468799.34,50939.88,488086.44,1370362.10
3205962327,467042.78,50040.95,485512.94,1349922.50
3209624727,459556.00,51120.68,504245.81,1367313.00
3213285660,454645.31,52569.70,504987.09,1390299.90
3216945598,449033.25,49256.48,497123.84,1433799.40
3220606199,452949.28,50001.29,494616.81,1446781.30
3224268890,448101.50,45295.00,522838.97,1116269.30
3227930548,449286.88,38112.47,525920.75,1385019.10
3231634056,475974.44,33113.74,570813.88,1693765.40
3235337415,511000.41,32524.83,621238.88,1664663.50
3239049780,548198.75,30775.93,591410.38,1736186.10
3242753387,568289.88,31564.64,604361.13,1751891.90
3246457345,580110.56,31631.68,583208.06,1710784.90
3250160904,582687.75,35660.43,587442.38,1700946.30
3253864428,564973.81,38061.37,585378.63,1635007.90
3257566905,553654.31,40211.53,570095.06,1630667.00
3261230244,538780.94,41475.84,578131.69,1557650.50
3264892684,530175.88,43374.39,594565.06,1434936.90
3268631176,525600.94,45503.42,565195.81,1400660.90
3272291826,505616.34,47117.30,562770.88,1429370.00
3275953620,496111.38,46521.91,534080.94,1474232.60
3279615431,491439.78,49698.11,527588.19,1393319.30
3283276884,486571.44,51805.07,507077.66,1399662.50
3286939329,475083.88,52447.43,490649.19,1401287.40
3290601530,466902.34,52708.13,497523.69,1394694.10
3294264169,459062.34,52364.82,498413.28,1413591.60
3297924827,456423.72,53933.50,490976.22,1456109.10
3301583935,451394.66,52256.48,496015.41,1473471.40
3305245828,450582.69,52555.77,490941.50,1520143.40
3308908331,445240.19,47521.04,514595.09,1365081.80
3312568922,443010.25,43716.17,524427.00,1241115.10
3316272732,463358.53,38574.04,547505.13,1659503.30
3319976210,493531.63,36101.11,634541.44,1645747.00
3323679644,526860.88,35578.53,629048.75,1686672.50
3327381576,558784.06,31738.84,598648.94,1754403.50
3331084549,585890.94,32385.57,595023.81,1719310.10
3334796516,586445.38,36204.02,577095.69,1714029.60
3338508480,575470.25,38658.66,579178.81,1664246.10
3342210243,556679.00,44388.63,567824.88,1672003.60
3345873846,538674.75,42945.39,569074.44,1609252.50
3349535722,538437.19,47367.97,582780.50,1523089.40
3353196444,519200.38,45464.36,551234.81,1489465.80
3356859058,502625.09,47186.46,539718.50,1543596.80
3360520866,495583.84,49911.60,509107.41,1513138.90
3364183060,488766.22,51601.48,494377.56,1425838.00
3367844854,471127.00,49474.11,480469.97,1468645.40
3371507197,472101.59,51430.13,481196.34,1474196.30
3375168973,466020.53,55359.04,490374.31,1470275.80
3378832061,461078.44,56862.10,504607.53,1498060.50
3382492580,455150.31,57663.44,493257.94,1479646.80
3386151669,451197.69,58873.23,503584.81,1154199.90
3389813498,443413.84,56039.29,501073.63,1148229.30
3393477323,442005.22,55597.66,501934.69,1154059.30
3397141169,439922.78,52878.90,522330.66,1126321.90
3400803529,444587.53,43369.20,523657.28,1429282.90
3404515945,472637.97,40702.13,594669.19,1723709.60
3408219497,514228.53,34118.30,655884.00,1714520.40
3411923039,550653.25,35045.91,620626.56,1746328.50
3415635227,588430.56,33930.77,611189.56,1678815.60
3419347695,599301.94,36007.52,606180.31,1729108.40
3423059263,591267.19,36434.98,592262.81,1718426.30
3426761664,576109.31,40796.54,588762.75,1704784.40
3430425858,549955.19,42735.91,580738.88,1673103.10
3434088563,540643.25,44944.73,586273.69,1633069.80
3437752424,525480.75,48129.54,587110.75,1606220.10
3441415073,515136.22,51207.43,582387.50,1482250.90
3445076536,505227.72,48243.30,561555.44,1362368.80
3448739152,497917.03,53286.06,550946.31,1463653.50
3452399796,490129.78,53050.73,537040.69,1518042.00
3456062777,482578.09,57118.55,524374.94,1510333.40
3459724516,474061.03,56203.57,524585.50,1526298.80
3463386954,465714.84,54237.05,523872.31,1546414.50
3467048702,461771.06,55086.18,512254.00,1499124.50
3470710824,466902.34,56880.51,502640.44,1513461.00
3474372250,459203.50,57310.33,507781.75,1549919.10
3478034429,461987.53,56681.42,512735.38,1519347.00
3481696273,459054.22,55633.19,532687.63,1564906.60
3485358574,462447.66,53005.77,532912.06,961932.56
3489019191,464364.63,55612.65,536232.94,820237.69
3492682183,465493.22,54447.12,540735.81,860328.63
3496343869,468039.09,55067.89,533998.31,833112.56
3500006105,465399.03,55018.20,529106.38,967111.63
3503666838,467860.66,53824.81,542248.06,1176315.90
3507329267,471664.69,53681.77,547540.06,1223153.40
3510990684,469819.16,54571.98,568335.44,1222036.90
3514652995,468106.25,53949.67,577474.06,1104871.80
3518314807,465413.69,53909.79,571692.31,956537.75
3521976893,468398.09,56043.65,568289.88,958987.56
3525638334,468043.34,56043.65,560807.00,998654.69
3529300847,454105.63,58100.46,557976.81,1028342.60
3532962665,459203.50,56344.01,551694.50,1025915.90
3536625483,456570.41,59292.66,563480.69,1028085.30
3540285965,455100.88,61107.06,547710.50,1079525.80
3543945226,449280.63,62213.24,528511.81,1063409.00
3547606789,450765.16,65958.75,535359.38,1104767.80
3551269466,442027.50,63060.13,520659.06,881642.38
3554931360,450144.38,62384.84,515720.28,878537.94
3558593865,448953.47,65375.51,521247.50,864679.44
3562255626,440854.06,63529.01,501170.28,887798.75
3565917871,443738.53,60890.03,526642.75,898791.56
3569579699,447276.91,57567.02,534037.25,911879.69
3573241881,445386.63,52605.22,543052.94,878613.94
3576954391,465570.66,46787.21,556027.31,867724.38
3580658189,485317.41,44061.37,637619.56,903353.56
3584361856,502092.94,43404.95,625796.69,935579.31
3588065540,532035.44,42876.95,632995.13,947722.44
3591769177,545123.44,43535.72,622791.38,915049.50
3595481136,543770.25,49463.37,623844.94,924108.19
3599215253,541654.81,49025.17,619876.25,953463.50
3602954710,535917.88,52633.07,615672.69,952375.31
3606616619,529111.00,54211.20,623037.94,965029.81
3610278816,517933.09,54700.26,614843.19,957050.56
3613940601,510753.53,57073.23,607066.19,980381.00
3617604038,506573.13,60279.64,583958.63,993797.06
3621267757,502209.44,59564.58,569355.06,1002088.80
3624930514,496877.06,60132.59,552922.81,1035621.20
3628592320,488155.47,62128.03,566842.88,1035459.10
3632254496,479731.66,62601.52,547892.69,1019994.80
3635916381,471394.78,63287.90,559876.63,994597.94
3639579026,470556.03,63660.48,535439.63,1005016.30
3643240659,466979.78,65910.36,545046.50,967005.63
3646902881,465675.09,64575.47,520701.78,991673.94
3650564811,468603.91,63953.16,525936.69,987842.44
3654227590,459446.13,59451.52,533218.94,982987.63
3657888912,453601.22,55594.36,552648.00,956395.56
3661592507,474774.56,46341.58,547589.19,937892.25
3665295882,505251.91,42288.51,633393.13,925621.75
3669007834,539304.94,39632.30,641586.81,989736.94
3672719847,574568.13,40053.27,641521.19,1045562.90
3676431794,596762.19,41203.82,627799.56,1046148.10
3680144113,592280.06,45366.87,622847.69,1015838.40
3683847168,590507.19,47688.04,606653.38,998236.88
3687558549,564119.75,50467.22,622367.44,1008299.30
3691239905,554322.75,51742.99,615026.31,1013232.20
3694901657,541696.56,52739.41,598529.31,976345.19
3698563859,529074.50,56010.14,613877.44,995624.94
3702225181,522258.44,57139.21,599234.56,1006797.90
3705887833,516006.81,58686.53,576300.75,1044320.00
3709549253,505198.94,60798.33,545949.81,1152100.10
3713211541,502501.88,61187.67,555036.75,1234084.10
3716873669,495061.00,60968.51,550051.13,1241164.30
3720536419,486446.72,61896.36,554659.69,1265210.60
3724197220,486369.06,64920.43,543122.44,1225477.40
3727859633,480356.78,63434.71,542936.81,1235912.00
3731521818,479740.13,65669.25,533487.06,1243053.00
3735184002,473180.97,64184.71,531594.06,1263614.90
3738845938,472405.59,62972.56,554122.75,1313807.80
3742508331,473616.59,60571.62,549744.38,1043691.00
3746168919,478885.34,51270.57,557418.56,1029944.60
3749881291,502614.13,44915.10,561571.94,1054071.50
3753585090,545004.69,42385.29,658377.94,1168968.60
3757288901,572251.31,41093.59,648534.50,1277398.80
3761000850,600048.06,41316.17,629180.69,1587101.90
3764712942,606852.19,44001.18,620296.13,1523482.10
3768434018,596098.75,48126.23,623991.63,1470855.40
3772137641,589213.25,49433.63,614116.31,1452605.00
3775839746,567666.88,53211.00,615138.19,1416430.10
3779503051,553388.56,54552.62,612109.06,1346721.10
3783170532,538220.38,55664.46,594458.38,1365416.00
3786834536,531861.75,59629.84,601127.19,1447285.30
3790497062,532074.38,61805.72,571757.44,1435081.80
3794158904,516011.19,65221.50,572528.31,1470598.60
3797821126,517266.44,65081.88,550728.31,1434060.30
3801482805,504737.72,66569.02,538178.81,1438349.90
3805144972,493996.84,66084.20,545081.44,1442368.00
3808806817,486575.81,63949.98,539328.19,1343948.00
3812469341,485184.28,66369.57,539258.81,1432999.00
3816130609,487422.34,64110.13,541453.31,1437069.50
3819793446,484205.09,65670.31,533966.19,1452045.60
3823455051,483842.53,66753.13,527508.56,1431921.00
3827117904,485347.63,64718.27,545898.69,1261310.60
3830781694,487329.59,60328.62,560147.00,1103637.60
3834493649,502783.47,52840.31,553327.31,1120487.10
3838197285,530748.69,52816.71,642941.63,1246450.90
3841900838,502110.53,54042.20,652922.94,926767.31
3845604383,543148.06,56683.66,639738.44,1218048.60
3849308043,486420.75,9465.10,638805.38,903817.50
3852969989,448937.06,15251.72,604235.44,858140.69
3856632419,435148.06,15702.90,594614.69,917848.63
3860294340,417142.88,16257.46,587675.69,899859.44
3863956998,405520.91,18286.06,589447.13,927616.44
3867617596,389483.66,19864.65,590186.56,990925.75
3871280414,376397.91,20602.26,578926.06,945796.56
3874942245,373131.66,21491.40,575228.31,916351.13
3878604527,365128.22,22275.04,567443.94,964188.69
3882265752,347426.22,21018.86,569734.63,988081.88
3885927982,349644.72,22487.47,552993.56,1038578.90
3889589908,344293.34,22397.42,528104.56,1020545.40
3893252474,335384.47,23219.88,513951.56,1062593.40
3896931737,324758.06,22357.89,514601.84,1065204.80
3900591927,326078.81,21080.47,522703.34,1071647.90
3904257126,326912.13,23195.57,526926.63,1063737.90
3907934651,316907.81,21829.99,534801.31,1096791.60
3911596320,308511.34,24226.45,528812.38,1143984.90
3915258769,311832.81,22168.82,527249.38,1127472.40
3918919468,298890.22,20979.56,530025.13,1330828.30
3922631360,301709.56,19975.36,551387.19,1068391.80
3926334897,311764.25,20727.36,615229.81,977785.44
3930038710,311953.31,20654.66,627763.31,956384.31
3933742213,331874.50,21874.49,620109.19,974502.81
3937454205,339939.34,21656.16,610579.81,969011.81
3941175095,346818.91,23878.18,621797.94,1040095.70
3944838060,332328.41,24392.03,616490.19,1123358.30
3948500362,336297.44,25780.74,610106.75,1168853.40
3952164246,327025.31,25837.86,593851.31,1166729.60
3955826854,323334.44,26803.71,586879.81,1089972.90
3959488694,317485.03,27289.82,556652.88,1029106.90
3963151144,323036.56,27592.42,535393.88,1031686.50
3966812935,316675.19,29348.87,546133.88,991828.56
3970475495,313907.94,27159.06,526699.44,984418.38
3974139971,315544.94,28797.14,512614.91,940976.25
3977802746,315356.47,32073.89,512895.91,930427.25
3981464687,316881.00,30752.21,496612.94,868160.56
3985126880,310919.84,31637.81,522800.50,814821.06
3988789130,313365.88,29173.50,507755.06,804587.44
3992451493,301948.41,32021.25,513643.41,811476.00
3996113300,299270.84,30918.03,518680.97,820629.25
3999775834,295203.63,29062.68,507440.66,824434.13
4003436276,278764.88,28880.22,530298.94,884299.19
4007148741,269996.44,25439.67,522411.84,909582.38
4010860652,285024.75,24073.15,562906.50,903824.56
4014564362,298562.25,24754.81,642731.13,856927.38
4018267643,313583.84,24921.57,635214.00,846271.56
4021971396,326275.41,27065.12,630626.56,929804.88
4025683720,330347.59,27469.68,613181.69,971937.81
4029385953,332254.16,27063.11,618621.00,992523.19
4033048613,332214.41,30349.07,624843.38,999135.00
4036710832,331543.34,30876.84,626028.56,996965.13
4040375216,328959.97,32305.08,583968.44,1022083.20
4044037791,328983.91,33389.78,578974.69,1014814.30
4047699570,329559.72,32375.19,559369.19,1034993.40
4051362139,319806.66,34801.15,543568.19,1024428.40
4055023405,320371.03,34005.36,559881.38,1013509.50
4058686049,315240.47,36540.01,516363.00,999791.44
4062347798,314208.41,35466.29,510622.28,1001653.90
4066010124,314582.97,33826.32,518325.97,991991.44
4069671917,319029.63,36726.36,520764.94,1006510.60
4073334382,317356.75,36809.56,531870.69,974788.75
4076996195,315375.00,37006.42,535600.63,940163.13
4080658713,309282.59,35359.37,527049.25,928699.25
4084320758,305362.41,35537.93,528625.81,918999.44
4087982843,294588.97,32666.33,537496.69,928037.88
4091644541,291166.84,31394.58,545928.88,932454.13
4095356813,283359.16,30168.26,572022.38,891332.19
4099068936,295825.31,34032.38,576649.50,929342.69
4102781497,298334.38,31667.79,589752.69,950388.00
4106485199,297901.84,32706.58,609146.69,842739.31
4110151812,304125.94,33255.24,643347.13,895475.56
4113812561,301989.59,34135.88,650068.31,913270.06
4117473974,302090.16,33787.02,650894.56,927834.44
4121136090,303545.78,34271.61,641494.88,936568.44
4124797480,305438.53,35262.83,630263.63,939071.13
4128459674,307117.56,36762.71,644749.75,948089.63
4132121419,303696.13,35016.88,626413.00,940284.19
4135783950,309060.97,36269.52,594577.38,925929.63
4139444687,307626.22,36947.05,595683.88,941466.13
4143107462,312192.78,37070.86,602150.31,933834.56
4146769291,307745.88,37412.63,578036.88,909504.13
4150431783,308952.63,37972.74,566374.19,841748.31
4154093648,305079.19,39084.11,576494.56,849319.81
4157755810,306133.31,38224.23,575172.63,849657.38
4161417935,308866.00,39559.01,568714.38,869286.25
4165080132,307785.78,37945.60,568380.94,879483.13
4168741995,304116.03,38126.05,588656.94,892696.13
4172404154,301368.59,38102.09,573896.50,889296.88
4176065897,290297.06,34712.99,582641.25,931527.69
4179728283,295404.25,34698.59,605003.81,962756.94
4183388882,288974.44,32648.75,606059.63,884885.50
4187100899,292349.38,32709.76,663580.38,918103.81
4190804385,299499.09,33174.75,662881.25,954400.38
4194516524,309285.91,36319.44,651953.44,948961.50
4198220193,313879.38,35198.51,639979.75,963381.94
4201923931,315548.38,37161.49,644275.00,982230.56
4205636203,314033.72,36752.32,645322.63,995441.75
4209296586,327462.09,38682.73,637650.94,1008887.00
4212959539,323879.66,39034.89,626717.44,983075.81
4216620577,321346.53,38625.26,619254.75,996306.63
4220283214,322352.53,40225.10,600165.50,1013148.80
4223944925,322971.88,42708.54,576223.19,976856.88
4227607097,315890.13,42982.34,560709.50,985747.13
4231268916,321664.13,41001.18,563128.13,969409.88
4234931465,311463.19,43513.65,549950.44,895047.25
4238593366,319904.97,42704.29,535157.38,889572.44
4242255603,321946.19,43539.96,515420.28,912215.56
4245917383,326302.78,43042.41,503904.28,920310.00
4249580035,319269.91,43969.43,538986.44,918359.19
4253241987,312978.41,41797.44,527970.25,914823.63
4256904493,307689.38,41160.74,528867.19,893263.31
4260565923,306622.84,41549.37,570599.81,910480.81
4264228325,294745.47,35518.22,582858.75,984622.31
4267948916,299748.69,33958.74,576741.56,979626.31
4271661221,307265.56,33473.45,670382.19,942936.88
4275364601,326898.44,35437.26,670782.38,949630.00
4279067874,339509.75,33206.73,657948.81,975219.63
4282771228,347631.09,36205.08,655581.75,1015191.50
4286483237,352098.06,36272.70,639764.75,1005833.90
4290195217,354446.25,37901.81,637996.38,1028849.60
4293868129,360388.75,39328.76,631872.19,1033908.60
2572018,361415.88,41386.51,621359.38,1016530.00
6234975,357919.38,41452.71,625373.94,1056016.50
9897406,352048.25,42171.79,594567.44,1062372.90
13558182,351730.06,42981.27,574742.31,997620.13
17220559,348778.69,42735.91,571470.88,993645.31
20882332,344064.75,44019.12,563761.88,1041190.90
24544605,334373.88,45136.15,552175.94,1037681.30
28206609,341789.50,43586.35,558066.63,1034281.00
31868817,339432.91,46454.99,562102.31,999181.75
35530229,338562.78,47638.00,563609.44,1002077.20
39192750,334238.97,45881.55,531502.75,1014496.60
42854579,338275.16,45032.53,539235.69,1024268.40
46517319,332257.59,46478.36,551232.50,1011098.60
50178064,326101.09,42380.09,589656.63,1012578.60
53840689,322313.47,40566.88,599389.25,980323.63
57553216,323029.72,37512.71,592841.44,963589.38
61256853,339382.41,36409.96,681888.75,1007018.60
64960572,352701.25,36234.11,671804.25,1018846.50
68672813,372117.78,38095.83,661574.19,1049720.30
72385138,379544.50,38405.86,652901.69,1060423.90
76106229,393928.66,37593.08,633249.94,1084532.30
79809318,395668.69,39300.55,640601.69,1097423.80
24675,400556.38,42083.40,636707.25,1098185.60
3688113,392119.34,40357.16,630543.44,1089422.10
7350644,388785.13,40837.49,633278.63,1087353.40
11011427,388289.56,44175.37,630994.75,1072038.00
14673942,386074.38,43873.36,622626.88,1052941.60
18335254,381434.41,43981.11,627755.63,1067518.00
21997558,378917.00,43918.80,623459.38,1058193.10
25659341,369273.22,46201.61,610693.56,1054661.90
29321607,371908.88,47387.21,606696.19,1062435.00
32983354,365276.91,44249.25,609790.94,1084026.60
36645177,369605.31,46431.74,623713.69,1135471.30
40306982,361821.72,46668.37,630214.31,1152680.40
43969372,363892.81,46173.05,630336.25,1222984.40
47631017,358062.88,47378.71,612732.69,1196893.60
51293803,368002.88,46200.55,629605.31,1175950.00
54957630,361300.44,47227.77,631773.56,1142358.40
58620155,358249.47,41895.16,632820.81,1140012.60
62282073,365676.06,44759.68,671839.81,1120262.60
65944354,363554.34,45604.09,669682.94,1103265.60
69605168,362171.88,45769.31,668210.06,1098947.80
73267520,352861.50,43375.45,668622.88,1129111.60
76972071,358351.91,43374.39,661989.00,1113329.40
80919058,363167.47,44331.74,666769.56,1102565.00
24675,361529.50,46018.21,647739.63,1098814.30
24675,365868.41,49480.48,662271.94,1118422.30
3687580,366151.66,44198.50,663785.63,1109083.60
7349788,364647.88,46649.25,657712.88,1140303.90
11010252,362072.63,46247.16,661878.44,1192303.40
14672834,359978.41,46798.77,652483.44,1219291.10
18334602,361257.25,51921.90,665412.81,1234201.00
21994953,360462.63,52274.66,660723.38,1243102.50
25661623,354903.31,51737.56,646138.94,1233483.40
29323035,355035.50,51800.82,640462.56,1289996.60
32985645,351291.06,51764.35,644198.38,1295749.80
36648480,351915.00,54302.66,624107.38,1311849.40
40309449,351204.06,52778.00,622498.44,1294326.80
43968571,356546.59,54511.67,622521.50,1272384.50
47630401,353313.88,52653.49,609644.25,1264999.60
51292901,350004.53,52832.88,606643.31,1242866.30
54954707,346619.56,53491.41,641883.88,1232966.00
58616794,346894.78,48438.15,641405.50,1214789.50
62278520,346771.22,48200.70,653304.25,1190668.10
65940660,343181.50,47640.12,666853.69,1146393.10
69652976,352984.38,49934.14,685892.00,1116812.50
73356696,358798.94,50869.30,685379.06,1168103.50
77018634,352446.78,49224.50,676493.94,1136872.90
80731073,362368.72,49939.45,671954.19,1139914.40
84444878,367822.66,51158.21,673767.25,1200530.60
88115041,366651.22,51603.73,670107.31,1300738.80
91777212,362289.31,52980.99,664823.19,1337388.10
95439115,364858.06,52179.18,672008.94,1327329.00
99101372,361001.28,55415.09,655194.19,1348345.00
102763153,363393.34,57482.52,641902.25,1144088.30
106425905,345768.09,57685.15,635289.63,966869.56
110087117,352284.88,59920.40,644739.25,1065037.90
113749445,355687.78,55436.69,610225.75,1193832.90
117411282,352603.28,58073.31,598028.69,1207303.40
121073720,350896.88,58726.66,589888.31,1219513.00
124735655,352265.28,59692.86,620570.19,1265085.10
128398195,355471.47,56853.48,625894.50,1245414.00
132059945,354294.47,60129.41,599401.69,1284717.00
135722203,360514.81,60725.28,606547.63,1280560.80
139383949,352742.19,61553.40,586602.50,1287418.00
143046155,353363.78,60026.02,591800.56,1316315.40
146708067,345613.00,57828.19,611559.31,1307515.40
150370296,338480.75,55542.55,627207.94,1137873.60
154088067,338993.31,54109.94,635015.81,1111749.40
157791928,350359.19,53243.11,662414.69,1091118.50
161495544,355494.72,53587.13,708717.13,1121371.40
165207946,364481.25,60670.87,704473.81,1138848.80
168911543,364483.00,59067.84,697176.81,1150049.80
172574959,366538.53,57145.70,705608.63,1145406.80
176244048,369176.56,60096.72,705736.13,1143674.90
179906036,369254.91,61451.91,687838.19,1185464.40
183568856,369189.31,62214.30,685939.06,1280449.00
187230239,367314.84,62103.95,658396.81,1313037.60
190892585,365853.91,63261.59,646707.31,1325691.10
194554262,361886.63,64535.93,624915.44,1356015.30
198216501,361100.41,66913.04,648248.25,1347255.00
201878407,357923.03,68471.69,615573.44,1349079.40
205540850,359604.19,69977.23,623621.25,1367143.10
209202726,354515.88,63476.38,618646.38,1383750.30
212865096,356720.31,63968.63,608884.13,1399527.30
216526510,355562.56,67560.84,616518.44,1391604.00
220189258,355673.50,65389.79,616253.38,1411106.60
223851122,357573.22,63170.71,612943.19,1412445.40
227513859,354537.34,67328.93,620959.50,1399617.10
231175346,351379.91,66035.81,619894.31,1387333.00
234837703,351518.47,69493.72,657214.31,1364693.00
238499476,340376.00,62981.29,668237.06,1206821.90
242212440,350013.28,61731.38,684935.69,1185506.40
245924670,354169.59,63178.38,698797.06,1226563.60
249587684,355644.94,63481.80,708178.81,1267679.10
253250241,359886.59,65212.76,722000.75,1421862.50
256912059,361224.78,67856.94,725553.31,1441404.50
260574556,367183.97,67685.70,721445.25,1353533.80
264235033,361233.75,67387.59,708862.25,1384290.00
267897951,360509.50,69275.27,692867.75,1387433.80
271559746,361731.56,74587.70,663512.88,1402609.40
275222370,359992.81,71466.97,664928.81,1386301.00
278884316,356682.66,71818.54,650134.69,1398304.40
282546465,355648.38,73741.27,648200.63,1391239.90
286208319,355609.19,74016.14,645734.63,1398084.60
289870948,355839.78,74951.54,655573.81,1398896.10
293532785,349595.03,73746.82,612385.31,1406096.30
297195024,352085.66,74153.74,602247.88,1425912.80
300856899,357962.44,72882.82,627365.50,1412365.10
304519871,354639.09,74473.69,612050.63,1417459.50
308181808,349506.41,72659.77,620027.31,1396734.00
311844228,354903.31,72377.70,617785.81,1400401.00
315505739,344161.50,72524.75,653955.13,1425451.60
319168340,343725.78,74254.41,660691.19,1347567.80
322830381,340849.84,75679.95,676507.63,1365196.80
326492641,339134.56,71618.27,672658.25,1294224.00
330158124,345134.09,69952.69,681778.25,1280194.10
333820270,341328.97,72264.05,677940.25,1289376.10
337482089,340727.34,69836.32,682302.88,1295032.90
341144295,342271.34,71562.56,696575.38,1282588.50
344806267,344562.31,71814.17,720358.56,1279146.40
348468305,345026.81,69621.06,724101.56,1323010.30
352130122,344963.44,69957.17,732922.44,1332605.80
355792626,345032.13,71538.13,710625.31,1339545.90
359454052,348456.63,69890.61,722148.44,1342013.30
363116903,347454.44,70877.59,716956.94,1337944.60
366778331,351165.00,73970.34,691613.13,1352563.90
370440820,352318.50,72759.02,675830.56,1349436.00
374102723,350250.84,73061.38,666883.44,1365838.00
377765708,351047.69,74039.74,656373.50,1372173.30
381427525,353401.09,77334.19,644256.44,1370824.30
385089908,353727.41,76160.16,632171.06,1403661.40
388751777,354449.78,77443.48,618861.06,1392108.40
392414611,353937.72,75930.14,613628.44,1351951.60
396076552,356360.38,73982.73,615046.63,1348345.00
399739055,345613.00,73094.77,630118.50,1370559.90
403400868,343945.31,74014.02,667585.75,1273507.00
407063592,330921.16,69073.81,679989.13,1162228.90
410766871,330876.19,60237.16,698110.44,1140111.50
414470735,346251.00,58260.96,786100.75,1127684.50
418182821,366148.00,58421.58,758953.63,1179834.00
421886364,362840.22,59266.58,722545.06,1248229.90
425589834,375232.03,59548.29,708574.44,1286982.50
429293206,378798.63,62147.62,699619.75,1312085.00
432983161,385366.03,65759.42,686346.81,1419338.10
436646528,391060.13,65301.75,713823.94,1425163.90
440310267,392804.31,70054.77,707105.94,1411676.40
443972917,384029.97,68413.03,690940.44,1399036.50
447634889,382802.59,70498.75,684058.13,1400937.50
451296983,388400.38,74245.45,658675.81,1399667.90
454958752,387196.97,75100.59,630165.00,1398845.10
458621573,386315.50,75163.27,617931.31,1363724.60
462283157,380191.22,75670.98,588706.13,1378111.10
465945987,374398.69,76817.04,590391.19,1393975.50
469607778,378182.81,75436.71,595458.00,1386858.80
473270018,379777.94,80441.11,581460.25,1399104.30
476932040,384882.41,79433.95,558428.81,1376031.00
480594963,374635.91,78614.80,550913.50,1395070.30
484256813,374231.47,78485.09,572810.63,1426356.80
487920294,374452.03,78688.09,621977.44,1368487.80
491585079,362831.13,70675.42,646662.50,1199105.50
495247373,353345.97,61578.54,641839.13,1152050.40
498950654,367582.25,60274.21,688833.94,1321168.00
502654365,386098.56,56122.49,757471.75,1563122.40
506358048,393796.25,54715.25,733596.88,1603042.90
510061859,406881.75,55837.24,726367.31,1620440.50
513765560,416667.97,61443.18,704286.63,1634905.60
517477911,422557.75,61882.08,702457.56,1601908.50
521476132,431553.38,66040.18,695971.75,1536625.50
525138077,427216.72,67158.04,694289.50,1550824.10
528800481,422090.88,70511.02,693544.69,1517210.30
532461894,420372.19,67482.47,686996.50,1516279.30
536124512,416302.72,71853.12,689496.56,1529021.10
539786143,417921.44,76554.22,698690.25,1499987.30
543448329,409137.78,73301.30,696218.75,1450092.10
547110222,401643.56,77620.03,661662.81,1470903.40
550773230,400770.22,76590.21,632352.88,1501205.90
554433649,398170.06,79053.59,645449.38,1497290.50
558096710,399093.44,75799.97,637415.63,1508303.90
561758481,399106.91,74882.15,638852.44,1518520.40
565421057,397293.56,76465.47,662239.69,1500568.90
569082914,389532.53,77419.75,678866.56,1506376.80
572745248,390205.44,70438.91,702717.81,1520684.60
576406658,390728.75,71090.96,693066.25,1525967.30
580069061,384123.09,67116.02,742418.31,1566602.80
583772669,386633.44,65613.08,745095.56,1610460.10
587485036,403986.09,63080.90,739279.69,1541349.00
591188772,412645.00,60407.10,728601.13,1593307.00
594892703,416300.81,61323.04,714888.13,1608765.40
598604650,426101.09,62400.29,712895.88,1623545.90
602308232,423726.94,63118.07,698284.88,1627619.00
606011816,429413.59,65357.92,716496.81,1573065.90
609741264,430125.94,67768.54,710888.13,1584481.40
613406412,425109.75,67086.16,692057.19,1560897.40
617068886,428689.78,70419.91,702010.75,1556317.80
620730312,421858.59,68464.96,704547.44,1562131.50
624392410,429067.44,71265.63,717359.88,1578103.30
628054071,422944.00,71666.18,702010.75,1581128.30
631721253,432136.13,71113.27,717725.38,1474148.50
635384858,423024.72,73946.86,681866.69,1479339.60
639047678,418812.69,75937.81,704802.56,1499044.80
642708409,416359.34,74710.91,711119.38,1478815.60
646371417,412046.91,73168.42,711019.50,1476140.90
650033197,412258.50,72977.59,711073.81,1486307.10
653695654,416834.03,74570.94,716640.56,1495429.00
657357480,408733.69,74845.21,721092.50,1471692.90
661019331,404398.91,71777.47,715180.94,1475114.10
664680698,405105.72,73591.51,702253.88,1480230.90
668342851,406124.91,72687.62,727910.25,1470198.00
672005910,405947.88,72818.02,729155.56,1471620.90
675666774,402382.13,73041.20,730247.81,1457084.90
679327243,411296.06,72747.80,727916.25,1464961.90
683031174,404339.31,69888.48,720422.06,1506696.50
686692214,417788.44,70869.91,716654.81,1500048.90
690354893,423196.34,71610.48,707325.00,1509574.50
694015722,418483.44,75371.68,707108.63,1474946.10
697678310,412357.50,76547.48,721555.25,1522702.80
701340210,413103.63,75505.04,720679.19,1461740.90
705002727,400504.81,79984.27,720711.06,1464277.60
708665292,400037.22,82043.20,723692.56,1452139.80
712327334,400197.50,82503.11,721960.31,1461384.50
715987968,406319.41,82265.66,713196.44,1455312.10
719693785,400787.34,81524.98,718785.88,1456115.30
723357799,398621.13,84049.84,700666.31,1472890.50
727020050,396038.44,85597.88,700073.75,1475132.40
730682095,377916.69,83112.20,702805.50,1348555.60
734344778,357318.66,84870.65,710508.25,1203172.80
738006672,398029.28,83991.90,699371.81,1252124.90
741669197,394736.47,83164.48,715930.56,1280168.90
745330807,369762.28,81572.54,717371.31,1030464.80
748993204,394785.69,83809.68,724040.56,1044512.10
752655218,391640.41,83783.48,711954.31,1095734.30
756317949,393414.47,81330.02,731900.06,1155581.00
759979356,392700.34,78950.91,756227.31,1064571.00
763641999,386534.28,77836.23,750995.25,970570.69
767306335,390485.84,77914.95,769115.00,986260.13
770968856,394161.16,76844.06,767298.94,965380.88
774632338,395564.50,78556.02,757740.13,977303.94
778292978,391736.59,78805.39,746463.81,957391.25
781954520,390903.75,79918.65,757806.63,997862.06
785617142,402613.78,78784.98,750863.50,1049732.50
789278948,400892.50,77634.66,749401.50,1100543.10
792941167,401500.28,84446.50,729365.63,1116913.10
796602893,405301.75,84247.05,720817.88,1139488.90
800265324,399244.03,85712.12,683493.88,1141039.10
803927260,393482.44,87255.54,680171.00,1152032.40
807589775,397514.03,87772.70,653474.81,1142448.00
811251703,390295.84,86375.13,647178.44,1153369.80
814914262,392451.31,89653.41,630393.13,1166872.10
818576216,390510.41,89225.48,631449.00,1066932.90
822238934,395744.47,86404.88,632937.81,1074004.60
825900824,395657.25,88685.32,647175.75,1044536.40
829563763,388518.63,88155.78,640441.56,1079788.00
833225345,385550.97,87626.95,639714.94,1087340.60
836887751,385153.03,83239.53,676600.88,1082647.30
840549092,374806.91,81344.65,683870.00,1016084.90
844211562,374944.88,83920.02,694743.25,980898.88
847872347,381293.25,82516.80,698028.88,962357.88
851534915,380106.00,81370.73,723869.44,980212.63
855196860,379411.25,80524.79,752106.38,976864.69
858859598,380959.16,82196.50,749377.44,888258.31
862520119,387950.25,85560.23,753996.31,891985.88
866182529,390325.94,83958.85,740381.81,895865.25
869844431,390004.34,87889.53,733781.63,956623.94
873507357,388785.13,86249.33,705020.94,976032.19
877168717,388878.94,87365.65,685085.31,964614.75
880831475,383830.50,87005.94,678478.88,966185.31
884493350,391210.72,94322.30,687954.94,971413.69
888155926,386354.78,97163.44,660096.75,952837.31
891817784,388924.03,93743.30,659196.63,958822.56
895480526,384727.44,91681.77,645652.75,926810.75
899142389,386004.97,96174.81,618209.50,949763.94
902804099,385250.16,95791.73,608503.06,979840.81
906474486,387537.91,96223.79,603302.50,961349.69
910134327,389132.31,100452.81,613638.69,920029.13
913796050,385218.41,97589.60,621805.69,926350.13
917458348,383634.97,97211.35,609414.38,921752.44
921120167,375905.91,97971.63,605066.63,921117.63
924779354,376099.31,96668.95,590403.56,935161.88
928441185,373606.91,94174.77,599753.63,920072.19
932104096,369384.50,94307.19,633739.25,937154.94
935765810,359616.81,87451.57,651870.81,947118.19
939427985,354955.00,89639.61,659279.94,964452.69
943089398,359751.69,89540.71,675082.81,962655.31
946751799,357664.69,89999.91,679526.88,984761.13
950413669,368079.22,93926.59,699050.69,979929.00
954076065,373348.13,98603.13,710097.19,947522.44
957737925,375237.44,96159.70,680443.75,950931.00
961401134,381763.09,100324.77,681499.75,956466.69
965062952,377623.16,99795.70,656336.13,929488.19
968725282,378772.78,102644.40,653592.19,939104.00
972387174,382884.50,104084.55,642294.06,857665.31
976050447,377676.63,103436.05,616686.50,868382.19
979712198,379311.28,106318.27,615369.88,849540.31
983375388,380927.66,105541.36,617367.31,851386.56
987037271,380256.13,108495.57,624225.63,873271.31
990699940,384175.38,114084.51,618173.81,1036829.00
994361988,383402.00,114221.65,635289.63,1049502.40
998022000,381735.34,114151.90,640187.13,1047278.70
1001683829,377491.94,111260.59,645367.50,1033031.40
1005346292,371822.97,102474.69,649229.50,1067284.00
1009008281,360062.91,102833.10,636150.94,1067472.10
1012671096,343235.91,92441.34,658514.81,1083653.00
1016332964,338880.00,83714.09,689393.44,1071488.30
1020050532,339670.38,85077.18,733414.94,1073950.10
1023753812,345614.78,82140.91,811924.69,1063671.30
1027468738,343804.88,83460.23,819820.38,1060631.40
1031181289,354785.31,88920.77,803341.63,1069346.30
1034842006,355950.59,93235.59,797240.25,1069731.50
1038504161,363550.78,93031.77,798107.94,1090319.10
1042170972,366447.66,97336.22,787313.38,1044446.80
1045833104,360671.53,93665.53,731390.94,1038757.60
1049493920,372740.91,96972.13,735382.13,1025274.20
1053156489,371129.28,97242.87,714256.94,1027836.10
1056818448,371085.38,102732.91,700612.75,1020840.80
1060481411,372973.88,98761.16,698757.88,1029445.40
1064143267,372055.59,108196.52,670384.88,986973.56
1067806424,372733.59,103070.20,664604.19,1009731.30
1071468082,371687.38,102366.34,672232.44,1013006.30
1075130745,378582.19,102283.85,671218.31,1003567.30
1078792723,380359.97,104662.84,645024.31,1006290.60
1082455740,378216.19,107720.43,651761.75,1032514.30
1086117564,378010.97,105087.70,647244.56,1014604.00
1089780348,376215.47,102146.13,640247.31,1020222.10
1093442224,370489.38,102307.45,661630.63,1034139.10
1097104955,366044.63,99848.45,677053.56,1045767.90
1100766820,346279.09,87401.17,714813.50,1050291.50
1104470099,350632.41,81641.70,720225.69,1047619.10
1108181937,360988.66,83495.52,828327.19,1062726.50
1111885214,357621.72,80824.66,818443.63,1039660.40
1115588668,364352.59,85707.51,818333.75,1020501.30
1119249883,367616.97,89283.08,795189.38,1028242.10
1122912263,371184.16,91899.05,802440.25,1036082.90
1126572878,376176.63,92031.94,788290.06,1023715.40
1130235772,378539.81,95169.19,779299.56,1046987.90
1133897625,382493.72,98044.20,745538.50,1063142.40
1137560502,384242.41,101446.88,709817.63,1036496.60
1141222333,383135.75,101618.71,680033.25,1031779.80
1144884995,386996.69,106320.52,662490.38,1002116.40
1148546996,386987.13,104520.87,669639.38,1008251.80
1152209977,387671.03,109789.74,650650.06,1007964.10
1155871406,384026.19,108992.54,634953.44,1006196.00
1159531310,385069.09,108408.47,635255.88,1014405.80
1163192998,394388.34,112346.70,653736.19,1014699.10
1166855790,391054.34,110328.73,664007.13,1008421.60
1170517701,392906.28,112700.76,661827.31,1038839.10
1174180652,390493.41,112189.51,658520.00,1029059.00
1177842455,378062.78,112088.72,647713.19,1017683.50
1181502723,376733.44,104668.74,651298.94,1029852.10
1185163489,354963.97,96692.20,684938.44,1051965.40
1188867018,350900.41,90992.55,727150.31,1066648.90
1192579258,352306.13,86468.96,795683.38,1071030.90
1196291811,358292.53,86013.77,848518.50,1078967.80
1199995429,366129.94,87154.76,829722.13,1079762.50
1203699033,374262.88,93543.85,827025.56,1097880.00
1207363109,380458.19,95069.34,822142.13,1112648.30
1211025537,381527.19,93984.53,812826.06,1121983.60
1214690808,384932.78,99739.40,832364.44,1128154.30
1218353628,389307.09,101578.70,807045.63,1088018.30
1222015739,388220.28,101887.08,790106.13,1094094.50
1225678205,383426.31,105738.22,754449.81,1092530.50
1229339939,390540.50,105561.66,746702.00,1100867.30
1233002511,392573.94,107552.73,726760.06,1096215.50
1236664339,388299.00,110509.18,726073.56,1096881.80
1240327424,388719.38,106696.98,669750.75,1105925.50
1243989338,382860.28,108131.02,687254.88,1109514.40
1247652227,394473.44,111170.90,686163.81,1098009.10
1251314259,395418.50,110673.10,673860.00,1095600.90
1254976811,395968.22,110670.63,677108.31,1080223.60
1258638822,394577.63,112147.61,648415.25,1067400.60
1262301716,387389.78,109540.26,655199.38,1071794.40
1265963641,385033.59,108234.63,688413.88,1068919.30
1269626861,377504.91,101874.09,723576.56,1107001.50
1273291848,366051.81,95222.77,741168.63,1081371.30
1276995611,364102.75,87974.50,752076.25,1116396.00
1280699200,374075.34,87130.68,858248.56,1168204.80
1284402779,374611.97,87065.41,829715.56,1210535.40
1288105537,386508.22,89952.83,821623.44,1232756.10
1291767564,395147.53,94229.41,832000.56,1238331.40
1295429709,390416.22,92741.10,826673.38,1232380.90
1299091096,393076.22,92469.07,818052.94,1224334.00
1302753843,395393.84,97790.47,818608.44,1212171.90
1306415705,393945.53,102868.51,781564.88,1139117.10
1310078260,400678.53,104369.45,744358.56,1142439.00
1313740164,399423.06,107280.34,742640.69,1136497.40
1317402943,403894.16,109226.33,710151.38,1126799.60
1321064946,401299.41,111735.02,704717.50,1153097.40
1324728162,403606.31,115280.97,702265.25,1173442.10
1328394563,399995.22,118353.31,693914.19,1209001.50
1332056737,404973.06,117015.82,668902.56,1219252.90
1335718608,402993.09,116477.66,669011.31,1213364.80
1339381502,404323.97,116163.38,663704.63,1178797.50
1343043537,403790.41,120621.25,659715.06,1165214.80
1346703470,397799.16,112764.37,658335.00,1174903.60
1350364850,398983.09,110364.49,650325.88,1178486.60
1354027639,396997.09,112902.57,682998.94,1189912.60
1357689666,379644.69,102796.64,729643.06,1149534.80
1361393107,367411.38,90182.02,740591.69,1175621.00
1365096532,374297.69,86580.02,823345.94,1218187.90
1368800258,377124.53,85025.84,867015.81,1286895.60
1372503777,380328.47,88375.05,847181.25,1298053.00
1376207591,390847.22,92410.06,820053.25,1319039.00
1379913125,394117.72,93062.93,826481.06,1311603.50
1383574940,402248.03,94453.41,816369.69,1334135.50
1387237262,400052.44,100610.13,828624.25,1374285.30
1390899113,400140.25,100947.30,814216.69,1508908.40
1394561752,406475.31,106290.89,792480.88,1500691.60
1398223832,404533.22,104370.63,753320.88,1457161.60
1401886700,409971.22,110384.79,706451.88,1448558.90
1405548130,408536.81,110663.55,726646.50,1373082.60
1409210884,408403.47,110719.60,728819.94,1322001.50
1412873012,409481.78,114097.61,710731.06,1341079.50
1416535944,404084.16,113081.48,708554.63,1286532.10
1420197939,403577.75,113410.87,697764.31,1338822.50
1423860816,406714.16,113630.73,686571.75,1351074.80
1427522793,409541.75,116564.64,685107.50,1351313.00
1431185575,405286.28,120145.28,657214.31,1363740.90
1434847607,403102.25,110486.52,662832.88,1388952.40
1438508300,394738.50,111555.40,684204.94,1447619.50
1442170129,384322.66,103427.79,734486.19,1281227.50
1445832431,377791.09,96032.72,737023.88,1255639.30
1449536175,373462.00,97471.70,762445.75,1308010.40
1453239805,383772.69,93491.69,862654.00,1393981.10
1456952240,393567.41,94849.48,857250.69,1570707.10
1460655927,395236.66,102944.04,843515.88,1597987.30
1464317992,400947.84,92518.88,842265.25,1620252.00
1467980339,402127.56,98765.88,830179.94,1630985.90
1471642178,404736.91,97596.68,841377.31,1587744.40
1475304468,407099.63,100040.82,827628.75,1569128.50
1478966349,407598.81,101078.90,848825.81,1508507.40
1482628838,412045.00,102252.11,831201.25,1477684.90
1486290616,408554.19,103993.57,842059.75,1478827.80
1489952953,412782.97,105380.27,835070.69,1472836.50
1493614862,408090.84,101837.63,836146.63,1434217.30
1497277765,410424.28,104550.49,830710.06,1461894.90
1500939390,392123.13,101877.64,843141.06,1411254.40
1504601684,386126.53,104592.98,839045.75,1427920.50
1508263645,387322.53,105035.54,847054.63,1432477.10
1511926312,389720.53,101663.44,845060.75,1453724.80
1515588502,369703.84,103842.27,844881.13,1450597.80
1519250676,385590.16,104302.06,852508.88,1451633.50
1522912653,408445.94,102496.05,845855.56,1421511.80
1526575275,404825.19,104592.98,860152.88,1325124.90
1530237290,396431.22,94337.28,849199.56,1320899.00
1533899821,404823.28,99165.13,855446.50,1305947.40
1537561460,401353.00,91416.12,862450.81,1284906.10
1541223303,403654.47,92981.85,862288.19,1296162.40
1544926578,406342.53,93050.30,847144.69,1276713.60
1548630001,411222.53,93363.05,834416.25,1246717.40
1552333279,414076.19,95308.80,830428.63,1249076.30
1555996945,417713.97,100282.52,824158.00,1253366.50
1559659404,416828.25,99352.54,821792.00,1269189.80
1563320045,416343.78,102438.34,841582.63,1265220.60
1566979371,421347.13,102283.85,824626.06,1281498.00
1570646226,420588.38,105149.31,824470.00,1302616.00
1574308373,415912.31,107365.91,834432.81,1316867.30
1577968728,417751.25,104151.95,831060.31,1294682.40
1581628712,413858.22,107078.30,793227.94,1266693.50
1585290570,410664.44,111251.16,795673.94,1290679.80
1588952908,409350.31,111651.23,800595.88,1247004.10
1592614890,406698.81,111506.30,755011.94,1265135.40
1596277906,409031.44,109222.79,754525.00,1115551.00
1599939697,407716.59,110475.78,758557.88,1095386.50
1603602079,404448.72,105172.91,767780.69,1067722.90
1607263928,400835.16,111574.52,779203.69,1052542.30
1610926826,399707.25,106843.09,791678.13,1062855.40
1614588719,400655.63,107890.61,793768.19,1044888.10
1618250938,391568.66,99387.71,828510.00,1115515.80
1621917809,396579.31,106206.74,854962.63,1128752.60
1625579716,401874.88,101318.83,858879.56,1102500.10
1629241044,396195.88,100941.41,829601.31,1114973.10
1632903489,403318.81,99313.95,851818.63,1076304.10
1636563918,402935.63,103085.54,854062.13,1089738.00
1640223705,409862.88,100706.44,833900.56,1102275.30
1643885279,412909.25,102033.06,844020.63,1129173.40
1647547877,406434.81,102448.84,841344.38,1114767.50
1651209256,410087.34,108381.09,844176.75,1139027.90
1654872390,406142.25,106111.74,839458.56,1171359.60
1658533762,404875.22,108600.37,841553.00,1159743.60
1662196555,404804.06,109704.89,822103.19,1209741.90
1665858406,408081.16,106026.30,823569.94,1189297.80
1669521218,406569.72,109909.18,806593.00,1174260.30
1673183072,407398.31,108903.09,798430.00,1196699.80
1676845581,408189.25,110463.74,789011.63,1197299.40
1680507463,408050.34,109322.98,799779.63,1124655.80
1684167346,410182.22,111543.37,780821.50,1101977.10
1687829121,413947.78,109559.38,781695.06,1090190.80
1691492074,415500.66,114151.90,760356.13,1106211.80
1695153622,403324.59,110062.13,769185.31,1106359.30
1698816215,410585.00,108113.20,787815.56,1112692.10
1702478247,405642.09,107406.39,793761.63,1136189.50
1706140781,401922.78,109064.18,820888.19,1144735.90
1709802730,403186.50,106729.09,833201.19,1136587.00
1713465296,398204.31,108410.95,873110.31,1162517.10
1717127217,401687.59,109814.77,869330.63,1158986.30
1720789560,399514.66,108854.23,870604.81,1158617.30
1724451284,404757.91,109417.28,885541.81,1143351.10
1728113547,401205.84,109008.00,855907.19,1128721.30
1731775458,406459.97,117219.16,855295.31,1126958.80
1735438094,405303.63,111823.77,831604.19,1095932.00
1739100042,399890.41,112698.28,819836.44,1095884.80
1742762970,399423.06,114534.74,799981.94,1090340.40
1746424914,399800.72,120594.45,795082.31,1095008.60
1750087715,399551.00,123215.50,791486.94,1094583.80
1753749712,403050.56,120009.09,803068.56,1094613.80
1757412282,395704.69,117496.39,814059.25,1055173.60
1761074619,402280.63,121763.66,801603.13,1095364.80
1764737263,400510.59,117283.25,799634.13,1087736.90
1768399217,404189.66,123310.86,806303.06,1087378.90
1772062225,400692.00,119394.93,805007.31,1081294.80
1775724066,406743.09,121984.58,798881.63,1057306.90
1779386711,406167.28,122511.17,797388.38,1049133.00
1783049017,399512.75,115924.16,801822.06,1063537.90
1786712370,404132.06,119984.78,785926.44,1034948.80
1790373798,390973.38,114193.91,811200.50,1051158.90
1794036081,400638.41,117472.20,813750.63,1040396.60
1797697940,393696.03,119040.17,814959.50,1029944.60
1801360820,389602.03,115099.93,830513.69,1050636.50
1805023491,385861.13,113417.95,844429.06,1046639.80
1808685587,393233.06,115688.72,839313.19,1054277.90
1812347048,394199.03,117225.18,848548.63,1062173.10
1816010563,392885.50,118217.47,842958.50,1056198.30
1819671289,390350.50,118503.78,834350.44,1053114.90
1823330584,391587.56,116977.11,818475.94,1061682.50
1826992602,397892.38,118036.79,825914.56,1048262.90
1830655652,399360.28,120949.10,811533.81,1051450.90
1834317427,388173.44,121398.86,799241.94,1054183.10
1837979880,386193.94,123441.86,802456.19,1051455.10
1841641738,388162.09,124578.95,301483.91,1046017.30
1845301093,373173.81,123863.06,284336.47,1019954.90
1848963159,373102.16,125512.00,283255.09,990437.38
1852625587,70328.93,124628.05,291346.69,975562.94
1856287505,14076.74,122625.88,326434.63,955658.88
1859946657,15106.08,119162.91,462341.47,956563.81
1863608969,18578.38,121851.58,446905.75,949927.00
1867271851,21107.73,119425.38,469996.06,957028.13
1870933292,24403.24,121150.08,480326.94,952088.63
1874597058,27097.69,116644.42,458221.13,955064.81
1878258593,27356.27,120745.52,399095.44,938174.88
1881920801,25439.67,121306.22,492932.22,935304.69
1885587273,25138.37,121840.48,516136.75,959385.25
1889249801,26262.96,115331.48,511990.94,942383.75
1892910496,28364.96,116181.44,526928.88,957271.50
1896573270,28631.21,121257.48,531390.63,955857.06
1900235111,29582.90,122533.01,528393.44,958035.38
1903897623,30072.67,116856.14,535118.19,950057.19
1907559451,31425.62,116517.55,536209.94,967682.69
1911222699,31611.02,120168.41,523908.56,959948.25
1914884546,32349.46,115912.13,534594.88,956766.13
1918547418,33163.30,116931.09,532229.81,966294.94
1922333155,35174.55,121745.36,542781.50,977002.06
1925995819,36981.40,122314.32,536543.50,968670.75
1929657656,36944.93,124216.05,527444.81,979017.44
1933320169,37107.44,120913.58,445832.16,949154.63
1936982228,37150.04,116769.05,480388.75,943704.56
1940641028,37048.08,118086.48,500362.69,954975.31
1944302897,37268.89,120085.56,510791.28,962658.94
1947962155,35934.70,115943.52,522335.03,935886.75
1951623957,37578.45,120411.77,502950.69,938240.88
1955286816,35997.13,119254.02,497372.84,941120.00
1958949245,34189.70,120471.60,493423.06,940192.25
1962611350,34911.14,124103.23,491368.13,918269.13
1966273121,31908.90,118466.13,482950.69,924738.00
1969932366,30481.84,121671.01,479221.94,907571.63
1973594186,29750.25,117180.45,466858.22,915820.19
1977256680,25789.94,114617.83,484331.59,956466.69
1980918576,26836.29,119015.86,482447.56,953650.00
1984580619,26611.82,116819.80,485306.66,954030.94
1988242688,25812.37,117262.71,492784.47,962109.44
1991905187,28232.90,118856.89,480177.41,981808.19
1995567074,29102.69,122547.76,491760.66,978856.69
1999226169,30098.40,118354.49,496935.97,991836.56
2002888056,29285.26,117916.77,477840.06,993183.19
2006550005,29458.74,132822.34,474958.91,981823.63
2010211816,31424.56,129338.94,479637.69,973908.56
2013871007,31389.51,131768.92,480346.16,961278.13
2017533015,31401.90,128143.90,470286.50,974659.19
2021193192,33228.45,131860.84,470865.72,991131.06
2024854953,33445.60,129975.05,483778.09,995274.69
2028517791,33830.46,127971.00,485745.22,979637.63
2032179656,32480.57,129910.73,485764.56,989740.69
2035842088,32511.50,130722.45,479392.47,992973.56
2039504908,32494.97,123765.11,479330.75,1001250.80
2043167219,32960.79,127126.35,489853.03,1023135.20
2046829007,33149.85,128298.15,465051.97,1012036.20
2050488194,30771.80,126781.51,460155.91,979170.63
2054150110,29284.20,120165.94,455078.22,1056078.50
2057812201,27960.63,108394.31,469880.28,1035304.90
2061473830,27442.07,116791.95,523879.16,1064112.60
2065177345,30542.38,117640.48,511757.16,1019217.10
2068838755,31660.47,122365.66,507201.56,1013112.90
2072501327,31834.67,120466.64,504376.00,1026028.50
2076163245,33509.68,120012.63,506944.88,1020972.40
2079825974,32718.97,119524.98,499645.88,1003818.20
2083487502,32536.28,125691.38,509302.75,1009107.70
2087146857,34386.55,127250.86,488736.00,1024316.10
2090808719,34293.32,125550.12,486199.09,1021495.80
2094467898,33285.21,129368.56,479486.28,1021292.00
2098129799,34411.34,125390.32,471447.53,1018408.10
2101789164,35139.38,128792.28,471772.44,1015906.20
2105450865,34242.57,128881.27,467481.00,1004450.50
2109110190,34090.33,127010.46,465081.22,1022991.00
2112772159,33642.10,132471.36,466133.47,1007830.10
2116434830,33089.90,131072.38,476038.28,1017500.60
2120096734,36569.16,130822.89,468452.75,1003390.40
2123756659,33737.34,136616.83,485831.25,1000906.20
2127418219,33242.85,130108.88,483829.56,968360.38
2131080445,34629.08,142474.84,470834.22,962301.50
2134744727,33940.21,137634.25,469234.50,956167.56
2138406251,33347.29,138445.97,480269.34,946562.56
2142067940,33590.41,138910.02,443310.47,926263.19
2145730921,14221.07,138408.09,469947.53,870515.88
2149391616,15882.64,137134.69,466121.06,889774.75
2153050936,17826.62,140205.14,471409.53,881656.19
2156712821,14133.50,140727.48,468402.34,864170.06
2160371841,17161.12,136625.67,472504.97,861431.50
2164033657,13357.54,138408.09,483529.31,860896.75
2167696998,13551.44,138284.88,477104.34,880650.13
2171358659,13641.84,137418.28,472162.72,879976.69
2175021029,13680.67,147943.77,465725.38,873672.56
2178682737,12654.28,142890.39,478989.78,870922.63
2182347634,13429.06,149666.22,476747.34,880183.81
2186010954,13736.38,149682.86,468858.25,878686.19
2189673687,13282.95,144239.08,487139.94,882690.88
2193335079,13544.48,148907.48,478725.53,882670.06
2196997548,14093.61,148642.42,491117.00,883127.50
2200659449,13474.73,148687.16,494508.00,889087.63
2204322283,12944.13,152203.36,502453.50,895981.38
2207984159,13243.18,152115.78,500108.38,890249.50
2211646466,13411.12,147782.78,495603.44,879741.88
2215307905,13266.08,150362.88,494118.66,872452.50
2218970643,11418.87,147258.91,509582.31,898868.88
2222637589,11933.07,144410.56,490190.44,907439.88
2226299061,11919.26,146298.13,499974.66,909546.75
2229960416,12425.91,140415.80,583254.44,950413.94
2233672830,13378.31,142566.08,584979.38,917349.19
2237337136,12834.84,148344.19,567513.56,903559.00
2240999035,14221.07,150622.39,569850.06,1018471.90
2244659741,14866.74,147287.00,560918.63,874708.88
2248322646,16391.53,155834.63,565114.75,753350.75
2251984391,15419.30,153629.95,571374.50,735455.56
2255646684,17722.29,155952.53,545651.69,728035.69
2259308514,17446.60,163331.08,534778.38,725262.75
2262970898,18518.08,165515.45,531916.50,731443.69
2266632793,19672.29,170652.16,530027.63,698546.75
2270295149,18579.33,168141.11,520082.44,689142.75
2273957063,19862.53,166839.38,536428.38,693032.75
2277619483,20391.60,173134.17,522143.25,692470.75
2281281613,21355.09,177781.22,513255.13,717092.19
2284943695,20760.64,178306.64,506288.00,733931.38
2288605497,22654.58,174314.94,511403.09,761182.25
2292268643,21734.99,175322.33,508457.63,762233.63
2295929713,23202.65,176850.30,500283.75,779475.63
2299588850,24073.15,175536.89,507447.28,818640.56
2303250764,23803.13,177131.30,502554.75,902607.06
2306912971,23185.42,176742.80,500790.41,959445.44
2310574715,22740.62,165170.03,517634.41,1222462.00
2314237050,21593.49,156493.52,540203.75,1376959.80
2317898773,21682.36,153139.23,597864.25,1441515.40
2321561649,22751.83,157813.78,582323.88,1418135.00
2325225207,22748.76,152360.56,569504.00,1247636.80
2328888090,24560.68,159550.41,532850.13,1176339.30
2332548764,26568.86,164294.58,514014.09,1090357.40
2336208102,27835.77,162253.81,499188.06,1042274.80
2339869884,28881.29,161130.06,485661.31,985223.00
2343532497,28684.55,163224.75,481234.72,966567.00
2347194345,29194.03,165793.75,474539.34,977697.56
2350857792,30732.74,171566.67,451786.59,956627.56
2354519430,30604.10,180058.59,459209.63,940703.88
2358181963,32079.08,167247.72,443884.75,958425.19
2361843649,31131.05,165454.92,462104.13,956496.69
2365506312,31843.99,168660.50,460490.25,926455.31
2369169496,31154.65,168856.64,454785.28,909892.50
2372831183,32491.79,161178.45,462324.81,878696.44
2376492524,33286.39,160567.83,470240.13,871312.56
2380151799,32437.14,163396.70,496536.69,835583.69
2383813625,33085.77,154564.30,467172.72,840324.81
2387476932,33335.96,158011.45,467871.16,826976.50
2391138352,32920.43,150017.67,474405.88,882753.44
2394800559,31161.97,147247.45,468463.25,1006581.60
2398462654,29427.82,132356.88,481228.22,1467081.90
2402174671,27735.58,132160.50,515962.09,1548506.30
2405878243,27153.99,124056.61,598449.63,1561726.30
2409581616,29799.58,128762.66,600482.50,1495282.40
2413274049,31180.38,127419.63,575530.69,1317056.40
2416936215,33962.99,164318.30,553797.81,1196865.30
2420598126,32435.14,181624.81,533491.56,910181.31
2424260449,35103.98,175516.83,494686.44,902925.38
2427922694,35461.10,185149.86,500514.00,930248.94
2431584998,38382.97,201157.83,514297.81,962828.56
2435246806,34638.40,186973.11,507557.97,982668.63
2438909081,37386.67,191851.59,511705.94,1015675.60
2442570882,37421.01,192902.06,511643.50,958721.44
2446230693,36170.74,199776.67,490170.97,979530.56
2449891788,36875.06,196544.06,478932.31,1013414.40
2453551040,39061.10,262299.94,489606.63,1043005.10
2457212959,37132.34,170669.50,501717.06,1037624.40
2460875551,38341.19,221740.16,507228.13,1046578.10
2464539399,39003.50,192516.73,512715.31,1047828.40
2468201467,37696.23,259731.66,492841.00,624230.69
2471862870,36803.31,277905.59,497567.22,448626.44
2475526183,38649.33,336794.28,476004.31,458235.63
2479213018,36795.99,257086.30,499652.47,707987.88
2482872103,32805.71,255805.34,502735.09,1366501.30
2486575481,31546.12,334479.75,509717.94,1616208.30
2490279153,30453.04,371098.13,598549.25,1620023.50
2493982854,31908.90,317355.09,617704.13,1622029.80
2497695205,35099.85,453339.94,582409.31,1450474.30
2501406554,35131.00,543598.56,570318.56,1385515.30
2505118488,35816.33,487135.69,562604.38,1343829.30
2508823027,37263.70,291043.63,538568.63,1304693.60
2512483519,36979.27,267458.94,505296.06,1289314.30
2516146269,38746.46,315696.47,503750.03,1244708.80
2519808440,37469.04,301912.19,507310.03,1197011.40
2523471025,39963.22,266635.06,499135.56,1173974.00
2527132643,39043.27,259680.67,489232.84,1146830.50
2530795257,39262.91,236392.92,483893.88,1131224.40
2534457178,39007.75,222815.52,470817.22,1139009.90
2538119398,39986.23,295228.03,457279.47,1125053.50
2541781414,40060.58,503071.78,459307.13,1124496.60
2545444065,38530.14,232110.20,466787.03,1106641.40
2549105882,39850.16,162656.38,466219.38,1106463.40
2552768133,39909.76,504949.44,471911.72,1008121.80
2556430700,39580.96,154579.88,464205.91,1083916.40
2560092880,39972.66,245959.64,481735.00,1068596.90
2563755478,36698.16,165796.34,472158.59,1073929.10
2567417444,37575.26,159676.91,492344.03,1327000.00
2571121268,33612.13,143974.84,507458.38,1451380.30
2574825016,35510.90,156607.88,515048.88,1414675.50
2578528710,35969.16,590684.69,510982.59,1440232.10
2582249859,37344.89,614347.50,548570.25,1365717.40
2585913539,39279.66,609760.63,547320.69,1285959.30
2589576043,39236.71,509384.88,540777.31,1199592.90
2593237637,41988.75,565905.44,529170.25,1085680.40
2596899680,40793.47,407512.09,486405.75,777783.13
2600561512,42756.92,452831.97,495736.31,758645.31
2604223948,42542.13,351047.69,474615.59,766159.25
2607885782,41302.48,425262.09,481033.84,812450.56
2611548575,44713.18,488371.22,494044.78,784874.56
2615210234,43523.09,459242.78,491337.94,748431.06
2618872504,45753.38,459977.34,447482.97,674316.88
2622534626,45844.37,415648.91,415114.63,592636.13
2626197307,44409.75,424726.31,412555.66,525197.44
2629859294,45291.70,463181.25,469692.88,729899.88
2633522259,43624.35,454940.00,480420.88,771792.69
2637184090,42437.92,441201.88,481807.69,735011.94
2640846639,44151.06,439509.03,467971.81,711659.75
2644518561,41808.89,434692.84,467747.47,821986.50
2648179245,41221.64,429013.88,465085.47,1079187.30
2651841115,41297.29,426933.22,480903.44,1189401.60
2655503355,37590.96,448232.16,504212.78,1296895.80
2659164118,35250.44,425596.44,531180.56,1516044.00
2662876085,34373.10,536336.44,629245.25,1604179.00
2666596808,35551.38,531818.19,620083.69,1527975.50
2670308587,39560.07,393168.75,573614.06,1319523.60
2673991838,39206.49,126750.70,557014.38,1283583.40
2677654420,39166.60,171068.64,544149.06,1263936.10
2681315045,41287.73,156803.78,513752.94,1254783.40
2684975041,41843.71,237763.58,502233.63,1203087.40
2688635594,43948.30,507287.72,498997.59,1204698.80
2692294729,44009.68,341603.97,496870.56,1185394.30
2695956588,44774.54,481320.16,493512.16,1134066.90
2699619140,45579.66,485478.59,501791.88,1102033.30
2703281015,44034.93,473792.19,499527.50,1115270.80
2706943408,44077.18,457105.75,459348.53,1113866.90
2710605299,45145.71,471664.69,467512.38,1089494.90
2714268175,45015.65,394295.47,460270.03,1088009.80
2717929615,45844.37,457937.53,464736.38,1094009.00
2721592243,44569.43,458233.63,467751.59,1103992.40
2725254429,44980.60,457209.25,470589.78,1121582.80
2728916419,43562.15,472460.50,466529.28,1109745.00
2732578329,43117.23,465850.94,465938.84,1171013.90
2736240934,44133.12,460290.91,462212.47,1210616.90
2739913560,40725.14,361511.47,456824.63,1290207.30
2743576328,38894.81,290110.94,467971.81,1353463.50
2747279760,38930.45,549000.44,496901.13,1511975.90
2750983342,38797.68,547481.75,508446.41,1565847.90
2754686731,40237.61,433065.41,574179.13,1441579.60
2758390336,42416.91,523795.50,543064.50,1359018.80
2762053606,44474.31,512672.84,530892.56,1326332.50
2765716262,44012.74,484730.97,517847.66,1336495.40
2769383085,47971.87,484580.63,502293.09,1312744.30
2773044895,47226.71,450078.88,494991.28,1310542.30
2776705711,47480.68,442834.03,494497.25,1280540.60
2780368992,48397.55,284318.88,493240.47,1266597.40
2784030850,48527.61,455577.31,494605.94,1329387.80
2787694208,47708.10,454793.56,472270.47,1359274.60
2791355286,47651.80,427308.06,464020.00,1318681.30
2795018038,47582.76,423074.06,462406.00,1326894.00
2798680300,46984.65,422658.28,462743.41,1349409.10
2802343056,47410.58,429393.53,464784.41,1336768.00
2806004941,47812.43,415042.28,471903.22,1340966.90
2809667859,47423.32,399196.47,469535.31,1334407.80
2813329685,47297.99,397825.81,478704.31,1304018.50
2816992600,47300.00,411474.63,477784.72,1252681.00
2820654534,45943.03,419545.94,464870.09,1249517.00
2824323808,44593.74,425307.44,468360.44,1259824.90
2827986839,40664.36,438174.59,456595.31,1461242.40
2831690226,36547.33,494064.38,456832.88,1634388.80
2835393507,36333.95,596391.88,492309.31,1663188.80
2839096777,36592.06,658450.38,526156.75,1584514.00
2842800053,40620.34,340923.13,584161.75,1412713.30
2846461889,43410.38,581787.13,558073.69,1332403.80
2850125067,43660.23,569167.94,538852.50,1327186.00
2853789516,46801.96,541784.63,528348.00,1304964.00
2857452466,46747.91,506893.91,504181.97,1310239.30
2861114130,48177.34,502504.13,499718.22,1316846.00
2864776331,48021.91,504318.63,494847.63,1319729.30
2868438530,46129.62,487995.81,499529.75,1354369.90
2872104274,49081.58,465658.34,497759.59,1367044.10
2875767736,48677.73,484836.13,509462.53,1333026.90
2879451896,49364.23,467684.44,485687.16,1388416.10
2883113981,48152.79,437502.25,476930.03,1377048.00
2886776815,49074.15,431535.31,482642.31,1375953.30
2890438319,49514.59,446543.09,482822.16,1361615.10
2894098227,49437.76,454218.81,496120.09,1350717.60
2897759589,49577.61,445057.13,490536.59,1369630.60
2901422185,48112.30,452034.91,487984.94,1276440.00
2905084023,45060.97,455094.59,491580.69,1268434.00
2908746511,45939.85,469709.75,473104.97,1283394.80
2912408373,42787.49,527360.81,468803.50,1336100.10
2916070799,41503.11,560683.44,478178.41,1473136.00
2920015040,37217.90,627631.50,509553.53,1561816.50
2923718775,41036.94,587874.94,530696.31,1524393.30
2927422470,40437.88,161425.92,594803.13,1380233.50
2931134773,41815.26,222726.78,575322.75,1319934.80
2934796631,42047.64,256834.56,545107.13,1296043.90
2938458915,44873.80,447821.81,544727.88,1294074.10
2942120013,48130.48,460294.91,542424.25,1286670.50
2945782975,48335.95,465422.06,542577.31,1263604.80
2949444420,46537.84,366311.44,529341.25,1262928.50
2953106509,46309.71,163702.95,510511.13,1267633.60
2956768336,47889.02,511670.28,510346.84,1246761.80
2960430898,48016.59,331386.38,506405.19,1251519.50
2964092752,49714.15,389064.81,487443.72,1191767.60
2967755596,50611.56,445356.06,481901.75,1225986.30
2971417072,51889.80,462762.31,497833.84,1216725.30
2975079165,50264.23,468024.34,497962.81,1214760.60
2978741318,51070.41,461914.72,489366.69,1208204.40
2982403590,49677.92,471848.34,511912.94,1195723.10
2986065585,51406.64,437460.00,499048.00,1214189.80
2989728984,50654.28,441912.22,505496.91,1188389.00
2993389611,48980.32,469291.13,498308.25,1207665.80
2997051992,48548.85,452906.09,503666.34,1219112.90
3000713885,47131.23,394725.16,508291.34,1252770.30
3004376253,46305.46,523182.50,515252.47,1312362.40
3008037682,43284.81,539873.31,580797.31,1459617.80
3011726349,46597.20,547873.94,583609.06,1394711.00
3015387003,47943.30,514525.81,552366.06,1314788.30
3019049465,48841.89,495721.09,547932.50,1300469.50
3022710760,50946.25,356911.84,539968.06,1282905.00
3026372982,51902.66,477278.66,527013.00,1260995.40
3030034838,54999.91,452314.25,504839.34,1262011.30
3033698537,51026.50,445498.41,509724.53,1255077.30
3037362460,54486.89,332404.41,492773.72,1246929.80
3041025863,53682.84,365155.34,482693.75,1233444.30
3044686480,55396.80,443460.59,471135.38,1218583.00
3048345614,54848.96,441246.34,488332.38,1268731.60
3052008509,54547.20,437264.81,487963.34,1294759.90
3055670803,57754.55,460112.22,474920.69,1319618.50
3059332591,53399.00,447368.72,478169.91,1308338.90
3062995092,54967.57,431096.53,467103.56,1281146.30
3066656899,54517.10,432226.06,466977.75,1275451.30
3070319230,55985.23,429226.53,466225.63,1263534.60
3073981165,54793.97,428097.72,461255.09,1253868.30
3077643834,53885.00,439359.72,467275.41,1234260.00
3081305828,52404.59,435506.94,447703.31,1259475.30
3084968381,51097.20,463930.31,456293.53,1246425.90
3088630119,51621.90,391617.75,473559.47,1244891.00
3092292354,52486.14,478900.22,477097.97,1225409.40
3095953920,51806.13,459603.81,468074.84,1233776.50
3099616716,52843.50,305645.78,478327.34,1231235.40
3103278524,52658.80,446720.34,479870.19,1235971.00
3106940955,53905.54,427571.81,482028.03,1234357.50
3110601794,53264.58,453093.16,469490.94,1233107.60
3114260855,55767.14,444798.91,474912.19,1220511.00
3117923109,51675.48,444869.97,483135.03,1206540.50
3121585370,52064.46,158187.19,480830.75,1211659.60
3125247350,55846.92,192703.08,479215.69,1188192.10
3128909870,54140.15,310228.38,458838.59,1188815.30
3132571766,54878.11,257869.94,473553.22,1192962.30
3136234572,55324.46,241737.22,461875.06,1128047.80
3139895993,56824.22,132590.78,455517.47,1052900.60
3143554967,56033.98,330507.75,458169.44,1093906.10
3147216777,54625.79,375171.25,455214.28,1106914.60
3150876077,56135.47,292198.44,463767.47,1126941.00
3154539603,55664.46,470347.50,481123.53,1143967.10
3158200450,53630.20,440977.41,475039.28,1144605.60
3161861997,54290.86,449325.81,474562.72,1137578.60
3165521170,54328.51,445883.13,467988.56,1162906.00
3169183169,52955.26,441183.81,470886.84,1212928.60
3172845713,53852.78,410916.28,461446.53,1230135.00
3176507573,53522.57,445264.50,468291.06,1209823.10
3180169794,52918.79,450990.69,456956.81,1217239.80
3183831633,53598.93,457846.41,452698.50,1217268.80
3187494214,52161.00,439777.50,452895.84,1195303.10
3191156125,52717.93,406506.09,456017.03,1165196.80
3194818519,54196.21,402146.66,452084.22,1141200.60
3198481060,53823.75,380909.00,455346.22,1143522.30
3202142988,55397.86,377056.31,458797.16,1158977.00
3205804102,53868.83,365186.28,453728.78,1136734.50
3209463431,55370.95,389859.53,460612.84,1131126.40
3213125367,52585.87,461498.47,455292.66,1128752.60
3216788100,52276.90,455781.59,452542.38,1153582.80
3220450208,54880.24,452741.59,470353.75,1191889.90
3224112254,55495.11,458759.75,454859.63,1132620.00
3227774159,55431.38,466158.59,451136.19,1100474.30
3231436776,55332.13,461710.66,451400.78,1104915.30
3235098578,54571.98,357750.84,453891.44,1174861.60
3238761298,53807.58,372130.66,461340.44,1149159.40
3242423195,53750.58,274860.53,463654.88,1151035.90
3246085482,53908.72,343234.13,457523.63,1097965.90
3249747373,54269.38,202201.11,469583.47,1028008.90
3253410145,53804.39,214554.31,461221.94,999783.63
3257072102,53660.30,189013.16,455426.59,1026642.40
3260734733,55097.04,160148.28,462076.97,1131713.10
3264396621,53334.45,441475.06,462856.13,1063971.00
3268059401,53261.40,396317.31,457391.22,1057654.50
3271720100,53150.82,318224.63,462081.22,946044.50
3275379389,55206.91,259316.94,462945.81,908325.63
3279041265,55674.26,462676.88,457602.25,909806.94
3282703930,55200.54,375226.34,457871.19,927965.19
3286365722,55214.58,294002.78,465932.59,890490.25
3290028302,57339.48,489085.81,452377.84,924397.69
3293689480,57283.19,462829.09,445402.91,1055549.60
3297348602,52603.10,457699.38,450777.44,1200426.50
3301010449,54176.74,349401.94,442973.88,1277835.50
3304673087,55017.14,433351.25,443213.00,1282043.00
3308335010,54345.74,474744.81,458005.75,1271778.40
3311997585,53199.08,468469.63,447948.31,1286127.80
3315659288,54873.75,478887.47,448505.94,1276703.60
3319321444,55528.51,473419.97,439337.66,1300749.30
3322983490,52014.19,458289.44,451651.09,1300189.80
3326646581,55279.25,457050.03,450519.19,1297267.50
3330308050,54416.90,457982.97,456155.22,1273906.90
3333970494,54968.63,470033.94,450490.53,1275451.30
3337632259,54754.08,453971.78,451109.53,1300624.80
3341669964,52598.73,464799.16,446027.69,1286230.50
3345340184,53082.01,458975.25,460301.28,1284860.10
3349002681,52350.89,447842.09,457759.44,1292632.90
3352664657,51168.95,460934.94,451066.44,1270904.80
3356327505,49935.20,487232.69,465790.28,1326777.60
3359987831,49362.11,474609.34,466523.03,1298233.50
3363647054,52054.79,312960.00,459850.69,1310787.80
3367308487,50574.14,463425.22,460808.19,1346969.00
3370970790,52973.43,471002.75,470848.84,1342759.80
3374632606,52368.01,463296.09,469478.44,1325220.50
3378295310,51555.46,453648.53,473322.59,1317466.40
3381957172,53185.16,460596.22,470823.59,1306108.90
3385619229,50550.66,464644.44,481345.75,1289591.60
3389281217,51024.50,452842.25,475696.75,1288858.00
3392943586,54562.30,436067.06,476227.25,1293760.30
3396605612,53560.21,365398.47,465066.72,1281054.50
3400268170,55311.59,330469.75,473073.22,1287669.10
3403929991,54877.05,137573.94,454093.22,1299382.10
3407592264,52267.22,145079.36,470280.13,1332696.60
3411254107,53002.47,491689.03,456973.44,1316042.10
3414916756,52827.33,365195.38,457867.06,1312226.10
3418578664,52182.48,273804.63,464159.88,1320292.90
3422241113,51045.86,121982.10,472017.22,1342281.80
3425902961,50704.55,125190.16,453366.72,1321152.00
24675,48509.43,118775.58,440328.66,1372355.10
3685192,47453.06,119171.41,477435.97,1463154.30
7388733,44447.87,127298.90,490774.75,1577796.90
11092320,42929.70,580668.19,531223.88,1609612.50
14804192,43243.74,546231.75,582336.00,1630091.30
18516539,47650.74,521459.34,549044.94,1470598.60
22220380,49644.88,483415.78,532090.31,1397949.60
25925909,49388.78,495224.22,524966.13,1360070.50
29586073,51155.03,262251.91,507606.72,1357026.10
33248693,51898.42,494508.00,507380.84,1352006.00
36912364,55029.06,373702.41,490595.13,1346268.40
40573247,52721.23,464383.28,475467.69,1352948.60
44234906,56672.80,464468.94,467485.13,1383015.90
47897163,55841.61,464034.66,468719.56,1393661.30
51558811,54693.77,450754.88,473591.22,1423362.60
55220940,58746.25,468131.50,469146.09,1426189.90
58882949,56369.97,470825.59,472352.75,1452646.00
62545320,54884.49,472752.00,458967.00,1444900.10
66207227,56219.73,476513.78,475902.47,1430717.30
69870252,57085.15,480630.00,480587.38,1422218.60
73531558,54622.73,480593.75,481995.91,1401987.90
77194183,53969.03,488606.41,471198.75,1356923.00
80855993,52963.76,407236.28,459514.47,1344571.80
84518680,51495.50,160627.89,464888.97,1345072.50
88180432,51311.28,156941.52,477527.31,1332792.50
91842651,48025.21,143345.58,485609.84,1536758.10
95573099,43877.61,349495.78,510800.16,1549365.10
99276870,45776.63,598143.13,578765.63,1589885.00
102980660,43008.65,554487.75,591924.13,1599145.30
106684350,51881.19,506960.44,555489.38,1412240.00
110368553,50496.02,491002.16,538594.00,1424547.90
114030735,52200.66,508056.25,542530.94,1469373.60
117692364,53168.99,484059.09,513886.75,1444982.30
121354438,55720.64,452700.50,509809.03,1431169.00
125016166,52898.26,413624.66,494573.25,1388913.00
128678367,53375.40,459564.28,496717.75,1364222.60
132340501,56226.23,495287.38,499295.34,1395581.30
136002972,56342.95,467214.63,497320.34,1390428.80
139664681,54050.81,276312.38,477929.41,1402671.30
143327031,57389.40,186109.22,483632.22,1398411.50
146987790,58190.50,315279.16,491576.31,1407162.50
150646861,55532.75,260564.86,483143.53,1425284.80
154308799,56541.92,472703.38,480546.78,1421943.00
157971479,53422.61,472794.25,504923.00,1435238.80
161633348,57104.51,432096.13,500288.13,1415492.40
165295399,55200.54,459396.34,494218.72,1399577.80
168957110,54713.25,437936.91,487030.19,1421035.40
172619591,54324.26,444567.13,489459.69,1433358.50
176281387,52360.57,394431.75,489753.66,1516291.80
179943529,47483.98,508936.66,517246.25,1643779.90
183647321,43929.42,520683.84,618186.56,1593484.80
187359337,43735.17,318260.28,616844.50,1650206.90
191063001,48450.90,526436.00,582802.56,1564745.40
194735019,52682.41,505382.09,571468.31,1457687.80
198397428,53219.50,492096.66,542317.69,1467350.80
202059725,56592.79,499146.41,536025.88,1486549.60
205721501,55062.46,470762.47,524639.88,1485605.00
209383493,59002.58,402089.19,489053.47,1486549.60
213044903,59677.75,478254.91,482417.47,1514358.30
216703940,60725.28,347124.09,488858.97,1468728.80
220365793,60321.07,457351.81,479588.59,1483283.50
224026636,57855.34,440553.00,464349.88,1481364.10
227688140,63091.88,452158.09,483688.16,1453370.90
231351183,60726.46,437087.91,468435.97,1498066.40
235011955,60626.26,434340.22,454972.94,1493728.40
238671077,62299.63,440997.69,459709.66,1477372.40
242332942,60553.21,447836.09,463177.03,1484473.60
245995643,62860.80,444737.91,459286.34,1507367.80
249657967,59048.13,437087.91,460143.38,1465539.40
253320945,60822.41,432252.03,458080.31,1448858.40
256981428,56232.71,431796.84,455193.63,1433004.80
260640496,53399.00,432078.19,445775.25,1442584.10
264302482,52730.79,435328.50,468152.50,1511895.90
268011265,47184.22,495976.00,498549.00,1613307.90
271725483,48399.80,532060.56,526551.75,1598933.60
275428867,48827.96,516492.94,600874.88,1644204.50
279132572,53399.00,528172.75,582765.88,1520566.10
282792794,57619.06,501826.94,560754.69,1506875.30
286455303,61288.10,516885.22,552009.13,1499381.40
290117023,60369.10,419241.81,535432.94,1514643.40
293779310,61240.07,496174.50,497663.41,1479050.50
297440526,60897.58,462937.44,493383.88,1500765.50
301099545,61366.70,469796.00,499858.28,1495611.60
304761367,64084.87,467055.41,503085.00,1494855.10
308424471,62750.33,459392.09,500193.94,1481617.60
312086555,63564.06,453809.16,490746.66,1460500.80
315748925,62983.42,440645.88,501971.97,1478033.90
319409614,60519.34,435470.94,493405.72,1470454.90
323068872,61638.61,441349.63,499869.50,1498849.80
326730783,63521.22,445327.50,487295.13,1483483.00
330393472,61964.10,444786.63,482723.72,1513423.50
334055412,62486.68,458401.34,478553.13,1517973.80
337717392,59019.93,457622.91,480489.19,1483561.40
341379227,60370.16,485706.38,478968.44,1489058.90
345041841,59595.03,483844.66,485014.44,1505644.80
348703651,57708.99,470524.41,495013.09,1482854.90
352366131,56266.23,202439.63,500564.50,1518302.80
356027446,58826.50,492500.28,514541.41,1375859.10
359689714,56067.38,492993.00,510233.44,1457622.90
363351845,58659.39,485446.38,509320.56,1552770.00
367013934,58531.22,481454.81,502561.25,1557118.40
370675387,57338.42,176850.30,504470.88,1564771.40
374337886,60329.80,514742.63,514700.03,1541077.00
377999303,60963.08,500193.94,513667.97,1525730.10
381661716,61097.27,488045.38,505236.47,1510802.60
385323845,61528.27,478463.66,526147.69,1537199.00
388986119,62291.95,512690.91,513719.31,1528263.80
392647980,60282.95,505923.31,508477.56,1536908.90
396310073,61046.99,506460.41,511476.63,1553370.30
399971857,60590.15,513330.91,509475.88,1495276.50
403634447,58488.85,494033.91,516477.25,1373358.40
407296279,62176.18,501648.97,500294.72,1013089.40
410958953,11138.82,245689.61,418961.53,974381.00
414620695,10814.27,179947.78,429240.47,960165.94
418283089,11036.85,214194.84,431337.75,884534.88
421944967,13270.09,296522.81,446017.56,833667.31
425607425,11645.70,225398.80,441244.47,778857.56
429269398,13831.85,288872.69,461525.47,712615.31
432931511,12674.10,305321.00,451472.66,653442.94
436593305,12599.63,259458.69,443923.34,603006.88
440256024,12015.33,280538.09,455798.13,624627.00
443917932,11017.02,287854.56,446785.59,831640.19
447580160,12333.74,288556.28,429019.78,847131.13
451242258,10381.26,282931.72,443373.38,764449.56
454904385,11817.18,284795.22,450408.63,648052.25
458565710,11036.85,284798.41,455175.09,633411.25
462228025,12900.46,283506.47,447991.16,617222.06
465890503,12547.00,285513.00,449825.03,627926.19
469552549,11196.17,283586.47,451899.53,616095.31
473214371,11441.65,262552.38,432223.94,608129.88
476876767,11197.12,271902.41,431142.44,610860.69
480538224,11616.90,273932.31,436659.72,618166.19
484200937,11612.07,279353.19,437194.34,628365.69
487862843,10995.31,278556.69,434594.66,600682.50
491525296,12215.61,293654.53,451021.47,601687.44
495187343,10808.37,289711.44,440797.53,571600.81
498849502,11590.23,300210.38,446938.31,561852.63
502511675,11729.02,300800.81,446785.59,574976.69
506174181,12567.89,308880.97,466290.53,576937.94
509836001,11182.37,310741.06,470368.75,563287.69
513498769,12637.40,313357.50,448513.97,557967.25
517160694,10667.93,303646.44,443878.72,1159414.90
520822926,11665.53,301462.41,447964.59,937385.94
524484718,11226.86,287309.78,437170.28,1555774.30
528197013,10556.17,266848.81,438490.78,1620945.40
531900584,9493.66,263108.72,472697.22,1609392.50
535612364,10375.36,269072.25,484082.69,1562073.50
539324675,10627.33,251482.02,487644.22,1433526.60
542987507,9726.50,227602.30,483282.78,1337270.50
546649515,10267.61,223696.17,481589.59,1301863.80
550311544,10585.91,236657.28,471207.16,1233473.50
553973925,11112.97,238635.02,474452.63,1184740.10
557635233,11172.45,237051.23,473870.44,1132807.00
561297506,11538.78,244823.25,472937.97,1096318.60
564959783,12965.96,253031.70,477155.22,1081545.00
568622272,13007.74,250469.31,475919.44,1037291.60
572284140,12096.64,257777.77,481442.06,987985.31
575946940,12679.06,263308.75,486429.34,940722.38
579608219,12327.84,267994.75,468404.47,932348.38
583270807,13035.59,276044.81,496373.13,912601.38
586933148,14709.19,286234.53,492157.31,895187.81
590595671,14820.84,293464.16,484720.22,842912.00
594257552,16346.44,303659.78,480040.84,801546.25
597919954,15751.87,305476.78,488444.63,825465.25
601581818,14568.63,301103.53,494555.91,1034887.80
605244382,15031.26,298672.13,475961.81,1450033.40
608906202,14963.40,284591.50,496610.81,1588440.10
612568574,13532.44,275625.50,488347.38,1664496.10
616272367,15204.86,280099.88,491756.19,1642794.00
619935185,15296.68,273700.41,491953.50,1641651.50
623597327,15982.60,278814.22,497414.28,1631392.80
627258814,15111.98,267416.81,491504.81,1627977.90
630926144,17605.10,268834.31,506615.25,1649841.90
634589542,17244.32,268814.03,498341.06,1661647.00
638249422,17072.96,275750.50,515279.25,1628302.60
641909853,19164.22,274849.44,503465.97,1603049.80
645588350,19124.10,279380.34,511318.59,1618148.00
649249024,20243.37,287319.59,506515.66,1625719.80
652912098,19703.56,288556.28,514226.41,1636464.50
656572696,20015.60,285079.28,515294.94,1580919.40
660231741,21217.72,286329.53,516282.16,1611094.50
663893632,20915.95,295017.75,517154.31,1641302.60
667556134,21120.83,301492.03,534817.38,1589260.90
671218059,20527.56,301040.88,536545.81,1601244.90
674880123,23549.39,312294.88,541652.56,1560132.90
678541443,24444.90,322384.88,544620.94,1604371.40
682200449,23437.86,326626.16,538211.06,1600641.80
685862375,22149.59,327880.44,552286.25,1575403.50
689525066,21755.17,318924.72,541842.44,1628776.80
693186352,23019.25,318863.81,557085.31,1605016.40
696848576,23368.94,313687.94,542544.88,1618659.00
700882184,21179.37,307770.91,535403.06,1623255.80
704542726,23240.06,313290.34,530534.13,1633838.40
708205302,23974.60,303372.28,523637.09,1619808.30
711867190,25076.18,301955.03,534553.44,1631698.50
715529335,25379.60,307742.59,531281.06,1640749.00
719190742,27596.43,320450.69,540118.31,1547444.10
722853136,28116.18,315957.41,528304.69,1521301.10
726515121,27200.96,323823.50,541122.31,1529923.80
730177699,28833.02,340141.84,544258.25,1587193.30
733839472,28770.59,347316.69,539961.13,1561732.60
737501742,30879.79,344783.94,538571.00,1575754.30
741163524,29636.24,349137.94,528605.38,1565428.80
744826235,30746.08,358863.63,523372.41,1489574.90
748488090,31673.93,357461.94,510340.13,1542387.30
752147066,31103.31,359773.31,522255.97,1536423.90
755808893,31441.08,375749.16,531571.31,1529648.00
759468054,32439.27,380604.75,539649.06,1520746.80
763130060,33440.41,382006.56,547535.38,1504999.30
766789169,31414.17,388749.34,543798.13,1484606.80
770452269,32061.61,387792.72,550983.81,1514234.80
774114349,31452.29,391140.97,527945.19,1545265.00
777775687,32232.86,390660.88,517421.25,1592509.90
781438359,30338.92,376775.91,530435.94,1588466.10
785100196,28306.54,370366.88,526619.88,1712254.90
788803652,27272.48,359352.44,541402.50,1639560.80
792506928,27149.86,357797.34,546024.25,1636178.60
796482634,30146.67,346631.97,561027.94,1604059.30
800146182,31036.28,333344.41,558364.88,1571549.40
803808125,31497.61,332950.22,548895.25,1596566.10
807469586,30711.14,329497.88,535074.63,1574870.60
811133404,32116.26,331915.94,523302.28,1593610.00
814793565,32457.80,321648.91,523551.06,1594150.60
818452675,30494.11,327582.09,531804.50,1539118.00
822114557,32022.43,350492.19,540499.75,1587770.80
825777263,32574.40,335074.06,542398.69,1578090.30
829439277,32713.89,349249.72,541013.50,1576293.90
833101587,34471.52,339707.06,546784.19,1507589.30
836763352,34798.08,343608.00,542275.94,1513832.10
840426004,33225.38,354157.22,543375.50,1535573.40
844087709,32720.03,352373.75,550814.94,1577653.90
847750604,33433.09,360432.06,557659.94,1557195.40
851412470,34251.89,347099.56,545512.06,1542761.10
855074969,31927.55,350336.06,540176.19,1510845.80
858735752,32866.73,375979.41,540668.63,1578780.80
862394936,33103.35,367280.38,566529.63,1613662.40
866056757,32118.26,374181.91,550203.38,1629989.40
869719152,32264.72,357230.84,559456.88,1649016.00
873663546,27858.31,353203.53,563871.63,1631061.10
877366824,28160.20,341645.97,565026.44,1693332.30
881070104,29143.76,341651.16,609381.56,1668077.30
885091358,31391.63,339949.72,601112.19,1635327.80
888754743,32191.55,328903.31,585994.00,1600370.30
892417000,32295.76,332179.94,556976.50,1566525.40
896078424,34107.91,328474.06,550180.00,1575065.80
899740992,33830.46,332195.41,542428.88,1583578.60
903402734,35492.25,339638.97,541282.00,1563547.30
907065407,36054.37,352927.34,550168.19,1583912.10
910727230,34630.14,357655.59,549817.00,1583938.10
914389640,36412.08,355693.09,556591.63,1608451.90
918051058,35920.30,365570.78,541080.50,1573182.90
921713645,35842.29,371764.31,530874.25,1513454.10
925375447,35216.09,379463.16,539094.75,1567086.60
929034507,36533.76,382957.06,529938.63,1562884.00
932697658,36812.63,389966.81,540550.75,1545728.60
936359661,34648.79,386506.19,546045.50,1553108.30
940021177,35055.36,402644.47,544004.88,1560794.10
943684439,35772.66,402993.09,559120.38,1535447.40
947346192,34398.95,401764.06,538254.94,1580802.10
951008804,33721.76,395473.50,537722.44,1576138.10
954670599,34459.13,402255.72,551668.81,1661633.00
958332697,30071.73,389887.75,557960.31,1643923.60
962045239,28935.57,386788.84,553769.63,1632194.10
965748521,31925.42,370853.00,591096.69,1678864.30
969451494,32469.13,359206.94,593554.13,1690051.40
973113055,32478.45,362583.66,591481.88,1636498.90
976775570,36360.04,346483.75,591793.25,1657301.10
980435809,34675.70,348890.09,566025.00,1603414.60
984094760,38227.42,353552.72,549920.00,1611889.80
987756588,37659.76,350584.47,541854.00,1601185.40
991419045,37609.72,348600.03,533693.25,1601450.40
995080855,39238.83,353572.22,551143.25,1597101.50
998743711,38076.01,362294.75,545186.25,1596837.10
1002405502,38575.10,369231.19,555586.00,1491951.00
1006067903,39574.71,378153.31,554652.63,1577341.60
1009729929,38988.99,378157.06,543921.19,1610033.10
1013392359,36795.99,376809.09,546478.75,1581513.30
1017054281,38093.83,389353.97,553611.94,1614707.00
1020717074,38541.70,395763.47,538912.69,1597332.50
1024379106,38013.34,405872.94,544123.50,1546230.40
1028041398,37615.98,414498.69,532065.19,1555908.50
1031703203,37376.28,406061.53,539711.50,1594038.60
1035365665,37165.74,402542.84,539228.81,1653942.40
1039027104,35147.64,398034.94,547997.88,1675198.40
1042689559,33496.23,391546.00,550348.63,1660501.80
1046392980,33191.27,404057.13,554181.50,1601623.00
1050096479,33401.11,382309.63,587938.75,1652389.90
1053799992,34971.21,376501.06,611668.00,1676314.10
1057512482,36173.92,370412.56,602693.63,1700910.60
1061174331,37412.63,362574.69,585023.38,1671779.60
1064836967,39020.26,364952.38,589403.00,1608618.80
1068498747,39399.92,361527.75,568119.69,1403304.50
1072161287,40215.66,366905.78,563630.88,1439619.80
1075822704,40133.87,364439.59,556119.31,1539041.80
1079485409,42157.04,379570.56,553325.06,1593986.30
1083147268,41063.14,389231.94,550772.81,1575481.40
1086809728,41422.15,386618.44,553028.69,1579197.40
1090470787,42351.65,380792.03,554252.19,1541077.00
1094130092,44197.56,398647.81,545912.50,1596170.10
1097791845,42884.38,398396.44,547682.50,1587409.90
1101454813,42591.58,401731.59,530559.31,1572787.40
1105116582,40988.55,411241.91,528987.88,1596956.10
1108779401,42337.96,413904.97,528411.75,1580339.00
1112441237,43710.97,412301.22,464161.88,1248645.50
1116100308,41753.19,420289.81,493262.19,1122428.30
1119762197,41047.32,420046.34,489809.84,1185281.90
1123425146,37765.15,416419.91,489029.63,1329069.30
1127087004,36416.21,416783.28,509609.13,1484770.10
1130749175,36939.74,401236.41,504118.13,1722357.90
1134450969,36295.48,396283.34,507055.34,1684990.00
1138163005,37781.79,390356.03,538072.88,1722263.40
1141892915,37926.83,388392.81,577376.81,1669521.80
1145555878,38090.64,403088.81,550709.69,1699752.90
1149218331,40534.30,379770.50,537063.69,1702892.40
1152879603,40785.09,393894.56,552178.13,1702312.90
1156541902,40816.48,383379.81,531802.25,1747734.10
1160203929,41882.53,379190.91,529881.50,1636723.40
1163866158,42876.00,388565.47,528318.38,1566370.30
1167528120,42876.95,404575.56,538119.00,1569801.30
1171190566,44038.00,403489.34,546420.56,1536852.50
1174852551,43571.71,407132.31,541379.25,1499247.00
1178515025,43433.52,406527.22,519416.22,1376495.30
1182176848,44766.05,403136.72,521933.19,1318144.80
1185839769,43264.75,415235.38,507117.31,1197956.50
1189501601,44464.75,423731.06,505505.78,1078731.00
1193164632,45632.53,419449.88,511814.97,993750.13
1196826532,45630.52,436979.22,507146.22,925937.06
1200489240,42354.84,430907.09,512195.94,898140.00
1204150217,42576.95,433645.47,515456.03,898541.38
1207809512,43070.85,423202.34,516652.16,986159.75
1211471296,40614.09,413854.44,520057.66,1675464.60
1215133868,40200.91,414377.97,538965.56,1700595.80
1218795494,35284.66,416050.88,556178.38,1729203.50
1222498775,36604.45,432969.34,571032.81,1678217.80
1226202145,36519.24,429944.91,621221.06,1759395.10
1229905426,39719.16,420317.31,616523.38,1687826.30
1233566430,41307.79,337161.22,593428.00,1641405.40
1237228865,42925.45,371451.22,560009.56,1557951.90
1240890707,43225.80,417923.44,547869.38,1472800.40
1244553100,45600.90,415867.34,548888.19,1451798.50
1248214893,45938.79,424819.31,545877.69,1400531.40
1251877943,46820.02,428314.16,559781.88,1391761.00
1255539765,44773.36,420902.78,563352.00,1380616.10
1259201923,46772.34,429702.03,562266.38,1315407.10
1262863714,44952.16,427881.38,532449.56,1272996.50
1266522732,46259.91,432307.97,531130.13,1223322.60
1270184511,47932.57,439787.53,541050.56,1192256.50
1273843536,46126.31,449460.72,539499.00,1039029.80
1277505437,45251.45,443265.88,524445.06,1000026.30
1281168643,46145.43,463126.97,543159.63,1059950.60
1284830497,46607.82,469642.47,564971.44,1041056.10
1288493118,46481.66,457749.06,552319.06,984837.94
1292154917,42902.32,464759.41,548925.63,941996.50
1295817706,43520.02,458712.06,551166.75,848962.63
1299479589,42982.34,405284.50,558206.25,952218.81
1303142065,41858.34,438863.72,578561.63,1039525.90
1306803832,40152.75,495396.41,576194.06,1439112.80
1310466522,39337.14,464769.78,607544.88,1605661.80
1314131092,40044.89,494834.53,621205.56,1681060.40
1317793047,42497.88,474931.28,611296.06,1695516.30
1321454456,42364.28,474200.53,589769.94,1640660.30
1325116847,46873.13,424441.78,578935.69,1621739.90
1328778608,45384.93,487396.38,575666.19,1658180.40
1332441170,46708.61,468345.69,580242.06,1649525.60
1336103582,46456.17,467613.16,597792.13,1613809.60
1339765697,45645.27,468387.59,575056.50,1613836.10
1343427457,45461.05,481826.91,598544.19,1610386.60
1347090217,48168.84,468954.91,453669.19,396571.78
1350751587,48879.06,326403.81,483349.34,354406.94
1354414223,45716.32,291700.16,499496.81,426229.84
1358076003,25474.25,268607.50,499207.78,470141.22
1361738750,23141.88,271719.97,509240.66,492901.78
1365400815,21922.99,289785.91,520602.66,546297.00
1369063398,22161.74,298345.94,534204.75,612717.56
1372724508,21297.50,310515.53,539311.94,654363.44
1376387460,22391.40,320985.06,532506.81,724606.44
1380049238,21225.87,318005.00,545765.81,807817.56
1383708189,21049.19,321822.16,527911.00,1028366.90
1387369957,19546.48,320986.72,532877.75,1222288.00
1391029007,19318.12,314436.75,524877.69,1430312.30
1394690727,18719.89,317339.88,541960.69,1673768.00
1398353046,18056.28,315977.59,546157.25,1728239.90
1402014806,16750.65,315099.19,547617.13,1614666.90
1405677175,13981.14,245095.98,491255.56,973177.56
1409338955,15787.87,336962.94,488438.00,945349.00
1413001380,13045.38,352202.97,497718.06,910124.31
1416663201,12250.42,347609.97,496078.56,893690.56
1420322332,12471.58,364486.66,524028.47,872387.38
1423984166,11937.08,356056.22,526617.75,852324.44
1427643436,11364.47,367267.63,528999.31,842162.56
1431305157,11247.63,365855.78,536237.44,849112.94
1434964111,12460.73,372040.94,519758.13,845812.38
1438625904,12063.01,364484.78,520176.97,872031.19
1442285729,11493.22,357824.38,533521.38,842096.13
1445947460,12347.67,376056.97,523456.06,838457.75
1449609864,11284.21,382761.75,534053.44,857607.94
1453271803,12940.23,406633.22,547057.13,851068.50
1456930913,11802.31,398640.13,543528.81,859227.38
1460592695,12171.94,394681.59,550908.88,735920.31
1464251998,11991.61,403146.28,546537.06,1438309.10
1467913803,12263.29,388330.97,543243.31,1531366.90
1471581537,12668.08,388364.75,550580.69,1648514.50
1475242037,10547.31,385812.50,575417.06,1654846.80
1478904757,11306.99,370908.00,566319.06,1647050.90
1482566836,14221.07,361791.03,565296.25,1526943.30
1486311924,11983.70,351680.16,542477.63,1670067.00
1489975766,12075.87,347090.69,545598.13,1634599.80
1493634755,12149.28,349099.13,553499.00,1617913.40
1497296547,11812.22,352343.53,554278.06,1593669.50
1500956478,11851.88,354176.81,564267.50,1577979.60
1504617908,12635.39,364363.47,554916.50,1525792.60
1508280726,11619.03,361165.31,547941.81,1536575.10
1511942595,11365.41,382895.69,570092.69,1488500.90
1515605273,11866.63,392723.00,574647.94,1484945.80
1519267094,12572.84,385321.19,580585.50,1461461.80
1522926903,12998.77,383877.13,577976.38,1446768.80
1526588725,12825.99,418714.63,593380.88,1432964.40
1530251305,13038.54,427333.78,589523.63,1414161.90
1533913125,14283.86,416863.53,600370.25,1408667.10
1537572257,14632.48,431439.59,599137.56,1365355.60
1541234637,14680.28,431686.97,593596.19,1356618.80
1544893575,13119.03,445771.13,604100.06,1111989.40
1548555421,15122.02,445288.91,581102.06,976658.25
1552215607,13320.72,437333.25,588499.50,963193.69
1555877352,14601.56,434662.75,578238.50,977892.50
1559539655,14248.92,427946.88,595336.56,1085854.80
1563201586,14592.59,420790.78,586514.06,1182720.30
1566864349,14417.22,413990.53,585827.19,1242639.60
1570526292,15251.72,411777.22,587705.25,1463748.40
1574188676,15249.71,414882.50,590364.06,1113451.90
1577850706,14436.22,376574.81,493284.03,713565.94
1581513283,13410.18,358547.56,500303.47,620096.44
1585175072,18032.20,348982.28,502425.06,451784.59
1588834145,23720.87,359303.94,510164.38,543445.13
1592495978,22956.35,360822.94,526027.44,580001.19
1596155280,22161.74,369338.84,535508.69,626872.31
1599817011,21829.99,377102.47,570960.56,651264.19
1603476026,19796.21,382451.00,586335.06,669894.88
1607137840,20598.25,387601.63,586585.38,671962.44
1610800817,20109.42,391063.78,586477.25,710542.38
1614462668,18703.84,402787.97,586958.44,748759.38
1618121946,17206.20,392961.03,580147.19,764194.25
1621791249,17093.96,404099.50,577144.19,763583.63
1625450831,16044.56,412734.34,594426.19,741061.94
1629112645,16220.52,416740.19,591761.13,763328.63
1632773435,17271.23,422453.41,594641.94,768369.75
1636433805,16656.59,420089.53,590595.94,773040.88
1640093665,16802.70,420731.78,587162.25,694323.00
1643755048,15690.86,392723.00,578267.50,522475.22
1647414148,16330.39,395814.69,564830.56,520997.19
1651076006,17662.22,377061.88,555034.31,505764.13
1654735857,17531.81,389776.81,560192.25,507883.59
1658397217,18240.97,390468.97,564350.94,515536.66
1662056170,18868.71,405063.34,561467.38,509278.31
1665717945,18587.35,397785.94,572914.25,543944.56
1669378229,17213.16,409433.53,583303.44,565747.75
1673039608,17614.07,429708.06,574420.75,509708.97
1676698608,17132.08,411858.66,581887.06,552032.50
1680360425,17419.57,423640.19,553120.50,520629.78
1684020238,17872.76,416543.00,558528.31,530390.31
1687682007,17557.89,407793.66,569494.44,524639.88
1691344728,17860.72,406546.59,581643.13,570465.13
1695006557,17367.41,419265.41,585851.75,596933.69
1698667380,17490.74,418023.16,580692.63,662342.00
1702327910,18227.99,420749.47,591931.56,651980.00
1705987066,18704.90,423237.75,599157.50,662439.13
1709649894,17806.55,417440.03,593982.69,738736.69
1713312114,17683.22,425932.78,596141.00,770977.69
1716973882,18273.07,431008.72,610794.69,769863.94
1720632888,17808.56,429960.84,622077.50,707965.19
1724295480,18045.30,436711.91,609472.56,730648.13
1727957941,17507.73,445657.13,598404.69,813741.06
1731619829,17907.81,433355.38,590053.50,846331.63
1735279120,17577.95,425958.53,589738.06,872031.19
1738941329,17903.80,417127.19,589870.94,809846.38
1742604055,18054.39,424301.56,594188.25,797344.25
1746265787,17558.83,411050.00,570696.00,772056.13
1749927979,17862.73,413068.69,576685.81,780815.25
1753589768,17505.85,421986.66,577243.56,809651.44
1757248856,17562.85,433737.50,594599.81,834380.31
1760910833,18355.45,441760.31,592754.94,847841.31
1764570078,17571.93,429835.38,604130.13,870194.75
1768232322,18080.35,446353.56,602716.31,876403.13
1771894690,17703.29,446634.66,589730.50,883896.75
1775556434,18833.54,443557.97,599454.19,855019.63
1779216293,18510.05,447809.53,599489.13,889523.69
1782878007,18485.98,463074.94,612256.13,894500.25
1786540742,18236.96,460294.91,608434.81,905692.75
1790216652,19642.19,475011.78,618199.31,913366.69
1793878153,18127.56,461450.53,600175.50,924513.56
1797539930,18591.37,474122.28,621067.13,936070.06
1801202583,19571.62,469560.44,643154.88,938376.94
1804864967,18529.17,488941.13,645343.75,941237.63
1808524285,18922.05,482090.09,630852.06,941827.13
1812186286,19307.02,468494.75,631646.31,926799.88
1815846204,19792.07,479514.03,629255.63,942015.06
1819508011,17598.96,475170.88,600729.81,955236.75
1823170613,18839.56,474736.34,598372.31,844256.31
1826833635,18533.18,482657.28,614367.69,821801.75
1830495942,18595.38,474031.28,611774.56,845353.31
1834156592,19043.61,470842.47,606281.00,864197.31
1837816417,18979.29,462993.63,610847.81,860399.63
1841478160,20437.86,462710.25,601980.13,813233.63
1845137059,19600.77,471964.47,611888.50,835188.94
1848798904,18389.56,482334.03,595984.38,813660.81
1852458252,19413.71,479936.41,612425.81,920000.31
1856120043,18489.99,465192.03,607744.06,964505.44
1859779317,18704.90,453747.31,618140.69,1127618.30
1863441226,18587.35,464118.09,601619.94,1255256.40
1867100320,18409.62,469621.47,615239.94,1292484.00
1870762256,18382.48,475857.97,612223.06,1308803.10
1874422114,18653.68,495361.59,614830.50,1264342.30
1878083885,19128.11,475009.78,606567.69,1307744.30
1881746728,18123.55,468545.25,613171.56,1249027.00
1885408395,18987.31,484567.75,616793.63,1225729.40
1889070898,19834.32,491743.19,631249.06,1183601.50
1892732718,18588.42,483640.84,619641.00,1210310.80
1896391992,18580.39,485594.84,625477.13,1391525.60
1900053784,18249.94,494719.13,625654.81,1498329.60
1903714162,19485.11,477578.41,626818.13,1585004.80
1907378442,18364.42,460172.53,632301.00,1576827.50
1911037505,18013.20,459081.13,638373.31,1596031.50
1914699437,18056.28,442817.63,632448.94,1509463.10
1918362096,18211.82,440021.69,615410.56,1561482.00
1922023392,19661.19,439218.59,616849.56,1476837.50
1925682281,19977.36,450937.22,629670.13,1363822.80
1929344003,18885.82,456454.75,626325.31,1269593.40
1933003859,18975.28,457982.97,634252.13,1172809.10
1936665719,19654.23,457587.72,620682.88,1082473.40
1940328175,20218.23,455255.34,630984.38,1043278.60
1943989978,18959.11,453557.91,612230.75,1016188.50
1947649112,19318.12,451811.25,622673.13,1008038.70
1951311456,20368.35,458894.53,615069.63,999439.75
1954974144,20276.65,467023.91,626495.56,1030638.10
1958636665,20524.61,479682.56,644747.06,1017564.30
1962295550,20037.90,481347.88,629085.00,1030093.50
1965957473,19632.99,471333.66,620539.38,1035284.90
1969617412,20417.68,470414.91,642133.69,1022363.10
1973279236,21465.20,477323.28,642415.25,1040249.80
1976938302,20373.43,484198.59,641074.50,1037799.10
1980600313,19035.58,472373.88,619162.69,1058939.00
1984260497,20657.73,476208.00,630263.63,1260080.00
1987922063,20562.96,476532.78,625327.56,1341020.30
1991584270,20591.17,464527.38,640512.50,1563927.10
1995246064,19786.05,464905.72,628991.75,1682886.00
1998908471,18825.51,436764.19,636822.06,1551430.00
2002569745,21183.50,435178.03,625438.38,1633314.80
2006231948,19298.05,428429.44,634260.06,1632106.10
2009893783,19853.56,416419.91,625706.38,1590620.90
2013556421,19918.00,426687.53,619753.63,1533634.90
2017218141,21018.86,425521.16,622881.06,1529077.80
2020880580,21672.32,428111.75,630372.31,1510123.50
2024542514,21653.09,419649.91,620183.44,1540514.10
2028204941,21815.83,415015.16,607675.88,1552348.90
2031866893,22225.47,412866.53,620939.00,1567997.80
2035529639,23100.33,414738.28,623713.69,1482800.40
2039191715,22231.49,412870.31,631770.94,1380877.30
2042853840,21951.32,411686.13,634564.75,1228748.50
2046515627,20433.85,410339.06,623497.69,1214103.40
2050178631,20891.76,398626.91,536407.75,1166605.60
2053840434,19594.87,400100.13,554433.56,1225307.90
2057502663,20063.04,403044.78,568038.13,1217321.90
2061164522,18910.96,409068.03,571225.31,1213460.60
2064823572,19198.45,405967.13,567594.88,1169861.80
2068485582,18680.82,413714.25,579550.94,1180736.10
2072144502,18876.73,412275.97,577626.81,1134900.10
2075806249,17842.67,380921.97,551769.81,1026646.40
2079465410,18599.39,378475.00,539492.00,1016188.50
2083127339,18750.10,374781.19,550838.44,864513.13
2086789834,19006.43,382110.66,550533.81,834613.50
2090451662,18213.83,183282.00,539344.13,848281.63
2094114679,25934.63,380905.34,537480.50,855712.25
2097776688,24263.98,381367.50,544797.50,862078.06
2101439088,21559.14,385239.06,546933.44,865916.63
2105100993,20303.80,388664.84,555852.63,840401.06
2108763716,19113.95,382748.53,546171.19,833792.06
2112425480,19262.77,384473.72,543414.88,842912.00
2116087870,19672.29,378282.75,528571.19,844555.38
2119749803,18163.67,382702.03,543898.06,844625.25
2123408861,18397.58,375804.53,533051.81,846558.13
2127070767,19470.01,384320.75,533399.94,851634.50
2130729849,19463.99,377279.63,534819.69,862223.75
2134392901,17772.45,387264.34,524759.94,851369.94
2138055069,18252.07,388788.78,526256.63,869491.25
2141716488,18492.94,391751.59,538453.31,881715.06
2145375454,19987.39,394643.84,545586.56,876588.69
2149037402,19425.75,396695.09,552439.00,880857.56
2152696558,18856.55,406109.56,555006.06,893690.56
2156358567,18515.01,404312.41,547486.50,887154.75
2160021498,19868.67,391615.88,543456.69,880871.38
2163683384,18930.08,388516.63,554092.06,881704.56
2167346091,18701.95,379477.81,548257.13,898460.56
2171007209,18369.49,381230.25,531900.56,913971.44
2174666158,19257.81,380104.13,516358.53,936209.31
2178327577,18682.83,383815.66,508552.84,885447.75
2181990245,17971.07,374086.31,511786.06,880308.19
2185657236,19281.88,371112.75,524673.75,885496.38
2189319194,17687.24,367629.59,522242.50,880480.75
2192981386,19018.47,393580.75,538006.06,906395.56
2196643616,19705.45,396526.09,551748.44,879486.44
2200305176,18461.78,397386.56,549014.56,822745.44
2203964293,19720.67,400409.44,560166.00,811655.38
2207626071,19096.83,405378.56,554961.38,806726.75
2211285991,20211.15,409779.78,570554.13,786434.25
2214947841,19618.94,412245.03,562187.88,798085.88
2218610504,18684.84,403192.31,551462.25,783230.56
2222272545,19052.58,396306.00,541872.63,793397.38
2225934966,19596.76,393943.75,540458.13,792063.81
2229596864,19312.10,394132.81,546763.06,812460.38
2233256055,19329.21,383305.22,544995.38,820389.69
2236917884,19481.10,389323.97,535336.38,845027.44
2240577067,18151.63,400075.34,537305.38,834235.69
2244238880,18075.40,382951.41,527469.94,846078.63
2247898173,18347.43,379063.22,531169.06,844685.06
2251560421,19301.00,375850.53,529404.88,536884.06
2255222917,19624.02,378266.00,524692.06,553572.06
2258884771,19926.97,376425.53,535058.44,562770.88
2262547483,19734.72,370516.75,521843.00,569698.50
2266209438,20196.99,369939.31,500505.28,595314.13
2269872015,18414.58,373054.59,515127.13,594649.25
2273533826,19201.40,371738.72,519893.38,608089.38
2277193628,19805.17,371255.44,522423.19,618015.56
2280855021,18511.00,385134.50,529302.44,610850.38
2284517538,20313.83,385276.34,537853.94,600669.88
2288179333,20200.06,389806.91,543080.81,598168.06
2291839171,20248.45,387487.28,537531.25,570405.06
2295500920,20082.16,395456.38,551697.00,565876.75
2299160201,18803.33,407533.31,559660.94,550470.44
2302821984,18422.60,408921.31,566965.00,547677.94
2306481235,20215.17,403525.94,562540.06,535706.50
2310143125,21040.11,417287.56,563928.88,527131.13
2313802464,20727.36,416585.94,564973.81,523856.50
2317464781,20394.55,424234.41,576807.19,526806.31
2321123881,19721.62,431004.81,576693.13,537621.19
2324785916,19565.72,433521.41,579079.25,535095.25
2328445814,20424.76,441879.88,578272.56,536111.19
2332107741,21489.52,422900.59,569391.19,522391.56
2335770022,19999.55,402845.44,558788.75,519897.84
2339431817,19264.77,406617.88,538755.56,519287.94
2343091072,20403.64,387159.53,544506.94,525494.25
2346752980,18589.36,391348.22,550636.94,530449.75
2350416505,20121.46,381284.06,529236.31,544665.19
2354077238,19610.92,380436.09,519395.94,558412.19
2357736246,19108.99,379611.16,522310.25,601222.19
2361398028,19954.23,376291.00,523537.50,623351.25
2365057164,19155.25,378158.84,526685.88,620490.63
2368718974,20004.62,373172.03,508479.69,601850.06
2372378291,20560.96,372284.53,511679.13,609103.88
2376040108,19350.34,363921.72,536564.25,603590.81
2379699318,20388.53,364381.63,524386.19,595219.88
2383361370,20708.12,371826.63,520253.56,589028.69
2387024598,19891.80,368985.13,521001.56,586730.06
2390686454,20258.48,377346.06,521540.53,575284.00
2394348626,19366.39,374227.94,511227.47,575569.38
2398010435,19939.12,368830.06,516995.09,576681.13
2401670324,19411.59,364032.06,522479.59,572256.19
2405332215,20009.70,376580.38,537948.38,582834.19
2408994820,20124.41,376615.41,533830.88,577187.63
2412656757,20680.86,375362.66,534787.63,568074.13
2416316053,19946.21,376478.88,536380.13,564532.31
2419977862,21199.67,383199.00,539201.13,575192.00
2423640965,20698.09,380022.56,530803.56,574602.00
2427302845,18605.53,373412.31,534509.81,569513.56
2430962130,21070.44,363362.69,540485.94,568541.69
2434624030,20831.21,383787.69,536014.38,565300.94
2438283291,21176.42,375972.22,526626.81,556648.19
2441945194,20448.01,380960.94,524603.69,566598.94
2445605364,21566.23,377205.75,527099.38,559743.75
2449266116,21047.19,372229.53,529395.75,561923.88
2452925231,21434.87,386860.03,540095.19,577714.13
2456586999,21113.87,384065.38,532776.81,560341.63
2460247017,20346.16,383349.84,533228.13,564489.38
2463908811,21308.71,376729.78,552417.75,555753.63
2467571353,20801.95,365536.44,520746.88,566409.94
2471233332,22365.08,384281.56,517468.47,562199.69
2474892514,21437.94,373313.28,526558.63,562157.13
2478555433,22016.11,383774.47,516954.75,558710.63
2482217605,22494.55,384397.22,520983.63,558492.69
2485879418,20379.45,384380.59,525412.69,552694.94
2489539788,20602.26,384867.41,520742.50,558672.75
2493200519,20841.25,372796.03,541346.88,567932.75
2496859726,20772.68,385646.22,543461.50,567058.44
2500521692,20857.42,396433.22,544748.75,559720.19
2504184936,21267.29,378841.09,537001.50,575426.69
2507846703,21463.20,305831.31,536798.88,581987.19
2511509072,21548.05,371065.19,534291.69,606429.38
2515170934,21019.93,370145.84,519276.84,626789.69
2518833540,21349.07,364517.47,536674.69,643992.94
2522495349,21429.92,377467.97,526440.63,650450.81
2526157789,22275.04,373111.50,519103.72,649603.56
2529819569,21496.48,364289.34,527813.25,635866.25
2533482288,22401.43,360532.97,532566.31,561726.56
2537144067,21897.74,348852.94,528054.38,559110.94
2540803957,22248.60,349793.53,530666.56,555706.38
2544465247,21231.88,339694.81,516537.78,445091.72
2548127767,22590.73,340989.69,518874.28,430215.75
2551789647,22341.72,341761.50,518948.53,434266.09
2555448928,20786.84,349451.53,505795.16,460735.34
2559110860,22124.33,354141.06,506971.44,460131.13
2562773157,20697.03,357295.28,481788.34,445158.75
2566435174,20546.79,334777.72,483400.81,460182.91
2570094398,20643.57,356303.13,483085.69,462074.84
2573756312,21289.48,360754.38,487836.25,466164.97
2577418938,20731.37,348449.56,509123.00,476494.66
2581080795,19724.69,346787.16,495943.56,478606.34
2584740596,19978.42,331767.47,485644.06,481557.50
2588401976,20141.64,356004.31,489911.44,470105.44
2592061754,19899.94,355596.56,480047.34,478046.34
2595723499,19261.82,349727.91,481303.03,498312.75
2599385975,19380.55,346926.53,485970.97,503236.91
2603047355,20450.02,319853.97,490471.81,532676.19
2606710109,19674.41,336983.81,494260.03,520080.19
2610371587,20044.98,321681.13,486085.09,527206.19
2614034529,19850.49,320371.03,484797.53,530716.75
2617697360,20013.71,346549.00,496779.00,525741.56
2621359005,20133.62,348062.22,498450.59,512080.03
2625020833,20482.24,353743.44,496709.00,510024.41
2628683131,19932.16,341838.59,496850.88,487920.38
2632344933,20329.05,323353.19,458666.53,470777.22
2636007701,19167.29,323857.47,472044.59,459778.00
2639669484,18515.01,329224.56,462260.25,443511.34
2643328646,22064.61,332390.59,480939.66,452840.25
2646990584,30059.33,335323.78,478817.13,450201.72
2650649658,29877.59,338146.28,491489.69,462308.19
2654311540,28983.84,347551.56,489935.28,428119.66
2657970684,26369.05,345281.97,492391.59,417039.25
2661632548,23972.60,345792.75,498100.56,427095.75
2665291693,21490.46,353871.84,504450.94,432621.53
2668953555,20981.57,360016.19,508630.50,433453.31
2672613399,20463.12,365046.66,500382.41,433653.47
2676275101,19745.81,353157.03,492574.03,436874.75
2679937250,19790.07,353149.94,495494.38,450871.72
2683599044,20394.55,350778.03,500303.47,437148.22
2687258143,19032.52,349800.63,489306.16,434526.56
2690920059,19348.33,317029.34,488856.84,440648.00
2694582447,19150.18,351776.22,489243.59,439848.09
2698244242,19903.96,349162.84,482608.06,441046.19
2701903364,18477.95,337049.91,491994.69,440571.19
2705565193,19060.72,348315.13,486978.38,445522.81
2709228205,19920.00,346120.47,505711.25,457122.25
2712890179,18554.19,344469.19,514375.94,446540.97
2716552683,18484.92,350041.72,498542.41,437663.22
2720214544,19622.96,350066.50,508714.78,435294.41
2723873709,18878.74,328638.84,497794.66,422183.50
2727535835,19356.35,356895.81,481632.19,436006.88
2731198640,18892.78,350911.03,506307.94,428582.41
2734861412,20259.54,345618.31,510931.38,438345.72
2738523403,18685.78,114682.98,503798.53,424183.06
2742185148,18689.91,229765.44,483748.13,416734.41
2745844029,19170.24,189320.70,494843.16,417348.22
2749505803,19345.26,356312.09,501602.81,416076.34
2753165660,19596.76,361709.97,502539.41,413611.09
2756828336,18704.90,354671.19,499790.44,413877.69
2760490586,19315.05,364101.00,506398.47,416898.59
2764152251,19045.62,357688.06,506889.53,414882.50
2767814801,18263.04,361369.13,503230.28,421994.56
2771476633,18330.31,349272.59,510544.53,413179.38
2775135684,17855.65,343041.19,499577.88,421878.31
2778797764,18562.22,349042.47,496384.00,406298.28
2782460267,18405.61,340797.19,491600.16,412852.94
2786122159,18404.66,355376.69,494053.38,408266.44
2789784924,18203.80,358750.56,492250.66,403865.34
2793446809,18268.12,357440.56,508519.69,393153.63
2797109187,19081.73,361122.00,491684.66,391078.91
2800771016,18584.40,351424.41,494891.19,390175.34
2804430241,19540.46,353964.50,495352.88,373965.09
2808092018,18364.42,341701.91,485091.75,287419.31
2811751333,20470.20,350403.56,483930.34,293996.19
2815413258,19635.11,357723.81,478721.41,304043.22
2819076285,18875.67,357026.56,508912.22,301444.38
2822738095,19379.49,334377.53,490640.56,310704.22
2826397929,19103.92,350272.22,495596.81,300241.66
2830059740,19103.92,348927.28,499369.81,295298.16
2833722375,20229.21,359839.75,496300.91,290943.06
2837384252,19194.44,365474.59,509249.50,285950.00
2841044174,18726.03,366803.81,513810.88,279270.59
2844706030,18396.64,368381.72,517398.84,268188.53
2848369150,18360.41,363610.50,512717.44,267791.66
2852031168,19183.34,363948.88,508512.97,260490.75
2855693302,18270.01,368707.91,498862.00,248685.13
2859355184,18666.78,354833.56,504504.03,258683.78
2863018007,19706.63,350548.97,502913.28,257001.80
2866679764,19707.57,363015.47,488373.34,266390.44
2870339023,18743.14,359749.94,481029.47,262357.19
2874000813,19317.17,376126.94,486655.47,257959.16
2877660595,20465.13,369842.66,501651.22,266836.28
2881322455,19703.56,369473.97,499757.63,264731.09
2884984940,19212.49,363261.41,507414.13,253165.89
2888646838,19073.70,366969.41,497034.38,251084.89
2892306672,20570.04,364291.13,510037.88,241572.34
2895968664,18310.25,353936.06,507168.28,245961.06
2899631078,19480.04,367082.00,518139.41,247041.97
2903293815,19204.47,355537.66,521123.34,246839.58
2906956283,19815.32,363737.16,517699.53,246540.52
2910618152,18072.33,359370.38,513094.41,242023.41
2914277142,19567.61,363974.13,502614.13,245483.09
2917939400,18611.43,369119.91,505817.34,235640.45
2921598345,19809.19,373853.09,514266.53,240299.19
2925260759,19262.77,382309.63,518780.00,247049.64
2928919744,20105.41,364052.00,527208.44,243235.45
2932582402,18849.59,376855.22,521500.06,230653.41
2936244951,18911.90,372471.47,509482.47,218336.89
2939906737,19671.34,374562.28,493490.44,216368.00
2943566126,19136.13,365093.88,496416.69,212657.55
2947227996,19143.21,361176.16,496506.13,213887.05
2950887053,17989.01,361598.09,502534.94,210108.02
2954549491,19263.83,361405.00,506179.53,214878.16
2958212077,19697.42,358448.78,477725.22,223251.25
2961873871,19657.18,359964.00,492917.00,234672.70
2965536664,19816.27,370657.56,502114.91,236736.13
2969198510,19177.32,371727.72,502761.53,237490.02
2972857431,20309.81,368565.69,484170.75,234298.13
2976519275,19793.14,368906.66,495113.19,235690.97
2980179088,20017.72,368855.56,500380.28,237765.23
2983840836,19382.44,369712.94,504753.19,235690.97
2987503621,19562.65,362679.34,505143.69,238420.47
2991166033,20386.41,366524.00,502517.22,247807.08
2994825066,20068.00,372416.47,517367.44,256717.84
2998488406,19763.99,371757.00,516714.94,252238.86
3002150434,20209.03,370087.41,514912.44,232611.66
3005812320,20341.09,367223.97,520384.19,241265.39
3009472111,19040.54,368895.56,518986.75,253057.67
3013133489,19349.27,368633.22,519395.94,260804.31
3016793300,19505.29,372337.66,526926.63,263373.91
3020454909,19620.95,376971.47,534305.63,258847.00
3024114210,20085.23,371363.41,526045.63,265616.22
3027776072,20171.85,369913.81,526272.56,259395.55
3031434992,18829.53,368757.13,519420.72,47953.81
3035104833,20082.16,357313.22,503410.97,49982.17
3038767408,20010.64,363606.97,511890.75,52676.03
3042429274,20665.87,352909.41,506323.41,52086.06
3046089162,18285.11,361657.69,513136.88,280818.63
3049751031,18935.98,365311.38,524843.69,271614.69
3053413737,20987.59,363840.28,504885.59,121505.08
3057083814,20616.31,365365.78,512927.16,57133.78
3060746558,18944.12,359323.78,517095.88,60954.35
3064408502,19465.99,355607.41,527040.25,59689.68
3068068475,19455.96,354883.63,522161.31,60873.63
3071730320,20142.59,357847.63,517686.09,61283.73
3075393184,19751.83,369736.78,519283.56,65308.47
3079054990,19142.04,374919.16,533258.00,60828.89
3082714919,20524.61,374639.69,524510.81,60630.51
3086376612,19246.72,375828.34,518418.16,61907.22
3090035359,20422.76,372123.31,524805.25,63063.32
3093697948,20501.47,376360.84,537008.44,63355.76
3097356897,20114.38,386351.00,554412.31,71164.37
3101018708,19179.33,382748.53,543426.56,340764.03
3104679262,19161.27,382432.38,539083.31,463331.50
3108340925,19624.96,376606.22,521152.63,463863.53
3112003440,19863.59,370494.81,536352.50,532891.44
3115665274,18298.21,362639.69,524628.56,617916.06
3119324540,19387.51,357860.25,515836.66,713944.31
3122986465,19880.71,357849.38,517484.03,792195.38
3126645578,19471.07,356138.59,508814.63,922590.00
3130307386,18397.58,352751.03,502992.47,817443.06
3133967191,19826.30,361899.38,512296.25,605214.88
3137628979,19516.27,353080.53,505157.03,569146.31
3141288957,19354.35,357513.97,516855.97,551077.63
3144949616,20385.46,355473.34,519274.59,520235.63
3148609469,19143.21,345371.78,489286.78,471346.28
3152271308,31360.71,347270.69,510335.50,481198.38
3155934209,30857.25,357831.44,509080.88,488554.59
3159596020,30750.21,355693.09,513480.44,477491.22
3163256190,25239.04,367587.81,508623.91,484705.13
3166917957,22736.60,364934.31,515682.16,505887.91
3170576972,22473.31,367467.66,530630.00,531557.63
3174238873,21505.68,366222.47,511748.28,515863.56
3177899096,20454.03,372176.44,525562.31,530367.50
3181560572,20010.64,375259.53,526656.25,529238.56
3185219763,19711.59,384414.00,537588.88,527440.19
3188882343,20610.29,361614.38,537655.56,527344.88
3192544987,19992.59,380128.19,546672.31,534670.56
3196207508,20777.75,385466.81,525301.63,524248.09
3199870338,20352.18,382819.22,523616.69,575760.69
3203532220,20295.77,370370.66,519789.75,617349.50
3207194987,20290.81,373276.59,515823.19,684340.44
3210856868,19912.92,374108.25,528639.38,752768.81
3214516665,19997.54,359021.88,527444.81,1258546.30
3218178540,20274.65,339445.06,522362.16,959910.69
3221837628,19090.93,352569.53,522701.13,818653.56
3225499464,19447.82,377693.28,529790.31,841437.00
3229160440,20295.77,382514.16,535072.38,873827.06
3232820908,19709.58,378010.97,537690.25,825774.44
3236481170,20135.50,380437.88,538640.19,825257.06
3240142679,20371.42,390088.97,535354.81,826363.88
3243802550,19706.63,389959.28,546688.56,837167.94
3247464328,19591.80,406215.44,547584.44,945356.25
3251127236,20044.98,394876.69,551891.81,825449.00
3254790088,19884.72,390371.16,555560.06,833532.56
3258452943,20434.79,407284.66,551115.19,801660.38
3262114711,20121.46,409346.53,568086.06,796908.88
3265773917,19687.39,405940.22,569160.56,747697.38
3269436428,20346.16,414500.72,577432.63,1164027.60
3273095724,20639.55,418892.84,586043.06,1098745.30
3276758195,20208.08,417966.53,603520.56,823569.94
3280418019,18634.56,413969.03,575898.56,670673.31
3284079856,18505.10,416306.59,574135.63,772227.94
3287739749,20513.51,407726.16,557941.19,1361085.00
3291400922,20102.34,403094.59,548743.25,1416767.00
3295060789,20027.75,396989.56,555253.56,1353876.00
3298722453,19535.39,394085.50,555225.38,531573.63
3302385121,20811.04,373803.41,513670.09,543867.88
3306047000,20164.77,368053.84,524961.63,547365.06
3309706992,19847.54,370158.69,512396.56,618710.38
3313368979,19984.44,373686.00,512704.13,656890.19
3317031665,20545.85,378744.91,524055.72,677890.75
3320693501,19998.49,381843.09,522233.53,666105.81
3324352594,20950.29,377013.84,521743.66,693332.00
3328015092,20286.80,376211.69,516891.84,750695.94
3331673977,20624.45,380897.91,524288.81,801172.25
3335336493,20644.51,383007.34,526892.50,852656.44
3338999138,21416.70,379329.81,521705.28,874688.25
3342661145,20961.39,375896.56,522884.16,880332.38
3346321018,20458.04,374621.28,513641.16,895356.25
3349982904,20417.68,370768.97,523125.97,976776.50
3353642225,20333.06,374821.69,518541.59,842613.38
3357304032,19725.63,386715.91,527176.44,478614.84
3360963259,19252.74,394980.91,526365.56,589609.88
3364625092,20219.18,392913.81,523994.59,831918.81
3368284983,19911.98,390498.97,516921.09,949953.25
3371946780,20568.98,378484.22,528878.63,1205821.40
3375609715,19526.42,366028.22,508841.19,1327132.60
3379271204,18832.48,368498.31,527053.94,1303420.40
3382930159,19486.17,360934.47,519647.91,1270192.90
3386592300,19852.50,363245.13,514581.66,1253411.10
3390251153,20086.17,352021.56,496602.09,1173756.50
3393912986,19858.52,358919.31,496602.09,1079830.00
3397572859,19523.35,370090.94,499856.16,1010067.40
3401234731,20648.64,358664.28,490452.22,1006451.80
3404897641,18663.71,362780.50,505507.91,942144.00
3408559417,19998.49,365552.72,501416.13,919762.44
3412222524,19984.44,364122.72,502530.56,964411.25
3415884459,19225.59,361955.31,506650.53,965033.44
3419544664,19876.69,360867.91,503247.88,1012614.00
3423206117,19718.67,361527.75,503794.06,1063338.00
3426865350,20629.52,358720.00,502906.81,1073016.90
3430527205,19376.54,355610.94,494505.88,1104412.50
3434187037,20167.84,350249.19,500792.75,1098189.90
3437848012,19202.46,358508.03,502363.34,1021839.10
3441507496,20353.25,355653.78,514769.28,490510.75
3445169724,19031.57,349745.63,494769.28,578471.81
3448832655,19343.25,346741.25,504786.22,696412.63
3452495039,21896.67,347648.81,500614.91,859261.00
3456157947,27450.21,340038.81,499111.38,1000565.80
3459819781,29248.32,345680.03,477176.56,1201237.10
3463478855,30040.80,325969.28,484140.66,1230811.30
3467140792,29464.76,339450.38,478472.03,1232746.50
3470803621,28135.65,333444.72,479748.63,1228845.80
3474465620,26245.49,332805.06,475217.38,1247399.30
3478128360,24949.07,330616.22,476388.44,1121529.90
3481790263,23896.48,340021.22,500187.31,917086.88
3485450136,22574.56,342925.28,488835.38,911715.44
3489111928,22719.37,339277.72,496416.69,926767.31
3492774251,23809.14,346515.38,501277.81,1000444.80
3496437016,24319.80,356206.47,513415.75,953855.44
3500099336,22266.89,377104.25,516602.69,942988.56
3503762150,25549.54,385056.00,515639.69,968538.31
3507424903,25164.81,379626.03,507301.16,969561.56
3511086738,24962.29,387386.13,522197.41,981489.69
3514746625,22592.74,392115.56,520127.50,998022.13
3518408514,22195.02,392966.69,511398.72,945138.13
3522067565,21894.67,386416.38,516463.91,943538.50
3525730624,19940.19,387590.31,508663.78,939140.94
3529393359,21317.68,392468.31,510471.13,932742.56
3533055130,20320.91,388122.69,519981.06,915060.13
3536717831,20835.35,386154.63,513757.31,910755.38
3540380354,20827.20,384734.88,504636.22,924292.75
3544043068,19437.90,385377.13,501591.84,930292.63
3547704863,20110.37,381245.00,496484.41,964037.88
3551363866,20581.14,384512.88,489864.00,1105617.40
3555025968,19231.61,392389.00,479656.94,1118500.90
3558685100,19670.40,384917.94,489256.47,1148287.80
3562347591,19069.69,388946.56,489543.94,1174371.40
3566010306,19389.52,378824.59,486194.75,1177335.50
3569672208,19263.83,383312.78,501866.47,1185702.50
3573332102,20403.64,390589.38,481290.28,1145014.90
3576993936,19340.30,390173.59,500062.22,1159487.80
3580656640,19852.50,391135.44,495708.00,1167418.80
3584319742,20347.23,389748.59,495864.94,1227981.30
3587981897,19269.85,392481.41,498566.47,1206274.10
3591644115,18496.01,390659.09,500073.31,1227971.00
3595307004,19173.31,396057.44,508233.63,1228039.30
3598969607,19605.96,391127.88,515657.50,1258910.60
3602632434,19874.69,392760.75,510575.56,1298539.00
3606293870,20232.28,391114.66,526029.69,1282762.00
3609953161,20135.50,391271.03,503080.53,1318791.60
3613615684,19060.72,396765.31,517733.19,1341905.60
3617274610,20472.21,401559.41,512026.56,1349728.30
3620937121,20261.43,399087.78,520499.03,1346829.00
3624604930,20525.67,411713.13,524744.13,1326899.50
3628265678,19500.22,392796.75,502763.66,1357831.30
3631925958,19403.56,397171.88,493247.09,1354798.50
3635587726,19057.65,396911.53,502957.31,1318676.30
3639250173,19227.60,384345.06,491686.78,1331312.60
3642912153,18865.76,389286.34,501642.38,1307796.50
3646572085,19597.82,393238.63,491656.47,1293492.40
3650233895,19506.24,400117.38,489688.63,1281380.60
3653896742,20106.35,392902.50,493307.88,1292129.00
3657558584,18975.28,402466.25,496434.16,1257767.80
3661217364,19876.69,409184.16,511374.28,1251434.80
3664879740,20327.05,401324.31,509669.06,1186651.60
3668538833,19675.36,407014.75,511567.97,1190147.30
3672201219,19073.70,405311.31,518171.03,1242472.30
3675860301,19258.75,402485.50,525088.50,1214088.90
3679523197,19080.79,412221.69,515254.81,1248284.40
3683185716,18710.92,395695.25,513772.88,1268091.80
3686847804,20687.00,393943.75,500792.75,1331801.90
3690507028,19471.07,396416.00,501826.94,1361107.30
3694169273,19946.21,397403.69,505143.69,1330541.30
3697828270,19741.80,399972.31,496453.75,1356613.10
3701490137,20380.51,390787.03,509402.59,1288022.50
3705150140,20158.75,399665.25,514402.84,1157956.40
3708811910,19958.24,399194.47,504307.53,734069.31
3712474660,20181.88,403690.69,501660.06,718944.38
3716136522,21109.74,406525.34,512880.31,671777.00
3719795465,21423.78,394570.09,504082.84,620350.06
3723457726,21366.19,386410.97,492194.38,593049.25
3727116929,20783.77,377233.47,490854.88,543791.25
3730778731,20103.29,374715.00,496569.28,774303.13
3734438002,20040.85,381824.47,501110.94,690388.19
3738099843,20562.96,373882.50,499558.19,676271.81
3741759636,20605.33,380547.28,486913.81,749571.81
3745421461,18740.07,387099.59,495045.69,769909.75
3749084227,20993.72,385797.63,492964.69,802411.69
3752746072,20279.72,383353.59,494373.22,819393.38
3756406441,20403.64,389299.56,493553.47,793545.06
3760068061,20789.79,386556.84,488492.06,547696.69
3763730809,20759.58,390267.66,492146.59,558369.56
3767392643,21088.49,384192.00,492801.94,633978.69
3771052825,21314.61,386620.44,490796.34,771949.06
3774713411,19532.44,397835.25,484765.31,740396.56
3778373341,21091.56,387283.09,499396.13,679785.56
3782035211,19558.64,389370.84,504753.19,789296.19
3785694113,20109.42,388188.41,493273.19,743755.94
3789356835,20763.59,397595.69,504572.25,676290.94
3793019421,19465.05,401200.06,508413.25,657479.56
3796681647,21012.84,391500.94,498209.84,579064.56
3800340901,20263.55,389316.44,499858.28,462695.75
3804002805,19731.77,384274.16,498393.59,785957.69
3807661901,20146.60,387350.50,486125.81,930598.38
3811323808,20046.87,389891.53,491964.38,966155.31
3814986748,19960.37,385840.59,496312.00,989094.56
3818648634,17884.80,386175.16,485818.25,987070.13
3822307889,19128.11,384697.72,483332.13,1079301.50
3825970068,18351.44,385771.44,494495.00,1061005.50
3829633949,19095.89,387665.38,488211.53,1040632.70
3833294703,18340.34,391523.47,497742.00,1052031.50
3836953793,19832.44,390619.47,493951.31,1055247.90
3840616579,19746.87,395158.88,493366.53,1078076.00
3844278968,18520.08,403796.19,492524.00,1100444.00
3847941433,19221.58,393654.38,507418.47,1034887.80
3851600471,19747.82,409717.81,508535.16,1048788.10
3855262400,18903.88,397388.44,494105.56,1051817.40
3858922260,19768.94,395408.94,498017.47,1094197.90
3862584167,19501.28,385425.75,489719.09,1123870.30
3866243245,19273.86,389577.59,489217.63,1134396.90
3869905292,19327.09,396158.00,494453.69,1119937.60
3873565237,19543.53,389081.69,493512.16,1114544.80
3877226710,19161.27,396226.34,499277.88,558831.25
3880885962,20582.08,398175.88,501145.97,461427.78
3884547856,20305.80,392060.81,496371.00,594681.69
3888206869,20613.36,384865.66,497674.38,857436.00
3891868899,19529.49,383305.22,473697.06,443537.66
3895528124,20747.54,362643.25,457931.28,732263.31
3899189956,19035.58,380578.78,471911.72,908425.19
3902849815,20423.82,379503.88,476048.81,952259.75
3906511254,19936.17,383182.25,479554.50,928775.50
3910170462,18677.76,384479.38,487396.38,917561.06
3913832445,19800.22,395896.25,478964.19,906988.69
3917491605,18834.60,396427.44,480871.47,894317.94
3921153920,20177.87,384992.50,484451.84,885007.06
3924816708,19640.07,384583.81,473978.44,894177.69
3928478590,18982.36,390760.59,484140.66,937257.63
3932138798,21138.06,396311.66,484430.38,893448.81
3935800278,19100.85,401255.41,498433.00,903346.44
3939459622,20309.81,396974.31,499564.78,904515.44
3943121737,19695.54,401704.69,500314.44,918093.06
3946780581,19360.37,399253.47,495335.41,926636.56
3950442417,19910.92,399316.50,493829.50,965301.69
3954102450,20033.77,375300.00,504025.38,972443.50
3957764455,21010.84,396890.78,509866.75,966759.81
3961423285,20682.99,404671.53,511643.50,1026971.90
3965086298,21501.55,389292.13,514635.22,1130255.90
3968748634,20002.62,375064.44,510195.44,1100456.80
3972410989,20524.61,379144.75,498734.88,1216134.10
3976073881,19536.45,399461.19,503122.41,1318934.30
3979736167,19585.78,393423.78,509304.88,1299501.00
3983399121,19492.19,388351.53,495562.00,1313173.60
3987060911,19247.78,388089.06,509846.69,994543.19
3990720282,18826.46,397768.69,484773.94,1306348.60
3994382538,18498.02,398840.19,500944.06,1316058.40
3998039900,19562.65,391327.44,494610.44,1321626.90
4001703731,18987.31,399428.84,512548.09,1278958.50
4005365764,19457.02,400642.31,512427.72,1277180.60
4009028976,20068.00,403550.72,492977.78,1298213.00
4012688177,18405.61,403489.34,500055.75,1301646.10
4016350904,19445.93,404030.34,500062.22,1307327.80
4020013552,19798.09,390728.75,501372.22,1335555.30
4023683537,18524.10,403364.84,511331.94,1305801.80
4027342735,19030.51,404506.41,510513.38,1310897.50
4031012022,20230.27,401081.56,516817.84,1281222.50
4034672307,20073.19,406223.09,514007.38,1269351.00
4038334140,19162.22,404512.09,504728.88,1293332.50
4041993279,19883.77,411292.28,515832.16,1268167.30
4045655913,19587.79,410571.44,510206.63,1278435.30
4049318659,18641.64,420869.38,524991.13,1288576.00
4052981770,19071.81,421146.59,524864.25,1254002.90
4056644128,19747.82,413115.31,511877.41,1261610.90
4060306024,20003.56,416816.44,528113.63,1250814.90
4063965264,19059.66,419084.97,517499.75,1252099.90
4067627741,18665.72,403807.88,509635.78,1241714.60
4071286770,20520.59,404875.22,505276.13,1258845.80
4074949312,20017.72,402866.56,514744.88,1265120.00
4078608410,20286.80,409135.75,507916.88,1238483.50
4082270266,19409.70,402539.06,500316.69,1277617.40
4085929757,20972.48,399327.94,510135.59,1299320.30
4089592330,20587.16,402839.78,504514.91,1295889.00
4093255648,19961.31,397875.16,503650.91,1298053.00
4096917449,20454.03,401245.97,500018.44,1250250.10
4100576494,20917.96,407568.03,497355.28,948089.63
4104239881,20511.51,395989.25,494116.53,441841.28
4107902043,21060.29,404270.28,496316.38,469867.66
4111564263,21514.77,398063.50,494736.59,475427.31
4115223484,21833.06,403602.53,504058.53,481938.09
4118885426,21445.02,415758.19,491855.91,588233.81
4122545487,22244.59,394104.50,503813.88,698957.69
4126207193,21983.65,409919.03,507438.44,709928.81
4129870160,20460.17,415633.19,518409.06,699803.13
4133532877,21274.25,423855.34,517775.78,665410.13
4137192181,20906.87,430883.16,531637.63,668807.56
4140854938,20753.56,436081.09,537579.56,655154.06
4144517712,20333.06,431166.38,538940.19,787275.94
4148180660,20221.18,437971.25,530169.00,899799.31
4151843153,20199.00,425513.25,515192.03,1084498.00
4155505854,20359.26,408726.00,512389.84,1287694.60
4159168128,19264.77,407548.66,509276.06,1142115.90
4162830094,19638.18,408467.31,507919.00,1146176.90
4166489998,19697.42,408285.81,500193.94,1113155.30
4170151925,20370.36,404158.84,505490.31,1085825.00
4173814492,21236.01,416205.13,517315.75,1101557.90
4177476453,20800.88,415005.47,523623.53,1073794.60
4181136702,21358.16,425728.97,518577.59,1081095.90
4184798550,20305.80,441165.50,526774.38,1082935.80
4188457853,20631.53,436229.69,525285.69,1052550.50
4192120539,21725.90,431262.09,521615.13,1059424.40
4195783473,21443.96,439934.94,521303.78,1044250.60
4199446412,21655.21,441244.47,516853.72,1036707.40
4203108914,20803.95,436499.00,521815.88,1080447.90
4206771205,21051.20,437731.56,524503.94,1086901.80
4210431147,21205.57,443811.69,528168.13,1087685.60
4214093104,20868.51,433371.41,520084.78,1095137.50
4217753003,20478.23,432010.44,511926.38,1112002.40
4221415081,21970.55,441260.63,513112.34,1096615.40
4225077918,19871.74,439880.44,522179.38,1117259.60
4228740962,20842.31,441778.50,521003.91,1140568.50
4232403031,21165.20,393714.94,515312.88,722852.00
4236064918,21168.27,403487.56,517930.63,661956.69
4239724541,20856.47,386438.94,508065.22,51633.70
4243386883,21004.82,381826.34,510084.50,47793.19
4247045997,21729.92,378319.69,515744.81,42519.95
4250715410,20789.79,368485.56,502904.44,41685.92
4254375611,21022.88,410865.91,498113.66,40301.57
4258037445,21010.84,399084.00,507775.00,37442.96
4261696531,21876.49,409298.16,520021.66,39971.60
4265359170,21614.73,378201.34,511850.72,40422.19
4269021898,21341.99,372398.19,511452.19,42238.00
4272684716,20568.98,406184.63,514431.88,40724.20
4276347295,21240.97,379663.22,500931.06,41497.80
4280010243,22519.80,400692.00,497066.97,43319.63
4283672730,21285.46,407111.06,505746.66,43117.23
4287334566,23007.10,409307.72,521493.22,41421.20
4290994455,21479.37,423249.69,499025.91,40499.84
4294665588,22994.94,415221.69,511993.28,40575.26
3370419,23020.20,414006.09,502997.09,42061.21
7033292,21582.39,425159.31,514373.69,41050.51
10693437,21949.31,428650.03,513654.50,41194.38
14355127,22866.19,427851.53,520523.81,41293.04
18014219,21062.29,423689.53,526231.69,40953.97
21677140,22776.14,416955.22,524359.00,38846.78
25339655,21726.85,423271.16,527836.06,40359.29
29002710,22720.44,409843.50,516786.44,38860.35
32664998,21067.37,410924.06,518694.44,39354.96
36327734,21388.49,403445.22,504561.16,39692.96
39990455,21899.74,385444.41,512037.66,39748.43
43652393,20998.68,354091.13,510955.94,39283.79
47312378,20695.02,401154.16,520559.94,39477.46
50974070,21445.02,408760.81,512057.72,38317.12
54633021,20951.24,405869.03,505472.72,38110.47
58295802,21466.27,405651.66,514539.16,37652.44
61958352,21481.37,401175.28,514078.78,37424.20
65621352,21256.20,405424.72,503298.63,40078.40
69283883,21723.90,413331.03,519927.00,38367.27
72946732,22237.63,419139.84,517196.78,38309.80
76609171,22825.71,431262.09,536633.19,39442.76
80272158,21752.22,428065.97,539309.69,38305.55
83934857,21722.84,430677.91,544221.06,39834.34
87597810,23674.13,438889.91,542593.50,39668.88
91260457,22939.12,438555.22,557626.63,38871.91
94919055,21919.92,446011.41,546513.81,40256.61
98579484,22255.80,453214.59,560607.50,39071.60
102241388,24087.31,458374.44,562594.69,40014.56
105904436,23702.57,452677.97,565707.19,40627.66
109566803,23136.80,457484.22,554440.56,40180.02
113226699,23104.34,449317.56,556112.25,38808.18
116889187,23172.21,426067.34,520291.91,40478.84
120551573,22057.53,427270.28,522321.69,39343.51
124214069,22802.34,419359.47,520541.88,39152.09
127876862,22548.25,408617.78,523361.19,38957.48
131539107,23086.05,412963.66,513058.75,39396.74
135199290,21763.20,412835.38,513699.25,40503.97
138860052,21573.31,418798.78,510246.66,39481.59
142520032,23784.71,413745.41,512505.72,39707.71
146181958,20556.94,409487.56,505591.94,37872.54
149845071,22804.46,410852.31,509229.56,40551.18
153522172,23502.77,417080.31,510240.03,39229.39
157182319,22374.17,415931.78,521529.31,38647.21
160844157,23738.10,408137.09,503040.97,40899.45
164506754,22998.96,420900.78,521527.19,39462.71
168169059,22536.09,427617.50,502400.75,38390.29
171828295,23035.42,406296.38,500470.09,38932.46
175491209,24798.60,412159.59,503313.97,36427.66
179153793,22958.47,408886.41,504115.88,36875.06
182816123,23611.35,415836.19,516486.22,38324.43
186475943,23200.53,414185.25,518220.47,37182.38
190137875,23577.83,421339.22,516517.50,38307.79
193797788,23888.33,415978.63,517504.34,38279.59
197459965,23757.45,423596.88,508078.56,38398.66
201122578,23259.42,375154.59,499043.50,38733.95
204785149,22598.88,406762.31,505786.31,38486.35
208448753,22581.65,415143.66,524993.38,38735.96
212109346,23487.55,416410.09,516669.97,39914.95
215768325,22627.20,415645.00,512891.41,40451.46
219431280,24911.54,412479.91,522301.28,39128.96
223093494,25924.37,434566.59,549463.50,39353.89
226756813,23834.52,430259.53,532355.75,38058.19
230418988,25958.12,437822.19,531504.94,39910.82
234082046,25473.19,426152.53,538972.50,37419.00
237744787,25518.03,426760.81,549763.31,39495.16
241407760,25718.66,435236.22,537542.75,39546.50
245070386,26960.79,437904.69,546150.19,39256.65
248733272,28153.00,447952.44,552013.88,40716.76
252392372,27377.63,445706.00,557792.25,39903.38
256055205,28879.16,445099.84,561802.56,39554.76
259715099,31698.59,449229.63,557555.75,40080.53
263376967,28758.31,440100.53,550044.19,40457.83
267037129,29844.66,442819.75,575697.69,40755.70
270698934,28563.58,442574.53,556650.63,39880.49
274358025,28549.30,457811.13,568923.13,38627.27
278020820,28591.20,446439.13,573109.56,40311.13
281680006,28793.13,435784.03,562190.25,39335.13
285342601,29532.62,442900.84,548222.00,38415.30
289002396,26855.76,434572.72,526526.88,39020.26
292664342,28207.17,425509.34,526753.94,38562.59
296324284,27550.53,429435.44,527683.56,39529.74
299986049,27123.30,429493.13,528470.88,39145.71
303646233,26717.91,424364.69,538047.50,37680.65
307308205,29161.11,431758.84,545966.06,38225.30
310970863,29808.78,439995.50,541666.38,38095.83
314633823,30640.10,435087.75,550430.69,39955.90
318296548,29229.91,422421.78,549702.25,38121.91
321959229,28123.26,423531.75,548638.00,37210.59
325622141,28628.14,428477.13,552020.81,37863.10
329283970,28370.98,431505.34,553381.44,38348.51
332943976,29555.16,442015.34,557884.50,38113.54
336605849,29176.56,438206.81,554219.25,38001.89
340266033,30970.43,422441.50,570378.63,39165.66
343928333,28846.35,437971.25,558847.88,39578.96
347588374,30328.53,429749.81,562332.94,38989.93
351250198,29627.04,429421.50,558454.88,38841.58
354909478,29451.54,438317.63,562159.31,37385.61
358572410,30197.06,441458.91,550941.69,38743.28
362235214,30158.00,439444.47,553734.31,39337.14
365897640,31167.04,431792.72,551910.50,38471.72
369557012,30439.59,429373.81,554812.75,39164.60
373226832,31000.29,425287.84,535345.69,38855.16
376886769,29412.48,420780.88,532216.13,36551.46
380548654,28587.19,423220.06,543993.31,38371.40
384208443,30405.71,417422.56,524107.66,39144.65
387870269,28782.86,413148.34,522649.06,37705.67
391532990,30205.20,421911.84,543835.25,37630.61
395195261,30119.99,422242.63,534748.44,35995.13
398855268,29806.66,420555.00,531921.06,37947.72
402518039,31605.95,424783.53,541193.94,38194.02
406180623,32815.15,421335.44,544123.50,40216.72
409842524,31344.19,425948.63,538831.81,37938.16
413502678,31744.97,423829.63,535556.94,38578.29
417164517,30955.08,427794.03,542377.88,38004.96
420824516,31941.95,410015.81,544841.75,39350.71
424486359,30463.31,428653.91,558189.69,39316.25
428146281,32296.82,418021.16,548815.75,37973.80
431808562,32166.77,431270.00,538921.88,37373.10
435471591,33129.20,430074.38,564260.19,37037.57
439133928,33620.39,372401.84,535246.81,38932.46
442793180,32126.52,431102.53,551234.81,37894.50
446455557,31588.37,429853.31,557019.19,36982.34
450115408,32370.11,422849.38,550573.56,37554.37
453777366,32037.77,432048.22,548439.38,40921.40
457437279,32553.75,429926.84,529872.44,37543.04
461099062,33031.01,419995.22,542581.94,38593.87
464759240,33135.34,417743.34,534824.44,40195.71
468421137,32892.45,429938.88,528106.75,37536.67
472080354,31107.45,379842.84,537521.94,37584.70
475739062,32362.79,415660.59,540564.56,39047.52
479398347,34363.77,423401.44,537611.75,37316.80
483061170,31397.77,430247.50,526692.56,37668.14
486720355,31975.93,428485.16,535963.88,39516.17
490383399,34121.37,432909.38,548362.31,37186.51
494045656,33262.56,438112.16,556100.44,38724.51
497708490,34667.43,441246.34,547096.69,39073.61
501367642,34524.40,448804.28,551094.06,36978.21
505030920,35140.33,446109.25,558303.50,38141.74
508693630,35616.88,449368.66,563859.63,39339.26
512356322,36582.62,452008.34,579353.88,38923.02
516016540,37178.25,456901.09,563528.44,38213.73
519678401,36413.03,458691.41,571037.63,40721.01
523341780,35648.04,453467.50,559924.06,38882.30
527004865,36438.05,456446.50,567247.63,38865.54
530667649,38270.14,454334.22,565501.69,39623.92
534337193,38256.57,453543.75,568249.00,39106.06
537997771,36622.27,454968.81,577621.94,39829.15
541659682,38059.25,453854.25,571600.81,37973.80
545318845,37636.86,453138.47,564269.75,38854.09
548981761,37504.33,456797.72,558947.50,39071.60
552640865,37314.68,452573.06,560358.19,37539.86
556303686,37578.45,453424.31,565062.19,39660.50
559963602,35564.95,449951.91,559556.56,37298.04
563625510,37495.01,449929.47,556995.50,37691.04
567284865,38105.16,455144.19,570414.75,40240.80
570948291,38387.10,464412.53,577129.44,40399.18
574610698,39439.81,471367.41,577896.13,39613.42
578273956,40057.40,460916.28,581372.56,40318.33
581936656,39454.33,459296.72,587643.75,39272.35
585599825,40158.07,455183.25,573198.88,37435.64
589262716,38095.83,455253.34,596183.13,38722.39
592925395,40664.36,453947.00,579200.81,39569.52
596584441,40131.87,461510.97,591501.69,40052.20
600246773,40450.51,457985.22,578304.19,40120.30
603907383,42519.00,462143.53,595924.75,39940.09
607569140,40138.12,453730.91,595875.19,36955.32
611229384,40054.33,463740.31,592191.19,39299.49
614891210,39738.04,460469.47,592591.63,37531.48
618551409,41399.13,478320.88,588509.25,39149.96
622213329,41516.80,471122.88,588027.31,39530.69
625873468,40798.66,477499.69,586406.06,41062.08
629535250,40122.43,474846.56,595862.81,40348.78
633195505,41849.96,471673.19,589846.44,39996.73
636857399,40230.29,475834.47,591548.56,38912.63
640517841,41291.98,481756.34,581340.81,39766.37
644179863,41679.66,464047.03,590378.88,37828.76
647842724,41731.12,469299.63,582131.06,38055.12
651505759,40947.60,463930.31,590063.31,39100.87
655168317,41626.08,478847.00,594436.13,38916.88
658831776,41862.59,487644.22,598629.00,39325.69
662494446,44217.62,483220.72,589361.13,38560.46
666157427,45286.50,484773.94,606945.44,42672.78
669816745,44437.37,484754.56,601027.25,40385.48
673479925,45337.25,477042.63,600430.06,39825.02
677138990,46403.06,486143.03,593546.75,38976.36
680802273,48158.10,488485.56,602921.56,39591.46
684465087,47321.24,498266.84,594156.19,42008.69
688127959,49428.20,488628.13,605913.63,40133.87
691788055,49602.16,491660.81,621133.81,39485.84
695449905,50094.29,491860.28,622811.81,39058.97
699110461,49989.72,494919.41,609659.50,38673.29
702772126,51195.74,499626.16,618786.94,38402.80
706432582,52241.49,505998.50,600809.88,40516.60
710094449,51255.70,491119.25,608674.63,40684.30
713754385,51245.90,479695.41,605745.19,39977.85
717416300,53709.75,424653.03,593819.25,40258.62
721076883,53326.89,478012.38,582441.06,40060.58
724738718,55552.23,478154.94,584793.13,39350.71
728397991,52549.40,476535.03,586445.38,39081.98
732060700,52092.44,478310.25,586327.63,42006.57
735720757,51825.48,475908.84,580429.56,39291.11
739382637,51768.60,474723.69,564021.75,39241.90
743042562,48181.58,475045.78,563344.81,39568.45
746704453,47762.39,475374.34,578639.38,38923.02
750364215,44986.03,476053.16,568045.31,37838.08
754026494,41940.36,472152.22,562325.88,38461.21
757686729,42670.54,469686.63,569194.31,40950.79
761348802,42744.29,464640.19,559300.50,37644.18
765007987,40387.61,457687.09,571742.94,39405.12
768671597,40719.00,459852.81,565700.00,39822.78
772330098,37446.03,464155.63,573565.69,37267.82
775993058,38252.44,467415.97,572943.06,37361.65
779656097,38729.70,448027.97,559973.88,39377.03
783318149,37997.76,408090.84,549875.38,40324.71
786978606,39431.43,407008.97,518128.31,38588.67
790640373,38861.41,432477.69,495039.19,51340.31
794299676,35259.76,426871.75,515456.03,46641.70
797969627,35128.88,436499.00,527924.81,45863.49
801629684,32999.97,430647.94,486612.41,42530.57
805291563,29658.78,434035.84,511950.94,40519.67
808950572,22791.24,418357.97,512224.97,40501.85
812613875,20134.56,416570.25,502130.25,39051.66
816276040,20112.37,419432.06,497425.25,37949.73
819937935,20779.76,414331.22,494051.16,37652.44
823601326,20271.58,416062.53,510820.22,35623.02
827264137,20866.50,418796.78,503822.84,35683.32
830926648,21261.15,414101.56,503333.78,36553.46
834589562,20012.65,409269.13,487051.53,39024.39
838252086,19841.40,395858.25,494412.41,37049.02
841914812,19399.55,403846.13,502721.97,37231.36
845577589,20479.17,408154.44,488384.06,37465.86
849240229,19899.94,404327.88,490629.72,36120.82
852899431,19807.30,407778.22,502875.88,36279.90
856562243,20245.38,411342.69,518984.41,36120.82
860224515,20082.16,424319.25,512407.66,33577.90
863887574,19596.76,415736.69,524900.38,29418.62
867550218,20737.39,422543.94,525789.25,27270.35
871212922,20351.24,423046.56,523874.56,26385.34
874875674,19826.30,419728.28,528229.63,26451.67
878538849,21112.69,418994.81,528154.56,25220.75
882201185,20832.28,417518.28,524513.06,25122.08
885864086,20750.49,422490.72,523349.84,26385.34
889527059,19688.46,412594.50,524200.53,25098.72
893188987,19563.59,427218.59,516862.69,25377.47
896849170,20685.94,412666.38,532831.81,27624.05
900510887,19341.25,404281.72,511755.03,25372.40
904170212,19764.93,419402.78,517567.13,24893.13
907833101,19577.75,415134.00,517147.59,24956.27
911495640,20376.38,423011.03,514809.66,24190.81
915157548,19458.91,422116.59,529142.88,25976.41
918817454,19961.31,419912.75,527485.75,25014.22
922479250,18891.84,429648.22,544627.75,25694.23
926139188,20367.41,425206.63,539480.56,26669.88
929808420,20756.51,421789.81,514563.72,23975.55
933469021,20259.54,427913.13,536617.25,24905.29
937126852,21116.82,435769.88,533874.38,24533.30
940786377,21097.70,425129.56,538554.94,25176.96
944449510,21084.48,432849.44,542735.00,26459.81
948112117,21081.53,439220.59,537860.69,24115.75
951775666,20827.20,431457.41,535665.06,25441.68
955439243,21607.65,440502.59,542060.31,25301.12
959100541,21098.64,437327.25,543884.00,25359.18
962759812,20425.83,449608.00,548904.56,24402.18
966421619,21399.47,427659.16,547493.44,25585.18
970082174,21054.27,405032.66,541830.88,25563.82
973744167,21107.73,420401.81,542447.38,25977.47
977403264,20999.74,419275.22,545856.69,25486.40
981073373,20004.62,409754.53,536773.63,27143.72
984733982,19556.51,404638.84,540916.25,24578.97
988395046,20023.74,359791.25,549725.75,24394.04
992055208,20650.65,404725.22,533161.56,27209.10
995717008,21556.08,415042.28,533303.69,23638.61
999376552,20567.92,420199.41,527092.44,24618.62
1003054333,19961.31,437922.88,550536.06,24060.87
1006713523,20609.34,439557.53,546823.81,25181.09
1010376755,21577.32,460488.22,546546.38,26219.05
1014039620,21873.54,433547.50,561847.75,25945.84
1017702555,20158.75,444739.91,564887.88,26075.31
1021361300,20710.25,425718.94,557498.94,26522.95
1025024282,22819.57,442517.88,564620.56,28370.98
1028684075,22627.20,454107.63,566675.50,27212.17
1032345999,22613.04,444032.84,570092.69,28291.20
1036006597,21888.65,454218.81,576414.50,28017.87
1039669476,23466.30,457192.59,572856.44,29288.33
1043332133,24213.23,462308.19,586781.63,29823.06
1047002352,22616.11,463287.72,586070.00,27444.19
1050662840,23180.35,473709.59,592030.44,29466.89
1054324805,22941.13,468534.66,584876.44,28927.43
1057984991,24279.21,484907.06,580025.38,28915.04
1061646948,23963.39,470478.28,572017.56,24982.59
1065307535,24203.08,481200.50,591200.56,25408.04
1068969440,23383.10,458409.59,570035.00,28483.69
1072632298,23210.80,475058.53,579278.56,28684.55
1076294557,22642.43,461409.00,579808.81,28340.29
1079954425,22635.34,453576.56,576102.00,28469.29
1083616301,22475.31,454064.44,579840.44,29261.77
1087276824,21311.66,456425.84,590650.13,28720.43
1090938275,22752.77,459354.78,581311.50,29376.61
1094598413,23192.50,464251.69,576778.00,27800.96
1098260711,22901.71,463252.31,592960.19,28227.71
1101920660,23758.40,479915.03,579740.69,28385.38
1105582962,22576.57,457010.75,582009.13,27860.32
1109242953,22272.91,465359.28,585513.50,27905.40
1112904750,22702.14,470505.53,594877.50,28182.63
1116565382,23894.35,477837.94,575600.81,28740.85
1120227176,23548.33,465173.28,590507.19,27854.18
1123887561,22765.87,470038.06,588433.06,27109.97
1127549399,23190.50,465112.50,571321.63,29467.95
1131209741,23236.05,472040.47,600837.38,29290.45
1134871635,24681.64,470246.47,581004.44,28934.63
1138531857,24352.38,480032.34,588664.25,28523.69
1142193639,25649.38,484670.78,606094.69,24948.13
1145853880,26168.07,491045.47,609386.63,24094.39
1149515709,24285.34,486132.44,593098.75,22446.99
1153175921,24955.21,484952.25,588681.56,21419.77
1156837739,23852.81,473369.22,563347.44,21787.51
1160498163,24342.23,473967.81,568287.50,19956.24
1164159986,23286.80,465746.38,573894.13,20308.87
1167819692,23279.72,463066.56,564172.00,20497.35
1171482100,23936.01,464109.72,581750.44,19488.06
1175142510,22641.36,458498.69,563800.00,20651.71
1178804303,22915.87,455362.63,562226.00,20133.62
1182463666,23726.88,467388.69,564391.50,19477.09
1186125535,21469.33,459062.34,563516.56,20386.41
1189785972,22573.62,401228.72,566711.50,20442.94
1193448258,21553.01,396216.91,558033.56,19941.13
1197111104,22569.49,418536.31,552086.69,18265.05
1200773016,22164.81,411177.94,551980.94,18308.24
1204432954,22999.90,446950.72,555935.25,20054.90
1208094750,22989.75,445708.00,552119.50,17739.40
1211754684,21853.24,439761.34,556168.88,17838.65
1215416476,22705.21,410321.72,550437.63,19455.96
1219076893,22993.88,437908.72,586570.63,19103.92
1222739453,21796.71,446430.97,559608.75,17534.88
1226402422,23636.60,454884.31,563854.88,19049.63
1230064192,23054.66,448890.09,559651.38,19590.86
1233724215,22022.13,443148.09,553856.69,16340.54
1237386172,22968.51,435910.56,543173.56,16475.55
1241046055,21358.16,424384.53,519771.81,39588.28
1244707791,20482.24,440462.00,552664.50,37777.66
1248370234,21288.41,436794.28,547610.06,37664.95
1252032512,21434.87,432354.00,547269.44,35545.25
1255694871,19882.71,428848.75,538577.88,31025.07
1259356658,19884.72,434933.50,543726.13,29594.23
1263019043,20790.85,442151.19,547755.00,30330.66
1266680900,19637.00,422569.53,546052.25,29665.98
1270340055,20801.95,428868.72,539711.50,28664.02
1274001935,20429.84,417993.91,537579.56,27826.57
1277664970,20714.26,419396.78,547701.19,27315.32
1281326919,21392.51,414979.97,545360.75,28637.35
1284985955,21046.13,418677.44,548182.19,28516.50
1288647844,21852.18,426148.66,544083.94,28754.18
1292307129,21798.60,388922.13,566125.44,28356.70
1295969074,21466.27,414642.91,559215.25,29085.34
1299631850,21241.92,416296.94,537669.50,28036.40
1303293831,21158.24,419836.25,556083.94,27747.85
1306956553,21166.27,410679.91,570681.69,28338.29
1310618361,22169.77,372801.34,546448.56,28136.60
1314280953,21670.32,411593.00,557089.94,29116.02
1317942766,21789.63,364658.84,556560.75,28639.47
1321601790,21559.14,397966.50,569686.56,27709.02
1325263638,22334.75,408911.53,600619.94,27421.65
1328922704,20190.03,409901.47,610764.38,28193.96
1332584570,20600.14,413790.13,590526.88,27894.07
1336247716,22102.03,418483.44,578226.31,27746.79
1339908917,22512.84,385405.22,606965.63,27579.08
1343571425,22615.04,409690.69,564222.19,28126.45
1347233333,22144.51,377069.19,567889.69,28393.64
1350895982,23722.87,361825.38,565219.75,28314.80
1354557786,23674.13,368558.38,560417.63,29888.80
1358216923,23154.97,362515.06,549475.31,28650.68
1361878774,23538.29,348576.88,546728.38,27337.86
1365537548,24177.71,354531.91,541358.31,28228.65
1369199383,25125.04,384660.41,530988.50,28470.47
1372858519,23966.46,384382.38,533558.13,39017.19
1376520646,21338.93,352238.50,490790.09,41286.78
1380183395,19773.90,331188.13,458844.59,41424.39
1383845250,19136.13,359751.69,443718.22,37701.54
1387505097,19368.51,309524.28,447087.25,40353.97
1391166976,27733.57,306976.41,456256.50,27114.10
1394829481,28909.96,335542.38,458287.34,24198.01
1398491316,29311.93,306729.06,471690.06,20805.96
1402150586,29066.81,339298.63,475524.81,22111.11
1405812467,29099.62,341516.41,463596.34,29785.06
1409471768,29662.91,332021.09,459385.84,21703.72
1413134558,28197.97,334794.97,460361.38,34995.05
1416797053,28583.06,338738.75,461741.94,31598.63
1420458756,29752.25,349882.16,474236.66,27780.54
1424120782,29547.96,355330.31,469339.53,27748.79
1427782902,29306.86,348929.06,478125.19,28462.21
1431445274,29659.85,357533.81,480098.56,28505.17
1435108136,29358.08,357736.44,488492.06,28488.76
1438770748,26692.42,356401.56,482222.75,28639.47
1442432637,26528.02,356917.28,479622.84,28435.54
1446095280,23570.75,355244.50,485788.16,28038.29
1449757246,19643.14,354983.56,471396.78,29203.24
1453419909,19653.17,354881.84,481796.94,29889.86
1457081801,19189.36,348403.53,473212.72,40015.50
1460741007,22863.12,353260.53,479661.19,37730.69
1464402878,20681.92,343866.22,473694.81,32752.01
1468062164,20295.77,307428.44,470832.09,30557.84
1471723949,24554.66,333398.00,464550.38,29366.34
1475384297,19988.57,349820.09,478291.25,29150.96
1479044627,22550.25,338400.63,475832.47,29243.25
1482704534,28243.05,307908.88,490634.19,30722.47
1486366321,28601.59,336559.78,492953.81,39236.71
1490028809,26514.80,336406.84,477374.25,38703.62
1493691148,27300.09,340217.03,484935.03,32860.59
1497353808,21279.45,341619.66,480926.91,32211.14
1501015699,19575.63,330492.16,491199.25,31225.70
1504674816,19265.84,334429.47,481546.88,30805.79
1508336632,18844.51,341152.31,483349.34,30495.17
1511999545,17925.99,333946.41,481268.81,29199.11
1515661437,17775.40,337780.69,467541.75,30460.12
1519324188,17986.18,342855.19,483677.31,31202.09
1522986033,20141.64,333565.81,455063.69,43534.77
1526645416,23621.38,328989.09,460114.25,36543.20
1530307369,28334.16,322173.97,462322.81,43464.08
1533969843,30484.79,332293.94,461490.19,41376.00
1537631624,28272.67,325152.47,466872.97,40700.00
1541290968,30223.73,332694.59,461117.84,39307.87
1544952910,27686.48,319100.69,463256.31,37685.84
1548612076,24651.20,321465.50,469589.84,37036.51
1552274084,22679.84,322284.44,464364.63,37730.69
1555933133,22193.13,321061.31,462779.06,37511.65
1559595069,22035.35,336307.81,450670.84,37729.63
1563254290,23658.91,332022.97,455218.41,39179.23
1566916219,23089.12,285414.91,456062.34,38414.24
1570578847,20963.39,321103.78,461779.47,37208.46
1574240663,20325.04,327823.81,457887.84,35321.01
1577900600,20364.34,272825.91,453916.22,33667.95
1581562289,20388.53,283508.09,468708.97,33172.63
1585224584,19830.31,279907.16,459014.78,35644.97
1588886321,20590.11,278888.91,455969.47,31541.98
1592548904,20146.60,283828.41,447721.59,34294.38
1596210692,19159.27,283191.13,453817.31,31303.00
1599869662,20919.02,285700.88,444865.94,40786.04
1603531472,21644.00,276499.19,438482.75,24847.34
1607190692,20631.53,285360.28,450074.75,32131.72
1610852558,20719.22,288106.06,451302.38,40627.66
1614511651,20269.57,288515.94,451446.00,35147.64
1618173572,19958.24,288290.06,448781.75,34712.99
1621836228,18887.83,292849.66,458161.06,34110.04
1625498085,19068.75,284347.69,457517.38,33426.95
1629157219,18298.21,291016.00,456427.84,33251.11
1632819050,19524.29,283772.34,456456.88,33164.37
1636478240,18297.15,290182.22,459323.63,33531.40
1640140128,18344.36,291625.56,474615.59,33282.27
1643802916,18834.60,294753.63,457411.88,34090.33
1647464913,17162.06,298431.16,450515.19,33484.90
1651127255,18223.98,292588.13,454964.69,34240.45
1654789175,18252.07,288667.69,460633.63,33558.31
1658448430,17615.96,281716.97,454321.72,33359.68
1662110401,18621.58,288517.47,456985.84,33824.32
1665769425,18267.06,288701.56,464343.63,34224.87
1669431638,17763.36,286997.41,468681.69,34287.06
1673094197,17928.82,284674.81,470383.25,34476.72
1676756203,17623.04,279816.41,462172.81,33925.70
1680418916,17283.26,278266.03,466194.25,35036.59
1684080722,17611.00,285008.69,465346.75,34983.72
1687739853,18211.82,283371.91,456049.97,34788.64
1691401698,17737.39,283684.31,470777.22,35743.52
1695060992,17102.93,282965.34,466583.81,35354.18
1698722888,16878.70,280946.06,464017.88,35184.00
1702385268,16670.52,284341.31,460885.00,35442.45
1706047102,17984.99,292685.47,466663.38,34285.06
1709706339,17724.29,288830.81,459543.50,35306.38
1713368725,18067.37,286020.81,464542.13,34929.79
1717031355,17024.92,290036.47,471006.88,37019.87
1720693230,17814.58,290326.19,453990.31,35164.29
1724352473,18058.40,294470.13,479209.31,35262.83
1728014326,18882.75,283522.50,465894.84,34743.08
1731673628,19649.15,287625.63,454480.34,36743.00
1735335992,19337.24,284538.53,457254.69,35396.78
1738998616,17665.17,291176.41,467353.06,35667.75
1742660462,19244.71,296648.63,472830.13,35768.54
1746320606,18690.86,290930.09,481275.31,34441.55
1749982073,19884.72,298080.53,469059.94,36243.55
1753645040,18923.94,325964.22,480888.56,35775.85
1757306800,19340.30,326164.25,471011.25,35446.58
1760965638,18011.20,291155.38,462906.16,36001.27
1764627509,16688.58,322211.38,461929.34,36360.04
1768286555,17862.73,321710.03,484915.78,36423.53
1771949105,15637.99,330907.34,469045.31,35770.66
1775611588,16542.47,323026.28,476401.31,35324.08
1779273490,16718.55,323796.13,473381.84,35737.38
1782936446,16525.48,326711.84,477995.25,34760.79
1786598258,16403.56,333410.03,476473.31,35646.03
1790257390,18165.68,335597.84,479121.84,36790.80
1793919427,17984.99,342148.72,478216.66,36240.48
1797582359,17897.90,338526.06,484314.50,37097.05
1801244647,17673.19,340886.41,479974.75,36293.47
1804907642,16918.71,345976.03,477827.31,34990.92
1808569495,16650.57,340225.63,490086.59,35847.49
1812228454,17299.31,338007.03,469200.84,36422.47
1815890910,17559.90,321292.25,477993.25,35649.10
1819553457,17167.13,329413.50,487836.25,35593.99
1823215309,16825.71,329181.59,486607.91,38281.71
1826874664,16779.69,287470.88,489435.84,35062.55
1830536577,17673.19,329783.25,485798.91,37125.02
1834195908,19492.19,320118.34,487282.25,37208.46
1837857719,17653.13,329803.91,467722.34,49735.52
1841520980,19221.58,320555.84,446037.84,44029.62
1845182420,19659.19,304183.91,444693.16,32714.84
1848841611,20002.62,295414.03,456539.50,26637.31
1852503623,19655.17,304039.91,454931.75,24878.97
1856166340,19910.92,323494.56,454746.34,20745.42
1859828934,22739.67,326456.94,450748.75,17721.34
1863491271,27756.94,339171.28,459622.34,14854.82
1867153209,28535.97,339614.44,477057.63,14058.80
1870815709,28831.13,337718.00,464531.63,42054.01
1874477476,28951.98,335946.69,454701.03,46282.21
1878136740,28612.68,334911.09,465089.50,43085.72
1881798633,28079.24,345912.53,472173.34,29735.85
1885458528,29417.67,347433.19,470812.97,22102.03
1889120396,29410.47,343251.72,465217.06,19323.07
1892783030,29416.61,355859.38,464255.94,16917.77
1896444883,29783.06,355239.19,477512.44,26546.43
1900104269,28546.12,353800.44,479543.88,38957.48
1903766105,28370.98,353109.00,461421.50,37454.29
1907426024,26175.15,348164.91,473432.59,35151.78
1911088060,21406.55,351479.41,473417.84,40220.85
1914750691,19412.77,354899.66,476675.13,40165.38
1918412594,20634.48,366153.53,480008.97,38849.96
1922072382,19235.74,362020.34,473732.94,37633.68
1925734081,20170.79,350958.94,475041.53,35250.44
1929396680,18272.13,351833.09,466332.44,37582.58
1933058430,18759.19,351404.81,469059.94,38930.45
1936718262,18013.20,352151.41,475529.06,31564.64
1940380354,17741.41,347507.41,471945.47,38154.25
1944042886,18470.87,344732.84,459545.63,37676.52
1947705231,18048.25,350882.59,465154.41,35051.23
1951367712,17952.89,359476.59,469314.25,35946.27
1955029634,17820.60,359138.59,479994.00,37626.48
1958689650,17589.99,381755.66,494253.66,37705.67
1962351496,18697.94,390704.31,485257.22,38891.74
1966010636,16650.57,389596.47,487318.84,39716.09
1969674316,19581.77,397014.22,497410.03,38694.18
1973336632,18863.63,398341.31,491188.41,38826.83
1976998225,18520.08,402822.44,487885.94,38725.57
1980657383,18570.24,407452.25,490413.25,38050.87
1984320187,19262.77,413632.47,492560.94,37851.66
1987982712,18707.85,407593.03,485302.41,38116.72
1991645353,18532.12,412190.63,498866.25,39335.13
1995304427,19444.87,408604.44,496957.91,39566.33
1998967454,18969.14,416640.59,503554.00,38559.41
2002629907,18220.91,417279.78,504334.09,38707.75
2006292329,17700.22,411980.91,503943.94,39428.25
2009951495,18697.94,408424.94,505850.38,38409.05
2013616417,17834.64,408419.03,495880.28,36581.67
2017277010,17585.04,401020.44,496818.19,30269.99
2020938850,18411.63,396719.75,490383.06,23994.90
2024598710,17095.03,396302.22,507952.16,24701.94
2028260468,18121.54,391617.75,502614.13,24817.96
2031922548,18445.73,388541.06,484786.78,26710.71
2035584972,18091.45,388301.00,494334.03,26297.54
2039247559,18496.95,390918.75,482488.06,33198.36
2042909383,18518.08,389868.97,499004.22,37945.60
2046568691,17118.98,382380.19,487971.97,38304.61
2050230534,17437.63,389692.19,478663.81,38200.16
2053890455,17619.97,335408.78,496853.09,36867.86
2057552326,17708.24,376737.22,492628.22,36894.89
2061215183,18083.42,381540.16,494536.31,36026.16
2064877126,17970.13,374128.69,490660.03,35724.87
2068539858,17533.81,378186.59,505728.81,34043.71
2072201684,17749.43,373970.66,490272.72,28089.51
2075861618,17869.81,372638.25,492059.72,27935.97
2079522759,18416.70,374286.69,490755.41,29398.20
2083183154,17371.42,374409.78,492506.66,29801.58
2086843353,17686.18,374941.22,489280.28,30098.40
2090502799,17200.18,376338.91,512245.03,28925.43
2094164645,16800.69,375325.84,490000.19,29555.16
2097823764,16951.87,375695.81,510084.50,29696.90
2101486298,16869.73,380063.41,493027.69,30928.18
2105148796,18500.97,327588.94,492493.66,33379.39
2108810768,17344.52,358475.81,492701.97,30486.91
2112473505,18007.18,366093.59,489608.75,36927.23
2116136840,18442.78,374731.50,489126.75,37330.38
2119798514,16628.62,370470.97,487075.38,36688.83
2123460395,17009.94,377056.31,500303.47,37568.06
2127123116,17810.56,377562.03,496065.56,36104.18
2130785091,17797.58,374562.28,497691.84,36294.54
2134445074,18345.42,363773.25,454262.13,41897.17
2138106877,18172.76,348915.00,447229.94,48434.85
2141769666,27262.21,348552.22,462756.06,38336.94
2145430738,24371.73,342879.84,465924.22,29408.35
2149090586,23544.31,353977.00,466265.41,32158.62
2152752642,23170.20,367833.53,462868.53,45291.70
2156415337,22834.79,365208.00,479200.81,36572.35
2160077173,21531.88,375450.94,484561.25,39520.30
2163737363,20255.53,375648.03,480463.59,28819.80
2167399143,19533.50,368175.88,522927.00,28914.10
2171058233,19954.23,390431.34,494532.06,33266.69
2174720840,21935.15,392928.94,502983.75,30807.92
2178383512,19512.26,394102.63,503371.19,33669.95
2182046376,20729.25,384149.28,498531.44,38614.75
2185708975,20263.55,385681.72,480707.06,39182.30
2189370782,20110.37,334514.31,479616.34,35885.96
2193031112,19317.17,377403.41,484136.41,36694.02
2196692536,19823.35,372409.16,481741.34,37140.72
2200355156,17987.12,370487.50,482745.09,40717.94
2204017191,19981.49,366814.91,474323.50,40958.22
2207679643,19521.34,319750.72,470537.03,39997.80
2211341512,17324.45,361881.31,475418.81,39829.15
2215000723,17914.89,365630.63,484078.44,39769.43
2218669427,18449.75,360228.63,482738.72,39731.67
2222330040,17303.33,354455.09,474734.22,40427.38
2225991743,16532.56,361473.56,475367.97,39393.67
2229654095,18037.28,358676.81,477157.56,38128.17
2233316875,18282.04,361554.66,466701.13,35824.71
2236979080,17474.69,370167.66,455540.13,36603.50
2240640982,18342.35,360568.84,476624.13,38505.12
2244303844,17889.87,362222.50,463523.41,39663.69
2247965699,16611.63,353656.00,470992.22,39055.90
2251628465,17986.18,351282.31,458707.94,36096.86
2255290511,16560.53,359161.97,454041.66,38129.23
2258952758,18040.23,352171.00,469981.19,37040.76
2262614571,16918.71,313610.75,464847.09,35148.71
2266273691,17692.19,308441.38,466772.41,37699.41
2269935568,17688.18,339427.72,470406.50,36698.16
2273594758,17095.03,341966.50,468606.03,36554.53
2277256655,17554.82,343660.78,477435.97,38906.38
2280919310,17011.94,356628.97,476777.09,37363.77
2284581098,17157.10,357713.06,480296.94,37237.61
2288243701,16425.52,358364.41,480623.75,37290.72
2291905523,16356.48,371001.22,480525.44,38467.47
2295568033,15802.74,371061.53,484812.63,39366.41
2299229995,15728.86,375430.75,490030.41,38440.32
2302892663,15750.81,368531.00,465790.28,39006.69
2306554503,17611.00,360082.75,469009.53,40118.29
2310217259,16900.77,367109.38,471380.03,39981.04
2313878742,17217.17,364343.53,489496.38,37928.84
2317537626,17288.34,365877.63,475898.31,39728.60
2321199418,17450.61,367755.28,486530.63,39343.51
2324858618,17573.00,363464.06,485053.16,39792.45
2328520516,18506.98,362619.75,497047.38,40068.96
2332183301,18318.28,359769.75,484935.03,38686.86
2335845190,16977.84,364997.69,495037.06,39111.25
2339504117,17539.83,364435.94,484827.50,39221.01
2343166070,16436.49,360601.31,491851.53,38799.80
2346828984,16580.59,361511.47,490047.75,38327.62
2350490832,16570.44,364323.81,501789.66,37958.11
2354153502,17268.28,366507.59,501776.44,39914.01
2357815294,16453.49,363284.91,500805.84,38010.27
2361474479,16889.79,369262.25,512572.75,38705.63
2365136295,16093.53,370242.59,493116.81,39448.07
2368798393,15526.22,378229.19,494201.38,39271.29
2372460302,16415.48,382147.81,483799.56,38885.37
2376122424,15636.10,396038.44,496565.03,38287.85
2379784336,17296.37,389263.78,489526.59,38647.21
2383446757,15795.89,391636.53,499409.25,38611.69
2387108558,16601.48,393204.63,500588.72,38353.70
2390771486,16385.51,381393.47,498393.59,37767.16
2394433298,16243.53,382655.53,503173.16,37785.92
2398092277,15251.72,380807.03,497176.25,37299.10
2401754128,16578.46,389455.44,504351.81,37983.13
2405413181,15466.27,388531.63,501148.34,39909.76
2409075204,16211.55,383480.25,507757.31,38637.77
2412738021,18618.51,381898.81,509518.00,37874.55
2416399919,17136.10,387217.50,498284.31,39066.29
2420062424,17392.55,384805.94,491708.50,39028.64
2423724310,16961.79,400044.91,511550.03,37531.48
2427386671,17197.23,394763.03,512953.84,37941.35
2431048556,17101.99,403746.28,519344.22,37943.47
2434707462,16603.60,394895.69,516470.50,37194.89
2438369334,16749.59,389887.75,528313.75,37962.24
2442028153,17146.13,393408.69,529101.75,38199.21
2445690138,17333.42,398960.09,530271.56,37374.16
2449352860,16973.82,399036.44,534948.25,37061.53
2453014887,17581.02,394444.97,522179.38,37120.89
2456677502,17943.92,402789.97,529076.88,37424.20
2460339391,17912.77,388047.75,516844.75,38499.93
2463999441,17193.22,373348.13,505629.47,36783.48
2467661222,17730.31,383534.19,485919.41,38214.79
2471323877,16826.66,381343.41,492778.09,45454.68
2474985788,16442.51,370167.66,502348.00,47549.84
2478648280,17824.61,367555.00,496093.91,47021.83
2482310042,19263.83,369844.41,495453.06,44678.24
2485970771,18673.74,369318.78,487687.41,43928.24
2489634748,17991.13,369526.84,493173.22,42889.69
2493293889,18390.50,334045.09,488086.44,41656.53
2496955813,18399.59,368906.66,489827.06,40544.81
2500615675,18043.29,371143.91,481739.22,40016.56
2504277533,17831.57,375325.84,483546.56,39908.70
2507940129,18261.04,369439.25,482929.31,39748.43
2511601943,17546.91,374189.22,491970.84,40632.85
2515261249,17568.98,375898.47,487120.59,40176.95
2518923067,16668.63,377770.81,503752.16,39940.09
2522583318,17189.21,374139.53,499159.63,40785.09
2526244800,16653.53,371808.22,493501.31,39078.80
2529907400,17328.46,372028.09,491457.13,39500.36
2533569447,16381.50,369954.06,494745.31,39530.69
2537232376,17294.36,366551.25,485579.75,40068.02
2540894211,16633.58,366802.06,486132.44,39939.14
2544556614,16488.54,360464.41,488254.59,38755.79
2548218438,17224.26,342209.97,488435.88,39901.38
2551877578,17104.12,367870.00,482229.13,39575.77
2555540557,17281.38,377833.59,487579.56,39139.46
2559202644,17172.21,382877.06,489762.28,38786.12
2562864760,17165.13,393539.09,507398.53,39456.45
2566524050,17983.11,394621.06,506834.19,39565.38
2570186859,17712.26,397595.69,517172.25,39139.46
2573849458,16479.57,403445.22,509860.03,39593.47
2577511308,17481.77,400405.56,507301.16,39906.57
2581171348,17391.49,411323.34,522276.50,39216.88
2584833084,19182.28,413897.16,523211.78,38553.15
2588495968,18330.31,412763.50,528769.19,39642.68
2592158929,17273.35,421062.00,534631.50,40052.20
2595821056,18873.78,429109.22,539780.81,39368.65
2599483284,17140.11,424862.63,539159.56,39035.96
2603142438,20217.17,424400.22,542827.75,39563.14
2606805080,17627.05,382838.00,546182.75,38981.55
2610463956,17753.45,365405.66,553118.06,39645.87
2614126355,16702.62,389436.69,532733.38,37936.16
2617789642,18274.02,367045.75,523193.72,39873.05
2621451444,16568.55,400947.84,526561.00,38726.52
2625111595,17889.87,399146.78,514469.88,37929.90
2628773270,18210.88,399972.31,518249.50,39565.38
2632435761,16539.52,401481.06,510764.63,39273.41
2636098323,17261.31,401202.06,491324.94,38409.05
2639760680,18345.42,383733.63,516371.97,37237.61
2643423404,16863.71,399287.94,517181.22,38483.16
2647085805,16122.57,394089.28,506330.00,39120.58
2650748549,16495.50,394047.84,513857.72,38896.93
2654411129,17256.36,398327.97,498862.00,39107.00
2658091227,16695.66,385242.72,491740.97,38839.46
2661750307,18420.71,384246.28,481786.31,38329.63
2665412158,21285.46,364033.97,482045.13,45344.57
2669072173,26744.47,363916.28,469903.28,45427.18
2672733615,28672.16,358804.38,477965.53,32377.31
2676392875,29410.47,360358.19,472331.63,25918.35
2680056082,31119.72,312457.25,478602.09,21437.94
2683718385,29495.68,352793.75,482578.09,46464.67
2687380289,29759.45,371218.84,482965.66,45521.48
2691042846,28534.91,333164.56,487049.53,44433.12
2694704770,26746.47,362695.75,483651.59,45170.02
2698364025,27409.38,362040.19,492721.44,31690.33
2702026147,26375.07,368469.16,498995.47,30115.87
2705688944,26085.46,374654.22,497294.13,39534.93
2709350699,26805.72,364265.63,485397.06,43217.43
2713009531,25426.33,340173.25,488330.13,40716.76
2716671369,25740.02,351794.03,486597.28,41549.37
2720330452,23996.91,355044.47,486610.16,41483.16
2723992279,22985.74,320206.50,469735.13,40754.52
2727652135,22267.84,326119.88,479187.81,40382.42
2731313986,20687.94,350242.00,487758.59,40278.56
2734976624,19553.56,355140.78,488170.47,40637.10
2738639202,19934.05,358402.19,489751.41,40236.66
2742301372,19514.38,359131.41,477508.19,41453.78
2745963179,18908.83,356621.78,465928.34,40162.20
2749622497,19104.86,363378.97,470737.19,39640.68
2753284378,19361.43,358888.75,479774.25,39659.44
2756943541,19607.85,357463.81,473016.13,39286.98
2760605575,18409.62,354059.16,473870.44,39186.55
2764268366,18364.42,354296.34,469878.03,40900.39
2767930143,18502.97,355911.31,468524.13,40721.01
2771589022,18107.50,357497.94,478949.19,39908.70
2775251763,20456.04,361702.75,487176.53,41136.55
2778913869,20639.55,355460.72,494930.25,40501.85
2782575723,18332.32,361663.00,493668.53,40419.00
2786235717,18242.98,362298.28,490266.22,40294.26
2789897608,17870.75,367522.31,477257.28,39836.47
2793560845,17898.84,362341.59,494218.72,42005.51
2797221834,18122.60,355950.59,467030.16,43411.33
2800881787,17314.42,352647.78,466977.75,42988.71
2804543502,16903.84,351676.63,477561.31,43734.11
2808206143,17805.61,355553.72,469085.19,42565.26
2811867993,18301.16,356605.72,472090.97,42358.97
2815531334,17934.01,353989.50,471262.03,41627.14
2819193349,17683.22,358256.66,474666.47,41721.68
2822855614,20035.78,353618.59,465443.06,40655.04
2826517535,18159.66,363530.84,465823.66,41248.90
2830180550,18319.34,363454.84,466322.06,41698.54
2833842385,19088.81,355507.22,461706.53,41719.55
2837504923,18064.30,357795.56,451782.47,41389.69
2841166717,18196.84,353572.22,447409.44,40673.80
2844826605,17902.86,361451.97,463625.47,40779.78
2848488410,19053.64,362805.88,466123.09,41348.74
2852151235,17603.92,363140.22,474029.16,41091.46
2855813540,18017.21,365258.75,458991.91,41241.58
2859476161,17944.87,373054.59,460477.72,41673.29
2863138148,17503.72,370915.31,471308.41,41391.82
2866800940,16982.79,374268.16,476433.06,42414.79
2870462893,17664.11,383349.84,471143.88,42298.07
2874122853,19709.58,376394.13,476605.13,42037.14
2877784175,17406.59,373445.34,467158.09,41590.32
2881443113,16687.63,367551.47,464799.16,41685.92
2885105036,17196.17,371489.69,494405.78,41269.91
2888763952,20612.29,373539.06,491385.50,42412.67
2892425790,18081.41,365276.91,482132.81,41671.28
2896084942,17486.73,369428.16,486160.28,41009.56
2899746792,20156.63,370578.84,475783.63,29863.19
2903409959,17564.97,373847.56,470596.06,27424.72
2907071966,16799.75,358393.09,468255.31,26041.67
2910734454,16955.88,377010.19,473128.09,40644.41
2914396223,17697.27,372059.13,479691.03,37965.43
2918056210,17936.84,368343.34,491153.81,33657.56
2921718006,17634.13,374808.81,462831.09,38805.00
2925380555,17324.45,375891.16,481927.47,39311.05
2929042524,16914.70,372121.56,474967.41,41385.56
2932720177,17394.55,372431.13,474207.03,34782.50
2936382005,17841.72,343393.94,448959.59,43334.38
2940041135,19838.34,345033.78,453150.75,31218.62
2943703536,21071.38,343492.25,449239.78,25420.31
2947366233,22111.11,342332.59,444555.09,23534.28
2951029013,26502.53,336056.09,453772.09,21703.72
2954691397,25323.54,345160.53,455201.88,19761.86
2958353224,24916.50,354464.06,459479.31,19599.82
2962013101,23114.49,354714.13,461136.50,17652.07
2965672003,21463.20,350525.81,459041.69,15394.40
2969334508,20986.64,351593.06,462760.19,14349.47
2972996189,20799.00,354580.19,458983.63,12611.55
2976658528,19275.87,347055.41,460311.56,12070.92
2980320381,19652.22,352035.75,455589.69,11729.02
2983983475,18561.27,350754.91,453588.81,11387.24
2987645593,18681.77,358177.72,469791.88,10723.28
2991308227,19871.74,356920.81,462566.41,11177.29
2994969945,20969.41,349593.13,461737.81,10412.89
2998629293,19729.64,354639.09,455773.31,10276.58
3002291300,19100.85,351664.22,454369.16,11080.40
3005953732,19754.90,355124.84,453875.03,11682.40
3009616173,18608.48,352978.94,453068.50,12429.92
3013279083,20299.78,355373.16,466598.56,12494.48
3016940913,19424.80,358124.00,459832.06,11342.63
3020600076,19230.55,368022.81,469690.84,10834.10
3024262139,18511.00,371015.84,478653.09,10772.73
3027921311,19193.37,382149.84,484271.53,11451.68
3031583462,18212.89,385623.78,486011.94,10868.68
3035242921,18494.00,393061.13,503329.31,11148.61
3038904913,18557.26,392096.56,499807.91,11174.46
3042564788,18889.83,394341.00,499805.78,10552.27
3046226994,17990.19,388569.16,492704.09,10624.50
3049889538,18502.97,384841.34,493994.72,13192.43
3053551395,18366.43,381490.00,505910.09,12880.63
3057210427,17697.27,389042.28,516098.66,12110.57
3060872816,18896.79,388668.75,495189.41,11159.59
3064531993,19102.97,387369.38,490478.28,11011.12
3068193860,19250.73,387412.34,495729.81,11085.36
3071853765,18988.26,377874.31,496438.50,10779.69
3075515581,18684.84,392311.69,488964.97,10519.58
3079174619,17903.80,394505.53,505170.25,10360.49
3082837213,20317.96,398733.50,496975.38,10086.93
3086499894,18343.41,393072.56,504102.66,10482.17
3090162800,18190.82,399831.28,514317.88,10697.55
3093825443,17654.19,398851.63,507739.59,12044.13
3097487326,20305.80,402139.00,500783.91,12255.26
3101150680,18913.91,403391.63,502669.13,11886.46
3104813067,18721.07,401681.78,508941.03,11309.00
3108475492,19539.40,412701.31,506318.91,12070.92
3112137915,19210.48,400663.31,511285.19,11259.55
3115797133,19891.80,406504.22,505667.09,10814.27
3119459019,20250.45,417719.88,524662.44,12356.52
3123119107,19087.87,409570.91,514901.25,11526.86
3126780928,20559.89,412580.91,521743.66,10343.74
3130440180,19913.99,411119.88,513235.06,10668.87
3134103130,20464.18,415087.25,517737.78,11097.16
3137765746,18828.46,405334.53,511029.34,11457.58
3141428501,20497.35,399592.91,500928.72,11207.03
3145090756,17866.74,399508.97,504034.22,11499.12
3148752638,17278.31,395589.03,500503.16,10618.48
3152411967,21578.38,403403.19,505943.25,10765.76
3156073803,18559.27,390339.16,495093.59,10440.51
3159733731,17569.93,398166.31,496216.06,10614.47
3163395377,17688.18,394585.19,508980.91,10981.50
3167054153,17192.15,401861.66,512499.00,11551.64
3170716080,18710.92,394289.91,503750.03,11076.39
3174375921,16953.76,387697.13,495320.19,10182.76
3178037808,17328.46,400210.84,511648.09,10987.40
3181697785,19656.24,390689.09,507677.53,10805.30
3185359613,18803.33,384755.53,514764.94,10259.71
3189022088,19762.92,384093.34,511349.75,10327.92
3192684225,19208.48,368492.75,488858.97,10287.32
3196344347,18482.91,371023.16,495507.59,11437.75
3200006096,17581.02,382614.69,487355.44,10405.93
3203668491,17896.84,377213.19,493262.19,10644.21
3207330522,18201.79,376561.97,500759.72,10991.30
3210993713,19901.83,377100.59,503844.81,11566.51
3214655592,19188.42,377287.06,491743.19,10632.41
3218315488,19288.97,381230.25,480036.72,11565.45
3221976427,19322.13,368977.81,480290.56,14811.87
3225636288,18860.56,362242.34,482209.88,18645.65
3229298068,19083.85,360936.47,482218.50,18176.77
3232957243,19036.53,356113.47,472756.25,17834.64
3236619146,19222.52,356802.69,484874.84,15173.94
3240278478,20091.25,356899.34,466483.28,15078.11
3243940306,18606.47,362950.56,466087.56,19976.42
3247599663,18494.95,363008.28,489316.88,19887.79
3251261950,18102.54,360540.19,483276.41,17848.69
3254924774,18564.34,372306.50,491858.03,15924.65
3258587480,19724.69,373146.31,483212.09,13725.40
3262249921,19137.08,369702.09,502273.16,12931.26
3265912737,18852.54,381246.88,487435.22,12979.89
3269575337,17267.21,378020.19,496953.41,12896.45
3273238650,17870.75,381243.09,500147.69,12177.01
3277034540,17027.99,378358.53,504109.28,11862.73
3280696206,17462.65,384593.16,502282.00,11815.17
3284355065,18165.68,383078.03,502519.59,12897.51
3288017315,18103.48,379455.63,493805.56,12701.84
3291676350,18517.13,387815.25,511080.56,11538.78
3295339246,17715.33,382278.00,501622.78,11954.91
3299001652,17962.10,379426.00,502552.50,12954.04
3302664653,17853.76,380743.91,496680.69,12181.03
3306326847,17223.19,381915.44,492107.53,11822.02
3309988662,16920.83,374895.19,494421.13,11379.22
3313649105,16887.79,373799.75,486605.91,12935.27
3317309967,19975.36,374268.16,491322.69,11700.22
3320969839,17593.06,373639.97,509431.38,12227.53
3324631663,16629.57,374253.53,493473.09,11917.26
3328294326,18141.60,370094.72,498098.44,11718.99
3331956206,18400.65,378110.69,498478.91,11488.27
3335615523,16674.53,376301.97,504495.19,12323.83
3339277480,17677.21,380864.38,507932.22,11288.23
3342941828,17027.99,377011.97,503615.72,11461.48
3346606075,18953.09,379253.94,497005.94,12426.97
3350265985,19987.39,374931.91,504638.47,12013.32
3353927793,18540.27,378229.19,500753.09,10480.04
3357590468,18198.84,375981.31,500483.44,12109.63
3361252282,17212.22,377794.88,503957.16,12209.71
3364916099,18780.20,379813.22,502048.81,11819.07
3368577579,19011.39,373979.75,493662.16,14859.78
3372236480,19808.24,355975.75,475580.03,22598.88
3375899126,19230.55,362370.50,479388.34,21679.40
3379562269,19935.11,364443.25,473671.69,19664.26
3383223976,19206.47,363302.97,492189.91,19645.14
3386883045,17407.54,365338.63,492139.97,18307.30
3390544885,18790.34,355927.34,474801.94,21027.95
3394204809,18237.91,357696.91,448393.59,21578.38
3397863186,20476.22,350971.47,466206.88,20809.03
3401525660,19943.14,351804.66,456221.31,19490.19
3405187509,19724.69,362722.66,471070.13,16879.76
3408847356,20031.77,350847.06,476545.66,17946.05
3412509017,20429.84,336707.53,453039.56,19932.16
3416171750,21371.26,351632.25,464730.00,20171.85
3419833586,20163.71,361661.22,487657.22,18268.12
3423493473,18742.07,365937.47,481914.72,18879.68
3427155207,20224.25,362493.38,505541.19,16373.47
3430817727,20611.35,363840.28,495013.09,14628.47
3434480844,19952.22,366585.84,492786.72,13751.36
3438143042,19313.16,377606.41,504927.50,14530.87
3441805570,19253.80,385399.56,506725.84,13391.29
3445464521,19107.93,390542.28,507600.09,14232.05
3449127225,18552.30,380856.97,515120.53,14063.75
3452789850,18694.87,381913.56,503492.41,14553.76
3456452441,19052.58,375509.84,493696.84,13907.50
3460115650,19266.78,371896.16,501042.94,15029.25
3463777645,18606.47,380026.22,477972.00,14774.10
3467440337,19075.83,377794.88,489416.50,14256.00
3471102288,17885.86,382504.94,498730.66,14348.53
3474761345,17789.56,376265.03,492183.41,13468.83
3478424251,19317.17,373662.16,493368.78,13939.37
3482086730,17905.92,382722.56,471633.06,14488.03
3485748537,18462.85,366714.84,495104.44,14081.69
3489408807,18327.36,379840.94,493788.19,14569.70
3493069862,19374.41,367220.19,486166.78,14161.36
3496729212,18934.09,374991.03,492402.44,13588.15
3500391219,17261.31,364403.34,492893.03,13751.36
3504050351,18361.47,375196.97,490965.34,13946.33
3507712260,17825.67,372247.84,486231.31,13318.71
3511372046,19657.18,375515.50,483743.75,14153.33
3515033935,19636.05,365102.84,473919.19,17974.14
3518692953,20717.21,353178.50,472382.34,21384.48
3522355637,19355.29,362961.31,477988.88,20625.51
3526018219,20360.33,349130.88,467451.59,18882.75
3529680068,19931.10,362762.56,488660.34,18543.10
3533339080,19347.27,369025.13,471154.50,16334.41
3537001306,18347.43,368704.25,475420.94,15465.33
3540660262,18412.69,366184.34,474763.94,15702.90
3544322147,19304.07,360387.00,471479.19,14596.60
3547982097,18263.04,356867.00,468849.75,14174.22
3551643915,18506.04,360885.97,471949.59,15398.41
3555306576,19469.06,367211.22,476265.38,14405.30
3558968586,19214.50,352941.63,460710.47,19209.54
3562627846,18562.22,350222.53,477387.13,19035.58
3566289708,18265.05,357675.44,480356.78,18807.34
3569949646,18927.95,365892.13,492048.97,17410.61
3573611655,19068.75,366242.53,485719.38,18229.88
3577274961,18805.45,370646.56,495122.03,16841.64
3580936793,18708.91,363420.63,499494.69,17863.67
3584596639,17085.00,369355.34,501967.75,16514.50
3588257458,17725.36,376222.78,502216.03,17127.01
3591917392,18296.21,374336.28,496743.94,16663.56
3595579500,20791.92,379366.75,509409.31,17243.26
3599239454,19101.91,383510.09,519560.22,16567.61
3602900941,19645.14,386192.03,505781.81,16050.58
3606560835,18038.34,386624.09,517331.44,17245.26
3610222666,19788.06,394433.78,514852.25,17074.96
3613885956,18909.89,393709.16,507057.81,16468.47
3617547995,17718.28,392338.03,514483.34,17439.64
3621207147,19220.63,403322.72,509324.81,17663.16
3624870079,20008.63,397561.47,513728.28,16591.57
3628532578,21367.13,400485.81,528817.13,18132.52
3632195138,20843.37,406263.56,524698.94,17129.13
3635858945,20298.84,406610.06,512978.50,17049.95
3639520756,19640.07,407658.66,521509.03,18492.94
3643183408,19436.84,391642.19,520972.28,16942.79
3646845241,21140.07,396678.09,522687.44,18542.15
3650505756,21375.28,399678.69,524617.13,20727.36
3654167476,20012.65,393401.13,524574.31,21068.31
3657826460,20797.93,393321.81,513998.41,18854.66
3661489216,20747.54,385670.63,510853.59,18030.31
3665151902,19354.35,388779.44,517026.38,18923.94
3668814407,20142.59,388104.03,501431.59,17913.95
3672501951,20252.46,388297.13,509063.06,17451.68
3676294486,20113.44,387982.00,505777.56,16586.49
3679957085,20055.96,390122.84,502717.50,17417.57
3683623556,20043.80,390250.66,506566.50,18350.38
3687299208,20704.11,397088.34,514963.91,17101.99
3690965236,19159.27,398986.75,514975.13,18253.96
3694626951,19776.02,401299.41,510366.66,18350.38
3698288840,21362.17,401270.75,522707.84,20033.77
3701948716,20169.85,402786.09,533998.31,21306.59
3705611348,20782.83,406271.25,534750.81,20608.28
3709274358,20635.54,404362.31,534179.38,21327.83
3712936318,20600.14,408135.22,528997.00,18802.38
3716596229,20013.71,411393.19,525133.69,18736.06
3720258112,20555.88,410768.88,534161.06,18433.70
3723918020,19165.29,415525.91,538995.63,19032.52
3727579921,19776.02,418042.75,539471.25,17602.03
3731239820,20799.00,412983.13,539194.13,18140.66
3734901686,19784.05,419455.78,538257.19,18300.22
3738562076,20706.12,416371.03,536099.50,19952.22
3742224083,20907.93,411928.53,543607.75,17061.04
3745886646,19932.16,409070.03,517354.00,17459.58
3749550054,22446.04,397850.50,506215.06,19519.34
3753212073,23285.74,405084.59,522366.78,17779.41
3756874188,23067.88,411507.56,512646.28,18481.96
3760534125,26950.64,404465.94,515422.53,18327.36
3764195950,28683.49,412963.66,521836.16,17135.04
3767856279,25395.88,407866.97,519494.94,17585.04
3771518422,25294.04,414623.44,518343.91,17749.43
3775181180,23385.11,420016.84,522253.84,17515.76
3778844095,23281.61,413984.75,514642.06,19706.63
3782506677,23466.30,415512.22,524472.31,19904.90
3786169538,23189.44,422236.63,541745.19,19618.00
3789832230,22398.37,428771.22,523073.94,21050.26
3793495283,22212.25,428614.25,537349.19,20572.99
3797157919,22712.29,425380.72,535821.31,20991.60
3800820263,22909.85,421185.91,530828.63,22065.56
3804479152,20768.67,425440.06,534305.63,35434.07
3808142111,21029.01,424477.41,529829.13,28880.22
3811805171,20572.99,421327.41,534801.31,30009.06
3815467312,21191.52,426984.69,541075.81,29903.20
3819127155,20711.19,429879.19,533102.19,27600.56
3822789079,21744.08,437506.28,535881.06,25559.69
3826449039,22541.17,428385.78,534512.19,25475.19
3830110865,23243.13,432231.97,536704.56,27446.20
3833775301,21894.67,419899.06,521709.88,26829.20
3837436682,21386.37,417045.16,514834.31,25989.63
3841099545,21534.95,423247.66,521766.19,25816.38
3844761733,20732.32,416072.34,515787.31,27182.55
3848421571,20288.69,422713.41,513531.78,25405.92
3852083401,20475.16,424469.50,532218.38,26424.99
3855743550,20909.93,435434.72,531255.81,25344.90
3859405572,20149.67,433717.56,532367.19,30316.26
3863064521,21185.38,438273.16,528193.19,32359.72
3866726756,21439.95,430594.13,514391.66,35446.58
3870396778,20184.84,440704.66,532374.19,42645.28
3874060135,20580.07,436725.94,536621.69,44640.24
3877720172,20172.80,447827.81,518530.38,46759.59
3881382679,22100.02,449569.16,533457.31,45164.71
3885041848,21337.98,444051.28,535789.00,43574.90
3888700230,20041.92,446052.13,540081.25,44265.06
3892360475,19879.76,445453.66,538626.38,44183.87
3896022306,21825.98,449910.94,560949.44,43750.98
3899682726,21038.10,443065.00,544488.25,45074.90
3903344791,22375.23,455288.41,549847.44,42838.00
3907004124,21068.31,446865.16,545591.25,45511.91
3910667146,20050.88,449417.75,542180.94,43734.11
3914330260,19539.40,438440.50,538409.56,42567.50
3917992096,19999.55,437122.13,533642.94,42861.13
3921651434,20809.97,437178.31,530285.38,44029.62
3925313689,19062.73,430446.72,536205.38,43487.33
3928973510,20452.03,432112.28,543584.50,43579.03
3932631350,20925.04,430408.94,525412.69,43115.22
3936291766,19342.31,430817.41,523967.44,41683.91
3939953577,20881.61,437437.81,536262.81,40785.09
3943612899,21084.48,434101.84,527399.38,40013.50
3947276604,22586.72,437449.84,527540.31,43558.97
3950934748,20134.56,444057.28,531333.50,42174.86
3954597517,21345.06,450379.81,538467.13,43545.28
3958257445,20988.65,449004.56,537264.06,43432.45
3961919305,19987.39,451628.56,561424.56,43270.06
3965582891,22878.34,473237.97,537418.31,45054.72
3969245595,22353.87,447942.19,543791.25,44426.75
3972908166,21817.84,458076.19,561476.88,43844.92
3976570892,21140.07,462187.31,549056.50,42531.63
3980230711,20399.63,476475.56,548981.63,45679.14
3983893075,20405.64,479162.34,548322.63,46119.94
3987552387,20196.99,491936.16,562371.06,44064.55
3991215304,21268.23,472870.38,544576.81,40922.46
3994874659,21654.15,473618.59,551279.31,41638.71
3998537131,19945.14,471257.78,551614.75,39445.95
4002196921,20502.42,470842.47,556400.31,43731.04
4005859211,21840.03,464577.53,542208.63,43118.29
4009523470,20403.64,458639.50,547605.56,42674.78
4013184251,21189.52,454099.38,534874.81,42723.29
4016844490,20173.86,458177.69,536042.00,42454.80
4020506594,19861.59,460664.78,536499.81,40510.23
4024169447,22774.96,454216.69,536918.50,38347.33
4027832454,21954.38,458867.50,535545.50,34844.70
4031494676,21962.53,463001.88,548579.56,35773.73
4035157246,20788.85,451889.25,538483.31,41404.33
4038816571,20980.63,463339.75,547932.50,43577.97
4042479892,21608.59,460189.06,540197.06,43406.14
4046142484,20265.56,472830.13,538116.63,42364.28
4049805464,20880.66,455278.13,554723.31,42869.63
4053468165,20219.18,478099.59,544186.25,41838.28
4057130276,20997.74,459008.41,542897.38,41551.50
4060790523,21155.17,462693.50,539505.94,38327.62
4064452362,20699.04,460448.81,520100.38,39800.83
4068112338,21787.51,462541.38,546779.44,39906.57
4071774183,23558.59,466872.97,537851.44,40918.21
4075434361,21170.40,461319.66,545384.00,41019.00
4079096669,21196.60,470671.94,551598.44,41315.11
4082756507,21586.53,467395.06,540310.25,41653.34
4086418442,20799.00,455323.56,542735.00,40997.99
4090081300,22406.51,454525.78,551169.00,43598.03
4093743920,20929.05,392492.84,546201.44,43371.20
4097403046,21551.12,447631.91,537572.56,42735.91
4101064924,20427.83,442053.94,539565.88,42106.53
4104722221,21381.41,448931.03,535694.94,43677.22
4108387678,20647.58,449945.75,529667.06,42386.46
4112050565,20815.17,445978.72,540853.81,41404.33
4115712405,21178.42,450580.69,541319.06,42738.98
4119372374,21386.37,452330.66,541312.06,41311.92
4123030817,20153.68,457087.09,544548.94,42820.18
4126690161,19308.09,459010.53,541166.19,43831.11
4130352932,20708.12,452900.09,535768.31,41590.32
4134012107,19879.76,465516.25,540506.75,42329.58
4137675378,20833.22,462328.94,548483.75,40737.77
4141338355,22899.58,453955.28,567355.25,41377.07
4145000599,25077.36,459344.41,540136.75,41485.17
4148663380,21946.36,455245.09,554732.75,40523.80
4152326030,21051.20,450613.50,567846.38,40529.11
4155985898,21894.67,453669.19,550887.63,39881.43
4159647705,22203.17,472536.59,556230.13,42865.38
4163308235,21659.22,459018.81,555017.88,40522.86
4166970288,21270.24,460511.00,544965.19,39478.41
4170627247,20478.23,469358.53,559338.50,41377.07
4174288033,21927.12,461875.06,547803.94,41486.35
4177948242,24345.18,454385.69,533764.38,42023.45
4181610283,22235.50,450861.44,534847.19,41085.21
4185269599,23523.07,454453.66,538167.38,41681.79
4188932486,22519.80,447225.94,539300.38,41249.96
4192595170,21240.03,450955.88,539660.69,40376.99
4196258294,21885.58,449084.34,533478.00,39981.98
4199920950,20614.42,449835.19,537533.50,39777.81
4203583421,21322.76,447940.16,550632.13,39919.20
4207242548,22520.99,448183.16,539649.06,35352.05
4210904902,20809.03,448994.31,560624.19,34951.62
4214564217,21334.91,452086.22,544416.25,34369.91
4218227122,20983.58,452260.91,530901.69,39472.15
4221890025,19798.09,454554.56,544965.19,42679.03
4225552984,21253.13,460446.56,551734.44,40711.57
4229215703,21420.83,452303.97,546471.81,36404.77
4232878114,21064.30,463260.56,540513.81,34600.05
4236538722,22102.97,455556.66,545316.50,35291.98
4240200499,21408.67,456324.59,548813.38,35272.15
4243860383,21351.08,461238.59,535120.56,32027.51
4247522242,21477.36,462876.91,539522.13,31074.40
4251185618,21903.76,465196.19,545523.63,28121.26
4254848381,21777.48,461479.81,541807.75,27951.43
4258516477,21223.86,464644.44,551049.56,27767.20
4262176693,21871.42,455956.97,528291.13,26642.38
4265836920,21141.01,454361.00,521522.47,26778.22
4269499025,21694.51,453294.63,538319.50,26685.22
4273159258,21912.84,455449.38,532364.94,23864.96
4276821074,21813.83,463706.91,532154.31,26766.89
4280483733,22258.87,454150.81,534324.06,24060.87
4284145941,20627.40,453580.69,549692.94,25058.00
4287806167,20803.01,456004.53,533899.63,24290.42
4291477345,23039.55,455368.88,521323.97,23337.43
182261,22365.08,450793.81,545204.75,23327.40
3845677,24267.05,441517.44,527608.50,23964.45
7508359,22975.59,439264.84,556128.75,24179.72
11171045,23868.98,458043.03,529345.69,22434.83
14830327,22694.00,449475.09,525855.00,23343.57
18493337,22953.28,457697.38,537927.69,23776.69
22155406,22864.18,459784.25,531502.75,23459.10
25818363,25502.69,446496.13,533063.13,25678.89
29477293,23341.56,441796.78,528739.56,24634.91
33140120,24038.57,458492.44,534312.56,22749.70
36799104,23932.00,450162.78,526533.75,23996.91
40461748,22377.12,452495.03,527826.94,23166.19
44120956,21518.78,450584.69,529842.69,22436.96
47783896,23010.05,450787.69,524898.00,23647.81
51446568,21480.31,444859.81,527001.56,23285.74
55109110,21361.23,377890.94,516945.78,21281.33
58771951,23936.01,431022.75,526958.56,23619.49
62435246,22834.79,432345.84,530705.25,20840.30
66097553,21737.00,433681.44,532390.06,21092.51
69759519,23464.18,432116.19,517677.13,20410.60
73422604,23143.76,440429.69,529306.88,19970.40
77084273,23718.86,444156.78,527262.94,21434.87
80743314,23514.93,450859.44,545956.88,23773.62
84407320,22957.29,451212.09,535223.94,27082.35
88069275,23062.68,433179.41,531973.75,34276.80
91731103,23304.97,448342.50,527342.50,36549.34
95391734,23600.13,457908.50,528855.81,39122.82
99053573,22368.04,466386.97,550515.06,37700.36
102712678,22302.30,466133.47,537929.94,38879.23
106375580,22794.31,462693.50,545100.06,40256.61
110038504,23146.83,465261.09,534982.81,39641.74
113701382,21630.90,460517.25,552981.63,39183.36
117363912,23146.83,458032.66,537706.44,39023.45
121026438,23808.08,456659.28,537351.56,38343.20
124686688,23310.17,457014.75,541571.50,33291.47
128348600,22914.81,454760.75,532477.06,29163.23
132011415,23923.86,449912.94,528764.75,26909.81
135673201,21847.22,457705.63,520113.94,25592.38
139333138,22969.45,440965.34,554687.88,24798.60
142994966,21305.64,444329.56,521315.00,24305.64
146654802,23324.33,444364.00,532804.31,22573.62
150316717,21761.31,440989.66,528885.31,22483.46
153980277,23368.94,445280.78,527690.44,23344.51
157642101,22955.41,441232.31,531287.94,27257.13
161302660,23640.73,443227.28,521572.28,26811.86
164963969,22265.95,446618.38,524429.13,25319.41
168623164,23865.91,446272.13,537379.13,26357.72
172285899,23134.68,436977.31,523976.53,25096.59
175948935,22585.78,438464.56,514648.69,24256.90
179610835,24166.50,438861.59,515747.19,23923.86
183271117,25915.28,449538.47,528427.69,22315.52
186933188,24417.40,460986.84,536704.56,21771.34
190595522,23606.15,447270.78,535281.25,19999.55
194258292,24914.49,449293.00,543542.81,21449.04
197917413,24113.63,450572.53,536550.31,20454.98
201580614,26340.38,447799.25,524873.25,19426.81
205243011,23844.67,456316.31,541576.06,20369.30
208905667,24430.62,456448.50,548217.25,19205.41
212565454,27501.43,456789.47,564112.38,20430.78
216227353,25522.04,467533.38,546719.00,20609.34
219887475,25427.28,456727.50,559300.50,20039.79
223549299,25305.13,458809.44,561947.75,19016.46
227213699,25217.68,456283.28,531175.81,18685.78
230881662,25288.96,456341.09,542561.19,17906.87
234542249,24615.55,454985.44,528744.19,17788.50
238204072,28601.59,443557.97,545062.88,18820.44
241863964,26518.94,451708.47,537485.25,19905.84
245525835,26405.64,451774.31,547701.19,18641.64
249184867,25878.57,454295.03,545570.25,19292.04
252847639,25788.88,457724.28,549688.25,19212.49
256506742,27051.78,457815.25,559494.75,18633.62
260170006,26478.10,454383.56,549381.75,18590.42
263832561,26141.63,460498.63,546628.06,18443.85
267495241,26565.91,462614.44,555272.44,17007.93
271154531,26148.72,457186.34,558151.94,19387.51
274817433,26841.36,466663.38,570304.19,18869.77
278477467,26720.98,459278.09,569960.38,20315.01
282139170,28266.65,449180.53,569821.00,19792.07
285798490,27910.48,392053.25,562856.56,19288.97
289468475,28968.38,461061.91,558665.69,17684.17
293128665,28308.55,388905.13,572111.50,18814.42
296790550,28417.13,461860.53,569492.13,19299.00
300449685,28685.50,470134.84,562670.94,18879.68
304119864,29153.91,398910.63,576102.00,18190.82
307779169,29497.69,398474.56,567429.63,18325.24
311442015,29519.17,396894.44,544737.19,18462.85
315102407,30561.97,452632.78,554716.25,19363.32
318764435,29540.77,451435.59,550503.25,19003.37
322426895,28087.50,453035.56,544906.88,17992.08
326090256,28452.88,449534.34,544902.38,17586.92
329752510,30341.98,444821.22,547145.75,19213.55
333415478,30667.95,451569.09,547187.81,18246.99
337083187,30977.63,443963.94,544872.19,17741.41
340744581,30055.20,394482.88,555588.38,19102.97
344403719,31207.29,450804.09,553459.13,18385.54
348066027,29469.96,455608.22,562144.94,18628.66
351728319,29667.04,454729.69,560389.19,18635.51
355391830,30320.39,456080.88,563406.88,18074.45
359051126,31323.54,462881.16,556953.00,18544.28
362715123,31435.89,468375.09,567848.81,20284.68
366377323,30690.49,464914.00,575942.31,18788.22
370039241,31442.02,471375.91,569287.94,18279.21
373699506,31550.25,477444.59,586200.00,18754.11
377362155,32579.59,475054.28,573387.13,18401.60
381021410,32001.78,469137.72,584066.25,19685.39
384684365,32420.62,470812.97,588184.63,19038.65
388343455,31544.11,473493.97,576959.88,19170.24
392006266,31460.55,473673.69,585707.19,17854.70
395665437,32484.71,410457.09,564904.63,19094.95
399328386,30993.09,461117.84,550177.63,18209.82
402991543,30503.43,469564.59,548224.31,18797.43
406653390,29573.69,387176.41,553400.25,18428.74
410313290,31054.81,446245.44,550683.69,17131.02
413975476,31108.39,436567.22,555347.88,18754.11
417634381,32486.71,443213.00,545812.44,17244.32
421297878,32142.10,455721.75,531703.81,17309.35
424959954,30855.12,457200.88,552805.50,18267.06
428623644,32833.68,457728.41,557101.81,18312.26
432285795,33800.48,449448.44,550285.25,17901.91
435948120,32321.49,447150.41,545574.88,18222.92
439608534,32683.92,440399.47,542340.81,17665.17
443269932,32754.14,447748.28,549447.25,17763.36
446929272,33434.15,455292.66,546052.25,17712.26
450591850,34207.29,390935.75,562090.44,18572.37
454251193,33716.69,448836.97,548233.69,18309.19
457913904,34610.31,452497.16,557787.50,16938.77
461577252,34189.70,460257.63,555352.56,16296.52
465240377,34535.73,446936.31,537551.94,17141.05
468902510,33742.53,447876.78,552901.81,18904.82
472565669,32788.25,452534.09,561137.19,18086.49
476228893,34512.00,448857.41,570460.44,18112.45
479890370,32875.93,455804.38,544204.81,17020.91
483550254,33803.55,453745.31,552060.75,18506.98
487217155,34254.96,453064.38,544193.25,16216.51
490879356,33075.50,455148.19,547369.75,17575.95
494541556,32782.11,453290.59,554169.81,17664.11
498204335,32569.32,453477.78,547577.50,17345.46
501866309,31342.18,447215.66,551199.56,17105.06
505529076,33462.13,456076.75,542795.31,16267.49
509191602,33045.41,464742.63,552866.44,18458.83
512850819,34512.95,464400.03,550262.00,18834.60
516513173,33772.51,480858.59,555503.38,16798.69
520176459,33510.75,470465.53,556794.63,19185.35
523839340,34215.55,306818.63,552361.44,16716.66
527502039,35980.49,261581.81,583995.38,19057.65
531164713,36263.26,179491.30,579845.25,17756.39
534823995,37080.30,308967.59,579825.94,18283.22
538486743,37359.52,333555.44,573647.81,18730.98
542146576,37498.20,494895.44,584122.56,18436.76
545817991,36998.04,482569.50,583151.88,18043.29
549480384,37872.54,489051.22,584193.50,18496.01
553142191,38430.88,494714.75,592463.06,19694.47
556802533,37862.04,477346.63,602463.25,19513.32
560463941,38205.35,492964.69,610610.13,21079.41
564124312,37452.29,497405.53,613702.19,29509.02
567786184,37050.08,480452.72,577158.63,32680.85
571457146,36289.34,473826.06,554888.19,27106.90
575119486,36722.11,479424.56,552859.38,25145.45
578779300,35513.03,470149.72,547260.13,23222.95
582440756,37751.58,472707.63,556950.63,23239.12
586100640,36601.50,467684.44,560223.00,21430.86
589762446,37509.64,461823.13,551898.69,18329.25
593423236,38479.04,465880.31,554433.56,20293.77
597084986,37263.70,470975.34,554311.06,18536.25
600743970,36633.60,425145.28,562882.88,19503.29
604406844,35093.71,450334.84,560659.69,19924.02
608065858,36563.97,466701.13,569139.13,17862.73
611729097,35458.03,457879.59,563259.00,18476.89
615391664,35397.72,459836.19,566278.50,16890.74
619053812,36436.04,459184.63,559779.31,17301.32
622713701,35636.71,451152.72,547222.88,18943.06
626375607,34978.53,458061.69,551807.13,17785.54
630035765,35534.86,457099.50,549409.81,17230.28
633697438,35243.12,406248.13,548100.56,18708.91
637356505,34069.56,400182.28,544016.56,17311.35
641019103,34904.88,390209.34,554798.63,16529.49
644678320,34771.05,397004.66,558064.25,16599.59
648341613,36803.31,406887.53,575388.00,16735.66
652004060,34759.61,388954.00,555935.25,17458.64
655666635,36942.92,387864.00,548014.25,15422.37
659326486,33548.98,379522.31,543187.63,16512.49
662988223,34693.28,389951.72,534445.50,14821.90
666651123,33731.09,383830.50,545553.94,16065.56
670320437,32575.58,377176.22,533379.31,15030.32
673980861,34491.23,370467.44,532630.38,14767.96
677642184,33576.95,389878.44,525982.13,15843.81
681302374,33377.39,377877.97,544688.44,16471.54
684964149,34432.11,379166.84,534714.19,15097.11
688626374,33041.27,382774.63,531674.19,15656.99
692284722,34999.30,381464.03,530180.31,15374.45
695944675,34827.11,383215.75,541925.88,15743.85
699606595,34618.69,382832.31,538780.94,15480.32
703266852,35095.72,432237.97,544388.44,14478.00
706928669,35342.73,437305.06,537879.31,15832.83
710587956,34679.82,386004.97,545893.88,17130.08
714249876,34877.98,389273.22,531082.25,16240.46
717909758,36076.09,379213.09,546108.31,16056.59
721571899,36526.56,379783.47,539891.75,15455.30
725231222,36241.43,389252.59,555767.75,17337.43
728894256,34974.39,381837.44,535370.88,16399.55
732556544,35334.46,440827.75,547888.00,16329.45
736219482,34812.59,438867.72,540988.00,15909.66
739882649,34494.30,444587.53,527754.13,15059.23
743544630,33872.82,427147.31,509189.56,14807.85
747207318,32142.10,376047.63,520672.63,15711.98
750869771,31217.44,425147.28,520528.41,13936.30
754528568,32072.94,423628.41,530141.63,14597.55
758191356,32772.67,441112.88,551969.25,14635.43
761853940,32241.12,433151.31,533867.56,14954.43
765516687,32163.70,369433.72,529286.38,14548.81
769179159,33353.55,432126.22,528427.69,13497.63
772841561,33756.93,436898.84,549920.00,14305.69
776504964,34062.36,413179.38,534906.94,14955.49
780166782,33045.41,435703.69,511067.22,15335.51
783825963,31928.49,432643.50,519735.81,14943.46
787488879,33789.03,428292.44,526951.63,14688.30
791151495,34597.92,431204.16,527131.13,14109.55
794814392,35738.44,436603.44,526247.50,14207.15
798476823,35913.93,430181.78,537158.00,15121.07
802138661,35241.00,427510.22,528216.06,15569.18
805798429,33461.06,445126.28,533812.44,14999.28
809461346,34726.44,438194.66,539069.50,14985.47
813123394,34165.86,435984.78,535552.50,14594.60
816786567,34971.21,441325.19,541770.69,13402.27
820449277,34191.71,438537.16,540546.13,15581.10
824114450,34586.59,432621.53,534516.75,13865.72
827774619,34035.45,434071.84,523723.03,14915.60
831437349,32978.25,422934.22,519963.13,13275.05
835099983,33573.77,419114.47,525508.06,13925.44
838761838,33748.67,367002.09,517214.84,14403.41
842429615,32666.33,434785.03,535488.19,14837.83
846093876,32331.87,356686.22,531100.50,13759.27
849756991,34266.29,364885.34,523008.44,13716.43
853418874,32980.38,372334.09,526610.81,14747.08
857078301,32039.90,418356.09,541708.13,15014.27
860740148,33580.02,370206.13,553656.69,13933.46
864400180,34822.98,421913.72,538875.63,14823.79
868062046,33652.48,388445.34,538732.44,13965.21
871724381,33805.55,354501.59,543062.25,13110.06
875387313,35229.67,350943.03,549505.63,13392.36
879049757,33434.15,360651.69,537386.13,14090.66
882712148,34096.46,352299.03,541365.31,14545.74
886375152,34864.52,356109.81,544760.56,14522.96
890037120,35195.32,350818.63,548766.50,14482.01
893697042,35786.24,352491.28,562475.75,14109.55
897359064,34938.05,358436.16,546903.25,14741.06
901022049,34045.72,361737.00,549856.88,14204.20
904686199,34468.34,357035.53,549318.50,14225.08
908348314,34683.01,362814.97,550854.81,13578.23
912010044,34614.56,351232.41,548229.06,14081.69
915673793,35448.59,354771.16,550693.13,14472.09
919337986,34117.24,353540.22,545230.38,14693.26
922997306,33046.59,357894.22,536626.31,12893.50
926659095,33544.86,351026.56,538951.88,13418.08
930322669,35218.22,345431.63,539231.06,13122.92
933984477,34845.76,356022.25,528113.63,14713.20
937647320,31797.61,346840.16,533152.50,13624.97
941309153,35623.02,348338.16,533445.75,13331.58
944968327,35894.34,352162.03,526460.94,13725.40
948630851,35319.83,401746.94,540650.25,13793.02
952293815,33422.82,405167.19,527047.00,12535.08
955955570,35776.80,407062.91,537065.94,13081.14
959614871,34593.79,361230.22,528213.81,13096.13
963277368,36872.11,403855.78,528204.63,14054.79
966940558,36574.36,424603.69,530139.38,12959.11
970602609,37705.67,417874.59,532586.81,13633.94
974264904,37441.78,408793.63,526213.56,13572.21
977927223,37590.96,411821.84,525600.94,13124.93
981587016,37493.95,411538.59,519539.91,14118.52
985248736,35890.09,407851.50,528011.19,13627.92
988911625,36108.42,407843.84,533982.25,14228.04
992573863,35389.46,371484.16,534491.38,13216.39
996233948,36880.38,413858.22,539046.38,12454.83
999895792,37945.60,411156.56,529785.69,13260.06
1003558729,35876.52,357923.03,527249.38,12456.71
1007220820,35103.98,349400.19,521592.47,13407.23
1010883421,36292.41,375839.56,530737.25,12974.93
1014545328,33899.85,402577.31,527913.25,13091.18
1018205555,35421.68,336261.09,529847.31,12820.09
1021868120,33388.60,337636.09,519609.78,12527.17
1025530549,35402.92,396049.91,521752.72,13578.23
1029191885,35486.00,406346.31,521267.69,13160.69
1032854025,34342.06,403405.09,513516.19,12309.90
1036516751,34536.79,408434.38,515720.28,12846.76
1040179129,33954.61,410284.78,522084.47,13697.55
1043841080,34643.59,412691.63,524646.75,13060.37
1047501064,34061.30,414383.88,528639.38,12349.56
1051163092,36040.80,422425.69,517966.63,12675.99
1054822209,37112.52,428997.94,532287.06,14402.23
1058484992,36006.57,423549.44,554035.50,12823.98
1062147567,37195.95,427379.44,527312.88,13960.25
1065810160,36392.25,431685.06,545542.25,12986.85
1069469170,37501.38,438972.53,542980.94,14439.17
1073131991,36894.89,454175.50,555413.94,15389.44
1076794758,37851.66,441343.47,546371.50,12582.76
1080457992,39664.75,440906.69,556768.56,12973.87
1084120318,38033.16,387043.41,545672.69,14147.31
1087783177,36764.84,429664.25,540150.69,12575.79
1091445180,37534.66,430472.69,537980.44,14254.94
1095108085,37202.21,423713.13,530707.63,13987.16
1098770593,35435.14,417500.81,534911.50,13407.23
1102432553,34338.88,417027.56,536400.81,12059.94
1106091614,36560.79,415603.94,539118.00,14082.64
1109754294,35474.67,413441.84,522477.47,12056.99
1113417310,36296.54,420380.09,528782.88,13510.61
1117079206,36815.82,419040.00,557314.50,13190.55
1120738539,37143.91,422500.63,529555.44,12406.09
1124400369,34174.12,410199.69,536594.13,12032.21
1128060260,36683.52,416896.69,535083.81,12616.51
1131722118,36034.54,419753.88,529947.75,12641.41
1135381384,38032.22,418626.47,528962.88,13150.77
1139044360,37040.76,413683.09,520555.44,13153.84
1142706824,37174.00,428783.25,534574.00,13658.84
1146368674,38057.24,369928.44,535439.63,13497.63
1150032797,38801.81,433165.38,538727.88,13916.47
1153694513,39295.36,435806.13,537061.44,13235.27
1157353456,38032.22,381103.84,547017.50,13842.83
1161017421,39313.06,434236.13,543939.94,12852.78
1164679740,39479.46,435840.22,560837.88,14360.45
1168341633,40263.81,439850.22,546308.69,13450.89
1172000794,38390.29,383325.63,561522.19,14198.18
1175663691,38423.68,432681.50,542053.31,13939.37
1179326197,37926.83,425072.22,540074.44,13279.88
1182988830,37382.42,427194.88,534555.81,13557.34
1186651729,37602.40,430735.75,545118.69,12235.43
1190313476,37280.34,437975.28,541828.63,13010.69
1193975800,36761.65,442505.59,533120.50,13166.71
1197637739,37656.69,435795.97,538568.63,13387.28
1201298095,40602.52,436107.19,545563.31,12521.15
1204959364,40336.27,436729.97,529904.31,13100.14
1208618312,41108.34,435862.28,546352.94,12736.65
1212280988,40701.18,435565.38,541367.69,14976.38
1215940103,43671.91,391054.34,543842.38,13186.53
1219602534,42647.52,449135.44,548341.19,14528.86
1223262409,43194.18,448364.91,577587.94,13938.42
1226924266,46210.11,458792.91,565585.25,14815.88
1230584514,44661.37,460286.66,574097.00,14190.15
1234246360,44225.05,465589.41,562923.25,13931.34
1237906297,46833.95,471719.56,569881.19,13087.16
1241569793,45225.02,481859.03,577185.31,14221.07
1245232179,46692.68,480991.13,575000.94,14926.58
1248894038,47683.79,485917.28,581121.50,14148.37
1252554601,47339.41,483533.69,586560.81,14180.24
1256216497,47239.45,469533.06,578299.25,14304.75
1259875828,46193.23,470282.25,570607.13,14141.41
1263542782,45595.59,470747.69,572856.44,12705.85
1267205157,44413.06,457579.47,559355.13,12603.53
1270867002,43271.13,457070.56,575538.00,13155.73
1274529384,41059.95,464702.88,582345.81,11805.26
1278191229,43491.46,466498.03,548899.75,12171.94
1281859094,47033.51,457558.69,556374.25,13218.40
1285519647,45125.64,460907.91,556076.88,14432.21
1289179560,46624.82,473517.34,567592.50,13723.39
1292841408,48492.44,474674.84,573290.63,13694.60
1296501262,47773.13,471295.78,569117.50,13228.31
1300163292,49064.59,473622.97,576133.50,15024.30
1303823130,49222.38,483139.28,574701.13,15826.70
1307485093,49370.61,482608.06,586514.06,14058.80
1311145144,50464.04,490095.22,582599.81,14751.09
1314807103,50469.35,485919.41,600807.38,14447.19
1318467309,50749.40,484241.44,592537.06,15000.34
1322128769,50990.27,436683.81,600427.63,14299.79
1325788707,51981.97,490320.25,598870.69,14343.57
1329451008,52019.50,492574.03,621615.81,14531.81
1333110533,51474.14,495158.97,597525.81,15032.20
1336773448,53322.77,445203.47,607577.69,14784.01
1340436452,52366.95,475450.69,612522.38,13739.33
1344099924,52440.94,492274.50,616780.75,14982.40
1347762250,51057.66,440357.09,596558.38,14061.75
1351424864,50676.82,469221.75,600809.88,13507.66
1355084081,47571.08,433781.53,579157.00,11673.55
1358745873,45381.63,473267.72,593878.56,10913.17
1362408827,45184.89,469859.16,613407.69,11273.47
1366070816,45948.34,465968.13,569686.56,12693.93
1369733071,50144.56,470551.78,578816.63,13238.22
1373395823,51132.48,485973.22,579928.13,14447.19
1377057992,51759.04,487678.81,596719.94,14589.64
1380721319,51650.82,484389.66,599127.50,15538.14
1384383730,53713.99,487445.97,588307.56,13936.30
1388046048,51332.76,493666.41,608874.06,15971.62
1391705939,54120.80,496213.94,604936.00,15080.12
1395367783,53706.56,496098.28,601809.94,15210.76
1399028272,53936.69,494984.91,592707.88,14601.56
1402690225,55695.74,482734.47,620088.81,14857.78
1406350274,57209.54,459423.25,609805.94,14979.33
1410012103,54456.68,462716.41,624750.56,16179.57
1413671825,56066.31,472411.97,629854.00,14668.36
1417334243,56113.87,469175.59,617053.63,14774.10
1421001037,56186.22,471498.06,628158.81,14668.36
1424664579,56072.80,481844.03,624513.81,15577.09
1428324563,56204.63,482141.44,632246.44,14336.61
1431986305,55901.09,464546.25,640575.50,14490.98
1435646189,54356.60,462285.16,601789.88,15326.54
1439308046,49506.09,439702.94,577369.63,13092.12
1442967208,48983.51,477931.53,599606.44,13134.96
1446629117,48102.75,481234.72,616989.88,10726.23
1450291651,46910.30,485437.78,593059.19,11772.57
1453953560,50923.83,480369.66,596764.81,13351.52
1457616247,53263.52,491019.53,592146.69,13326.62
1461278581,53940.00,456175.88,584208.25,14878.66
1464941571,54702.39,446934.31,608185.31,14011.95
1468604734,55222.02,492031.63,607963.38,14668.36
1472267149,54171.43,479492.78,598197.88,13987.16
1475930139,54990.23,498739.38,612245.94,13998.14
1479592995,58125.36,501664.31,613179.13,14636.49
1483255702,56787.52,513612.13,598001.25,14586.69
1486914686,57987.63,478563.75,619728.00,15935.74
1490577528,57561.71,482490.41,635383.56,14641.45
1494237443,59579.80,473206.47,629491.31,14488.03
1497899250,58812.45,488602.16,625250.25,15255.73
1501559711,58006.04,488789.94,629359.25,14451.21
1505221610,59234.01,491756.19,639198.50,16780.63
1508881985,59378.58,495551.03,643979.69,14596.60
1512543840,60326.50,492647.81,635868.75,16269.50
1516203579,57426.11,494336.16,627362.75,14076.74
1519865967,58989.60,466741.03,614949.94,14910.65
1523526571,55921.50,491002.16,611189.56,14359.51
1527188367,50998.77,461660.72,585802.88,12508.29
1530850867,48314.59,466265.41,616408.75,12226.58
1534512731,48045.39,468728.06,587587.19,12398.18
1538176793,48275.29,455680.44,595239.69,12821.98
1541840726,53232.36,476549.91,591079.56,12895.50
1545503183,53460.26,456601.44,585542.94,14166.31
1549166041,52955.26,451850.19,599112.44,13938.42
1552828507,55504.79,470513.91,606550.19,14105.53
1556491688,55919.38,467869.03,609318.44,15179.84
1560154446,57698.14,468274.31,605362.94,13503.65
1563817308,57433.78,469402.66,607346.00,13793.02
1567479997,56647.90,474899.56,611111.13,15588.07
1571143018,57898.65,473318.47,612839.25,14955.49
1574805684,54671.11,474520.34,624948.88,14339.56
1578468851,58618.08,490190.44,626800.06,15756.83
1582131604,58609.35,490145.00,631160.81,13771.19
1585793874,59764.73,503714.75,627040.13,15880.75
1589454080,60241.52,500792.75,631804.69,15815.84
1593116967,58957.97,496578.00,630476.06,16068.63
1596779801,60240.46,502392.00,644528.13,14396.33
1600442116,58384.64,504001.28,654900.19,15259.62
1604102547,58881.96,508300.19,621587.63,15780.79
1607764012,55225.20,476458.56,607824.69,14078.63
1611434679,53832.36,470019.06,600879.81,12682.01
1615097496,50892.79,461565.03,620598.38,11029.89
1618759674,50142.44,470665.56,621341.44,11131.85
1622421509,49437.76,452043.16,600567.44,11432.80
1626083863,51901.48,459452.28,594731.25,13411.12
1629745901,53340.94,449438.16,583701.81,14506.91
1633404914,55687.12,444270.53,578129.19,13367.45
1637067596,54340.43,469120.84,599267.13,13250.14
1640730128,58586.57,471413.91,596694.94,12615.45
1644392378,58422.64,466560.69,589198.50,14321.62
1648052668,57891.21,480275.69,606291.06,14638.50
1651714489,58407.54,469301.63,604526.56,14311.71
1655373672,56762.61,470933.22,629667.56,14648.41
1659036537,60730.82,475997.81,621497.94,15449.28
1662699278,61353.60,490361.34,628386.25,14248.92
1666361908,59811.59,490037.03,638417.69,15189.88
1670021245,58891.76,484196.47,632477.63,15062.18
1673684189,60243.77,483147.88,634460.69,14390.31
1677343403,59872.48,491960.13,641555.31,13718.55
1681006325,58978.62,484559.13,638153.31,15275.67
1684665413,58233.93,477246.69,643592.25,13996.01
1688328089,62571.89,473737.19,657691.44,13690.70
1691988457,58545.26,494164.31,615402.81,14133.50
1695649883,57626.62,480813.88,612730.19,13991.06
1699309755,53503.33,466533.53,571415.56,12581.81
1702971652,49241.50,493846.84,628947.88,10251.80
1706633833,49404.83,477006.63,619329.00,10879.53
1710295669,50330.44,475745.50,612935.50,11347.59
1713957676,55382.88,467470.47,602836.44,12504.39
1717619526,53919.46,463304.34,581216.50,13188.54
1721278680,58189.32,464431.31,570078.19,13331.58
1724940532,58457.34,462328.94,585339.44,12293.03
1728600521,59232.95,468022.34,606006.88,13384.33
1732262360,60342.90,470947.84,607116.69,13059.43
1735922199,60046.68,457550.44,614690.56,14077.68
1739584062,58580.08,474181.53,616164.13,13225.36
1743244039,60564.07,484765.31,622976.19,14516.82
1746905914,62469.21,486024.78,621213.38,14202.19
1750565923,62944.00,497569.47,629390.31,13059.43
1754227802,62176.18,496154.91,628101.94,14322.57
1757888020,61164.89,510135.59,639908.94,14573.59
1761550243,61936.72,504832.59,633289.00,13214.39
1765210465,63178.38,516607.28,638679.56,14931.54
1768872115,63425.86,525292.56,641954.88,14800.89
1772531185,63277.99,515149.56,641444.81,15204.86
1776194378,60067.33,492849.59,620734.13,15303.53
1779853214,58395.50,498301.78,606494.75,13425.16
1783516012,58263.08,484020.50,599631.31,13128.94
1787178646,54206.83,478751.16,594084.19,11162.54
1790840515,52569.70,489107.41,638420.38,10321.08
1794502707,48789.61,473811.19,699287.44,10296.29
1798164368,53773.12,490067.13,655480.13,10898.42
1801826900,54692.71,483842.53,600492.50,11745.78
1805488337,58398.80,485682.91,577719.06,11991.61
1809148401,59022.05,493192.81,580560.94,13632.87
1812810071,60661.07,490963.22,596451.50,13662.85
1816472729,61357.96,485222.75,594332.00,11916.20
1820135304,62637.63,494786.63,604679.88,12749.52
1823794477,64024.57,497822.97,625126.56,12647.31
1827457375,64277.95,503225.81,621287.63,13671.70
1831119636,65095.10,507066.66,625884.25,14203.13
1834782371,61800.30,511828.44,637057.31,15528.23
1838441634,64113.43,519557.97,646324.13,14170.33
1842104201,64733.61,499821.13,649550.50,14806.91
1845764067,63170.71,519792.00,641242.44,14103.53
1849425961,65018.27,527645.00,650506.56,13285.90
1853085510,64560.13,539681.56,653099.00,14288.81
1856748496,64939.08,532559.44,654625.13,13906.56
1860407554,63850.14,527467.69,649587.69,12873.67
1864071729,60981.61,521994.19,624518.94,13933.46
1867733450,60467.05,511078.19,602433.19,12944.13
1871396018,56964.89,479842.47,575489.63,10940.90
1875058289,52510.81,498717.44,619242.00,9688.15
1878719967,50905.66,496255.22,688931.38,10034.53
1882382218,51258.76,498774.44,680300.44,9531.19
1886042455,56071.62,477872.03,631199.88,10779.69
1889701537,57204.12,466879.22,592492.69,12066.90
1893363421,60933.58,478174.06,569633.75,12309.90
1897023640,59571.07,467764.22,574237.13,12225.64
1900685312,62482.32,468866.63,583948.88,13049.40
1904347931,63240.81,457542.16,588669.31,14182.24
1908010739,62924.41,473561.72,594508.00,12054.98
1911673349,64967.64,478793.75,604574.38,14483.07
1915335653,64507.49,490906.81,623230.38,13037.48
1918998665,65995.10,495838.88,614993.25,13294.87
1922661066,65671.38,477869.81,602060.25,13785.12
1926324407,65224.92,481010.38,624037.75,13559.35
1929986631,67777.39,488312.91,625899.81,14163.24
1933649883,66061.07,507192.72,621595.25,13362.50
1937312677,67149.19,496850.88,632812.94,14180.24
1940975031,66133.77,504625.13,632436.13,13780.16
1944638448,66680.30,507057.81,637206.38,13719.50
1948301089,66793.95,513422.38,624398.06,12829.89
1951962916,61718.27,507429.56,614647.50,12359.59
1955622434,60577.05,495028.31,601567.31,12897.51
1959284764,55041.92,476299.34,598449.63,11274.42
1962947214,54621.55,488375.47,669829.75,11405.06
1966609039,51964.74,493401.47,712237.56,9403.96
1970271149,55644.99,476017.06,669778.06,10369.46
1973932793,59755.06,455903.38,655143.31,11770.56
1977595048,60610.92,464157.75,608344.31,11659.63
1981256957,63299.94,482417.47,588440.50,12089.80
1984919793,64788.61,474700.34,581262.81,12335.75
1988581645,64039.91,473832.31,573691.25,12591.73
1992247645,64295.53,473092.22,580877.69,13406.16
1995911027,66895.34,485259.44,581848.00,12629.49
1999573424,67284.79,479170.81,598830.81,12233.54
2003236319,67033.18,489736.31,612263.56,12775.24
2006898850,70067.05,479202.81,627207.94,11624.93
2010561758,69010.67,498826.81,617012.81,12430.99
2014224370,68669.72,502702.03,626802.56,13073.24
2017886980,68170.87,505543.41,620759.81,14168.32
2021543943,68824.68,514043.13,621531.19,13615.05
2025204604,68686.24,535492.63,622834.94,12744.56
2028864849,70507.72,505335.81,632721.94,13649.75
2032526966,68639.87,509416.03,637402.50,13010.69
2036184115,69508.12,509351.72,656692.19,13157.74
2039848059,66716.77,499755.38,593081.38,11179.42
2043507999,64094.79,484554.88,593868.81,11568.40
2047176972,61450.85,507992.03,641539.56,10209.43
2050839610,59323.11,494497.25,695034.88,11219.89
2054501653,57658.13,498529.19,701341.13,10522.65
2058163690,61961.98,485326.00,683903.06,10375.36
2061825441,62889.36,487417.88,639416.13,10499.87
2065487867,63416.07,483317.25,625672.88,11340.74
2069149758,65036.92,481307.41,600255.44,11644.64
2072808860,68065.83,482087.97,605906.06,12032.21
2076471602,66981.48,487987.19,604361.13,12060.89
2080133972,66354.11,468410.84,586860.13,13484.76
2083796496,67188.84,453860.50,581333.50,11952.90
2087459172,67092.89,461269.63,588337.06,11826.98
2091121439,68138.77,471624.69,576841.06,11820.13
2094783842,70093.60,446740.66,589496.50,12742.55
2098445712,68234.95,455791.97,582638.88,11751.68
2102105021,66575.63,454952.41,590231.00,11662.58
2105767474,68489.39,456636.63,590517.13,12047.08
2109430167,69525.82,455915.66,592003.19,12419.07
2113091979,65941.16,456560.16,596031.69,11750.74
2116750897,68018.27,462549.75,587474.25,11823.08
2120417924,67338.96,463930.31,606882.44,11179.42
2124080182,66960.48,465053.97,650578.44,12140.31
2127741971,66068.86,451257.28,619899.50,10349.64
2131404544,67521.18,456376.16,622770.88,11111.08
2135066382,67402.92,447642.06,630966.31,11406.01
2138725615,67733.14,449434.16,627784.00,11539.72
2142388240,68186.20,463273.09,616334.88,9801.56
2146050407,67311.34,432341.84,608869.13,11390.19
2149712339,69180.15,423537.53,626650.19,11049.71
2153372279,68401.94,455439.09,625402.19,12019.34
24675,67414.02,448191.31,615940.00,11612.07
3688868,66593.33,422140.19,599272.06,11124.89
7350891,67323.50,447101.53,616620.13,12017.34
11012736,66614.22,427911.13,608028.94,11692.20
14675364,67219.77,433295.31,616737.44,11513.99
18337556,67674.72,428318.28,614377.81,11422.88
22000092,71125.42,418054.56,599352.00,11313.01
25661975,67586.32,429129.06,606721.31,11615.96
29320871,68495.88,421809.50,611878.31,10671.94
32982690,69101.43,417520.28,601709.88,12961.00
36645765,67553.16,421980.63,613199.56,10311.04
40308324,69145.69,421486.72,609116.38,11521.90
43970778,67565.32,401670.34,613493.88,11374.38
47632768,67106.11,426441.69,602936.63,10980.44
51292815,66892.03,420423.28,597787.06,11912.30
54953585,64687.59,414370.19,618368.00,11070.49
58613562,67099.38,417743.34,624526.56,11245.74
62275278,67031.05,432799.50,652976.31,9329.02
65937536,66219.69,435954.59,666655.69,10047.39
69599411,65764.96,430032.47,660766.38,9670.33
73262001,64336.25,433191.31,661886.44,9224.46
76923879,66083.14,425580.50,647257.88,10499.87
80585894,66351.98,427867.44,624722.38,9194.96
84247672,66553.67,436860.72,612917.81,9655.46
87910574,68405.24,433179.41,617193.94,10266.67
91572653,69890.61,440239.78,587656.00,9854.91
95235201,71996.74,433271.34,588396.19,10434.73
98897600,68313.43,441920.34,577001.06,9964.55
102560068,71488.09,434192.00,584697.81,12038.23
106221986,67209.73,430624.09,569276.00,11890.47
109881088,70424.40,427141.41,574560.94,11968.71
113542913,70689.82,415494.75,560071.13,11116.04
117206171,70368.94,426390.22,572800.94,12024.30
120867938,71396.87,426643.84,555284.25,12452.70
124527075,70572.16,432062.25,566575.06,11218.95
128189793,71153.27,426267.38,574205.56,11149.67
131852479,70545.48,414687.66,559511.50,11183.31
135514407,70328.93,432969.34,578090.38,11220.84
139177134,69361.77,430512.56,569749.00,11002.15
142838919,69516.97,424266.03,567906.31,9440.43
146498162,68528.10,427472.56,592688.00,10449.48
150159682,69317.52,428365.97,608901.81,9890.43
153818651,67415.08,432000.41,632059.38,9874.62
157480465,67209.73,431788.69,640903.69,9678.24
161139550,68798.13,416386.63,644536.06,10374.30
164801404,68982.94,418975.22,620365.31,9121.08
168464226,72034.51,438458.56,609356.44,10411.95
172126074,69690.92,427833.81,566118.25,10758.92
175788946,72705.44,425833.91,571909.06,11847.86
179451124,71933.25,428489.06,571769.38,11397.16
183113959,70148.01,428640.13,576520.94,11613.01
186775873,74831.76,438863.72,579954.81,10327.92
190435757,71183.25,432845.41,578904.19,10343.74
194097871,74698.52,441683.38,580916.75,10812.26
197760748,73241.00,445118.16,576026.81,11910.30
201422548,73479.87,447597.22,557891.63,10940.90
205081818,74858.66,464318.47,544881.50,11374.38
208744715,74480.30,450486.50,555194.56,12315.92
212403709,72467.98,464579.66,556575.00,12501.33
216066839,71356.73,464099.31,565293.75,12126.38
219729204,72615.16,472200.84,562680.63,12113.52
223391981,70918.77,460733.34,569511.25,11642.75
227054739,71481.37,458190.09,554259.13,11100.23
230717832,68515.95,459346.53,561964.38,11974.73
234381196,65999.47,436758.16,557702.31,10424.70
238041837,60274.21,446357.56,568702.44,9326.07
241704719,57140.27,450453.59,646022.69,8622.45
245365426,58180.71,457143.03,688644.88,9138.66
249027831,64483.18,456832.88,658176.69,8831.23
252689642,65278.73,448248.56,627094.19,10192.56
256352029,67238.53,450033.78,617000.06,9679.18
260013570,69713.11,446703.94,580271.31,10176.74
263672667,71669.37,447903.34,579295.56,9878.63
267334481,71736.16,442005.22,584712.44,10447.47
270994407,72376.64,454021.13,573879.50,10876.58
274656395,70769.84,450242.69,591699.50,10610.57
278315397,72812.48,458159.03,579774.69,12120.48
281978296,72709.92,468240.53,582831.81,11949.95
285637199,74788.09,471548.81,584328.19,12266.24
289299006,71489.16,474901.66,575027.44,10912.11
292959204,73767.00,476063.66,573599.44,11481.30
296621060,74775.81,480613.00,578629.56,11778.47
300280330,72541.52,495688.41,591175.88,12086.73
303942532,74491.51,497040.88,586185.19,11168.44
307602855,72959.77,475656.41,567398.56,11423.95
311264753,69973.81,484701.00,585925.38,12596.57
314927653,69766.34,477637.91,582553.44,11390.19
318589820,68106.66,453588.81,584484.75,9732.52
322252217,61594.95,466642.47,580244.44,8508.33
325914072,60143.57,469059.94,631984.00,8805.74
329576135,60898.64,482511.78,704513.56,8992.91
333237864,60802.70,483017.13,700618.31,9735.47
336899950,62545.69,463565.06,652145.06,8911.12
340561995,67965.16,446526.69,631918.94,8799.72
344224185,67549.74,464036.66,606537.44,9767.10
347886067,70089.23,448309.69,586983.06,11061.52
351545155,70501.11,444034.97,578763.19,11094.21
355206963,70810.91,426657.78,586023.50,10546.37
358866849,73242.06,438760.91,581096.94,10985.39
362528690,75440.02,447682.91,578017.69,12149.28
366185361,73545.84,467787.34,579682.31,10681.74
369846032,75925.66,455581.44,601612.38,11973.67
373506209,77557.01,469263.88,611012.31,11114.03
377167574,76422.74,476348.09,594096.69,11256.48
380830323,74492.69,470396.00,585542.94,10427.76
384493177,76669.88,483984.03,588209.25,12424.97
388156224,73631.76,477287.16,589602.44,11269.46
391818085,74700.76,491246.81,586406.06,12047.08
395477927,72264.05,479337.22,591521.56,10652.11
399139860,72767.87,482895.09,578097.69,10723.28
402803026,69092.58,463550.44,581635.81,9972.33
406464809,67554.23,453407.78,584624.25,10563.13
410127455,68031.48,455296.78,586786.56,10696.61
413789480,67470.31,442963.75,591884.56,11103.18
417452347,66997.89,445557.53,594317.13,10651.05
421114142,68908.83,440898.56,590366.50,9756.25
424774078,69700.95,441754.19,596272.56,10306.21
428435866,69133.53,432110.16,591168.44,10285.43
432098403,68578.97,422283.94,588622.44,11206.09
435760397,72143.80,412551.78,592423.56,10999.20
439422877,70448.83,411492.09,586644.13,11874.54
443084685,68097.81,409048.78,572393.31,12640.23
446744522,71600.45,402307.41,587412.69,12254.32
450406376,70008.27,395096.31,592314.75,11572.41
454065266,69665.43,396328.88,598992.75,11250.58
457727664,69470.35,402213.59,591704.25,12823.98
461390635,68832.35,409951.84,515221.19,14677.33
465052609,68899.98,388038.41,513931.38,16361.43
468711639,67342.27,390962.19,525716.69,15069.14
472373586,68613.31,389987.34,526974.25,14477.05
476032830,66252.73,405344.00,534622.25,13442.98
479694663,65559.26,402445.25,527042.63,12379.41
483354554,65326.06,401114.00,538903.25,12523.28
487016329,64434.91,393053.56,538155.81,11491.22
490679182,61111.43,408699.09,559563.69,10902.31
494341078,58460.64,403502.91,569110.31,11231.81
498003943,57791.37,403855.78,588738.13,11230.87
501665650,57497.74,406529.34,629408.50,10641.26
505327973,57267.02,397116.66,644135.13,10432.60
508989607,58175.28,403316.81,617451.44,9792.71
512651947,59335.15,402123.78,598414.56,10075.13
516313597,61610.17,399585.22,570222.38,9906.25
520053305,61271.81,393032.66,577920.44,10163.88
523793285,62936.33,404178.09,577255.63,10412.89
527532734,60948.92,408617.78,571771.81,11146.72
531570539,60504.00,422674.00,559288.69,10737.09
535608152,65541.55,410782.56,577801.69,13088.23
539348261,64451.43,413506.06,571810.44,10705.46
543087546,59806.04,416978.72,572422.38,11085.36
546827158,60654.46,417189.84,575245.19,11542.79
550490117,62775.47,412699.41,584827.50,11200.07
554152881,59892.07,415756.19,580249.25,10757.86
557815084,60294.98,419589.03,569465.56,10771.78
561477889,61096.09,422217.03,574106.69,10817.22
565139692,57551.79,423969.81,567398.56,11225.91
568799174,58268.63,420179.94,551420.13,11806.20
572461004,56228.47,412899.56,555255.94,11380.28
576121223,56660.88,415970.84,557621.94,11516.94
579782946,55695.74,397302.88,570859.56,9968.44
583445192,54401.80,395431.72,578583.44,9185.99
587107103,51797.63,401634.00,618730.75,10987.40
590769212,49912.78,402563.97,659731.25,10171.78
594430845,54827.37,402600.31,639054.25,9045.19
598092810,55761.71,403995.75,609442.13,9599.28
601755348,54965.33,404233.81,593361.06,9312.26
605417984,56046.84,399160.25,567973.44,10000.07
609078974,57558.40,405232.47,566264.13,9713.76
612738243,56859.98,391655.41,562461.44,10049.40
616400079,59285.11,389558.72,561189.50,11173.40
620063178,59404.66,403742.50,563735.56,11628.82
623725031,58355.38,389378.50,566111.00,10654.12
627385093,58891.76,408826.44,566323.94,11562.50
631046768,61091.72,408625.56,563204.25,10400.03
634709183,60192.55,404957.72,549372.44,10811.32
638371262,59198.25,408486.56,555357.31,10692.71
642031215,60593.45,417361.91,551387.19,10553.33
645692259,59726.61,417166.38,532731.06,11828.98
649352198,59473.23,421164.19,542380.25,12010.49
653014193,59312.38,439597.88,543435.94,11108.13
656677082,59210.05,411156.56,531781.56,10734.14
660339166,56599.16,415902.50,529318.31,11211.04
663998358,57320.01,423285.19,524669.31,11865.68
667660189,54721.74,406500.44,531726.63,10527.49
671319156,56027.37,410871.69,551204.13,10327.92
674993210,54324.26,406592.84,560590.88,10455.38
678655740,54742.28,405522.91,562081.00,10625.44
682322375,57023.31,411998.38,554749.13,10583.90
685983952,58407.54,404406.56,554450.00,11054.67
689645731,57414.30,420209.19,534083.19,10631.34
693308720,59400.41,432581.66,542266.63,11177.29
696971577,56668.43,437983.28,543222.31,10446.53
700634940,57698.14,439991.47,539362.69,10242.00
704296689,57227.95,440264.09,534881.81,10578.94
707960112,58822.25,435647.50,554756.25,11176.35
711621849,59362.30,439555.53,539686.06,11582.33
715281036,59147.15,430277.38,539120.25,12725.68
718943546,57932.28,455750.56,547974.38,12369.38
722602759,59579.80,454142.56,579565.56,12802.15
726265783,59412.34,470067.56,565200.63,12582.76
729928561,60793.02,470195.97,587516.06,12429.92
733591548,59552.66,466870.84,578243.44,12861.75
737254294,59638.57,488030.25,585011.25,13437.08
740917331,59128.62,476242.00,577063.94,12446.80
744579666,56878.39,464107.69,582697.38,13766.23
748242707,57134.84,457595.97,578469.19,12153.17
751905128,56730.16,457798.84,573143.44,12688.97
755567562,57130.59,463047.91,575206.63,12251.37
759226778,53108.80,453662.94,582592.50,11691.26
762889282,53959.35,453634.25,574374.94,10617.54
766552582,55482.13,455956.97,587803.50,11197.12
770214147,57584.37,456727.50,581821.25,11489.21
773871350,54545.07,454680.38,591901.94,12613.56
777535553,55702.35,463800.84,577893.75,11842.91
781194726,56714.93,463583.81,586437.94,11703.18
784881471,56392.75,465612.41,601860.00,12117.53
788573865,58825.44,473853.44,586636.81,13025.56
792269134,58941.80,489161.47,571025.50,12654.28
795931637,59301.40,472798.38,589932.69,12529.18
799594337,60730.82,476490.31,598315.06,12165.09
803254244,58147.07,477093.59,610195.31,12318.75
806916057,58500.77,475535.53,603972.00,13442.98
810575400,57376.42,482299.81,605375.69,12703.84
814238265,59420.01,473762.56,620401.06,12638.34
817897422,56464.03,495612.16,617096.81,11841.85
821560145,59923.59,489844.31,606049.56,12379.41
825219405,59614.62,489721.22,622616.63,12943.18
828882612,57140.27,485407.69,606281.00,13357.54
832545112,56711.75,489677.91,587594.63,13531.50
836208114,57163.05,479885.19,592606.38,12724.73
839870729,53856.09,474079.91,589627.13,10691.65
843533562,51119.74,480813.88,600112.94,11657.62
847195804,52709.31,490696.84,637146.31,11155.58
850857640,52093.50,507199.44,638724.19,11255.54
854517577,55655.85,494989.16,634176.63,10629.34
858179507,57552.97,496194.09,628533.75,11913.25
861842416,57923.67,490610.34,625644.56,12455.77
865504455,57724.22,506502.44,620447.19,12252.43
869163680,56057.70,500386.78,617285.75,12500.38
872826201,57737.20,493953.44,604381.19,13565.25
876485478,58898.25,503349.13,615018.63,12656.16
880148423,60169.77,515838.88,626898.13,12396.17
883807391,58100.46,480455.09,621508.19,12198.85
887470458,61052.42,500516.13,634392.94,12242.40
891133139,61067.76,476025.56,621003.19,12008.37
894796230,60037.95,488133.75,627169.38,12065.96
898458740,56554.90,487049.53,627319.00,12732.64
902121765,58630.00,500860.72,627326.81,12415.05
905784429,59251.48,497440.47,629791.81,13090.23
909447022,57729.53,503476.81,621033.88,13027.56
913106362,58447.66,504124.75,618477.88,13144.75
916769492,59688.61,487775.81,622729.69,13330.63
920431971,59429.80,491628.25,610918.63,12597.63
924092084,56906.48,481839.78,594679.00,11890.47
927754290,56836.14,460650.28,631430.69,11313.01
931416159,54117.49,459773.75,653938.94,11610.06
935078859,52716.75,508388.81,665329.00,11536.77
938740551,54323.20,493966.41,649282.44,10829.02
942399358,54664.62,478369.97,645304.13,12426.97
946062243,57356.83,497621.88,639410.69,12191.88
949724626,58229.57,493688.13,637112.31,12909.43
953387594,60713.36,502260.06,627910.75,12716.83
957050335,61943.33,499126.81,612410.56,12862.69
960712974,61704.11,507604.34,623161.25,13475.79
964372186,62451.63,516262.09,611298.38,12564.82
968035044,62395.93,517697.19,617627.56,13456.91
971695165,64105.64,524162.06,627275.06,13297.82
975356441,61089.59,532392.31,617811.31,12381.30
979016827,61321.97,531015.88,648253.69,12494.48
982678763,62711.98,534895.38,623783.19,12769.34
986338142,63443.45,533216.56,614065.44,13187.60
990000814,62348.84,529881.50,628391.56,13557.34
993660938,63058.95,537899.81,639958.88,13065.33
997322820,62528.23,537151.13,631651.38,13341.61
1000982921,63670.28,526236.19,627566.94,12525.17
1004644912,63874.21,530888.06,608649.50,12614.50
1008307873,59897.50,524266.25,616008.69,12351.56
1011969774,61100.45,503723.59,614403.44,11939.09
1015629266,57660.25,524384.06,656435.25,10953.77
1019291076,56488.93,536982.94,678105.13,11063.64
1022950367,56415.41,527717.69,664993.50,11355.50
1026612167,60509.54,519537.78,648476.31,10263.72
1030271506,59988.97,516528.81,645119.31,12715.76
1033933973,61162.77,515870.28,656060.44,12073.87
1037593294,60325.43,510906.94,659156.25,11905.34
1041256122,61119.10,514523.59,651450.44,12647.31
1044918664,63960.84,515615.00,641166.31,12652.15
1048580816,65672.55,525038.69,640090.00,13186.53
1052241186,63964.26,523334.03,640305.13,13818.99
1055903046,63141.09,533940.81,636430.25,12936.22
1059562313,67331.29,527315.38,630253.25,12715.76
1063225640,64758.87,535290.50,632425.69,12647.31
1066888096,63306.55,534686.56,631041.50,13174.61
1070550979,66586.60,522251.59,628808.00,12777.37
1074213882,67069.77,529847.31,629116.06,13213.44
1077875991,65438.18,508668.16,643600.06,14000.03
1081535237,65395.34,523811.31,636132.63,13156.67
1085198163,66637.35,507932.22,640877.38,12700.89
1088856961,65133.57,510918.16,632189.06,11732.92
1092519731,62892.54,501280.06,630452.81,13584.25
1096178832,62228.58,493818.66,626371.56,12190.82
1099840750,61734.68,494299.22,654860.19,11654.67
1103500727,59969.38,495684.03,667596.63,11395.15
1107162481,58742.94,522023.47,692043.31,10533.51
1110824606,57161.87,539508.19,751064.13,10823.24
1114486468,60555.33,528618.94,703992.06,11229.81
1118149135,60694.83,501161.44,666750.56,11003.21
1121810942,65048.95,504329.72,659164.50,11596.13
1125471014,65373.38,487073.13,647310.75,12575.79
1129132818,68498.24,511946.44,652328.81,12840.86
1132795743,68347.77,507619.94,645837.56,11310.06
1136458299,70638.84,502286.38,660874.25,12793.18
1140117582,69560.16,503701.53,618470.19,12416.00
1143780562,71400.16,525882.25,635349.56,13515.57
1147443184,70282.31,526347.50,639117.19,13373.47
1151105021,72769.05,548359.81,625930.75,13375.36
1154765419,74262.20,533888.19,629346.44,13038.54
1158427353,73262.24,537554.19,617867.44,12797.19
1162087294,74147.02,554259.13,642417.75,11687.36
1165749083,75796.55,543914.38,643787.25,13349.52
1169409691,73541.35,539796.94,644538.88,12928.31
1173071939,70788.72,540044.31,635686.31,12738.54
1176731056,72124.80,518921.50,626317.50,12850.77
1180393516,66704.62,516564.69,604323.31,12222.57
1184052660,65795.88,502532.69,616294.06,12932.21
1187715851,61838.41,560382.00,670646.31,9878.63
1191378064,61057.97,606346.38,699264.88,10369.46
1195039564,60345.02,597316.75,778443.69,9877.57
1198701588,63959.77,576058.56,740021.19,10831.15
1202363318,65415.04,547633.56,709295.63,11264.39
1206025631,68141.01,534808.13,683128.88,11181.30
1209687502,67839.23,511425.41,649892.88,11153.57
1213350677,70764.29,493071.25,645063.81,11329.77
1217012507,69321.88,493775.22,636453.63,10854.87
1220671928,72832.54,488448.88,627908.00,11223.91
1224333690,71965.59,477901.66,625214.13,10491.02
1227992885,75545.41,481409.84,617984.75,10822.18
1231655021,74005.05,483420.03,632347.69,10976.54
1235314283,73962.55,493796.81,635623.63,10800.46
1238976679,77081.28,491188.41,652304.88,11200.07
1242636593,77890.29,495679.66,643584.38,11619.03
1246298444,79156.26,500678.63,629219.56,12748.57
1249957623,77750.67,495193.78,642260.00,12691.92
1253620535,79519.75,532925.75,647694.69,12750.46
1257283153,79435.02,539838.63,623999.19,13058.37
1260945757,79035.52,511955.28,628461.38,12416.00
1264605700,74288.99,507644.38,614827.94,12072.80
1268267653,73448.59,490867.75,619096.25,12428.98
1271930112,66230.66,525802.75,633364.44,9756.25
1275591958,62435.23,541673.31,677937.38,10229.14
1279254215,65085.19,563356.75,775290.38,9502.63
1282916050,64870.87,555470.50,758739.06,9316.16
1286578265,71007.64,535313.50,714787.56,11255.54
1290239715,75918.81,518128.31,667688.75,11398.10
1293902514,77036.31,500533.81,633609.19,11143.77
1297569232,80157.16,479138.84,612043.06,11564.50
1301231226,81785.68,479757.13,629931.88,10048.46
1304893144,83522.77,468158.88,617903.25,12678.12
1308552317,81895.79,480141.28,623644.31,12050.15
1312214981,84666.48,484035.50,624274.50,11494.17
1315877679,85024.66,502798.81,613191.88,12407.15
1319540357,85973.76,510918.16,600639.94,12406.09
1323199669,85633.28,525093.06,592569.31,14262.85
1326862384,86376.31,536163.81,588701.31,13028.63
1330521417,87584.58,529377.56,599214.75,12537.08
1334184096,86192.21,531249.00,586094.50,13603.13
1337844112,84231.00,545321.25,607348.50,15272.72
1341505850,84802.32,551201.94,607368.69,12681.07
1345165886,83673.02,526229.38,593465.06,12956.05
1348828005,80265.73,523329.44,639287.50,13619.07
1352488164,81870.77,546989.50,591425.25,12560.92
1356149621,77891.35,511734.84,596101.06,13667.69
1359808886,69998.13,561988.13,658882.44,10809.31
1363470665,66621.89,608427.50,701790.44,11474.34
1367132887,66791.71,593135.88,764258.00,11232.76
1370793421,69449.34,602418.19,759497.31,10946.80
1374452317,76403.74,563332.88,677317.00,12241.45
1378114513,82798.51,533001.44,627238.88,12355.57
1381774376,78683.60,521849.75,614222.88,12167.10
1385435706,82381.55,505496.91,614970.38,11453.57
1389092663,82389.58,508761.41,628984.00,11462.42
1392756810,86070.88,522667.13,619165.31,12551.01
1396417221,85693.82,510453.28,615764.31,13511.67
1400079059,86867.27,543243.31,623251.06,13507.66
1403738271,87426.31,553717.94,610653.06,13174.61
1407400845,85439.02,544135.06,603182.25,13128.94
1411060838,86897.13,543874.81,607925.56,13804.00
1414722811,88134.06,551917.44,608266.06,13660.73
1418381851,86056.13,553160.44,607575.19,12915.45
1422044854,84343.82,550109.69,609745.31,12668.08
1425707411,86406.05,556343.44,628156.19,12054.98
1429377590,85368.33,528457.19,620242.31,13888.62
1433037450,84372.38,535363.88,609846.56,13371.35
1436699261,83463.65,533306.00,615978.13,12147.27
1440362382,79140.45,528479.94,607623.00,12253.37
1444023796,80597.25,506652.91,621464.38,12204.75
1447682977,81367.31,522129.56,616169.06,13444.05
1451350542,79446.46,515375.56,634564.75,11975.68
1455012405,81312.91,518285.63,652837.75,12344.60
1458674232,81742.60,516656.50,632727.25,11669.54
1462336841,80883.68,510437.72,630201.31,11815.17
1465999462,78211.18,514901.25,630066.56,11826.03
1469667152,81826.63,511164.94,649784.06,11739.76
1473327741,82781.39,502257.81,620716.19,12495.42
1476988249,79919.71,518979.91,659637.06,11408.01
1480649526,84529.70,509715.56,634601.38,11910.30
1484338212,84665.42,506122.19,630608.38,12090.74
1488051844,87292.24,530700.81,637959.69,13725.40
1491713992,88142.09,513712.56,627590.19,14238.89
1495375735,87721.00,521191.19,618840.63,13486.65
1499035311,86963.45,520433.78,629237.69,13509.55
1502697342,84358.70,520690.56,617635.19,12953.10
1506356603,84950.55,521734.66,613037.00,13278.00
1510019069,83163.41,505941.03,610797.31,12682.01
1513678475,84293.66,511977.72,619894.31,12470.64
1517340268,84061.29,521439.16,620677.69,11892.47
1521000545,83703.81,503148.72,620242.31,14075.67
1524662331,81154.29,495008.63,614360.25,12197.79
1528321419,84231.00,496971.00,625214.13,12833.90
1531983617,79404.56,489431.59,653157.56,11965.76
1535646476,76319.48,488606.41,645607.88,11678.39
1539309365,79003.90,504351.81,651043.50,12293.97
1542971918,82589.38,504281.09,651141.81,11965.76
1546634653,81452.40,510051.09,645877.19,12468.63
1550297551,81152.05,508422.22,644647.00,11552.58
1553959337,79834.98,503245.75,639665.00,10756.91
1557621982,81757.36,494608.19,635088.75,12039.17
1561284158,85049.80,494281.88,648163.44,12230.48
1564943527,86574.23,468473.75,647901.06,12359.59
1568606197,86455.27,498962.53,642328.44,13480.75
1572265525,84553.66,513739.38,640890.63,13476.86
1575927914,84866.16,527197.13,628303.63,13708.52
1579587807,85970.34,519877.66,637282.25,13396.25
1583249635,85472.19,526072.88,632248.94,13644.79
1586909784,87502.08,506612.91,620754.50,12998.77
1590571329,83692.37,499902.19,624490.69,13158.80
1594230264,84797.60,516369.63,619129.44,12987.91
1597893134,81926.48,506672.72,625062.13,13484.76
1601557507,84668.73,508903.38,627065.88,13208.37
1605221474,80769.32,496076.44,633955.31,11976.74
1608881098,85562.35,494207.75,645011.06,13160.69
1612543616,82907.55,507130.75,643384.06,11982.64
1616202545,76859.88,495355.00,654627.81,12319.82
1619865131,80927.81,492591.28,649478.75,12857.74
1623523912,78533.60,511011.50,668408.19,12326.78
1627186142,81836.78,498542.41,670861.19,12058.05
1630848791,77402.88,477827.31,671719.75,12445.74
1634511940,81178.13,420266.31,695031.94,12026.31
1638174236,79026.44,418945.81,705895.31,12510.29
1641836059,83575.18,421174.09,691889.50,11236.77
1645498776,81735.76,427659.16,711816.94,12142.32
1649160675,80045.16,437025.47,703700.19,12056.05
1652819850,81954.80,415760.06,693852.63,11947.94
1656481809,78708.27,430572.16,681485.81,13237.28
1660144959,83966.76,416611.31,692669.25,14677.33
1663806953,82741.62,421577.25,678313.88,14607.58
1667469601,83372.66,417246.50,686077.75,14400.34
1671131393,83120.10,407192.03,689357.19,13848.73
1674790531,82381.55,417643.50,667528.88,14628.47
1678452370,81921.76,420366.41,668432.63,17155.10
1682111677,81937.69,406321.41,533452.69,21027.01
1685773519,79208.19,411684.09,535400.69,20397.62
1689433754,78901.23,420847.78,548612.38,18772.17
1693095683,78242.80,404395.00,546863.63,18651.67
1696758273,75035.57,406877.84,567398.56,17266.27
1700420465,73262.24,406021.16,582052.94,16578.46
1704082806,67003.55,400819.81,587926.50,16131.53
1707744627,63821.57,403959.28,674245.56,15216.78
1711406792,65488.80,398457.44,711859.81,15281.69
1715068562,68685.18,400827.47,690820.38,13067.34
1718730735,72306.42,391423.63,653082.88,13464.94
1722392629,70295.65,401953.47,633447.63,13808.96
1726055724,72362.13,398678.38,619004.19,14329.65
1729717362,72806.93,400100.13,589600.00,14186.26
1733379962,72125.98,395465.84,598683.63,14112.61
1737041826,73082.50,401179.03,588745.56,14419.34
1740704638,74035.26,400449.47,476760.09,15276.74
1744366700,75033.33,380063.41,488714.53,21910.84
1748029111,72079.12,386416.38,525553.38,20669.89
1751691355,70842.06,392230.50,537865.38,21045.18
1755350496,72121.49,381098.41,516107.63,20612.29
1759012389,69204.46,389654.66,513545.09,19024.49
1762671697,69047.14,392287.16,527811.00,19170.24
1766333492,64807.25,396226.34,524773.63,19830.31
1769992659,61395.14,396158.00,535819.06,19096.83
1773655122,57762.10,395786.25,531029.56,19471.07
1777314108,56090.15,394547.31,533141.06,18985.31
1780975956,52374.50,390994.16,544169.88,17976.97
1784636219,49466.55,397669.81,530456.50,19514.38
1788297864,47759.20,384895.50,535711.00,20134.56
1791960353,41347.68,391063.78,530828.63,19140.15
1795622611,37036.51,388270.91,535795.94,18313.20
1799285251,34433.17,393157.41,539998.06,17024.92
1802947216,31779.08,396292.78,533076.94,15960.65
1806610084,31786.16,396438.75,521342.03,17445.66
1810272145,29421.80,400514.25,530175.88,15565.17
1813931314,31618.22,401804.19,538395.75,16872.80
1817593723,29861.18,403970.84,547656.81,17829.68
1821256509,29365.28,413319.47,547878.69,15808.76
1824925673,29241.24,418853.78,523309.13,17497.82
1828584975,30479.71,407390.53,535616.81,21192.47
1832254264,28655.87,399162.00,542102.06,19805.17
1835914445,29798.40,396252.88,551584.31,17518.83
1839576305,29646.51,400485.81,553757.81,18390.50
1843235475,28110.04,398683.94,559238.88,18209.82
1846897614,27284.75,400651.88,551284.06,17568.98
1850557562,27022.16,390233.78,563692.88,17207.14
1854219996,24742.66,404306.75,565432.31,17113.08
1857882690,22053.40,404465.94,568534.50,18464.85
1861545623,21122.84,406398.34,590159.50,16876.81
1865208603,21396.52,422262.22,566682.69,17869.81
1868870425,20023.74,412105.06,576039.00,17582.91
1872530902,19328.27,411821.84,570020.56,16212.49
1876192500,18995.34,408948.34,573932.75,14752.03
1879854957,18755.18,408882.63,601705.00,14131.38
1883516770,18234.96,400157.38,620598.38,14152.39
1887179214,17456.75,404095.47,610703.56,13618.00
1890841046,18191.76,395323.75,612593.19,13900.54
1894500288,19178.27,392736.34,594520.38,12618.52
1898162237,18529.17,400165.16,593628.50,12396.17
1901825156,18826.46,400844.81,595264.44,13362.50
1905486977,19514.38,410265.44,593175.56,13506.60
1909149819,19659.19,406983.97,588224.00,13391.29
1912811591,19310.09,409207.28,586342.50,13601.13
1916471500,17938.97,397692.59,570181.56,14302.74
1920133309,19482.16,410462.97,569785.13,15482.20
1923796210,19251.79,412821.78,560026.06,14840.78
1927458543,19398.61,413093.94,559675.06,15209.82
1931117660,19419.73,419220.22,555444.50,15520.21
1934779575,18768.16,401961.16,521254.22,14841.84
1938439789,19631.10,397244.00,520318.94,15601.05
1942101548,19289.91,402029.94,521578.88,16307.50
1945764109,18827.52,385995.66,519242.97,18157.65
1949426031,17332.48,388738.16,526558.63,18483.97
1953085808,17551.87,389102.47,529922.56,19586.72
1956747913,16095.54,386352.91,533952.38,18082.48
1960410233,20108.36,383577.13,527870.13,16522.53
1964072049,15127.92,381653.69,524986.50,16075.59
1967734792,15672.92,382811.78,592391.31,15286.65
1971396526,14055.73,375055.22,638684.88,14825.91
1975058614,15821.74,374301.34,647805.81,13938.42
1978720351,16631.57,378120.03,627572.13,13549.32
1982382895,16845.66,374071.78,598412.13,13369.46
1986044155,16410.41,386987.13,571172.44,13312.81
1989702949,17417.57,389286.34,587560.19,12441.84
1993372167,17320.44,380070.84,586970.69,12020.29
1997031471,17049.95,389152.97,580095.94,13014.70
2000693357,17859.66,393387.91,576155.25,12997.71
2004352638,18026.30,389985.47,571422.75,13595.23
2008014604,17764.42,385894.75,552399.06,13739.33
2011673759,17614.07,398463.13,574290.31,12535.08
2015335684,16960.84,396499.53,570044.56,14055.73
2018994844,16985.86,391414.19,559914.56,14140.47
2022656652,16744.63,387363.72,565081.19,13358.48
2026315993,17918.90,398647.81,553774.31,13741.33
2029977907,18351.44,405467.19,577964.06,14084.64
2033640991,17154.04,409313.63,580234.88,13328.74
2037302962,17881.85,402939.38,578692.75,13703.57
2040965623,16884.72,400241.50,576126.31,13993.18
2044627467,15755.89,392779.75,593083.88,14856.71
2048290332,15310.61,400060.13,605448.50,14263.91
2051952124,14804.90,398297.53,676373.31,13754.31
2055614687,14923.51,393830.22,706312.75,14156.40
2059274830,14694.32,384415.88,685856.00,13511.67
2062937133,15718.83,385190.44,664515.06,14840.78
2066598995,15801.79,392183.41,644984.63,13679.73
2070261254,16928.86,387266.34,626454.25,13567.38
2073922663,15135.94,337627.50,472711.88,18962.18
2077585515,17582.91,347265.59,476348.09,22835.74
2081247686,20557.89,361046.34,474704.69,23008.04
2084911272,20831.21,362444.63,478880.97,21464.14
2088571890,21694.51,364301.97,475446.31,20316.90
2092234929,22671.81,381707.50,521283.50,18416.70
2095897113,22868.19,393673.28,527388.06,18225.87
2099559766,24540.38,395551.16,535582.25,16933.82
2103221602,23695.49,397379.00,518840.53,15925.71
2106884628,23892.35,387154.00,506767.84,15972.68
2110546545,23008.04,395884.78,518188.97,14896.60
2114206895,24349.31,399329.72,525839.06,15546.17
2117868289,23591.05,395643.91,508929.94,18078.46
2121530733,24028.42,403109.94,507352.03,20547.74
2125192670,24437.70,397493.00,522337.38,20471.14
2128853043,24262.92,387699.13,501277.81,21094.63
2132514333,24888.06,381718.47,499356.72,19340.30
2136176974,24868.70,380204.19,520170.25,18454.82
2139844206,24312.72,400634.63,527763.25,17592.00
2143505352,23564.61,389921.63,521175.16,16569.50
2147167138,23176.22,386852.47,528833.06,16872.80
2150826015,21974.57,388974.66,539801.69,15558.09
2154487869,23304.03,400686.22,537916.00,15044.24
2158148466,23737.15,402839.78,519575.91,13454.90
2161808736,22195.02,416980.59,539898.81,13664.74
2165468625,22152.65,406687.16,540564.56,13906.56
2169130600,21118.82,406731.53,531239.88,14765.01
2172789604,21476.30,418248.34,554881.19,16214.50
2176452157,20320.91,412703.31,541678.06,15533.19
2180114749,21575.31,417995.78,544846.44,14531.81
2183776697,21075.39,421030.59,553524.94,14303.80
2187436615,20165.83,430060.34,550852.56,15773.82
2191098589,20961.39,430283.38,559253.19,14968.36
2194757775,21408.67,435850.25,553870.75,15498.25
2198420276,21034.09,437637.03,560092.50,14571.70
2202079480,19756.90,440884.50,571191.69,14904.63
2205742251,20672.84,444650.44,574759.00,15204.86
2209401474,19365.44,450156.66,568205.94,16082.56
2213064566,19952.22,434404.44,566500.94,15028.19
2216727405,19121.97,437156.34,546150.19,16290.50
2220388334,17868.75,443907.06,545849.63,16212.49
2224047688,16882.71,410219.03,551147.88,16995.89
2227709444,15753.88,417021.78,605868.44,17249.28
2231376414,17228.27,407784.13,636986.81,15145.03
2235036724,17141.05,404356.53,679854.38,15339.52
2238699200,17768.43,411331.13,627138.31,14200.18
2242361448,18621.58,411771.31,581623.56,14112.61
2246023925,17582.91,407379.06,567798.44,14841.84
2249685926,17890.82,413294.09,575327.44,14902.62
2253345241,18164.73,417209.44,573628.50,14456.16
2257007135,18039.28,413420.50,552058.38,15650.97
2260670078,19491.13,423628.41,540421.25,14096.68
2264332892,19650.22,422660.19,541011.13,15443.26
2267995273,19904.90,442284.66,546662.88,15382.48
2271658182,20546.79,441224.16,554812.75,15896.68
2275320932,19224.65,441392.09,549767.88,16072.53
2278997020,20544.79,437844.38,548570.25,16166.47
2282658114,20866.50,434135.94,544827.94,16471.54
2286320264,21346.01,449847.56,558007.63,16948.80
2289983000,19483.11,464337.38,571037.63,16531.49
2293646560,20215.17,465694.09,556017.81,16757.62
2297308218,19564.54,464009.50,547166.81,17598.02
2300971204,18696.88,437947.06,550789.19,16154.55
2304633323,18015.21,435998.84,543596.06,17042.86
2308295097,16042.55,427611.47,550461.13,16123.63
2311957704,15202.86,420032.53,605519.00,16471.54
2315619459,15073.16,413117.19,717342.63,17915.84
2319281736,14387.48,405069.25,708227.13,18003.17
2322942172,14798.88,400577.41,676370.63,17180.24
2326604746,15925.71,402066.19,635942.06,17927.88
2330266572,16090.58,405203.66,602333.13,16906.79
2333928971,17393.49,400877.16,549208.63,16979.84
2337591340,17085.00,398697.25,553550.81,17026.93
2341253713,17028.94,408683.63,545314.13,17450.61
2344916062,17157.10,407303.78,505488.06,18908.83
2348578665,18349.43,395907.56,482336.28,18502.03
2352240530,17609.11,399362.06,489327.84,17734.33
2355900422,18965.13,431343.78,487004.34,18175.71
2359562345,18934.09,425032.78,516049.44,18502.03
2363222949,17938.97,429996.59,519283.56,18749.16
2366883232,18382.48,428300.47,516342.81,17412.61
2370543197,19708.52,430235.59,511044.91,18184.80
2374204967,19001.36,438146.41,525285.69,18836.49
2377864794,18453.76,446333.13,543027.31,17738.34
2381526730,18169.69,445693.84,525580.50,19583.77
2385185684,18844.51,444778.50,540754.31,19368.51
2388847457,19484.05,445809.84,545868.38,19360.37
2392506712,17319.38,429111.13,573252.00,20634.48
2396168690,18135.58,423360.13,566472.25,19593.80
2399831087,16667.57,424906.16,568397.88,20482.24
2403563122,17072.01,426295.09,574031.75,19929.09
2407363986,18455.88,423448.78,572065.69,20751.55
2411027410,18039.28,426762.69,565391.69,19959.19
2414686309,19644.08,426970.75,582870.88,19693.41
2418348157,19248.72,428848.75,575794.56,19825.36
2422010958,19427.75,426578.34,571856.25,19392.59
2425672798,19552.50,429885.19,564959.44,19277.87
2429333092,21093.69,423825.72,564871.13,20141.64
2432993539,21158.24,425493.41,566510.50,19689.40
2436652907,21328.89,430227.69,572747.81,19060.72
2440314781,22472.36,449049.66,573119.38,19524.29
2443973816,22757.85,439565.44,574954.88,19319.06
2447636071,24194.94,430638.03,551640.56,18852.54
2451295012,24802.61,439150.00,546989.50,19658.24
2454956884,25330.74,438668.16,560365.38,20570.99
2458616179,25371.46,434817.13,524714.63,19437.90
2462278704,25357.06,432116.19,518577.59,20153.68
2465937522,26264.96,436750.13,527756.38,20139.63
2469599344,24935.85,438920.25,542394.19,19479.09
2473259258,25279.76,431894.56,550081.56,20768.67
2476920945,24930.78,437130.03,553454.38,22068.63
2480583198,22941.13,432915.41,560507.81,20830.15
2484244406,22217.33,427022.34,649006.69,21217.72
2487907982,23387.11,424005.34,701010.69,22052.46
2491571457,23099.15,422132.28,678508.94,20625.51
2495233850,24394.04,412827.69,645845.56,20518.59
2498895614,24421.42,406159.72,620178.38,20590.11
2502558133,27754.93,406142.25,598830.81,19553.56
2506224868,29021.73,398853.41,590859.94,20674.84
2510102497,28866.89,413245.47,578418.19,20667.76
2513765067,31220.62,404727.22,556225.56,19964.38
2517427213,31949.14,402234.72,516378.59,20295.77
2521088995,31385.38,393781.13,516589.34,19238.57
2524748813,30405.71,422183.50,529876.94,20479.17
2528410194,33199.54,420596.28,516995.09,19862.53
2532069470,34164.92,424200.78,508047.41,20954.31
2535731292,33804.61,420908.69,509891.19,20173.86
2539390141,34385.49,420837.88,503371.19,21093.69
2543051998,33791.16,427619.38,504552.44,21658.16
2546711223,34217.67,424046.88,519708.78,21562.21
2550373075,35676.13,419842.28,520706.38,21063.36
2554032369,35016.88,419030.09,511211.78,20891.76
2557694127,34134.82,439949.00,542116.00,20741.40
2561353410,34668.38,423839.66,541413.94,21466.27
2565015393,33209.80,426160.44,558000.50,22794.31
2568674439,33846.98,436502.88,561640.88,23051.71
2572336191,31104.26,431647.06,561446.06,22284.13
2575995174,31013.74,427248.44,586462.63,22313.39
2579657006,29743.99,401161.81,586329.94,21412.69
2583315801,32919.48,395782.47,573283.38,21664.30
2586977572,31270.07,384811.47,558615.88,21214.77
2590636499,31806.81,395628.81,548144.94,22485.46
2594298274,30924.16,393527.75,546105.94,22537.15
2597957549,30883.92,397418.91,528837.56,22318.59
2601619693,31067.20,387659.69,469383.78,21741.01
2605278490,31764.56,403955.50,485549.53,20010.64
2608940821,31068.26,375165.56,469520.56,23217.88
2612599746,31044.54,396814.78,477123.47,22536.09
2616261567,30208.39,397620.47,502387.53,22434.83
2619921423,30864.45,403278.56,493677.25,22890.50
2623583210,29812.80,404300.94,502521.81,21804.74
2627242160,27825.50,403018.00,500209.16,22302.30
2630904445,28281.99,409398.72,508333.34,21103.72
2634567060,30034.67,421781.91,499610.81,21510.64
2638229844,27000.68,408983.06,506820.97,20244.32
2641892284,28018.94,416300.81,508138.38,21317.68
2645554370,27461.54,409723.59,502154.44,20930.11
2649213152,25855.21,410358.53,516378.59,20721.22
2652874975,25888.84,392171.97,530225.88,21957.34
2656533985,25306.31,388527.97,546490.44,20925.04
2660195982,23559.54,381945.31,611926.63,20383.46
2663858299,22972.52,374761.00,687399.31,21445.97
2667518858,25045.73,377392.31,635266.25,19522.40
2671177745,26008.04,372630.91,594371.69,20342.15
2674839576,26866.97,375357.13,553003.00,20088.18
2678502085,28006.54,375627.72,527265.19,20315.01
2682163923,29645.45,388933.34,497835.97,20244.32
2685823079,28823.93,374782.97,502801.06,21554.19
2689491460,28760.32,388436.03,499433.44,20400.57
2693152096,30030.66,376781.34,470427.53,20577.13
2696813970,30900.44,401064.44,488187.69,21057.34
2700472979,31054.81,418920.34,502046.69,21345.06
2704135755,31271.02,423466.47,514516.75,20549.86
2707798180,31045.60,414124.94,491654.22,21393.45
2711460017,32106.93,416945.44,503252.34,21459.19
2715119970,30256.66,430785.53,504228.34,21605.64
2718781879,31572.90,428789.06,518723.69,22002.89
2722441720,32819.29,444524.53,515599.31,22537.15
2726103686,31757.37,438442.50,520640.88,22527.95
2729762492,31821.33,433517.41,506455.94,21884.52
2733424392,31500.80,421689.50,498969.16,22203.17
2737083630,29800.52,415153.47,515487.56,22126.22
2740745830,28968.38,414453.84,534246.00,23870.04
2744407890,28664.96,399693.91,560284.63,24064.89
2748069613,27756.94,404258.69,573737.06,23226.96
2751737064,28618.93,387487.28,559715.44,23400.33
2755397298,31167.04,385332.41,555652.13,23308.04
2759056458,31317.40,385425.75,553779.06,24508.87
2762718211,30695.80,385606.91,555133.31,22847.89
2766380657,31086.79,386747.66,547684.75,23110.36
2770042527,31431.76,385726.59,530502.31,23232.04
2773701564,31459.61,388419.16,527126.63,23309.10
2777363405,32603.31,396192.09,522879.56,22501.75
2781022618,32721.09,406999.31,534741.69,23873.11
2784684832,34653.98,399903.75,520316.69,23580.90
2788347506,35425.81,404844.31,499718.22,24278.26
2792009373,36322.63,406105.78,491359.53,23623.50
2795668845,35947.21,421571.47,495947.78,23049.58
2799331105,35701.97,411755.88,479550.25,22702.14
2802990182,35926.44,422183.50,496024.16,23556.47
2806660081,35997.13,442844.06,509615.72,23714.73
2810319081,36350.59,430558.38,501892.91,24416.34
2813981884,35086.39,437017.56,496949.19,24591.24
2817644377,35718.61,428135.59,496488.66,24707.02
2821306356,35049.10,430154.03,512824.50,25152.53
2824965210,31413.23,404254.94,515120.53,25228.89
2828627073,28394.58,415539.63,564253.06,25981.49
2832289357,28684.55,421618.69,697845.94,25197.38
2835949807,29964.80,412433.28,699532.63,26989.59
2839612070,31015.75,421427.72,664190.63,25987.62
2843273125,31128.92,405407.47,617533.13,24679.64
2846935625,32716.96,399551.00,599696.25,25755.25
2850597685,36339.27,383068.72,565879.25,24267.05
2854259966,37668.14,379505.66,542957.69,24365.59
2857921703,37702.48,374611.97,525061.31,24370.67
2861584157,38052.99,372586.91,516237.44,24710.09
2865245922,37274.08,377490.03,515247.97,25859.22
2868905033,39421.88,379105.81,511592.41,25220.75
2872566895,38808.18,387757.19,506011.59,25417.25
2876225659,40502.91,391597.00,503384.53,25641.24
2879887508,40880.45,394662.72,500369.31,25160.68
2883546679,40396.93,398742.94,510513.38,24374.80
2887208475,40610.90,404080.16,521281.13,26407.76
2890867268,38972.23,415945.47,521903.78,24362.53
2894544877,41152.36,394460.22,527026.56,24735.46
2898223826,42296.89,395549.28,533507.69,25467.05
2901902916,39586.27,399688.13,530189.44,25475.19
2905562085,40924.59,396368.66,536410.00,25086.44
2909239128,42572.70,397519.56,541636.25,26203.71
2912919307,40495.59,400560.16,550020.69,25520.04
2916582162,40436.82,396051.78,550704.81,26282.19
2920245097,39074.67,388982.09,557007.31,26209.85
2923906993,38847.84,389818.25,552457.75,27783.61
2927569249,39479.46,385988.22,547036.13,25881.64
2931231017,38803.94,389822.00,555456.31,26811.86
2934893611,39370.66,380567.56,556230.13,27138.64
2938555350,39568.45,374549.66,557118.50,26646.51
2942217796,39999.80,386203.25,545931.13,27098.75
2945879602,41087.33,381365.72,532534.31,27153.99
2949538603,41133.48,380185.69,530776.19,25867.36
2953200431,40941.34,386298.72,525358.25,26736.32
2956863147,40781.91,388496.09,526883.44,27994.27
2960540654,41105.15,381187.53,526131.88,27842.85
2964202850,42341.15,383001.81,538296.63,27875.66
2967864749,43370.26,376274.34,537814.75,27371.61
2971527243,43188.86,387273.78,534888.63,27199.89
2975189154,42183.24,388038.41,527097.00,26444.47
2978848237,41709.16,394545.41,535846.56,27793.76
2982510109,43390.32,392483.41,523524.06,26989.59
2986169248,41586.07,388623.66,519834.84,26675.07
2989831326,48192.20,348955.72,457347.78,27359.34
2993494178,21318.74,341616.13,462972.84,36441.11
2997155995,22888.49,343957.69,450175.06,36109.37
3000818847,22928.03,342387.00,460533.91,35974.36
3004480728,22151.47,343862.81,463563.06,34920.46
3008140642,21338.93,343694.03,482625.31,34749.34
3011802335,21633.85,342183.66,482910.09,34011.61
3015464460,20101.40,357012.16,496377.38,32688.05
3019126309,20843.37,349322.16,497761.72,31923.42
3022785393,19666.27,350224.41,499194.56,28854.62
3026447214,19748.76,355990.03,492613.09,28445.80
3030107120,19396.60,355743.25,483070.72,27788.68
3033768794,18480.90,362439.19,487715.50,26720.98
3037431467,19889.79,368560.28,493779.47,28136.60
3041093279,19938.06,371821.09,490497.75,26136.44
3044752432,19614.93,366651.22,498115.88,25933.69
3048414281,19157.14,379240.94,511336.41,25371.46
3052078124,19721.62,373230.69,493479.59,33423.89
3055739883,19875.75,372416.47,503386.66,34229.00
3059402931,20144.59,309459.38,503404.25,33353.55
3063064727,19555.57,133321.67,526831.25,32101.86
3066727446,18918.98,147656.16,531390.63,30640.10
3070389489,18261.98,274989.97,538478.69,31060.95
3074048740,19615.99,380717.94,514103.44,29144.70
3077710702,19228.66,380489.81,515973.19,28585.18
3081369899,18521.15,373217.81,523365.56,28540.10
3085031775,17268.28,364448.66,521569.91,28349.50
3088694477,17431.61,366433.13,540870.00,28791.12
3092356348,16711.59,349997.34,496988.34,32803.71
3096018766,15006.36,358371.63,519067.72,30104.54
3099680673,16511.55,357671.88,537312.38,31309.25
3103343160,16587.55,360713.06,527165.25,30923.10
3107005081,17247.27,357467.38,520269.25,28400.72
3110667478,17468.79,359300.41,523765.88,28347.49
3114329342,17030.94,364988.59,515491.91,26916.06
3117988748,16751.71,360743.63,498931.88,26308.87
3121650515,16304.55,360606.75,477916.66,26910.87
3125309799,16890.74,364296.44,472952.75,26343.45
3128971714,17339.44,376355.53,489898.34,27462.48
3132634697,18590.42,367990.00,481251.81,27010.95
3136296673,19504.23,375123.22,485237.84,27192.70
3139959495,18752.11,370564.19,482325.44,28262.52
3143621632,18517.13,370706.78,482552.38,28009.73
3147284473,18970.20,375012.97,489172.19,27403.24
3150946200,17396.56,372594.22,491127.84,27672.08
3154606093,19014.46,386143.41,498190.25,28253.32
3158267817,17387.47,373140.88,510444.31,28061.89
3161930230,17396.56,379437.22,507836.97,27300.09
3165592108,17696.21,367147.59,504160.03,27641.40
3169255133,18523.04,366656.66,514268.66,27740.65
3172917025,16678.54,372757.44,504034.22,27715.04
3176579810,16555.57,364693.09,505189.97,28785.93
3180241999,16870.68,357926.56,527247.00,28923.30
3183904308,16640.54,358285.47,552805.50,31189.70
3187565797,16405.45,352405.84,534904.56,33235.65
3191228609,15981.65,363999.50,530410.81,36753.39
3194890503,17362.45,366355.00,538598.63,36409.96
3198553284,16900.77,358552.88,529550.81,36232.11
3202215305,16314.46,357541.00,513920.16,35874.51
3205878108,18190.82,355685.91,478585.00,35054.18
3209539992,18780.20,364057.56,477535.81,36683.52
3213199195,20076.14,374558.63,477404.09,34997.29
3216861225,18681.77,391474.50,503690.44,34122.43
3220520567,18740.07,374060.59,495629.63,32104.93
3224182673,18639.64,387097.81,494947.84,30273.06
3227845560,19038.65,368279.63,502939.72,29342.73
3231507428,18574.25,391827.00,510975.88,29532.62
3235167581,18162.73,380334.03,515109.31,28668.15
3238828471,17826.62,383413.22,514190.53,28242.11
3242488035,18008.13,389382.28,527160.75,27103.95
3246149981,17439.64,389600.13,514219.56,26629.05
3249809923,17173.15,379385.41,518157.44,26243.60
3253471780,16445.46,375550.44,521242.91,26008.04
3257134226,17642.15,376244.97,527742.81,26518.94
3260796092,17333.42,367889.81,514981.84,26189.55
3264455969,16861.71,378360.31,525666.75,26947.57
3268116859,16609.50,365184.50,520370.75,26308.87
3271780167,16592.51,368181.31,526842.69,28418.19
3275441988,17794.52,363040.84,518191.22,26842.54
3279104665,16870.68,367855.47,510260.09,26712.84
3282766612,17651.12,370502.13,515391.25,26188.49
3286426902,18170.75,364656.97,491283.88,26501.59
3290088227,19457.02,366015.47,486285.25,27535.06
3293750917,17899.79,378316.03,515451.69,26658.67
3297412859,18803.33,386571.69,516820.19,26471.96
3301072823,18768.16,397192.78,530148.50,26820.94
3304734703,19665.21,402569.63,538280.31,27331.72
3308412545,19227.60,394335.34,540832.94,27315.32
3312075596,19590.86,422837.56,560583.81,26808.79
3315738573,20135.50,420134.72,546893.94,27464.61
3319400416,20147.66,422827.66,544332.63,27975.98
3323061095,20539.71,441804.81,555105.00,28291.20
3326722823,19203.52,437108.09,562085.56,27830.58
3330381820,20150.73,437021.56,558284.38,27453.28
3334044841,19587.79,427232.63,553153.31,27260.20
3337707275,19275.87,415982.66,544351.38,27354.26
3341370292,19115.01,405626.63,534459.38,27998.40
3345032498,18201.79,400718.66,527310.63,27230.58
3348694259,16017.65,409458.53,566924.38,28243.99
3352356440,15389.44,401725.81,616880.13,30297.73
3356018103,15036.22,398695.38,662719.56,30168.26
3359680407,16381.50,392192.88,614205.06,29331.52
3363341756,16558.52,386311.72,609257.75,30011.06
3367004259,16978.78,370518.53,572919.06,28578.93
3370666096,18483.97,374404.38,553682.50,29759.45
3374328694,18020.16,370259.00,553080.38,29857.05
3377990788,17480.71,377565.81,533789.56,31290.61
3381653439,18001.16,373247.22,540469.81,30301.86
3385315268,17206.20,377082.19,518382.16,29984.39
3388974394,17663.16,379357.53,535272.06,31107.45
3392636327,18944.12,383133.88,535040.19,30121.06
3396299399,19620.01,377940.88,519342.00,29426.88
3399961607,19938.06,378247.59,511033.81,29957.60
3403624397,20416.74,380864.38,507473.94,29936.13
3407286344,19308.09,388100.25,502732.84,29773.73
3410948994,19953.29,395435.63,502726.34,28389.51
3414610813,21211.70,374884.22,502737.22,30135.34
3418270155,20061.98,397787.81,519400.53,30115.87
3421931933,20927.04,392917.59,527413.06,29549.03
3425591103,21365.24,412258.50,548154.25,29889.86
3429253355,19643.14,384373.03,543814.38,29672.24
3432915496,19227.60,388997.19,564463.13,30314.25
3436576905,19265.84,392507.97,634166.25,32128.53
3440239476,19827.36,403420.44,636135.25,31878.10
3443901106,19944.20,406232.78,634132.50,31631.68
3447563211,20155.69,400961.31,640649.06,30747.14
3451225005,21906.82,390457.66,615970.56,32256.46
3454887164,21437.94,381443.63,598427.06,31630.62
3458549212,22116.19,385530.44,582995.50,31884.23
3462211367,22842.94,365665.19,566850.31,32038.96
3465873273,23541.24,359397.41,543805.06,31280.34
3469535802,24362.53,358052.13,552023.19,31250.48
3473197725,24843.33,370178.63,553680.25,31574.91
3476860451,24330.07,362285.66,562647.13,32874.99
3480522170,25866.30,364778.41,553303.94,32410.36
3484184585,24819.96,368046.53,559637.06,31332.86
3487846822,26108.95,369028.81,559805.50,31649.14
3491509001,27125.31,375822.94,564627.81,31952.33
3495170921,26519.88,375609.31,574094.63,31862.52
3498833455,28777.79,374325.28,566037.00,32569.32
3502495335,26843.48,371041.47,567906.31,30563.03
3506158134,27481.96,378295.63,563881.06,31986.32
3509820014,28283.06,373570.22,571639.31,32131.72
3513482729,28342.30,363138.44,564403.31,31845.05
3517144758,27627.24,354608.63,572586.25,31138.25
3520807305,27001.74,370586.16,645631.63,31277.27
3524469084,26727.12,373094.84,672308.94,31900.64
3528131252,25844.94,374573.47,651586.06,31973.93
3531792985,27165.08,369786.00,631646.31,32208.07
3535455297,29517.16,370520.41,602666.13,33213.93
3539116631,29880.54,358621.22,582988.19,32912.16
3542779103,30394.38,378195.78,566460.38,32917.36
3546440919,32489.78,377630.47,541921.25,31607.96
3550103642,33329.71,367140.41,552232.19,32535.22
3553765574,33716.69,376536.09,553165.13,33152.92
3557428135,34455.95,366133.47,529829.13,32180.22
3561090091,34996.11,371145.69,525183.75,31980.06
3564752628,35795.56,377275.97,547463.13,32316.41
3568414488,35548.31,373976.09,543008.81,32889.50
3572077240,35738.44,370268.22,536410.00,31636.75
3575739153,36192.57,384761.09,544602.25,31378.18
3579401843,36812.63,379740.97,546117.63,33033.01
3583063708,36325.69,374260.84,542034.81,32576.52
3586727052,36634.78,377894.59,547778.38,32921.49
3590388507,35169.36,381816.91,532699.19,32202.88
3594051187,34613.50,389128.66,536175.38,31296.86
3597713035,35124.75,365650.69,527574.38,32858.46
3601376266,33458.94,364651.53,535922.44,32860.59
3605037934,33885.21,358326.75,536423.81,32556.93
3608700164,33753.86,362023.88,553609.56,33137.46
3612361551,36037.73,357628.81,552234.56,33201.54
3616031450,34498.43,357983.94,555925.81,33481.83
3619693284,35533.80,363500.03,556282.19,32541.35
3623351994,34102.72,336403.41,540153.00,32811.02
3627013816,33318.38,339551.66,535614.44,34245.64
3630673108,30875.78,361305.88,509937.69,36657.56
3634334942,31225.70,341855.94,500915.63,36474.39
3637994106,30887.11,349359.34,485758.06,36797.17
3641656332,30408.78,363490.97,495601.19,36012.71
3645319005,29930.93,352699.47,501315.09,34954.57
3648980975,28129.40,370240.84,494277.38,33837.66
3652640234,28866.89,331051.94,498874.97,34382.42
3656302444,29009.34,343079.78,497584.81,32974.12
3659961487,29708.12,350682.09,517519.94,33228.45
3663623858,28761.38,352491.28,488884.94,33274.95
3667286317,28711.11,345597.19,500632.59,32574.40
3670946205,28124.32,346064.06,510909.31,31851.19
3674608231,28095.65,320905.16,505958.59,33363.82
3678270824,27927.83,327981.59,519724.59,32420.62
3681932814,27308.23,344463.88,507786.09,32162.75
3685594612,26655.72,341169.91,518292.34,32258.58
3689253600,25245.18,336651.84,530417.69,32027.51
3692915393,24500.72,330457.81,534505.31,33038.32
3696574444,23217.88,322248.78,547407.06,34376.17
3700240918,23945.22,323424.72,580909.44,33653.43
3703902856,23270.63,320076.09,607943.31,33057.80
3707564112,24873.78,289334.75,563140.06,33904.93
3711226577,24604.34,293786.22,531900.56,34090.33
3714888415,26813.86,319679.66,530652.88,34129.63
3718551252,24418.35,307140.94,529183.94,33500.36
3722213154,26134.44,327057.63,498177.16,33394.86
3725872272,26091.60,332848.28,487420.13,32776.80
3729534093,27202.96,337117.78,494821.56,34189.70
3733193389,27633.25,336049.13,478885.34,34861.34
3736855407,27242.85,339373.69,490952.25,33950.48
3740514590,27653.67,339328.25,499816.75,34897.68
3744176508,27159.06,346511.94,499978.91,33692.85
3747835851,27069.13,337564.81,494532.06,33467.20
3751497723,26322.08,331517.38,481046.59,37838.08
3755158213,21819.85,327762.09,488951.84,44532.37
3758819480,19553.56,332813.69,489509.38,44294.69
3762482468,18325.24,329986.22,483868.16,43642.41
3766144587,18151.63,328240.63,482545.88,42695.91
3769807127,18803.33,298495.13,480235.09,43377.57
3773469094,18147.62,328561.53,475643.75,43506.21
3777129088,18140.66,315026.84,470789.84,43257.43
3780790422,18593.37,327539.25,469043.19,44286.19
3784453228,18725.08,300427.41,463208.41,43244.69
3788115150,17896.84,321930.84,466363.84,43411.33
3791777854,17747.43,326958.38,464475.22,42902.32
3795439697,17959.03,331489.78,479507.75,43857.67
3799098823,18652.74,325014.16,487903.03,44283.00
3802761034,18496.95,340047.56,485467.88,42997.21
3806423729,18677.76,325591.50,487066.78,41355.00
3810085891,17725.36,341045.63,480974.13,41834.14
3813748890,16917.77,330569.72,484069.84,39838.59
3817410655,18210.88,330048.19,490437.22,38772.54
3821070027,19307.02,344611.50,502183.00,38822.70
3824731931,18338.34,322871.44,500086.44,38545.83
3828395448,17963.99,320106.53,499770.72,39610.23
3832057230,18024.18,319090.53,501014.28,43250.12
3835719670,17681.22,341903.38,500294.72,44679.30
3839383117,17524.85,346705.97,516580.38,43534.77
3843045470,18777.24,356349.63,525648.50,42844.37
3846706937,18205.80,352446.78,522255.97,43296.50
3850370059,18139.60,357465.72,515429.25,39375.85
3854032173,18040.23,355249.81,512786.72,37816.13
3857691110,17185.19,351276.88,514380.56,38268.02
3861353273,16962.85,318049.03,498899.16,36848.16
3865015707,17049.95,318533.97,528669.00,38353.70
3868677493,16904.78,307749.19,534372.06,35103.98
3872340330,18116.46,304713.19,520168.00,34112.04
3876002072,15543.10,296763.09,536058.19,32701.50
3879664059,17166.07,302443.03,537211.06,34264.29
3883325912,16902.78,318901.00,536748.25,34497.37
3886985910,18351.44,315531.50,519251.94,35435.14
3890647717,17490.74,322156.97,498286.44,33824.32
3894310178,17640.03,321377.22,497755.13,34257.09
3897972084,18618.51,317231.88,507438.44,34722.31
3901632006,19530.43,327396.94,523087.50,34673.69
3905293923,18588.42,326438.03,525199.69,35741.51
3908953084,19746.87,329637.13,528231.88,36416.21
3912615952,19987.39,330266.75,538873.38,35779.98
3916274736,20543.72,334950.97,538259.56,37186.51
3919937517,20376.38,349185.84,543141.13,36877.30
3923600220,20626.46,338038.31,548824.94,36688.83
3927263137,20019.73,344553.56,559618.06,37262.63
3930922147,20078.15,352224.34,559345.56,35864.13
3934584577,21351.08,337585.72,554278.06,35923.37
3938243779,20583.03,348821.19,556674.25,36090.72
3941906827,20265.56,353825.47,541712.75,35037.65
3945569118,20009.70,344080.66,536518.19,35256.57
3949231811,18259.03,337862.47,528751.00,35099.85
3952894304,16858.64,326099.34,569047.88,36713.85
3956555271,15874.73,323172.75,618682.25,34795.01
3960217422,16748.65,316498.28,661625.31,33790.09
3963879567,17133.03,307270.53,639806.75,35695.84
3967541657,17934.01,325196.84,588015.00,35640.84
3971203538,20381.45,339869.34,528714.69,35307.44
3974866247,19756.90,347652.22,525424.00,37167.86
3978528072,21922.99,352133.69,521732.44,35353.11
3982187970,21512.65,358757.66,512236.19,36090.72
3985849388,21090.62,362585.41,527403.88,36276.84
3989512163,23230.98,376202.47,519762.72,36114.68
3993174767,23658.91,365690.56,527558.44,35591.98
3996837535,24072.09,377637.81,541390.94,35161.10
4000499432,24733.45,380443.41,532694.44,35241.00
4004159879,25378.42,381566.25,530141.63,34941.12
4007821349,25902.06,380499.00,531369.94,35810.07
4011481513,25380.54,388308.44,550894.69,36104.18
4015155436,26586.32,381419.53,541485.69,35447.64
4018817904,28235.85,385175.44,544223.44,34777.31
4022479837,26604.62,393603.41,538441.75,36560.79
4026139009,26982.39,386899.31,551190.25,38014.52
4029801830,26623.97,369541.47,533846.88,35683.32
4033464154,23790.85,336936.97,520893.31,34053.04
4037125974,22048.45,325113.19,523842.94,34793.95
4040788673,22806.47,340954.75,624014.75,36342.33
4044449198,21936.09,328161.56,683803.56,35769.60
4048111332,22854.03,322674.00,671654.25,35960.79
4051772992,23710.72,331002.00,616039.13,36121.88
4055435244,25599.46,334072.69,578806.94,36004.45
4059097025,28165.28,349711.97,530849.13,35401.97
4062759187,28718.30,352941.63,503846.94,36747.13
4066421061,27952.37,353374.53,503150.97,36169.79
4070080994,29581.84,359751.69,535021.75,36886.63
4073742470,30614.49,368314.31,536635.50,36204.02
4077405534,31041.47,386188.25,526708.50,36063.70
4081067528,32671.53,395194.88,521793.31,34806.34
4084727527,33490.09,393820.91,522296.78,36507.79
4088389633,34201.15,389125.00,526994.81,36061.57
4092052360,33716.69,402809.09,528004.31,35969.16
4095715021,34553.43,401138.91,540906.94,36936.55
4099378095,36025.22,414459.75,542941.56,38532.26
4103040007,35907.79,405695.91,540775.13,37720.18
4106699506,34560.63,379250.03,539556.69,37011.61
4110362041,34831.24,381679.53,536325.00,37520.03
4114024293,35598.12,372330.34,529959.06,37661.88
4117686389,34228.05,363568.97,523607.59,36058.50
4121345609,32521.88,355260.56,539543.00,36383.88
4125007407,29970.94,358104.19,568234.75,36121.88
4128669452,29934.00,348329.28,600425.25,35780.93
4132330500,32974.12,343016.50,628919.31,36694.02
4135989355,34659.05,351422.53,617385.13,36655.55
4139651597,35103.04,349790.00,604740.06,36350.59
4143314192,34464.21,348396.56,591267.19,35429.94
4146976021,35961.85,353948.44,576824.06,37201.14
4150638363,35544.18,351671.31,563144.69,36645.05
4154300221,36439.11,366155.31,553929.75,36949.06
4157959318,37769.28,375819.28,548624.06,36222.78
4161621171,37359.52,357437.03,549571.25,36995.91
4165280434,40613.02,359704.97,558452.44,35602.25
4168942407,39179.23,387614.75,550742.38,36220.66
4172605719,41766.88,358143.59,542004.69,35883.84
4176267717,40348.78,356614.56,534851.81,35098.91
4179930442,40338.28,311712.34,537727.06,43450.39
4183592270,41148.11,315809.31,522759.78,44910.86
4187252062,41009.56,320783.00,521653.47,45258.89
4190913916,39599.84,328752.13,519537.78,44888.67
4194575239,40020.70,326485.97,534046.44,45413.49
4198238543,40050.08,326263.50,523469.75,44450.00
4201897864,38340.13,326605.75,535798.19,44086.62
4205559823,36977.27,309479.31,538312.69,42541.07
4209218999,33595.48,297257.00,547491.13,42907.51
4212880493,32245.25,282044.47,613059.94,41671.28
4216547201,33224.32,282726.94,611073.13,41285.72
4220207404,30755.40,268616.94,663256.31,38409.05
4223869859,32419.56,275797.94,617671.06,38849.96
4227531340,33702.05,286032.03,584910.81,37088.68
4231193884,35578.53,298995.28,512427.72,39503.54
4234855736,36830.45,308063.59,492239.81,41098.78
4238518388,36753.39,315758.78,496396.97,42573.76
4242180536,36024.16,317604.81,504292.19,42469.43
4245843414,38142.80,322575.34,512367.53,41651.34
4249505298,37478.37,329779.81,515187.56,39515.11
4253168015,38073.88,338505.19,496368.66,38357.83
4256830593,37862.04,338555.81,498951.69,38430.88
4260493217,37474.12,350451.47,499361.22,37584.70
4264155025,37996.70,347830.78,493633.84,39763.18
4267814909,38654.53,353251.56,489070.69,37937.22
4271477092,39813.46,358921.22,514767.19,38575.10
4275139860,38768.41,359517.91,516569.19,38824.82
4278801753,38585.49,360379.78,512802.19,39064.16
4282461780,37117.82,332827.50,505430.72,38256.57
4286123624,36358.97,342066.25,499301.97,39575.77
4289786560,34964.01,319688.16,488412.16,38668.10
4293457759,31899.69,325543.72,484479.84,37666.02
2161954,32062.56,310099.88,525369.63,37605.59
5823417,30626.76,315834.56,591627.63,38433.01
9486415,32650.87,321548.72,604813.00,38187.65
13146881,35133.13,318782.63,580120.38,36811.69
16809545,35470.54,331595.03,556964.81,38059.25
20471367,36986.59,335188.44,541617.75,38163.57
24133527,38762.16,334088.28,514199.50,37844.34
27795326,37855.90,331758.84,498513.97,37998.82
31458109,39940.09,342528.97,500018.44,38289.97
35121064,40261.80,346573.78,496039.38,38733.95
38783506,41778.44,351097.50,484649.41,37783.80
42445312,40619.28,357327.63,478542.28,38038.36
46104389,41017.94,365844.81,498371.88,38400.67
49766216,41771.01,368438.13,494699.66,39852.16
53426129,40516.60,374387.59,497932.13,37857.91
57087968,41920.42,375175.03,513228.34,37620.11
60747136,41676.48,372647.31,509087.47,38745.40
64409669,41308.73,384650.97,500178.47,38207.48
68068661,44001.18,381469.69,505033.47,39271.29
71730714,39714.91,343548.41,507779.38,38822.70
75390845,41157.55,340202.97,510991.56,38986.75
79052609,41267.90,367651.53,496787.72,38813.38
82715059,37481.43,356211.91,507190.59,38587.61
86376878,35323.02,347313.16,518184.47,39154.09
90039339,34004.29,345917.84,599189.81,38892.80
93705117,32791.31,341661.69,679923.25,37676.52
97365798,32941.08,337425.56,641384.50,37752.64
101027290,35303.31,336210.56,586639.31,36321.56
104689306,39222.19,341155.72,543833.06,38359.96
108351265,41440.09,352792.00,508916.72,36315.31
112013332,42982.34,350612.81,464322.84,36680.57
115675057,45490.79,356373.00,476685.75,36208.15
119337273,45587.09,356632.63,480771.13,37132.34
122999150,47696.53,362395.88,491311.97,37206.34
126658412,46801.02,365403.78,478516.91,37728.56
130320293,50200.03,373203.19,477378.63,36443.24
133979659,50451.29,374727.84,478863.97,38488.36
137641649,50192.60,382162.69,480835.09,37472.11
141304631,50005.77,384330.19,479601.59,38211.73
144966574,48303.96,389464.91,488535.25,37325.06
148625640,48456.21,394115.84,494595.19,39455.39
152287680,49035.79,401320.53,500053.50,38575.10
155947459,48332.64,380050.31,496054.59,38318.18
159609285,47918.76,364584.38,497230.88,38476.91
163271995,47841.10,388747.47,490913.41,37594.14
166934160,46270.53,352832.94,494623.41,38161.57
170597197,44692.05,348366.47,509518.00,38524.95
174258771,42296.89,334382.72,535198.56,38262.83
177920912,42594.77,342695.50,545931.13,37811.06
181582161,45971.59,358994.84,596426.56,37278.21
185244446,48052.71,374830.88,574708.31,36977.27
188913645,44794.49,379850.28,581009.25,37030.38
192576160,47274.50,377423.59,558864.56,37159.48
196238080,48410.42,349277.91,542484.44,36340.33
199900541,51390.47,341661.69,542723.31,37432.46
203562458,50729.22,348161.22,527047.00,35640.84
207225024,49737.76,345762.78,526075.00,38077.07
210886843,50573.08,346042.94,524637.69,36589.93
214549065,53086.26,344989.88,514981.84,37099.06
218278050,52743.66,350758.44,535961.50,37338.75
221939842,53768.87,351600.25,463416.94,37334.50
225670461,52680.28,352229.63,458583.66,39056.85
229331827,54151.95,341807.06,461090.81,45384.93
232994345,55005.22,379544.50,471365.41,45536.34
236656184,52832.88,383119.00,474401.75,46238.66
240315348,54431.89,383718.75,479938.41,47960.30
243977817,57143.57,344092.94,454604.00,47703.85
247640180,54099.20,375883.72,470815.22,47899.64
251302017,55659.15,375835.78,459479.31,46584.46
254961172,49282.09,372159.91,461153.13,46931.54
258622960,50520.68,351445.66,465179.41,44856.92
262281890,48833.27,337051.56,479450.06,45267.38
265943820,46967.66,339663.28,536357.00,43030.84
269605881,48068.76,358174.16,569031.13,42163.30
273267581,47575.33,375069.97,575221.00,40846.93
276930197,51892.99,374382.28,537980.44,38190.84
280591527,51858.64,342792.03,522890.88,38665.97
284254094,53739.96,373944.81,511530.09,38826.83
287915706,53901.17,338116.69,512285.03,37817.20
291578399,54884.49,374683.72,508863.38,37775.54
295240253,55463.71,373779.59,496835.63,37846.46
298899314,55934.49,377390.44,505974.06,38036.35
302561172,54879.18,346651.31,487392.13,39229.39
306220260,54909.27,373783.25,496028.41,38258.70
309878230,57042.90,375386.50,491493.94,38371.40
313541525,56160.37,394581.28,483889.63,37374.16
317203608,57568.08,379714.91,483664.44,39119.63
320866048,57101.32,390406.78,490445.84,39016.01
324528152,56085.67,362661.41,496196.47,39687.77
328190891,54482.52,360677.06,506582.09,38132.42
331852843,54310.21,357402.94,506827.69,38261.77
335515500,54811.20,363490.97,517400.97,37082.42
339177397,56718.24,360758.03,498426.50,37970.62
342836604,51620.84,355355.22,514545.78,38358.89
346495319,53925.95,367092.97,520181.56,38883.36
350157818,53604.36,392509.75,525702.88,38182.46
353819919,53906.60,359215.91,521326.34,37611.73
357482604,53357.11,387610.97,526088.69,37482.50
361144308,55238.18,388439.78,465246.34,44306.37
364806874,51329.46,386764.53,478550.88,46490.16
368469299,55675.32,389560.72,483642.97,45881.55
372131932,53895.86,383903.22,495315.81,46792.52
375793843,52639.45,382581.06,487717.50,46539.84
379456774,51626.15,353620.34,498238.41,47036.58
383118827,53063.72,394893.69,502306.09,46837.01
386781539,52858.61,391793.03,510786.94,44429.93
390443678,52398.10,399882.75,529019.75,44216.56
394102493,50939.88,401028.22,531866.19,43490.52
397765261,51121.75,376311.28,542581.94,43409.20
401427853,49747.32,400777.91,542051.13,41317.11
405089720,46104.13,405736.41,546350.69,40465.14
408749108,46263.09,407523.66,543572.94,40442.13
412411490,45734.26,417092.13,552622.00,38855.16
416074306,44543.00,370341.16,547626.44,40698.94
419736367,44572.62,381115.06,538049.75,39621.80
423396895,41719.55,394746.03,525281.19,39767.31
427057568,41989.69,372946.25,521838.41,39901.38
430716883,40692.80,360857.16,515980.03,39633.36
434378672,37846.46,358572.72,536474.44,42280.02
438041724,35423.69,335132.97,579803.88,41575.69
441702659,37199.02,348720.28,610251.00,41449.53
445364889,38658.66,352085.66,591667.19,40038.63
449026608,40199.96,382873.41,547537.69,37753.58
452685556,39909.76,382283.53,549019.06,39041.15
456347392,39601.85,377817.06,522418.69,37706.73
460010273,41590.32,385898.53,529792.63,39858.42
463672414,41816.32,357863.66,514384.91,38929.39
467332312,40982.30,388424.69,521344.28,38642.02
470993388,41040.01,396586.88,519198.00,37701.54
474653739,41660.78,400214.59,525927.56,39092.49
478314822,41404.33,403242.09,528331.94,40115.11
481978449,43218.37,403547.06,534551.25,38826.83
485640245,40283.75,394808.47,539106.44,39151.02
489299456,41507.36,371826.63,537388.38,39530.69
492962072,40077.34,406282.81,539743.88,39949.53
496625025,40086.78,419185.03,541314.31,39665.82
500287259,40274.43,388389.06,553807.38,40729.39
503949820,41055.70,372995.84,544184.00,39102.88
507612189,41068.33,378511.94,552286.25,39829.15
511274760,40518.61,403474.00,536914.06,38241.94
514936700,35991.94,377168.91,550524.38,40114.05
518595911,34894.50,365320.47,532703.69,38078.13
522257659,35329.27,363384.38,580522.00,38805.94
525919817,33441.47,392981.81,610223.13,38448.70
529580711,37724.43,403522.03,624084.00,39318.38
533243307,38943.91,393081.88,580680.38,37610.78
536905192,39873.05,390461.31,546110.56,37724.43
540568356,38926.20,393049.78,559215.25,37552.36
544230116,41646.03,390369.25,530710.00,37706.73
547892423,41780.57,386124.66,534498.38,37826.64
551554227,41207.95,387545.34,542435.81,38042.61
555217275,41552.44,391218.28,532641.69,38859.29
558879429,44133.12,390025.00,527858.69,38747.41
562542062,44528.13,390711.75,525437.69,37341.82
566204094,44076.12,388270.91,508890.03,37704.61
569867032,43110.97,363814.91,513956.03,38742.21
573528953,45082.21,378447.28,489286.78,37967.43
577192044,43490.52,397238.34,503609.00,36994.85
580854042,44235.56,365465.63,509600.25,38073.88
584516802,43213.18,397907.59,478027.25,38925.14
588179026,42862.31,357912.16,486433.59,38696.30
591841715,52443.18,358028.78,492639.06,49035.79
595503874,45577.54,359748.16,479633.44,48385.99
599166526,45594.41,353657.88,486358.31,49050.78
602828544,43239.50,373623.56,491552.47,49903.10
606491675,38655.47,373113.25,492927.84,49245.74
610153076,39269.16,374163.50,494649.50,50192.60
613816130,36199.89,377451.22,481253.84,48620.25
617478240,33537.54,376018.25,476830.19,48431.66
621145892,31632.62,373924.75,483546.56,50059.12
624810429,27183.61,371187.81,472494.34,47399.95
628469003,25227.83,343144.56,484732.97,48061.32
632131136,24645.06,339855.53,495416.00,48197.52
635793674,22839.87,350102.03,494390.56,45994.96
639455749,23608.28,373601.38,505545.53,45505.54
643114880,22655.53,370803.78,520902.28,44574.63
646776617,24446.79,380756.88,517852.03,43391.27
650436809,23406.35,382285.44,523944.66,43107.79
654098240,23779.76,383165.59,519708.78,42634.77
657761418,22174.84,382910.44,518809.16,41422.15
661423262,23798.99,384609.91,519395.94,40893.08
665086237,23991.83,379720.56,520726.69,40815.42
668748683,22578.58,384203.34,530077.69,42011.88
672407675,24598.32,387984.00,527121.94,39749.61
676069561,23258.47,351561.19,517235.16,39390.60
679729509,22842.94,383173.03,512155.94,40445.32
683391439,24132.98,385704.16,512898.13,39813.46
687054121,23263.43,384492.47,513699.25,39816.64
690716286,23894.35,378277.09,513554.06,41560.82
694378938,22719.37,382374.66,500579.97,41340.36
698040787,23915.71,381374.94,504181.97,41149.18
701700251,22813.55,374402.47,504775.13,40188.39
705362457,23420.63,355775.47,502321.56,40939.22
709024976,22485.46,339871.13,499402.63,39413.50
712687056,23720.87,350889.78,503032.13,40459.84
716349692,23436.92,349961.81,497711.44,41239.46
720011659,22932.98,346455.53,499564.78,41058.89
723670864,23273.58,367438.63,497106.38,41261.53
727333335,23030.35,378904.13,495777.72,42775.92
730995832,24780.31,355587.59,506013.84,41573.45
734658038,25246.24,382756.09,499836.59,41209.13
738320728,24501.79,387912.72,493955.56,41199.57
741982699,24049.78,382668.63,509624.56,40599.33
745647101,24558.67,390151.03,504488.47,40538.55
749311462,23806.19,355426.72,500378.03,40363.41
752974434,25580.11,388389.06,500206.91,41072.58
756636657,25451.71,385930.28,512677.31,40578.32
760295700,24615.55,386596.00,508395.31,42202.24
763957529,23682.28,350877.41,517252.97,41786.82
767616808,24010.13,347712.41,510526.81,42215.93
771279088,23028.34,382705.81,531335.81,42027.57
774941559,24618.62,375005.53,525755.19,40678.05
778603510,23100.33,374985.38,539293.38,40307.95
782266062,24105.48,372462.28,540171.56,39893.00
785928033,24563.75,373966.88,540608.56,40154.88
789590710,23260.36,337312.63,584984.19,38745.40
793252452,23312.17,370701.34,630242.88,39389.54
796944851,25093.53,372533.78,585714.38,36805.43
800606665,24836.13,340040.47,538252.69,39356.02
804269198,24769.10,364084.59,506365.28,38009.21
807931175,24572.83,359422.66,512352.06,39074.67
811593695,27774.40,370346.69,502847.31,38791.43
815255568,27225.39,367565.97,495984.75,38700.43
818918837,27414.57,368667.78,501589.59,40252.36
822580705,28569.72,379065.22,510139.97,39624.98
826243540,28370.98,375298.09,499183.59,38104.21
829905861,26952.77,377100.59,492278.75,38397.48
833568648,28341.36,386629.75,498207.72,38911.57
837230940,28008.67,385623.78,511167.19,39812.39
840893721,28969.33,384931.03,516338.34,40626.59
844555822,28733.65,392072.13,523854.16,39567.39
848218850,28647.61,387749.75,512492.28,40791.35
851880749,29861.18,387298.09,518355.25,40913.02
855543172,30101.47,387095.81,521671.41,38654.53
859201788,28036.40,387697.13,512813.41,40713.69
862864304,24580.98,377549.16,522430.03,39109.25
866526167,24312.72,366118.97,575344.44,38930.45
870188086,24750.80,364725.91,673802.69,37540.92
873852191,24385.89,370906.22,643644.88,39755.86
877514366,25589.20,364805.56,598631.38,37318.93
881175989,28075.23,366473.25,560978.00,37671.21
884838573,28156.07,369402.78,531644.56,37708.74
888499959,30402.53,366903.91,480085.69,38253.50
892162317,30613.42,360372.47,466177.50,36638.91
895824409,31016.81,366549.50,475281.09,36319.44
899487106,32756.14,374036.75,487687.41,37609.72
903148869,33428.02,374948.66,494495.00,36507.79
906812057,32832.62,383122.66,495834.38,38275.34
910473543,34190.76,373735.44,501936.81,38623.13
914136406,34338.88,380875.59,505291.69,39601.85
917798261,35113.42,381414.00,498273.22,38870.85
921457514,34286.00,386156.53,492699.84,38334.82
925119415,35749.89,382132.97,503754.53,39394.73
928778697,35304.37,396207.34,509116.41,40365.54
932440996,36766.84,398084.50,507334.34,38459.09
936103984,35981.55,354910.41,516094.16,38009.21
939766181,34954.57,387187.50,501523.75,39197.05
943428595,35452.72,387751.63,501767.69,37438.83
947095453,31363.78,370882.50,511347.50,37741.07
950757244,30349.07,375734.53,532245.88,40380.18
954422575,29042.14,381991.69,634481.56,38449.77
958084446,29003.32,368241.50,651192.44,37946.54
961749880,30577.43,373124.34,601099.69,38338.00
965410800,33419.75,372127.00,589986.88,37588.95
969074989,36733.56,386339.78,525916.13,36300.67
972738495,36943.87,376823.84,496181.13,37206.34
976402869,38618.89,370637.38,458629.22,36180.06
980065562,38330.69,375520.94,476613.63,37456.54
983727342,41857.28,375723.44,478163.44,37550.24
987390339,42494.69,374040.41,488507.16,35899.53
991052270,43017.15,386526.84,478186.91,36451.62
994715650,43543.15,390999.81,484471.22,39106.06
998377249,44501.80,394583.19,472741.50,38201.22
1002040018,45939.85,393552.31,489842.28,39008.81
1005702071,44948.97,390739.94,489792.50,38472.66
1009364489,45409.24,391263.47,505797.41,39440.76
1013026426,45124.46,403265.13,506265.81,37758.78
1016688931,45990.71,408403.47,499201.28,39910.82
1020351218,45252.63,417017.78,502919.91,38837.34
1024072005,45139.34,395151.31,518905.69,40013.50
1027740928,46753.22,399428.84,495252.56,37994.57
1031398886,45031.47,395750.25,497873.25,39227.38
1035061028,41422.15,381525.28,493316.59,39731.67
1038723444,41201.69,401907.44,536322.69,37791.11
1042383903,42023.45,400277.63,589301.88,37856.85
1046046351,43016.09,397500.56,653261.56,37557.55
1049708077,43105.66,364582.63,627486.94,38535.33
1053370363,44932.10,398975.44,583381.56,37402.25
1057034490,50063.37,408639.16,533514.56,37526.40
1060697266,50019.58,400388.31,486188.25,37493.00
1064359098,53050.73,398706.69,484651.53,38585.49
1068021791,53226.94,407722.28,471698.44,39424.00
1071689774,53578.51,409203.38,454527.78,39121.76
1075370843,56117.06,417903.84,481102.19,37536.67
1079034801,57176.03,416705.03,501343.66,38375.54
1082697979,57548.61,379067.00,518063.16,40408.50
1086360216,57198.80,425808.16,510833.53,40087.84
1090022991,57938.89,422018.16,511712.66,39259.84
1093684892,56727.91,430755.69,527735.94,38533.32
1097344780,58851.52,433363.41,533010.50,40120.30
1101006728,57169.54,447503.38,537473.56,39486.79
1104669479,56838.38,440407.50,531102.75,38670.22
1108332353,55482.13,423013.06,532236.69,38138.55
1111994756,56939.99,380947.94,533088.25,38631.51
1115657286,52978.86,425054.41,524284.31,39092.49
1119319573,51866.20,419708.81,532614.31,37383.48
1122981664,53171.11,376628.41,537517.38,39095.56
1126643987,52671.78,380011.38,566476.88,39704.53
1130305855,54190.66,374514.59,559385.81,38402.80
1133968311,55385.94,373772.25,566795.31,37538.91
1137630212,52844.56,366738.44,560512.63,37850.59
1141292807,54226.30,366395.00,551150.25,37273.02
1144954720,55501.48,370783.59,573500.56,38494.73
1148617433,56255.38,386511.88,550594.63,39621.80
1152278758,58149.20,366298.72,554160.38,38591.86
1155941901,58346.76,359744.50,538485.69,38865.54
1159603928,58087.47,366215.16,523361.19,38155.31
1163266527,59072.09,364102.75,531676.44,38607.55
1166928438,61156.16,379068.75,537531.25,39825.02
1170591665,61659.27,373663.94,539240.25,38221.05
1174252942,57810.84,362457.13,530280.75,40616.09
1177912853,59473.23,364017.66,519382.47,38393.36
1181574635,61204.07,383949.84,527465.38,38957.48
1185237137,61305.57,373315.19,508167.19,37745.32
1188898919,60388.57,366215.16,505996.25,40783.91
1192561795,60779.92,380423.00,512068.94,38392.29
1196223594,62215.48,377285.16,525122.50,38228.37
1199882616,59396.05,375717.91,534982.81,39021.32
1203544817,58802.66,374095.63,564312.81,38929.39
1207207317,59055.80,370173.22,564205.50,40500.79
1210869155,59679.88,373333.47,576814.50,38870.85
1214531236,57715.48,401249.75,560479.38,39093.55
1218193142,57392.71,380043.00,556473.38,38622.07
1221855667,62013.20,416527.31,570948.69,39316.25
1225517458,61932.36,405390.25,552685.50,39775.69
1229176397,60336.29,371945.72,559416.63,36829.27
1232838327,62257.02,395803.38,565812.31,38310.86
1236498510,65052.26,414839.66,471774.44,37876.79
1240158948,63998.25,365039.34,467424.34,38362.08
1243821958,63564.06,420686.56,475357.34,38381.91
1247484247,66083.14,383951.59,462070.72,37748.39
1251146820,62608.00,415853.66,474376.38,39162.47
1254808628,66142.62,370452.69,476488.28,37867.23
1258467840,65219.37,368053.84,489319.13,39073.61
1262130217,63618.82,374729.75,491513.41,39224.20
1265792955,65404.19,372088.41,491517.78,38400.67
1269454475,63501.51,420085.63,501203.22,38553.15
1273114323,62603.64,416517.63,490013.19,38763.22
1276775980,65534.95,417903.84,491953.50,38307.79
1280438447,61623.27,420938.06,487545.09,38590.80
1284100301,60016.23,369158.25,488213.66,40138.12
1287763538,59876.85,393970.09,497510.47,38769.36
1291425423,55443.30,399754.94,504589.97,37543.98
1295087580,55370.95,400848.47,547860.00,38429.94
1298749426,57179.21,415752.28,573529.50,37687.85
1302411544,58174.21,397783.94,564675.44,36186.43
1306073388,58594.24,398661.16,561103.94,37865.23
1309736122,57767.53,406379.00,540021.19,37403.31
1313397991,20238.41,410770.91,454981.19,37097.05
1317060425,20434.79,406151.94,463850.91,37262.63
1320722594,19929.09,360949.00,461856.41,37084.54
1324385080,20199.00,411075.13,477261.66,37997.76
1328046916,20061.98,406929.91,498546.78,37112.52
1331709887,19486.17,410360.44,498231.78,38050.87
1335371809,20257.42,413971.16,509273.94,39122.82
1339034508,19329.21,414681.88,483430.78,39679.39
1342696365,20379.45,405624.75,495004.38,37995.64
1346356439,19525.47,417234.81,496405.69,38811.14
1350017892,19548.49,413578.06,473115.47,37779.66
1353680686,19290.97,387352.38,476677.25,37523.21
1357342661,19294.99,416869.19,510669.03,36979.27
1361005271,18939.99,437437.81,517057.88,39195.87
1364667798,19164.22,429433.44,505254.16,38871.91
1368329908,20120.40,421860.72,509134.09,38020.66
1371991819,19875.75,423963.81,492131.25,38144.93
1375650638,19258.75,382315.19,513092.28,37091.74
1379312705,18399.59,378003.66,517515.44,37194.89
1382975822,17173.15,420472.50,522246.97,37009.48
1386636526,18713.04,414905.97,550515.06,37681.71
1390295742,17645.11,412687.84,568150.81,38435.13
1393957457,18265.99,412596.50,581070.31,36518.18
1397621628,18253.01,404913.47,551959.81,36816.76
1401289834,19812.26,406367.44,538654.19,36977.27
1404952438,19309.03,409828.06,541462.69,37417.94
1408613045,20133.62,405528.69,531233.06,37487.69
1412272262,21549.00,408654.59,512082.41,36528.57
1415934253,20855.53,412303.09,516719.28,37482.50
1419748040,21590.54,409913.25,500071.09,38196.97
1423785767,22157.61,416736.31,493003.84,38390.29
1427448707,22448.05,416552.78,511790.66,39644.93
1431109858,23262.49,411424.13,496429.78,38722.39
1434772103,23275.59,425200.75,496309.88,38031.16
1438434650,24113.63,412033.19,510317.69,37403.31
1442096836,24169.57,413869.91,511968.63,39965.23
1445760073,24297.62,425691.22,517519.94,38300.36
1449421615,24787.39,426477.31,508557.34,37946.54
1453084448,25159.73,431860.69,502671.34,37525.22
1456746451,25248.13,416095.72,505583.19,38038.36
1460405505,26339.31,417309.16,503739.06,37832.89
1464072226,26775.03,416669.97,507053.22,38514.44
1467734288,23559.54,415293.91,500915.63,37421.01
1471396078,23110.36,416552.78,503045.34,36688.83
1475058155,23352.65,414362.38,519537.78,37549.18
1478719023,24280.27,416754.00,608182.88,37476.36
1482757399,25204.46,417653.41,636584.38,37780.73
1486793474,26298.60,411616.25,586403.75,37997.76
1490830530,26498.52,413630.56,535196.31,37210.59
1494871988,28433.53,411703.47,488822.28,36365.23
1498907715,29325.27,401896.00,481865.50,38234.62
1502945061,30218.66,423950.00,485878.69,38131.36
1506982263,29800.52,417230.91,477114.97,36802.25
1511019599,30465.43,422666.19,478012.38,37932.97
1515056097,31682.07,431944.47,501567.66,36633.60
1519093776,31636.75,428218.91,503060.81,37689.03
1523131165,31956.46,436460.75,508661.66,38499.93
1527168455,31159.84,435779.91,523517.22,38315.11
1531205897,32246.19,441513.53,535223.94,38510.31
1535243090,33634.90,443598.56,534404.31,38735.96
1539279982,34246.70,436724.06,541634.00,38624.20
1543317488,31465.74,435912.44,530002.38,38627.27
1547354846,31450.29,428528.81,521524.84,37284.58
1551391776,31141.32,419748.00,511717.13,38179.27
1555428035,30542.38,440306.47,545221.06,37648.31
1559466521,29214.45,434666.91,637569.88,38505.12
1563504701,29715.31,432829.50,665477.88,38755.79
1567166616,32224.60,431451.63,629030.69,37561.69
1570829391,32931.87,416568.38,616449.50,35429.00
1574490150,34019.88,421935.44,573720.31,37758.78
1578152721,35918.18,372669.41,560374.94,37446.03
1581814733,35990.88,378388.03,522895.38,36117.75
1585476958,36015.90,419043.91,505629.47,36274.71
1589138757,37248.00,413904.97,469381.66,37379.35
1592797676,38477.97,413735.72,476422.44,37750.40
1596459814,39392.61,410627.50,486791.06,37175.06
1600122380,39526.55,419222.34,466121.06,37607.60
1603784201,41211.13,418269.94,483820.94,37062.59
1607443612,42926.51,430181.78,491526.41,36840.84
1611105524,42503.18,431176.31,499628.28,38830.02
1614764682,42366.40,433147.44,506511.28,37911.14
1618426604,44074.00,440039.97,517380.91,36460.94
1622086593,41619.71,435587.19,516165.78,36944.93
1625747849,43843.86,430317.25,512017.72,37687.85
1629407136,43344.88,433501.34,518341.69,37678.52
1633069086,41428.52,420338.91,512354.19,36560.79
1636731806,41558.81,425090.03,539088.06,36562.91
1640393647,36320.50,409942.19,553654.31,36757.52
1644055811,38934.58,429168.81,630953.19,36791.86
1647716586,37548.23,419610.63,672488.88,36586.86
1651378887,38112.47,426588.38,642191.50,37735.88
1655040558,39465.89,421150.38,606580.31,37481.43
1658702552,39620.73,420036.53,585846.94,37881.98
1662364220,43071.91,417166.38,554289.81,36011.77
1666026257,43279.62,412279.97,481046.59,36964.76
1669688033,46889.06,413529.44,476333.34,36909.52
1673350533,46772.34,405075.03,467833.38,37882.93
1677012177,47149.29,411664.63,465783.91,36012.71
1680674940,48413.61,409433.53,453107.66,37220.86
1684336580,48354.00,409733.16,456905.22,36574.36
1687999001,51381.97,403042.88,434576.63,35628.33
1691660469,51327.33,425115.66,435312.44,35469.36
1695322611,49343.93,398090.06,446121.28,35272.15
1698984444,50745.15,406710.28,452521.72,36707.60
1702643637,49024.11,408254.75,470111.72,34217.67
1706305205,49617.03,367273.06,477259.53,35721.80
1709967633,50005.77,367431.31,476464.81,36565.98
1713629466,51421.51,354933.66,486059.25,35533.80
1717288373,52400.23,359073.94,484703.13,35099.85
1720950235,48397.55,372944.50,479893.69,38120.85
1724612932,50235.32,365892.13,513199.31,36951.18
1728274941,48662.86,394429.88,558130.56,36497.41
1731937330,48062.39,413461.34,595229.75,36283.09
1735597755,48183.71,422394.28,618311.81,37813.06
1739260092,49543.38,422898.56,583899.88,36154.10
1742921909,51455.85,411693.78,546975.38,36996.98
1746584403,52395.98,411259.38,520938.53,36430.85
1750244751,54885.55,408784.06,483679.44,35531.67
1753907406,54856.52,345248.56,455909.63,35909.80
1757569161,57161.87,407429.13,439743.16,37154.18
1761231958,59218.79,404295.16,427442.94,37189.70
1764892826,59748.45,397090.22,440191.41,36283.09
1768555885,62348.84,404815.63,431872.59,36904.33
1772217308,63965.32,402596.56,432789.47,34587.65
1775879901,63297.70,402533.28,451897.41,35980.49
1779541804,63253.91,397217.56,453144.50,35766.53
1783204485,65098.40,399844.63,460870.50,35701.03
1786865964,61344.87,408482.78,459278.09,36381.87
1790528753,64829.21,394986.44,441396.13,34909.02
1794190053,63958.71,399249.69,448187.31,36151.03
1797852414,65255.72,405386.25,456781.19,35507.83
1801514249,65000.68,401200.06,471628.94,35370.82
1805176769,66679.24,412854.84,507797.06,38687.93
1808838583,61941.21,412979.13,527776.94,39097.68
1812501177,59523.27,414843.66,531635.38,36717.98
1816162683,57342.79,409739.06,589607.31,37351.26
1819824565,57855.34,414492.91,597095.38,37511.65
1823484788,60056.47,408733.69,589161.56,36030.41
1827147130,62739.36,405320.97,559412.00,36989.66
1830808012,65958.75,412592.50,475336.09,36703.35
1834470418,69053.75,411102.28,452501.19,36989.66
1838132278,71298.91,407753.06,427601.56,36525.38
1841845049,73130.42,410249.84,423833.63,37158.42
1845509191,80003.38,407209.38,414638.91,36301.86
1849171903,77238.71,414015.78,414183.25,37006.42
1852833372,76978.96,411269.03,444128.34,37874.55
1856553603,81586.12,416763.81,460087.31,37861.10
1860217580,80205.78,426584.50,472650.63,38037.41
1863881735,82186.35,429292.16,472513.34,37366.84
1867542390,83230.33,434029.84,486356.19,36445.36
1871201683,78663.18,430653.97,483507.97,38448.70
1874863877,80624.39,433643.44,486091.59,37844.34
1878526475,82420.14,431948.50,487348.94,37510.70
1882188338,80314.36,373423.41,486836.28,37974.75
1885851251,75873.96,371486.03,486377.66,38723.45
1889513082,77347.77,416582.06,494677.69,38377.78
1893175514,76069.28,434931.38,502695.44,39613.42
1896837693,74335.96,387946.59,517663.56,35970.11
1900499712,64763.35,437091.78,541705.75,36649.30
1904160346,69748.63,439654.31,592124.38,36526.56
1907822584,66771.89,433999.88,595728.63,36837.65
1911484343,72113.70,429596.63,590443.00,36141.59
1915146583,73820.70,434368.19,562192.50,38880.18
1918807840,76647.33,428860.69,534496.13,36733.56
1922469916,79474.67,428274.63,525929.81,37306.42
1926131445,80471.68,419832.25,477652.88,37163.73
1929793590,79447.52,431872.59,468347.72,38547.84
1933455475,82302.01,432937.34,468438.00,37074.04
1937118154,85424.27,417350.22,433563.44,38245.13
1940780062,87604.05,427543.97,466956.75,37689.97
1944442259,88587.48,430098.22,462070.72,38732.89
1948104061,89461.28,432327.78,465809.16,38393.36
1951767246,86753.97,436754.16,473644.19,39461.64
1955429078,89668.41,436223.78,480495.56,38285.84
1959091551,90367.54,438924.13,480929.16,38746.46
1962753494,87414.87,432997.44,473472.72,39182.30
1966466595,82151.06,380059.63,494457.94,37526.40
1970130299,81110.27,371442.13,493557.84,39906.57
1973789451,78184.15,369804.28,495823.41,37192.88
1977451259,75094.81,428401.72,497580.31,38637.77
1981114098,73388.41,399354.50,531854.75,37067.90
1984776078,71844.27,366251.50,544695.38,35648.04
1988438555,75590.25,367859.00,538135.06,38293.04
1992100100,71107.72,394384.44,566862.31,38215.86
1995762259,67437.27,432285.91,585662.94,38184.46
1999424117,68433.92,433323.38,606681.06,37624.36
2003086509,72300.88,429915.06,602127.75,37036.51
2006747141,73170.66,366869.31,576967.06,37372.04
2010409766,72657.52,365144.63,512271.81,38476.91
2014071486,75548.83,370138.50,495457.44,39158.22
2017733963,76704.69,365697.88,470888.84,38846.78
2021397092,77141.94,432917.41,460712.59,38855.16
2025058925,77066.65,423324.50,463141.63,38279.59
2028720730,75703.43,418736.22,454735.97,39184.54
2032383064,76899.06,460311.56,469644.72,37289.78
2036044932,79710.70,444735.88,481087.31,39918.14
2039704096,77695.56,428405.63,486345.44,38708.81
2043366035,78797.48,446359.69,496944.69,38286.90
2047025168,77724.71,461683.63,503880.09,39351.89
2050687117,80487.49,464007.50,519956.38,40068.96
2054346470,75953.63,398002.63,501170.28,39580.96
2058008446,75789.94,462149.91,512884.69,39123.76
2061671698,75792.06,383784.03,507600.09,38907.32
2065333382,73925.62,395657.25,507916.88,38689.93
2068995611,68702.88,390888.66,531532.31,37691.04
2072657451,68028.30,459649.25,575775.19,36134.39
2076319591,68372.09,461236.47,637878.69,37167.86
2079981295,67712.13,455298.78,662549.75,36596.19
2083643458,69057.17,453702.13,640163.38,38128.17
2087303780,70266.73,474867.69,614238.31,36609.76
2090966394,74952.72,443505.19,588568.38,39569.52
2094628130,75185.69,375920.66,534920.75,38753.78
2098290701,75886.36,444550.94,487036.56,38660.66
2101952372,80771.56,381270.97,481059.47,39528.68
2105614600,83006.45,444721.59,463431.59,39793.51
2109276480,82988.16,441588.38,455311.16,36474.39
2112939280,84010.07,380523.09,463231.31,40083.60
2116601176,84071.55,457745.03,476838.69,39728.60
2120264050,83876.83,459240.66,486732.91,40433.75
2123925449,85493.90,456686.06,484061.22,39904.57
2127588012,85873.20,460259.75,491905.72,38369.40
2131250226,84709.80,388972.75,498809.34,40391.74
2134909548,82496.27,381961.94,519951.91,41049.57
2138571117,83513.69,401813.84,524325.00,39910.82
2142230078,84552.48,478653.09,519760.59,40398.00
2145891884,81374.16,390310.84,502875.88,41619.71
2149551085,79796.50,394070.41,505026.75,40210.46
2153213203,78497.48,406061.53,501001.19,40087.84
2156875701,73336.95,402485.50,540900.06,39966.29
2160537140,71968.89,455558.66,588083.81,38720.38
2164199223,70708.70,466560.69,670719.69,39250.28
2167860941,74010.59,467768.34,668280.63,39813.46
2171523034,71524.80,466315.69,649842.44,37946.54
2175186835,79944.61,461810.50,619684.44,40376.04
2178907063,82668.92,447117.81,577134.31,40301.57
2182575648,88871.31,376178.53,514384.91,41158.73
2186295883,86445.00,384221.97,485267.94,39951.65
2189960031,91664.43,410217.03,468328.81,40635.09
2193621823,93124.42,439886.56,461473.56,40716.76
2197688742,95883.66,452468.38,456609.72,41559.88
2201350414,94282.76,459825.81,452643.03,43230.05
2205012485,98768.12,457279.47,478951.44,41757.43
2208685228,99140.59,456058.22,476783.56,42884.38
2212344742,101737.55,454793.56,488740.38,43254.25
2216006641,100051.32,457960.19,480843.72,42352.71
2219669426,102615.01,467969.81,503285.28,44522.93
2223331968,100029.02,471418.03,506721.47,44950.98
2226997212,101477.56,404805.94,517295.56,42833.87
2230660024,98317.77,399604.22,512556.94,44932.10
2234322606,97432.05,434724.97,516315.91,41295.16
2237984912,93943.93,394308.78,525678.00,41492.61
2241647367,86666.99,384871.19,543215.31,42592.76
2245308292,82312.39,394354.22,588861.31,41330.92
2248970475,83976.91,449618.25,663936.88,40613.02
2252632088,83969.12,389838.88,708483.44,43587.53
2256294209,84376.87,467848.13,684550.81,41376.00
2259954537,89394.60,467927.81,654782.69,43026.71
2263616852,93097.75,464587.91,618061.50,43767.86
2267278660,95771.90,460502.63,594845.25,43337.45
2270940686,95953.53,451310.50,576826.50,44874.86
2274602349,99426.42,380005.94,538525.00,44823.05
2278264677,99986.77,390104.06,520514.84,43653.85
2281926443,101604.66,390941.41,515816.47,46007.71
2285588643,105989.59,380953.50,506582.09,46980.40
2289250436,103175.23,378513.84,496117.84,44736.43
2292913080,104224.05,382512.38,513438.06,44886.54
2296573832,104065.55,398693.59,493853.34,43904.05
2300233788,106200.73,380146.72,488420.78,44336.94
2303894376,110704.14,374385.84,509491.34,44054.99
2307557255,108456.15,375740.09,504678.13,46397.75
2311219159,110407.56,381740.78,504903.19,48803.54
2314881567,107842.94,387249.47,504349.56,45682.33
2318543503,107695.41,385367.81,518737.16,44346.38
2322205884,106884.52,400850.47,541534.44,46294.96
2325867015,104072.76,388027.09,573587.56,46107.20
2329529534,101438.61,380673.31,595594.69,46572.77
2333191341,106546.16,454342.50,630172.75,47824.11
2336853364,107406.39,386403.53,612636.38,46042.64
2340515125,109227.52,380764.31,577369.63,45053.66
2344177228,104407.34,373529.97,632724.63,44821.04
2347839246,108096.44,386603.56,629556.00,44856.92
2351501251,110339.47,376136.16,607041.06,44756.49
2355162973,109686.95,418307.13,574526.94,43156.18
2358825160,109083.18,381683.19,517448.16,45892.17
2362486583,112903.75,369796.97,504779.63,44819.86
2366149108,115540.37,369441.03,479418.19,46200.55
2369811022,110809.41,376597.00,452014.47,46580.21
2373473966,115581.32,403677.47,451337.19,46497.48
2377135401,117398.31,442799.47,456522.97,47162.03
2380798090,115542.73,389455.44,463168.75,48091.06
2384460062,122992.80,438470.72,476743.09,45993.90
2388122261,121653.78,380389.59,483613.00,47162.98
2391784190,119904.41,380638.16,489042.50,47960.30
2395446757,121559.95,374915.38,504592.19,47167.23
2399108660,121579.43,391395.31,512459.00,48728.83
2402771982,123190.95,379742.75,499496.81,46487.92
2406433320,117156.14,386845.03,518476.44,45622.03
2410095650,116651.73,390171.69,541564.38,47735.83
2413757757,113505.75,382080.91,547495.81,46102.00
2417420083,105777.28,421007.00,598591.50,47020.77
2421080728,100713.40,384244.41,665145.06,44712.11
2424742781,100896.68,455888.88,673824.50,46721.36
2428403422,101227.13,410430.06,656255.88,45983.28
2432065967,105697.85,464784.41,634356.50,46485.91
2435726636,103576.61,453348.19,619530.94,45694.02
2439389495,110803.40,377209.63,584614.50,45126.71
2443050249,115160.35,379165.06,547185.44,46803.02
2446712828,113739.07,386128.53,455104.88,45380.68
2450374842,119532.42,386167.72,447921.75,47037.76
2454037278,119375.45,368394.47,428435.47,48470.02
2457698697,123488.36,367431.31,426911.41,49240.43
2461361170,126521.63,372365.16,435872.31,47654.99
2465023064,128574.78,374356.44,457660.06,48175.21
2468685476,129675.52,392443.75,483257.06,49240.43
2472347325,131949.13,391406.63,480066.47,50174.42
2476007470,128466.09,386588.69,495679.66,50776.31
2479671465,132365.61,385524.78,477187.19,50119.90
2483330518,129306.72,373502.34,481869.66,49548.70
2486992480,127194.21,385806.94,489517.97,48214.51
2490654926,132587.02,400050.69,496371.00,49264.98
2494316713,126383.79,388477.22,511060.50,49484.73
2497979417,126554.91,382196.34,524320.44,50666.08
2501641208,124882.02,412606.06,539450.56,48295.35
2505303634,122380.29,387790.94,543231.63,47595.51
2508965388,123227.66,384936.47,572369.38,50111.40
2512627318,127079.50,391359.66,580001.19,49253.30
2516288580,128739.30,386816.94,538667.88,48154.91
2519951916,128631.78,386311.72,534732.50,51886.61
2523612360,129168.17,381813.38,527531.19,49382.29
2527271341,128267.34,376353.66,532797.50,51135.79
2530933182,132259.98,383731.84,528236.50,49888.23
2534595659,128348.89,378168.06,524137.16,51111.13
2538257558,133376.55,377447.69,515989.00,48861.95
2541919905,136697.08,393329.38,515223.31,51466.59
2545581752,134128.44,375657.22,502651.41,48527.61
2549244262,135661.47,374954.22,509520.25,50916.28
2552906153,135433.83,385806.94,512077.91,50568.71
2556568594,136274.81,385683.50,516755.19,51068.29
2560230486,138687.20,388824.53,514588.25,53171.11
2563893243,137262.73,385500.47,520260.28,52418.52
2567554692,135756.48,380296.97,528475.44,52623.52
2571217284,135215.02,388766.34,530105.06,53099.24
2574879142,130987.99,380419.22,539182.56,50697.12
2578541736,132670.45,394159.25,542563.44,50397.71
2582203551,130277.41,386474.47,559146.50,51406.64
2585865734,126584.42,389547.63,563197.19,52774.81
2589527508,130092.84,384841.34,582494.75,50212.89
2593189774,130125.05,383666.59,593172.94,48827.96
2596851508,130217.93,374343.59,588123.25,49480.48
2600514130,130260.06,383230.63,620549.63,50997.71
2604175764,129158.26,368552.94,623644.31,48693.78
2607837893,128844.33,386880.56,621882.50,49115.69
2611499624,127395.08,382324.50,622267.50,47854.91
2615161847,130163.41,384572.59,591879.75,52084.88
2618823725,133817.81,372621.84,563435.44,49605.34
2622485923,132493.78,386094.78,561008.94,50054.75
2626147586,139092.47,383145.06,538804.06,52899.32
2629809681,136465.30,381139.13,529804.00,49704.59
2633471526,140241.72,378563.75,504914.16,52090.31
2637134025,137989.72,372642.00,487896.53,51770.84
2640795926,142485.00,390440.66,499494.69,51891.93
2644458371,145150.64,391140.97,496846.50,53065.84
2648120217,140959.73,376373.94,496861.84,51588.74
2651779111,139494.20,434125.91,511672.53,53717.18
2655440898,139044.67,397523.47,517647.97,52518.24
2659100921,136967.92,394108.28,533168.56,49766.55
2662762230,135776.55,394371.22,542027.94,53372.10
2666424334,132701.48,396847.09,554056.88,49411.09
2670086270,129914.39,392747.66,575143.56,50722.73
2673748583,126708.81,392923.28,580112.94,50287.60
2677410379,129373.52,388888.25,600877.38,51747.23
2681072751,131027.65,392993.13,607867.63,49622.45
2684734242,134416.63,397926.59,609682.13,49254.36
2688396694,130392.72,400161.25,466851.97,48844.96
2692058541,132046.14,389081.69,465926.34,50032.45
2695720940,133915.06,419410.56,459074.84,51799.75
2699382827,139137.80,451803.00,458691.41,49365.18
2703045518,144540.27,446494.09,464243.31,53570.96
2706707365,140425.95,370803.78,478863.97,51387.29
2710369844,139102.63,391917.41,487683.06,54441.69
2714031677,138199.55,379077.97,497403.41,51348.81
2717694294,132823.52,433037.31,492122.63,51072.65
2721355639,135970.56,392581.59,511331.94,51428.00
2725014829,133529.84,404619.72,505625.09,53123.79
2728676792,129692.76,383690.78,503906.53,51779.34
2732339499,128404.48,387077.16,511107.22,50276.98
2736001304,127660.15,386725.25,510444.31,52389.48
2739664284,125765.14,412656.69,520810.00,49271.35
2743326112,125746.73,465602.03,527144.81,50484.45
2746988630,124927.46,396951.44,534165.75,50259.87
2750650516,120758.97,395501.81,523234.56,51360.49
2754313196,116603.35,395128.53,525238.13,51587.56
2757975020,115676.68,393023.34,519780.78,49057.04
2761637224,111284.55,387592.19,518274.16,48793.86
2765299165,109761.07,400512.38,554911.81,45819.00
2768961530,105021.50,395829.91,568390.50,46452.98
2772622888,106761.07,390698.53,588529.00,47070.57
2776282084,105579.37,391250.25,632199.50,46275.84
2779943886,103104.42,395185.41,621577.31,46854.01
2783606177,107243.52,405042.22,592923.00,47593.39
2787268065,101771.66,394248.25,564973.81,45852.87
2790930464,104740.85,389433.03,479851.06,48857.70
2794592285,105702.58,392551.41,481664.41,45097.09
2798251389,106133.10,387095.81,485975.22,46475.17
2801909353,104210.95,394263.34,498702.19,45209.20
2805568705,102110.72,410168.66,514090.09,44537.68
2809230903,104806.00,399110.56,491808.22,45522.42
2812893202,105021.50,393826.47,493412.19,44720.61
2816555049,98591.56,405290.28,514391.66,44608.49
2820214041,96011.71,390438.88,506913.84,43864.98
2823883456,92548.85,396463.56,526706.25,42769.67
2827542512,95660.14,403430.00,529507.50,41424.39
2831204396,92360.38,402052.97,536746.00,41959.24
2834863458,92397.43,450304.06,537429.88,40051.26
2838525367,88342.95,425202.75,524927.63,38205.35
2842188633,86756.21,389705.41,524818.94,37837.02
2845850363,83456.80,393125.31,514297.81,36772.15
2849512546,83536.47,388239.06,531610.13,38373.53
2853174373,82446.23,447372.88,553294.50,35168.42
2856836748,76422.74,389720.53,603553.19,38555.27
2860498649,75203.63,386472.69,706236.13,35529.67
2864160985,77746.19,408177.69,683380.44,35616.88
2867822288,79621.37,459002.28,462049.94,35499.57
2871484509,78891.07,387974.56,461225.97,35004.37
2875146444,80847.45,390126.63,448738.91,31802.68
2878808969,79111.17,396687.53,457864.94,33852.17
2882470966,78753.47,382058.59,470547.66,31856.26
2886133573,81223.45,383890.13,472498.50,32693.24
2889795443,79545.84,388164.09,484990.84,34555.43
2893458197,81171.28,389861.56,494512.34,33043.40
2897120030,78607.95,391726.94,485779.66,31722.31
2900782759,81784.62,392423.00,484288.75,30591.83
2904444263,81537.38,393580.75,495555.38,32412.36
2908103132,76849.73,394753.59,505435.09,32250.32
2911764972,76960.90,398476.44,515042.28,32362.79
2915424200,77740.52,399232.47,518436.09,33477.59
2919086008,74672.78,402895.38,522545.34,33929.82
2922745050,72762.32,392981.81,513337.63,34271.61
2926406877,70936.59,398674.47,522705.47,31508.00
2930069565,71448.09,391380.31,517091.53,33204.61
2933731394,66833.61,382780.28,517733.19,32040.96
2937394795,66754.19,386242.56,540136.75,31281.40
2941055181,64116.74,391184.41,599893.31,32230.73
2944718074,69016.22,388997.19,611187.13,33108.54
2948379815,66987.98,392117.34,639992.75,32881.24
2952042208,68281.45,383841.72,587412.69,31443.09
2955703740,68839.08,389228.16,566185.25,31956.46
2959366662,68207.33,382867.72,566957.94,30140.53
2963027395,68552.41,392349.47,535175.63,29951.47
2966686480,71197.77,387828.47,547705.88,30587.70
2970348383,71017.67,449358.38,511621.44,31998.71
2974010889,71554.89,383987.13,496425.41,30898.44
2977672814,71320.15,371478.72,498910.03,32416.49
2981336720,70575.34,388276.56,498065.72,31610.08
2985000749,71862.09,384546.53,508275.75,31236.08
2988660073,73638.48,382906.78,509273.94,32329.75
2992321911,69235.50,384912.25,513049.78,33422.82
2995984548,70203.59,388467.88,521946.75,32085.34
2999646387,69541.28,388619.78,516587.13,31734.71
3003309126,69609.02,387017.34,520929.56,32497.10
3006971854,69817.44,392015.47,512998.44,33773.45
3010633894,67738.69,390448.09,521260.94,31335.93
3014296126,70432.19,382147.81,523962.84,32085.34
3017959492,66533.73,379307.50,537957.56,31449.34
3021623392,66863.47,409398.72,551096.38,32207.01
3025286546,66129.40,407247.97,572837.06,32684.98
3028948339,66451.00,431748.91,590825.38,31559.45
3032610723,65047.89,376451.38,622573.06,30407.84
3036271261,62867.41,378275.31,650716.63,31942.89
3039934209,61582.91,385018.59,651804.38,30118.93
3043594883,63809.66,430968.94,601147.25,30597.02
3047253964,65030.31,430797.47,562487.56,31786.16
3050915828,63649.51,421890.13,533393.13,30510.63
3054578006,65532.82,417240.59,508083.03,30791.39
3058239895,67415.08,422215.03,517888.03,32787.18
3061902859,65767.21,411550.16,491938.28,30227.86
3065564687,69290.84,375885.59,507812.66,31281.40
3069227422,69642.19,371985.84,502154.44,32136.79
3072888538,69063.78,369357.13,478849.13,31458.55
3076548552,71232.23,428632.09,481324.53,31881.05
3080209260,69502.57,428568.72,511125.03,32326.68
3083869049,69706.50,430357.03,516934.44,32276.17
3087530476,69726.45,425283.69,512552.47,32373.18
3091193309,69795.25,382188.78,516963.59,31497.61
3094855201,68616.62,382229.72,523150.75,31873.97
3098517888,68084.59,380595.44,524336.38,30860.32
3102180164,65348.01,377141.19,531763.44,30323.46
3105842477,64405.29,418647.84,550287.75,31066.26
3109503973,61834.05,422471.13,580889.94,30717.28
3113166119,59392.75,426923.19,628844.25,33042.45
3116828034,60622.96,416125.09,657442.19,31498.79
3120541281,62612.37,414177.47,656957.38,31239.15
3124204521,62720.71,354455.09,456376.16,31738.84
3127867162,70986.52,361424.94,460324.06,34200.09
3131527799,71656.03,361756.81,440330.78,32391.71
3135191083,68677.39,359719.38,437037.63,32306.03
3138852911,66594.39,355637.75,445288.91,33712.55
3142515168,66543.64,340847.94,458119.63,33750.79
3146177127,63284.60,317466.38,458654.13,35571.21
3149839166,63135.66,346171.69,472834.47,36066.76
3153501832,61517.41,361538.47,472249.34,37687.85
3157222569,61038.26,358944.47,483906.75,35461.10
3160943205,59115.64,368582.09,491940.53,35602.25
3164655943,58304.39,368212.25,496423.28,36586.86
3168369253,54793.97,372603.41,500081.94,34597.92
3172032988,52830.63,372680.50,512320.69,35175.73
3175691840,54041.14,378094.06,521028.69,34936.98
3179353802,50881.11,376114.09,507232.47,36176.99
3183074428,53083.07,358901.38,504633.97,35329.27
3186734616,48834.34,367253.00,513297.50,35376.95
3190393650,47172.54,363836.63,523062.59,35597.17
3194055492,47116.24,369541.47,521623.97,35135.25
3197718040,45122.46,359726.56,552927.69,32635.41
3201380007,44624.31,362323.53,623071.31,34790.76
3205043072,43694.10,360812.09,645203.81,34384.55
3208707006,42849.68,351221.78,632056.69,33448.67
3212420202,43161.48,353705.91,584183.69,34772.11
3216084000,45612.59,357829.78,538654.19,33136.39
3219746138,45074.90,355755.63,535490.38,33087.89
3223408051,45352.00,356731.06,528448.06,33072.31
3227128343,45902.67,356140.25,525160.94,33809.68
3230792342,47035.52,354385.47,496248.75,32589.98
3234454829,46874.19,356267.38,501530.38,33380.34
3238116708,46767.03,365986.56,498883.72,34248.71
3241780532,47115.30,361571.06,504603.19,34386.55
3245440957,45523.60,362605.34,507143.97,36079.27
3249100009,46402.00,370865.97,528550.63,33627.58
3252762075,44902.48,362482.50,520566.66,34771.05
3256424944,44452.12,372797.78,522134.16,33697.92
3260140691,46296.02,367633.38,526901.56,36175.93
3263803697,46460.42,372473.38,526447.44,35477.74
3267466650,44865.42,376890.28,531178.19,34589.66
3271127409,47186.46,375714.34,544441.75,36745.01
3274786570,46336.27,373417.84,532090.31,34885.18
3278449309,43247.88,374911.84,543066.75,33612.13
3282111432,44176.43,377902.03,530963.38,35823.65
3285773256,43685.60,375587.25,542032.56,36361.10
3289435813,44000.00,372427.56,541251.88,34510.82
3293097820,43449.33,376093.66,534558.19,34508.82
3296760382,42556.88,374637.69,537936.88,33574.83
3300423202,44312.63,370375.97,551821.25,35474.67
3304085200,44011.68,375487.75,534064.75,35117.55
3307746380,43851.30,380052.31,542243.56,33835.53
3311406314,41151.30,335136.50,538824.88,35739.38
3315068103,43764.79,381603.41,532417.56,34655.98
3318730600,44195.43,381150.34,529881.50,34273.61
3322392460,44761.80,376901.25,534808.13,34405.20
3326054884,45309.75,398680.16,535667.31,35636.71
3329716750,43951.49,381120.50,550997.75,34805.28
3333375761,45303.38,390060.75,546646.69,34877.98
3337037676,44781.86,397768.69,552880.69,35051.23
3340697910,45056.84,404779.03,543071.50,35921.25
3344359218,44455.31,399794.94,562744.81,35304.37
3348021768,44066.56,402922.16,565520.69,34474.71
3351683900,43371.20,402403.13,564821.00,35464.17
3355346665,45547.91,395721.81,563533.06,33685.53
3359008564,43332.26,395517.06,560792.69,36195.76
3362667658,43470.45,390470.88,550119.13,34160.79
3366329481,41890.91,393132.88,559182.00,35158.03
3369992513,41998.19,392783.41,582839.25,32841.95
3373654257,40337.21,396002.47,625487.38,32993.83
3377317018,39317.31,385937.72,685778.25,33467.20
3380978283,41690.16,394757.38,666791.25,32797.45
3384640415,40845.87,395069.88,665864.81,33890.53
3388301872,41096.77,393801.91,651309.44,32292.69
3391971853,43154.17,344632.63,594954.31,34133.76
3395633696,42572.70,392343.69,566682.69,32272.04
3399296365,43708.73,395009.22,582985.81,32082.15
3402958210,44881.23,396211.09,556875.13,32147.18
3406620546,45909.16,392041.91,549505.63,33309.05
3410282814,45751.25,390749.41,512147.06,31074.40
3413945238,46798.77,398663.16,545411.88,32474.32
3417607004,45235.64,403796.19,537413.75,33998.16
3421266255,46422.18,403917.16,578410.88,32585.85
3424928091,47382.96,397261.09,559774.69,34859.21
3428587303,45005.03,407290.22,576412.19,33627.58
3432263692,44106.80,417729.66,571247.00,32304.02
3435923997,46449.80,418334.63,582685.25,34072.75
3439585372,44304.13,416248.06,587503.75,33359.68
3443244712,47416.95,411270.94,575697.69,34508.82
3446906534,44294.69,396222.56,567939.94,31746.04
3450565815,43225.80,405826.69,566369.38,33013.42
3454227614,40770.34,413074.47,578989.31,30830.46
3457890039,39642.68,404178.09,671861.63,32606.50
3461551459,41302.48,399135.47,678503.50,32503.23
3465213919,41200.63,400384.44,696202.00,30540.37
3468875709,43466.21,393382.34,669139.13,29948.40
3472537912,45451.61,394795.13,657144.75,30959.21
3476199405,44678.24,392023.16,636707.25,31992.46
3479861941,44014.87,392268.28,612294.00,30797.53
3483523788,44379.19,397951.28,605327.88,29624.91
3487186246,46036.27,395951.25,590558.88,30863.38
3490848184,46807.27,391434.97,577777.25,31411.10
3494568873,46505.97,399219.38,566570.25,30383.17
3498232557,48433.90,350231.50,574713.19,30658.74
3501895817,48435.91,356496.56,543963.19,31042.54
3505557634,48241.18,349814.66,548287.50,29663.98
3509220230,52061.28,404832.84,554977.88,30047.06
3512882082,49210.57,404508.31,556312.88,31923.42
3516544893,50226.82,411979.03,562304.38,32168.89
3520206866,51404.39,408590.88,567865.56,34026.01
3523869117,50828.71,414292.28,570373.81,31278.21
3527530937,49756.88,406063.41,570193.63,31551.19
3531190013,48499.88,407560.22,563976.44,32609.57
3534851846,47333.04,410428.06,566414.81,32015.12
3538510644,45964.28,400982.31,600834.88,30937.50
3542172454,45048.34,394611.63,635034.00,31096.00
3545834466,45804.25,403608.44,671812.44,31301.94
3549496466,46347.95,395120.97,673810.94,30639.15
3553158464,48401.92,391704.50,680256.44,31517.20
3556820249,47990.04,397610.91,667821.81,30257.72
3560482459,50099.71,395924.56,651346.69,30090.14
3564144264,50080.48,394439.44,631218.06,30684.35
3567806867,51546.96,396567.88,604885.69,30872.71
3571468633,53835.67,388158.31,578214.25,31346.31
3575130940,53616.16,394407.22,577342.94,31693.52
3578793089,52267.22,390852.91,577214.44,31311.26
3582455643,53508.64,399735.94,588231.31,30593.83
3586117386,54532.21,405198.00,584098.13,30761.54
3589779676,55253.41,395833.56,584971.94,29624.91
3593441635,54873.75,404049.47,559110.94,32602.37
3597104215,56832.83,402326.53,547243.75,29722.51
3600766797,57051.52,404441.03,556400.31,31050.80
3604429181,56575.44,405584.38,574089.69,31985.26
3608090619,55010.77,418434.47,566498.63,31990.45
3611753443,56063.01,406157.72,568774.44,32173.97
3615415294,55233.94,405976.78,567300.19,30523.97
3619078248,55756.28,404206.91,583208.06,30449.97
3622740092,54005.61,400674.63,591971.06,31610.08
3626402381,53894.80,410279.00,626420.63,32293.63
3630063175,53285.12,411119.88,661827.31,31703.79
3633722104,50507.82,410044.84,701617.88,30438.64
3637383835,51818.99,411346.59,709894.69,30557.84
3641045860,54817.69,404640.72,696597.94,29961.73
3644707364,54864.07,400879.03,671441.75,29903.20
3648369391,57882.48,400090.69,637054.81,30602.10
3652031400,61298.02,398297.53,627724.63,29708.12
3655751694,61343.80,397544.34,618664.31,31833.72
3659415374,60317.88,356027.56,594775.75,30043.87
3663077984,63118.07,340187.28,590068.19,31935.81
3666740161,61991.36,402416.56,578726.81,30627.82
3670402310,64537.00,404859.75,568040.38,30875.78
3674064933,66808.23,406223.09,589577.69,32171.96
3677777328,64725.94,397394.22,566503.31,31602.76
3681441753,64789.67,399884.63,542774.44,31082.66
3685103971,67915.48,353385.16,561215.56,33792.22
3688765967,67865.79,402093.09,568776.81,31151.58
3692486309,67949.70,363431.38,569564.00,33412.44
3696150166,67419.56,351882.91,585234.19,32597.18
3699870739,65818.90,410079.66,585670.38,33373.26
3703532059,64593.05,399966.66,592107.00,32797.45
3707194554,66776.26,403765.50,600664.81,32568.26
3710855860,62956.04,400760.69,624192.25,29896.00
3714518122,66011.62,399836.94,657983.63,32225.66
3718179829,63768.94,406762.31,726562.25,30749.26
3721842342,62387.08,411781.13,728601.13,31919.29
3725506312,64521.65,405388.25,704385.88,30496.12
3729169229,62624.41,399000.22,682070.81,30062.52
3732833342,65022.64,402632.78,666975.63,30785.14
3736495700,67091.84,391802.47,657088.63,30189.86
3740157552,71350.13,388529.72,633130.38,32391.71
3743819740,73427.47,383558.50,598928.06,32001.78
3747481502,76134.31,380649.25,548415.88,31749.10
3751143686,78142.49,386674.72,556440.31,31474.01
3754805438,78140.25,379563.13,552243.88,33014.48
3758468260,80248.74,378637.75,554245.13,31541.98
3762129525,81009.37,379070.53,546208.50,32093.60
3765792149,83198.70,383234.41,554862.19,32167.83
3769453933,83148.55,382430.47,559487.88,33134.39
3773116398,84781.66,382404.50,560019.13,33007.17
3776778084,85048.74,391384.09,566297.63,33500.36
3780440579,83133.79,387599.63,566644.44,34897.68
3784102552,85445.87,393008.25,570337.81,32772.67
3787765697,86945.16,387477.97,574841.38,33891.47
3791426330,81622.34,389626.47,588600.25,34592.73
3795088988,82418.96,395221.41,603465.50,33854.30
3798751751,81625.77,399084.00,647112.25,31592.50
3802413228,81549.88,399104.91,730028.44,31124.91
3806073895,81166.80,391568.66,705398.44,30961.22
3809736258,77636.91,389395.38,694241.94,31138.25
3813397536,77555.83,384716.34,685672.81,30348.12
3817059573,81187.22,373230.69,661598.25,30552.76
3820719961,84632.26,384382.38,656336.13,31534.79
3824382408,87263.69,376702.16,627352.63,30873.77
3828044378,91523.63,372266.13,587022.38,32591.98
3831706488,95071.59,368081.25,564398.69,31864.53
3835368219,94084.38,338092.38,536504.31,30890.18
3839080902,96412.50,357967.88,535451.25,31054.81
3842744303,98387.87,376351.88,538991.00,33713.50
3846407316,101648.09,378985.56,524966.13,33363.82
3850069152,102289.75,379250.03,531290.19,31497.61
3853731378,104408.52,385956.47,530600.38,32526.01
3857392816,104611.98,381384.13,549468.25,32977.31
3861055416,104082.20,377124.53,546875.19,34386.55
3864717536,104283.06,382408.19,546653.63,32411.30
3868380051,105860.24,389496.75,561220.25,31946.07
3872041819,105991.95,387303.75,551023.69,34136.83
3875704104,107339.83,387219.50,560213.50,33466.25
3879365951,103679.29,349022.88,582983.25,31863.58
3883028156,102855.53,344147.47,604095.13,32994.78
3886689943,105231.09,383521.19,607005.88,32379.32
3890351950,104457.02,385347.28,677004.00,32205.00
3894013639,97588.42,392613.59,713483.00,32351.46
3897675643,97723.91,388332.75,711133.75,31969.80
3901336029,96602.51,393913.44,689546.63,32251.38
3904998810,100340.11,396778.66,673485.69,31522.39
3908659561,102077.80,392700.34,648251.00,33303.86
3912322036,109059.34,386863.69,602408.19,32727.23
3915983862,107950.09,386628.00,577224.13,32006.97
3919646426,111807.13,381393.47,560754.69,36500.48
3923308111,110512.72,332799.88,551427.06,32319.48
3926970312,112412.68,388488.41,547773.63,32985.57
3930631724,117024.20,395835.59,535934.00,34384.55
3934294260,117541.12,401903.66,538801.88,33911.18
3937956183,121861.37,399449.84,542987.94,34771.05
3941676810,120324.20,354956.91,542955.31,32181.17
3945340649,120491.07,354742.47,544951.13,33854.30
3949003275,123525.06,358344.69,552361.44,35334.46
3952665247,122970.85,354437.38,542742.06,36073.14
3956327953,122715.11,359508.94,549704.63,34698.59
3959989787,122998.82,359025.31,542649.06,36498.35
3963652103,122435.29,365053.88,536605.69,34574.20
3967314042,115121.77,350314.81,544832.63,32735.49
3970977204,111775.86,410178.31,579424.44,34810.59
3974637820,115103.59,349697.81,617063.75,30885.10
3978300342,112475.11,354960.44,671954.19,33192.22
3981962246,117243.36,410069.88,642091.56,34334.74
3985674924,115545.09,364278.50,683471.56,38551.02
3989339278,117070.23,416191.53,713901.38,32272.98
3993002984,117250.55,420401.81,682847.00,32356.66
3996672997,117980.97,418465.84,638698.00,34933.92
4000335328,121668.41,415096.94,591449.81,34426.91
4003997128,123707.52,372324.91,570318.56,35866.25
4007659524,127715.62,418152.41,578821.50,34448.63
4011321382,130120.09,412930.59,557198.81,35130.06
4014983829,131382.64,388090.94,557298.06,34808.46
4018645749,135267.53,373408.66,566618.13,35447.64
4022308475,134678.98,427520.13,547645.13,35573.21
4025970620,134730.08,447107.69,550643.94,35124.75
4029633409,135980.59,441028.13,548546.88,36889.70
4033295277,141751.05,451681.91,554426.38,36485.96
4036957878,139901.25,443801.53,560303.75,35065.63
4040619886,134491.69,380005.94,562306.88,37971.56
4044282558,135074.94,438239.03,547054.69,34833.25
4047944890,132845.94,378857.88,553913.00,35372.82
4051607111,130054.48,387198.84,559430.88,35676.13
4055269079,123268.02,437355.44,578500.81,35046.98
4058931389,125899.21,448849.13,620718.63,35326.21
4062592949,117993.24,381263.53,738064.19,33519.01
4066255442,114910.75,376687.28,781899.56,34613.50
4069917046,113357.88,452934.91,755472.00,34226.99
4073579100,109923.58,453195.94,729596.25,35707.28
4077243056,113734.23,435384.69,716735.44,34195.95
4080905648,121537.88,437313.06,681254.13,35132.07
4084566553,125781.20,364673.25,664661.06,34491.23
4088229135,124861.13,422536.03,648205.81,37683.72
4091891097,129173.13,364981.41,598003.63,35013.81
4095553350,132862.22,365599.81,583721.44,36078.21
4099214860,138158.02,398527.91,583912.13,37885.05
4102876848,148915.05,423431.06,596593.19,40371.79
4106539088,138152.94,385448.19,568054.88,40139.18
4110201267,149848.20,430022.44,571449.06,40066.84
4113863084,146447.30,432467.75,571991.00,37604.41
4117521963,146916.78,378776.53,562930.44,39116.45
4121183881,149736.67,439125.81,552690.25,38843.59
4124846529,149513.52,385605.13,567511.06,41157.55
4128508494,147855.61,437580.63,561733.63,38551.02
4132171132,150693.09,436127.25,554332.19,39304.68
4135832984,146090.30,443415.97,594408.94,41420.14
4139495271,145925.91,382962.50,610407.63,35750.83
4143157200,137793.69,375311.09,649399.19,36391.19
4146819375,129708.92,370174.97,714064.81,34901.82
4150486346,123947.68,449256.06,783416.81,35965.98
4154146851,120174.55,447789.09,770322.81,34408.39
4157807081,118569.16,432212.13,745383.88,34819.79
4161469261,122976.87,430157.81,738845.69,35711.41
4165130743,125004.88,425663.59,714495.13,35205.71
4168793123,131630.95,428669.97,688900.81,38087.45
4172462439,134283.16,413537.22,664058.31,36164.60
4176123906,135427.56,402945.06,645658.06,37753.58
4179785664,139973.11,355432.16,638666.56,39574.71
4183448003,142647.16,363066.22,591225.06,37741.07
4187108826,142894.28,363632.22,584746.75,38976.36
4190829254,152430.06,388040.19,577389.13,39280.73
4194542383,148533.50,424896.25,574945.19,38263.89
4198205774,153076.09,369437.50,569299.94,39814.40
4201864880,157398.94,290436.19,581531.06,41248.90
4205526901,163089.50,424862.63,561579.19,41080.96
4209189035,155969.52,448076.94,565974.81,41724.86
4212851075,158033.64,444217.78,553654.31,40917.27
4216513816,162341.63,378402.78,589385.69,41232.14
4220175526,158339.55,369001.41,580807.13,39573.76
4223837782,154088.44,414942.91,608546.00,41174.31
4227499608,148671.81,370185.97,651830.94,39825.02
4231161874,144096.88,364638.91,715333.13,38462.28
4234822583,139369.45,441760.31,769008.06,35874.51
4238484842,134972.48,437488.22,801508.25,34361.65
4242146299,130102.75,434099.94,762466.88,36891.82
4245815191,126431.82,428330.19,757698.00,36333.95
4249476798,131674.50,439636.13,743589.56,36160.35
4253138905,136584.38,424483.19,718382.25,37991.51
4256803045,147532.23,430122.16,683079.19,38923.02
4260465878,144746.08,421671.78,664466.31,40655.98
4264127348,149281.48,366976.59,617331.69,42615.77
4267789765,150190.92,356800.81,583208.06,38925.14
4271450454,156690.95,358623.00,570835.50,40075.22
4275113107,159453.86,359413.59,560669.25,42869.63
4278774795,162272.11,359417.25,558069.13,41234.27
4282437070,169015.84,370213.34,576092.31,41907.79
4286098926,168311.88,370313.88,561434.25,41591.38
4289761451,170197.44,359363.19,554111.06,42754.80
4293432651,176296.56,445555.50,560194.50,43013.96
2137594,174207.78,451757.91,559860.13,42204.25
5799415,171349.64,448473.25,580541.44,44074.00
9462026,169575.72,438654.00,567075.25,41574.63
13123492,172014.55,439603.78,593197.75,42616.84
16786070,170063.25,431976.34,633260.31,42650.59
20447616,154973.11,361581.78,664306.88,39494.22
24109791,156707.72,440249.94,733083.63,40038.63
27771552,149786.72,453002.75,818463.06,37683.72
31433378,142514.14,439339.56,797359.94,36305.98
35094841,142322.95,438853.56,774002.13,39620.73
38756884,139163.05,426754.78,760268.31,37957.04
42420634,146165.48,432983.38,731750.88,38825.89
46083227,153500.72,432853.44,710091.56,41575.69
49747651,156226.20,432817.44,691236.25,41668.09
53410734,160774.23,426903.50,674021.44,42831.63
57071321,159661.33,413576.16,627251.81,41533.55
60733407,163974.98,435826.06,608389.50,41995.12
64395236,167188.23,434212.06,575656.50,41908.85
68057969,176187.75,433171.38,584986.69,46402.00
71719603,172633.44,437856.53,588723.50,44123.68
75382450,176878.52,429536.94,596583.19,44778.79
79043763,177969.94,457364.19,557317.00,44410.93
82706395,189826.30,449125.19,568918.31,46125.37
86368462,188991.20,457838.16,572451.38,44598.93
90081487,183681.84,454276.50,587385.88,46100.94
93744875,181164.06,370728.72,592512.44,44657.12
97404043,179258.92,455358.63,598609.06,44991.22
101066031,178366.00,389722.28,623043.00,44167.94
104728230,170435.36,414771.44,666872.56,41677.54
108390034,168515.92,454463.81,746184.00,42888.63
112052110,159506.03,457784.22,820693.94,41533.55
115712659,153291.59,456522.97,839670.31,39764.24
119374811,147798.13,449409.50,808628.56,40706.38
123036067,146272.64,447895.22,796811.25,43687.61
126698573,148043.61,447511.53,783631.13,41367.63
130362514,153299.38,454148.81,749730.19,41252.09
134025014,159329.94,441760.31,739557.38,41758.50
137687742,162027.11,442945.34,709124.50,44084.50
141348575,161386.52,442848.09,706338.50,46754.28
145009047,164674.83,447503.38,656892.94,42167.54
148667976,167753.06,440298.31,649871.63,44666.68
152329340,168832.69,440712.69,643797.75,45001.84
155991911,176610.97,447580.94,633091.31,46294.96
159653816,178703.06,367738.88,621057.00,45966.28
163316658,182362.53,444867.94,612479.06,46789.33
166978254,181467.61,447470.69,600322.69,46998.34
170640680,182763.08,458625.09,604172.75,48565.85
174302680,183200.45,460748.00,608538.44,47528.48
177964814,189246.72,469104.06,609366.44,48760.81
181626693,187647.70,455992.25,635425.38,44966.91
185289205,186964.73,389068.47,657182.31,47310.73
188950949,181348.30,457747.03,691054.88,45069.47
192613373,175413.56,462297.78,725207.50,45599.84
196275030,168074.78,465365.66,801885.31,41093.59
199938198,161041.08,470910.09,883609.06,42373.84
203602443,160984.78,454505.13,852864.25,44327.50
207264260,152334.83,453440.72,818970.31,44324.31
210927959,158405.88,455952.94,813163.13,46071.20
214590454,156854.53,459093.63,794651.31,42646.34
218251182,157959.53,462558.13,741467.44,43854.48
221913224,167888.08,449331.72,737560.06,44799.92
225574585,167824.58,380499.00,718321.69,48157.15
229236831,169481.42,383847.28,705398.44,47729.46
232898145,177109.83,382757.84,676792.88,47782.68
236560245,177072.17,352160.25,650047.00,46337.33
240222088,183636.88,342699.03,637462.69,50813.60
243884354,183502.34,346635.50,647233.94,47830.48
247546406,187446.48,359580.81,609404.31,47642.24
251208632,192011.63,352854.44,635023.50,48906.80
254870777,191103.13,351717.56,636958.06,49512.46
258532939,192159.27,452445.72,632173.50,49747.32
262194805,199691.47,459255.31,628443.31,49972.61
265857260,193282.19,361993.22,637896.75,48586.14
269519120,198121.25,359109.81,663086.38,49582.92
273181975,195714.77,367331.34,688491.81,51588.74
276842973,186038.17,368660.47,709769.00,48833.27
280505431,179937.05,446754.94,822103.19,51118.68
284167260,168088.11,453584.69,847654.63,43888.23
287829268,164026.20,445797.69,873754.69,44147.87
291490609,159324.75,443543.78,854361.06,44815.61
295153394,157336.52,433305.34,844073.75,47830.48
298817071,161020.19,430066.34,808456.06,44394.06
302479680,166734.94,430673.91,788137.25,45605.15
306143536,169666.00,343776.66,759621.25,47516.79
309805589,175201.72,413712.34,751932.50,48345.51
313466204,174172.97,424530.63,724830.00,48988.82
317124958,176436.30,434146.09,746419.38,47778.44
320786872,185864.81,337296.94,706071.38,54394.24
324448945,184458.88,345060.22,680815.69,51990.47
328110980,193294.58,424279.72,665956.88,52154.63
331773118,190138.45,441883.75,672707.38,51214.98
335434928,197272.94,435354.47,651189.75,53856.09
339097305,200893.00,443823.84,642241.56,53396.88
342759201,200624.16,447203.50,629268.75,56448.80
346421833,201024.70,452902.09,633346.25,56328.90
350083547,204621.17,452285.56,643118.19,55100.11
353745960,197318.86,440631.84,688252.56,51415.14
357407774,201475.89,396123.91,725643.38,55932.36
361070271,196134.08,357867.31,738164.38,53528.00
364732145,189517.20,448818.56,781097.19,51665.80
368394426,180960.95,344842.00,824593.56,50034.45
372055032,173417.42,441183.81,873439.25,46026.71
375717563,171500.11,440860.19,854287.06,47437.13
379378838,163114.41,431730.88,839676.88,46894.37
383041346,162063.69,435340.53,802167.63,47379.77
386704498,166619.98,424222.50,804015.06,50387.09
390366639,178916.19,428357.94,772145.06,50756.95
394027118,182377.52,429803.53,763926.94,51448.42
397689493,181997.50,415982.66,739539.75,48621.32
401351317,187290.45,334727.47,738580.31,53285.12
405013274,188082.00,334422.63,721416.38,52528.98
408675078,192317.88,332468.25,696696.25,53361.36
412337231,193506.08,335068.88,688099.50,55081.81
415999044,198351.27,336874.31,653741.63,57087.28
419661756,206704.77,431319.81,647662.81,55632.13
423322499,207916.33,437154.09,637253.44,56048.96
426981547,207240.91,437947.06,643961.31,57127.29
430643369,203666.53,439355.72,658917.25,53263.52
434306008,206614.23,445522.81,675923.69,55459.47
437967854,206445.95,439240.78,683994.38,54569.86
441630029,211955.34,444642.41,705685.13,56646.84
445292468,205412.23,352302.56,749604.75,57219.34
448954884,198945.59,445036.72,774088.13,55408.72
452615598,192591.31,345025.03,804431.50,52697.51
456278010,188387.67,444741.91,834081.38,51504.12
459942362,180843.30,440926.88,868065.25,48142.16
463604913,176402.67,440924.88,834422.88,48456.21
467265095,175359.86,439969.28,814763.38,45300.19
470927262,180761.86,441932.38,799191.31,47446.69
474589100,187045.58,427347.72,779726.06,48984.57
478250799,188217.72,430072.25,747077.44,51779.34
481911149,195480.27,426400.03,751234.69,52109.55
485573491,195344.31,334495.19,723451.81,54128.35
489234955,196309.22,284495.22,734938.50,49290.59
492897489,198779.44,295874.19,724275.56,53041.18
496559210,203967.70,324038.28,713027.56,54328.51
500221361,212513.33,342250.22,655461.38,55368.71
503883136,211504.75,308220.09,643175.88,54461.04
507546137,212287.92,361580.03,645832.38,57125.16
511206638,211586.06,370734.16,639733.25,55378.51
514869432,214230.59,370246.16,657667.38,57260.53
518531276,213426.42,372462.28,656737.63,57207.42
522193742,211832.72,380083.72,649699.19,61922.56
525855639,208134.66,387556.69,677899.19,57276.70
529518045,203883.33,371562.97,719215.44,59480.90
533180033,201537.61,380714.16,747852.44,59572.25
536842645,188893.72,303854.75,777900.19,54274.69
540504323,181422.88,374507.28,824973.94,57356.83
544166350,171461.52,370260.91,859737.31,52680.28
547829919,161607.80,359998.34,858596.13,54200.46
551492048,161789.89,351715.78,830376.31,56851.36
555153374,164834.27,354831.91,811569.00,49547.63
558815345,176947.08,357444.13,787051.50,55839.48
562476683,184751.80,358430.84,767936.38,53433.35
566138540,185986.25,298826.28,772927.31,58266.39
569799163,181993.50,288606.34,749198.31,57327.68
573463029,189323.55,289756.66,742812.38,55609.47
577126996,190370.83,360082.75,743877.50,58748.37
580789099,197512.41,360649.94,739294.56,60236.09
584450839,204934.14,369355.34,754272.44,57676.54
588112972,203282.61,375136.31,738931.38,60509.54
591774770,207335.67,365110.16,748144.75,62358.63
595437235,209873.52,371742.38,738447.63,59812.65
599099140,213942.88,376866.31,704060.00,62854.31
602761448,215741.81,379405.69,709395.38,64248.45
606422930,219826.63,389731.72,715192.38,59877.91
610085276,217963.59,383199.00,724455.44,62112.69
613747223,218558.88,377436.47,755568.25,60698.13
617409537,212524.78,386003.22,775167.38,61809.03
621071347,212908.92,388456.56,768809.44,61870.16
624733404,198539.50,385765.75,814210.19,58934.13
628394387,193119.09,400741.56,840229.00,54762.70
632056458,181836.30,392577.72,861739.50,57077.48
635717812,189584.48,386831.94,851748.19,50470.41
639379501,183993.41,380940.50,816218.25,53276.50
643040777,191444.91,390538.63,797760.75,55274.89
646702433,193073.42,373331.59,783078.56,53857.15
650362991,199093.59,375406.81,755465.94,56171.11
654025525,203378.20,303497.88,751231.63,60681.73
657686799,209610.58,292935.69,742439.13,56701.95
661349169,211325.25,381902.47,733532.38,58362.93
665010507,219294.95,391041.13,737371.31,61234.64
668724345,221574.92,389998.69,713502.94,63354.70
672387822,224600.06,379357.53,717270.50,62495.42
676049583,224723.98,401972.47,689518.75,66524.88
679711405,227077.13,400422.66,679012.31,66498.45
683374097,229252.89,407240.16,685900.25,64761.11
687034772,231038.97,413889.38,679452.50,69702.13
690693942,235252.06,414791.03,684392.94,66781.80
694355902,234441.75,417892.16,674166.38,65077.52
698018718,227849.91,413156.13,720378.88,63284.60
701680363,233447.69,341775.56,758352.69,62676.93
705393047,228361.16,359108.03,765258.31,67449.42
709105726,223169.92,331543.34,817120.50,62486.68
712769446,210179.30,418238.53,820823.31,58427.01
716431528,201935.80,414241.78,864567.31,57352.46
720092808,201519.31,416261.66,861695.38,56717.18
723812996,201812.36,399198.38,850412.81,55936.61
727476017,204346.42,403932.50,818375.75,52216.83
731137908,202034.00,396803.31,798733.19,57201.99
734802273,214635.98,405743.94,782395.94,56354.86
738464177,221666.27,395456.38,763070.63,56831.77
742124705,226743.72,389038.50,757134.13,63781.10
745787238,230121.03,398981.09,739418.56,63492.78
749448912,236569.72,409847.41,727415.06,60994.71
753111239,238533.77,399604.22,732972.25,59217.73
756771982,241415.16,397633.56,726248.06,65273.30
760434620,247350.23,421205.50,713477.19,68320.16
764096565,247924.98,411732.63,718549.38,69625.55
767759345,245854.13,422892.78,702924.38,66567.95
771421749,259088.81,414880.50,681789.38,68557.84
775083932,253057.67,422869.06,674431.69,66860.05
778744549,251982.89,431948.50,683598.94,68722.83
782407364,255790.00,434210.16,723820.25,66814.84
786069301,253321.55,406937.56,758790.25,68830.23
789731378,247884.14,381961.94,775893.56,65662.64
793392770,244883.44,384483.03,798445.69,68634.32
797055761,240856.94,436613.47,841622.44,66808.23
800716184,230812.25,438428.34,853840.50,62207.81
804378886,221576.34,419377.19,883799.75,58577.95
808039191,225760.64,418796.78,874056.81,61669.18
811701660,220300.81,424040.88,833161.75,57225.83
815362065,228982.86,406357.88,814155.69,58514.93
819024370,238699.22,416271.56,812697.69,63174.02
822684949,244710.42,408915.44,793595.19,59810.41
826347419,255198.86,318273.72,781304.63,60604.43
830008151,255701.14,327098.81,771936.81,63144.39
833721272,260356.56,329604.44,770258.56,67026.69
837384592,258702.31,338857.34,768617.00,65637.39
841046987,268193.13,329370.66,766655.63,65746.20
844708689,269595.19,427575.84,757845.75,69912.80
848370808,272473.38,430267.44,745755.63,70760.98
852032680,271258.03,429270.31,737250.81,70600.95
855695409,281014.75,432076.31,722591.31,69525.82
859357239,276453.28,437564.69,697558.94,72103.67
863019567,273739.81,441788.75,706795.88,74480.30
866681066,277942.06,441831.25,728513.81,71268.93
870343173,277620.00,445276.66,783304.94,73503.35
874005029,274647.25,355730.75,806981.75,71308.94
877667303,271899.13,356469.66,813950.00,69184.52
881329679,266610.16,355080.22,841463.56,68666.41
884987529,259797.86,371493.34,849062.56,66491.95
888648835,252636.70,441064.38,870724.63,65831.05
892310886,249793.55,440334.78,899024.06,60667.57
895971382,250092.61,435996.72,874039.50,62257.02
899633558,249506.77,426031.69,850319.31,59517.84
903294849,259164.34,422187.41,827889.81,62178.30
906956878,273137.81,423425.16,811966.25,58628.94
910620824,273766.72,418536.31,792713.13,63708.75
914283217,282682.22,338798.00,790090.56,67477.98
917943824,284299.53,413420.50,774484.44,65481.13
921606302,286929.78,425891.25,772123.75,69987.15
925268084,287164.88,426362.50,784038.19,69765.27
928930375,289735.63,450662.72,790087.38,71577.08
932591627,294530.31,437751.75,766945.25,72112.52
936254042,285532.22,433821.53,780369.50,71200.01
939915501,299321.81,429487.13,794095.00,71343.40
943578614,291937.00,451583.38,779077.06,74424.48
947239302,298554.13,441278.81,775936.88,78910.20
950901627,304049.81,450992.69,800535.81,73175.15
954563445,303311.28,446822.19,805322.19,75416.41
958226204,294154.09,461101.22,821925.00,73007.80
961887718,294857.94,362796.91,840599.31,75191.23
965549783,292303.81,360392.41,853105.63,72984.31
969211202,291458.56,357404.69,870837.31,72398.83
972873754,287227.66,457976.81,882275.69,67928.70
976534483,285135.56,465472.22,937378.63,67642.62
980196602,285034.31,435468.94,901673.81,63156.43
983857347,285186.91,441541.75,897591.25,62965.95
987519458,292102.59,431202.25,853951.19,65948.72
991180108,292307.13,427294.13,851791.81,67500.17
994842809,299379.19,438641.94,835906.38,66734.36
998503119,304178.81,428914.38,823654.44,69481.45
1002165388,308361.47,430956.91,814023.94,71098.75
1005827183,307760.88,432637.59,807377.38,70598.83
1009489307,310241.72,438192.66,796004.75,68954.14
1013150034,311739.13,435791.94,801698.38,72385.49
1016812896,321066.50,459178.47,806009.88,73919.01
1020474893,315136.13,441948.69,815017.44,77139.70
1024137129,319298.59,444091.88,794349.44,75650.80
1027797943,320252.28,451657.25,803779.94,75239.50
1031460085,319622.09,434522.56,793510.44,78068.14
1035121939,326456.94,450068.50,774798.13,76032.11
1038784237,321835.72,460720.84,808296.38,77387.18
1042446109,330774.72,470328.63,825224.38,80784.07
1046109029,324174.72,472169.09,852975.06,76035.53
1049769643,322725.09,473705.44,865301.25,76366.69
1053428446,316390.41,461754.31,868893.81,74464.72
1057090264,309339.25,454527.78,888889.00,71843.09
1060752308,316383.69,456194.41,902918.31,69478.14
1064413138,311473.22,450980.28,931954.44,67411.77
1068133703,307644.50,446174.28,911058.75,64171.50
1071795883,318784.28,430135.97,851785.13,66021.53
1075458390,318682.78,437369.38,763784.06,69723.14
1079120109,313703.03,452162.25,806768.25,73447.53
1082782507,338695.06,440890.53,816111.81,72755.59
1086443759,340333.97,443527.50,818740.63,76246.55
1090164092,337591.03,442272.63,818711.63,73113.78
1093827486,339108.50,436117.31,827410.19,77044.10
1097540320,343915.44,441341.47,822638.38,73234.27
1101205981,345454.63,450670.84,831302.88,78434.47
1104866704,348401.88,439553.41,844037.19,74827.27
1108528243,341087.63,460074.94,825237.50,79324.43
1112191206,347763.63,467132.84,835152.81,81156.65
1115854794,345285.50,458250.03,838936.56,79685.92
1119513789,345121.81,458140.28,846022.19,78529.00
1123175339,347378.53,456921.75,869289.63,78405.08
1126837729,344437.44,461504.72,846231.81,80913.06
1130499569,351603.78,462822.72,861167.38,78424.20
1134161731,345433.50,455990.25,877655.75,78327.30
1137823574,348486.72,458998.16,879897.13,74132.38
1141485715,351076.25,457875.34,888285.94,71804.14
1145147464,349497.53,454299.19,889422.44,76758.62
1148809508,349988.50,452071.94,894349.56,75993.98
1152470850,352765.31,465495.22,893385.81,72712.16
1156132854,351834.75,446206.84,887878.56,75704.61
1159793454,355219.50,445703.97,872565.44,74387.42
1163456143,351514.94,447936.16,908489.31,74299.14
1167117456,354649.69,444741.91,889701.44,73637.42
1170779525,352455.66,447432.00,872356.56,77247.69
1174440408,352802.72,445028.69,864438.44,77320.73
1178102915,357143.06,447348.44,858359.94,80756.92
1181764725,361266.22,443119.88,853286.88,80606.22
1185427183,358685.88,441102.84,854018.56,78317.16
1189088508,372752.00,459904.63,841738.44,79989.81
1192750698,372605.31,447868.66,848218.13,76684.51
1196412448,368179.44,458625.09,853283.44,82073.88
1200074503,376523.25,452264.91,836074.19,80624.39
1203752162,369831.78,440542.84,849497.00,82416.84
1207472355,371162.19,459958.69,838022.31,81038.87
1211135541,368276.09,458150.66,866277.13,83051.89
1214797891,368961.41,467000.91,860616.13,81302.76
1218459820,361302.34,460247.25,863939.44,80284.98
1222122340,357576.75,459512.47,883477.31,79787.53
1225784150,359393.88,473479.09,885131.81,78067.08
1229446374,361942.69,455804.38,904051.13,75284.23
1233107076,358795.41,444500.22,922438.25,72857.21
1236769306,355804.03,453570.41,984295.19,75411.93
1240429997,358931.97,441598.41,941609.50,71675.03
1244092254,363585.03,431359.69,913237.94,75628.37
1247752840,372552.09,441084.66,902843.94,76621.60
1251415120,375042.38,441717.84,917899.06,73831.80
1255076644,372482.47,442503.59,891034.94,73358.19
1258789050,373829.16,440886.41,882400.19,72922.95
1262452512,379909.50,445038.72,879873.06,76685.69
1266172820,379461.28,450916.81,870054.75,75206.93
1269836577,382517.94,446420.81,858650.06,79377.42
1273634469,383580.78,444085.72,835471.81,80272.46
1277296945,377944.53,449595.72,844010.63,80661.69
1280958976,391862.75,444520.38,842580.25,84813.65
1284679822,383195.22,467013.28,837217.56,82236.27
1288343240,386378.97,459116.28,830847.56,80990.13
1292002278,388942.66,475001.28,827145.94,83537.65
1295796190,378670.91,466435.00,832820.44,82573.45
1299598311,390674.22,424985.25,853337.25,81630.37
1303256562,387521.03,465468.09,870871.31,82520.10
1306918400,391685.63,464563.00,877697.06,81673.45
1310579841,383215.75,449886.41,890937.31,79975.18
1314300135,385057.91,480636.47,905788.50,78718.41
1317963740,386034.97,483917.59,925984.06,72625.19
1321625998,384688.25,373849.34,988580.50,71004.34
1325286315,386442.72,448050.53,970661.56,67052.06
1328948473,384667.72,452334.78,962689.06,65567.99
1332609017,384302.22,437838.25,929557.50,62273.43
1336271118,391874.09,440502.59,921463.88,65547.10
1339931723,388633.00,440696.50,906466.63,67979.67
1343593902,399968.53,427244.56,891926.31,70130.19
1347255593,394454.44,444296.97,868747.25,74682.81
1350917760,401268.84,448076.94,848982.69,73610.63
1354579220,401634.00,440983.53,840000.88,75786.52
1358241566,403041.00,448187.31,832194.13,76368.81
1361902181,400449.47,452410.78,838401.69,79900.48
1365564351,398874.41,454253.84,817191.44,81655.39
1369227539,398442.22,449796.22,813432.69,82521.16
1372886326,396300.34,405465.06,832581.13,78370.15
1376548288,395251.75,429328.03,813098.81,84675.69
1380210605,394342.91,476010.69,829718.75,85803.46
1383872398,400991.88,460131.13,836812.00,85085.20
1387534697,407562.25,464964.16,845456.56,84793.12
1391196557,402079.63,477559.31,881006.19,84551.41
1394860302,394914.56,451692.06,885704.88,84346.18
1398523993,394710.06,471028.13,901218.00,81123.73
1402182729,387993.34,486207.72,931852.13,79259.99
1405844168,385020.47,390932.09,953616.50,72338.76
1409506229,388128.34,480959.03,1006648.70,72464.68
1413166714,395382.50,457093.34,990344.38,71724.01
1416829062,396163.66,458175.56,967852.88,66712.41
1420489351,400363.66,467512.38,966121.25,70089.23
1424152009,403909.50,446215.13,942239.88,67102.80
1427812126,410519.03,388014.00,906129.19,76857.52
1431474378,409489.47,454006.72,897587.56,74900.09
1435136032,410840.75,405394.03,878513.88,79208.19
1438798356,408757.03,436641.56,868433.19,79850.79
1442459654,407128.28,445669.53,849844.56,82944.02
1446121880,407911.34,462533.13,840589.50,82604.13
1449873850,413508.06,398986.75,819917.38,87701.53
1453593968,408098.50,469030.44,822404.75,88306.25
1457257321,405617.09,441527.59,814801.81,88227.06
1460919874,403947.84,454156.97,797927.81,85852.67
1464581623,409000.50,464301.84,789974.56,90738.82
1468302039,402372.56,467650.81,769466.44,87865.57
1471965691,405119.16,476696.47,782166.31,89234.69
1475624856,404053.34,474346.75,854344.19,88795.55
1479286661,400476.13,423539.53,901850.50,89108.18
1482948942,402558.31,480141.28,901882.25,85760.03
1486610671,393089.44,503300.75,917629.63,85702.91
1490272937,386738.22,499260.31,942704.38,78832.42
1493934254,384212.66,492797.56,1013993.10,73146.12
1497596449,389376.50,480826.50,1035645.30,72151.59
1501260456,391512.25,475158.13,1017325.40,70774.20
1504922658,391220.16,422932.22,997421.19,66989.16
1508582958,399156.34,466305.31,977147.25,71290.05
1512245110,406665.91,465097.88,953176.63,72267.48
1515906369,408500.13,460533.91,931637.06,75626.13
1519568546,412905.47,459697.03,909094.63,78693.63
1523229206,415048.19,470446.53,902447.88,79202.52
1526892025,403211.53,459867.34,869323.88,79387.69
1530552772,415459.72,467397.06,886160.06,84973.33
1534214910,413803.69,418258.13,878182.94,82906.38
1537876748,412089.72,444548.94,869501.38,92160.22
1541538846,412118.75,467246.13,863098.00,89394.60
1545200726,406866.28,427857.53,851691.38,89046.10
1548921740,408011.78,414740.16,841774.63,96995.50
1552585435,405593.94,463930.31,845343.38,92920.60
1556247630,415340.75,452854.75,848081.25,93491.69
1559909465,411849.09,456248.22,861008.50,93034.02
1563572027,402694.16,490986.94,910948.06,90744.48
1567233950,404116.72,503897.66,925063.88,91264.94
1570896068,406294.38,509140.81,921240.25,87375.92
1574557814,397546.25,497517.06,980135.88,82967.86
1578220797,400016.22,505192.19,977357.31,81628.13
1581884576,398817.28,483139.28,1049769.40,75710.27
1585546893,397344.66,501007.66,1042332.10,73008.86
1589210618,409928.72,486607.91,1012887.30,74062.05
1592872795,408488.56,480852.09,1003990.90,75993.98
1596534486,414389.66,487508.50,982883.69,77497.29
1600196499,421213.41,486263.53,963743.88,84103.42
1603860222,426402.16,471681.56,943217.25,84068.13
1607522732,420370.28,478101.81,941097.69,81919.63
1611189563,420311.28,479194.31,925418.75,85653.81
1614850088,426320.84,482755.72,914286.44,90122.06
1618511411,426871.75,480179.63,895166.69,86674.90
1622173568,421459.34,482028.03,881355.25,93262.15
1625835841,417729.66,439511.16,867737.94,96080.40
1629498215,416257.88,481794.81,862467.81,100762.84
1633159868,411451.38,441201.88,849730.88,99313.95
1636880209,417172.25,486059.25,855830.13,102890.93
1640543882,418307.13,488828.88,857419.13,96854.35
1644200920,418303.22,488345.25,878203.63,96050.06
1647864699,409969.31,481976.69,909261.94,99567.09
1651527549,408799.53,499157.41,925125.38,97354.87
1655189099,408137.09,496979.63,924748.75,101295.22
1658851347,409506.94,517362.97,950942.06,92229.61
1662513244,402717.16,398996.31,990693.25,87872.42
1666175909,399857.84,487174.41,1026232.90,81176.95
1669839518,399453.75,472164.97,1077172.90,79914.05
1673502151,406174.94,418802.78,1053927.10,77263.38
1677165962,410172.53,488004.28,1035082.30,77527.74
1680828180,412299.34,472186.09,1034936.70,83295.24
1684489461,424443.78,489664.91,1015453.30,83105.35
1688151742,422664.19,474145.66,981946.50,87617.85
1691815795,426849.91,440082.34,951161.63,88157.08
1695478415,437371.38,464410.41,958237.94,89326.63
1699139171,428731.47,484234.94,935832.00,91457.66
1702801337,432743.44,479543.88,938986.50,90781.42
1706462864,426705.34,488051.84,941480.63,97103.96
1710125146,422228.72,482693.75,905426.50,100207.34
1713786848,425485.50,491311.97,912608.56,101015.41
1717449181,422624.78,485809.66,884975.69,99649.00
1721111020,414214.41,485164.81,872462.88,103783.26
1724773499,409748.75,474863.56,886139.19,106846.52
1728435546,412456.66,486840.53,884607.81,104952.81
1732098104,412330.38,484647.28,900893.13,103005.29
1735759666,407215.16,472984.47,915612.25,99876.66
1739422935,407028.09,485224.88,940185.19,100139.36
1743084200,407648.97,496800.72,969671.56,96824.02
1746796600,403761.84,471603.69,982276.81,92712.19
1750516905,398899.19,496833.50,1020705.00,86955.54
1754180629,396059.34,476186.75,1079411.50,84168.33
1757842685,395215.75,498693.22,1075170.40,79827.07
1761555799,405030.78,483411.41,1053601.40,79108.81
1765219122,407689.47,486599.31,1042364.70,82357.71
1768881326,422845.59,489794.72,1017687.60,84445.32
1772545285,422404.19,479109.09,1002975.10,85686.86
1776207515,430199.59,481549.00,980914.19,91290.31
1779868881,428479.13,424372.59,976161.88,90452.87
1783530616,428735.47,489094.41,953079.50,93351.48
1787192066,427399.16,493479.59,937580.44,96609.47
1790854179,428989.78,493420.81,945656.00,99529.57
1794515980,426697.44,445565.66,919139.88,99313.95
1798178079,427119.56,374770.09,916742.38,101137.67
1801840036,423156.91,375640.59,922373.44,101883.54
1805502125,421689.50,378698.78,922344.50,103382.95
1809164221,422152.00,381308.13,919229.56,102525.43
1812826648,419781.38,380298.72,905632.13,108426.41
1816488327,416099.59,380973.91,917934.81,101685.74
1820150514,413152.13,390489.63,933381.50,105310.41
1823812372,410538.50,378706.09,960015.94,104977.59
1827474665,409039.09,396733.09,985701.13,99386.53
1831136575,409506.94,401689.47,999346.00,95355.30
1834798895,404646.50,373632.78,1029739.30,98147.12
1838460150,409116.41,381789.16,1056922.40,92100.15
1842121857,411771.31,395085.09,1023859.60,93375.80
1845783199,416560.59,387427.44,1018559.70,97749.75
1849445433,414261.13,397342.91,1030400.40,95094.84
1853106061,414582.50,488472.72,1062214.80,94649.67
1856768923,420772.97,495372.47,1073357.40,90116.40
1860429377,419946.25,497344.41,1059523.50,95748.65
1864091969,422220.91,495213.50,1041642.90,97759.07
1867752289,428515.00,486597.28,1016518.30,97326.89
1871414704,431216.19,509136.22,1010805.80,97437.83
1875076707,425861.50,494033.91,1004544.70,99829.69
1878739032,429437.44,492113.88,1005830.10,101837.63
24676,389171.84,491058.59,955988.06,104696.01
3688840,422989.44,432311.97,935359.56,107489.71
7351609,407784.13,489345.22,935546.38,105627.98
11012621,413270.84,434280.03,917805.56,107153.13
14671656,419981.44,490374.31,939115.13,103490.34
18333765,425246.06,468549.28,952055.00,101915.28
21996277,428377.88,435611.28,962587.31,100336.57
25657865,433633.41,495819.03,966404.44,103891.95
29320596,434198.00,518860.84,972291.38,102690.42
32984943,435755.97,478125.19,978030.31,99637.44
36705689,437971.25,519992.28,1004273.90,100553.72
40369513,425845.69,433559.41,996298.56,95990.82
44031874,427341.69,398906.75,1025531.20,88402.67
47692579,421656.09,396700.88,1053560.00,88424.50
51354814,423385.75,471325.28,1059710.10,83502.24
55016491,430223.78,452534.09,1049157.30,77591.82
58678814,438952.34,382966.41,1040645.20,85278.05
62342306,454942.00,381854.19,1021611.90,84066.95
66004488,452345.03,393012.03,1000824.10,90931.30
69664923,454711.16,510195.44,985639.25,86901.73
73327249,458043.03,498135.59,972496.75,94705.49
76988907,453331.78,498645.19,967535.06,92568.68
80650945,462312.44,500647.84,963480.00,90009.12
84312687,457298.09,513502.84,954534.56,96726.07
87975118,454179.75,517513.31,955203.13,94329.14
91635556,450859.44,486065.75,947088.56,95663.56
95294473,447917.63,521642.16,945733.75,97629.38
98956355,453986.19,519177.84,929135.44,97321.11
102618450,445885.13,513652.25,931615.38,94264.23
106280350,444185.22,521714.38,950027.44,97269.77
109942852,446219.13,522574.59,933176.94,101137.67
113605106,442365.88,499608.69,955431.13,96797.23
117267742,427919.03,533177.75,984965.13,94847.23
120931426,432621.53,476458.56,995617.38,92305.97
124593681,438748.75,512559.31,998345.94,87410.38
128255413,430377.09,506960.44,1001751.90,80272.46
131917413,439373.91,502677.97,1061620.10,79901.66
135577713,433091.38,487775.81,1063525.60,78348.66
139240096,448193.31,488589.19,1039664.50,84326.71
142900513,456909.38,491513.41,1025394.30,79793.08
146562894,467499.75,488856.84,1026208.90,82240.76
150224220,465545.50,492215.97,1013022.10,83415.85
153885978,469958.16,496922.97,996922.19,85346.62
157547216,469200.84,499674.44,978948.63,85700.55
161208924,459454.41,500312.19,960436.56,86043.51
164869695,461288.38,509422.66,942497.94,89585.55
168532101,462691.38,499617.44,941414.44,94196.96
172193951,458712.06,495623.00,935780.88,90180.84
24676,420739.69,510217.72,909628.75,98119.02
3685021,441691.50,491819.09,608770.56,18054.39
7347666,435798.09,398468.78,688736.44,20215.17
11009558,438922.13,397494.91,712223.19,20175.87
14681259,432066.28,384326.44,771011.56,20586.09
18344668,431533.41,390333.50,809852.88,20648.64
22008190,423218.03,406928.00,461677.38,19014.46
25672014,422122.50,396093.44,513031.97,16536.57
29334625,428298.34,400252.84,553816.69,17749.43
32996144,428161.31,399819.72,601729.94,18090.50
36658453,431583.22,407182.34,661041.00,18726.97
40320303,434198.00,384705.03,755604.38,18619.46
43982490,432479.69,391293.69,871825.81,17503.72
47646548,434169.94,461298.78,866457.56,17552.93
51308906,443789.28,419938.34,830317.44,18232.00
54970536,438722.56,390625.13,813808.56,17770.44
58632765,443687.91,384632.44,836225.69,20051.95
62297650,439975.19,382929.09,833473.44,19995.54
65959548,439912.75,378040.59,807830.31,20352.18
69623545,436079.09,387610.97,803059.00,19304.07
73286147,440815.72,390342.81,795384.31,20594.24
76946924,434696.88,373680.44,775952.06,20411.78
80609344,433595.53,382192.44,780583.06,20590.11
84271256,431317.91,393036.56,759633.50,21829.99
87933272,431212.28,386511.88,774721.31,20696.09
91594724,427224.63,392968.59,740562.19,21576.38
95257095,427401.16,389017.72,728350.44,20768.67
98918549,419618.41,391110.88,713517.31,21365.24
102580948,422676.00,399386.94,691172.06,22552.26
106242467,415173.06,404362.31,683358.38,22898.64
109904879,420291.81,410774.78,731282.56,22693.05
113566584,414479.22,405695.91,747697.38,23720.87
117228713,410610.16,400037.22,751542.94,22015.04
120890483,406311.72,396065.00,776685.31,22149.59
124553037,412380.88,388524.19,806456.00,21122.84
128217334,413589.84,399571.88,792198.56,22953.28
131879623,418598.97,395987.34,781974.06,24307.65
135541397,416486.22,391683.63,802757.56,23984.75
139204159,420944.09,386991.03,820820.25,22639.36
142867529,417970.41,391574.34,801552.38,23382.04
146529808,417612.22,392704.22,741100.69,24946.00
150190360,377990.66,388871.38,648304.00,25673.81
153849291,404594.69,400646.19,625435.81,25857.21
157510676,409911.38,394916.34,395337.06,26105.88
161169736,401966.69,400447.47,390753.16,25345.96
164831444,397685.03,400970.75,419687.22,26262.96
168493740,398710.72,398537.34,436599.31,24672.56
172155694,396161.78,401716.25,456692.31,26909.81
175875986,394882.34,409800.91,464665.34,25742.03
179539735,394278.47,392685.22,451667.50,26089.59
183202434,395085.09,397232.66,467162.22,26489.31
186864282,393905.88,406812.34,477646.41,26251.75
190526553,395828.03,400516.25,473043.72,25541.40
194188388,391694.94,400680.41,470901.59,25771.65
197908741,390540.50,404462.16,472572.47,26476.10
201577631,383582.69,390935.75,460974.47,24359.46
205239171,374472.34,397037.00,460949.56,24757.88
208900915,373935.72,409468.22,477757.09,25692.23
212563369,373094.84,388244.72,465984.75,24363.59
216227195,360884.06,394552.84,465917.97,22810.48
219889620,382958.84,389218.72,689652.63,22275.98
223553509,386173.41,383314.53,671109.13,22922.95
227215646,385070.88,382004.78,641326.81,22559.34
230880031,392745.78,372238.75,620808.31,22175.79
234541721,397772.47,409858.97,576080.31,22819.57
238202245,400816.03,363838.53,482755.72,22319.53
241864361,395983.47,378508.28,433357.38,24078.22
245525828,399444.06,376254.06,434346.38,23666.11
249188471,394390.22,378970.69,427740.47,22912.80
252849054,389865.22,396735.00,449413.63,23783.77
256508120,396042.34,385672.41,455956.97,24859.62
260170036,384128.75,386472.69,467793.50,24006.11
263832150,381358.28,385248.38,468835.13,26260.83
267494040,378645.19,378781.97,473381.84,25578.10
271156360,369242.19,364671.38,463792.47,26516.93
274818198,372539.34,375552.31,474615.59,25238.10
278480584,365843.03,405988.38,465401.16,28183.69
282142482,361635.97,379385.41,475529.06,26355.72
285804852,355371.25,375206.19,468549.28,24546.52
289466719,355786.09,388098.38,482331.81,25834.79
293128873,352309.66,389500.53,488401.31,25151.59
296790706,344384.81,387728.97,524404.31,23587.98
300452998,349192.94,376456.81,553327.31,23099.15
304116888,348707.78,378415.88,763107.19,23248.21
307779312,354444.47,370558.78,764793.13,21438.89
311442905,362968.63,469223.97,722666.63,23851.75
315104943,369260.47,407226.72,698732.50,21931.13
318768346,366714.84,393841.56,670894.13,23331.41
322430424,379974.41,384180.91,601359.69,22169.77
326090990,370942.69,368552.94,542009.31,24376.81
329753274,373172.03,371749.69,506982.41,25163.74
333414957,371063.41,368549.28,460039.66,25086.44
337077001,362144.84,373959.56,469888.78,24677.51
340737985,364970.53,372099.50,453765.84,25491.48
344400676,364753.03,378475.00,467013.28,26403.63
348062620,366798.41,365349.50,474329.75,26000.84
351724661,363232.50,390645.88,467288.03,27114.10
355386411,360417.69,416541.00,484602.09,27314.37
359048759,354455.09,414054.84,495832.25,28294.27
362710543,347864.31,408716.44,494653.97,27305.17
366373147,354576.53,414837.75,505035.59,27008.83
370034733,340409.16,406872.06,512329.66,27508.63
373696907,339604.03,376884.72,512193.81,27059.93
377358589,335407.00,381270.97,528250.19,28142.73
381021003,342693.84,371806.44,551659.44,26663.86
384681635,323889.94,374578.91,627662.44,24756.94
388344406,330163.50,446092.72,777369.69,24900.33
392007988,340863.75,461910.47,860524.88,26178.34
395670030,351074.38,470945.84,810749.13,24152.34
399333437,348923.75,465300.84,799570.75,24484.56
402995064,364167.91,448307.69,771927.50,25741.08
406659033,368050.31,456650.91,721078.00,25131.17
410320961,375016.63,363071.53,673586.69,24799.54
413981308,365692.34,350105.56,651687.31,26691.48
417643447,367325.81,372385.31,606638.25,27913.54
421304907,362271.25,355712.81,523879.16,27321.57
424967051,356457.03,374773.88,516038.09,27955.44
428628161,369829.91,366233.44,523372.41,27952.37
432290437,357544.53,374943.00,512068.94,29116.02
435951514,349914.03,389791.81,496883.69,27775.46
439614366,347707.09,365041.22,505901.25,27821.49
443275728,355033.63,386895.41,517430.22,27723.30
446938159,342748.25,424240.19,507394.06,28675.35
450599945,339783.78,442266.63,527933.88,27541.20
454262263,344448.06,435914.47,527581.25,28038.29
457922975,336575.38,396199.66,547463.13,27428.85
461585966,335833.88,404183.88,570020.56,28925.43
465247258,337526.59,383262.38,611665.56,26767.95
468947165,327667.78,449462.72,718768.63,26250.56
472607775,330383.84,477401.97,743536.31,24634.91
476270140,335381.03,464391.66,821328.50,23800.06
479934289,339729.72,469032.69,855150.81,26142.58
483596410,344277.53,465302.88,865865.63,26877.12
487259937,352268.81,467581.66,828402.13,26511.74
490922386,348545.16,456473.41,816231.00,24329.01
494582586,354515.88,465430.44,759860.00,25747.10
498244656,363237.94,461610.69,737760.44,26279.24
501905995,353971.69,455651.53,691105.19,25325.66
505568779,346420.25,364032.06,606970.44,26717.91
509234124,350510.00,368651.38,582455.69,27466.61
512895180,358914.03,454993.72,549657.75,27457.41
516556648,349132.75,450371.69,549899.00,29838.52
520219030,340164.63,446814.06,533908.88,28728.57
523880835,332628.88,422327.38,536893.38,28565.71
527543106,339670.38,427637.19,536423.81,28645.49
531208292,339946.28,430649.94,536711.50,26720.04
534870893,332515.00,440799.53,549531.50,29008.39
538532672,338236.94,450943.47,575129.06,29042.14
542194904,333742.13,440486.44,561293.94,27485.03
545856645,331579.47,435328.50,562019.00,29157.09
549519251,323973.38,446801.91,569761.06,30552.76
553180662,324969.78,447299.34,615749.06,29557.29
556843124,321467.16,456791.59,731742.00,27521.85
560507772,319004.16,479418.19,818705.13,25898.99
564169745,322289.63,485308.78,904015.75,25871.49
567833309,336017.75,487297.25,894566.81,24712.21
571495365,332062.50,483392.19,892741.56,27375.62
575156608,342590.34,476855.69,844804.75,24802.61
578818196,343135.81,482764.44,828728.69,26296.59
582478387,349371.75,477897.41,760368.19,27038.57
586140926,344437.44,472718.25,725102.88,28251.19
589801521,349044.13,476730.34,653664.19,27648.60
593464028,349859.03,475550.28,596131.06,29036.13
597125491,342744.72,480243.72,595083.31,29636.24
600787890,344008.69,455527.72,551173.69,30036.67
604449355,334438.19,455086.34,547311.50,30982.70
608112133,326077.03,459201.50,539425.13,29615.71
611773950,337986.16,446068.41,553616.69,31045.60
615436147,331410.59,398162.41,549524.44,31673.93
619098119,334519.63,454589.63,566015.44,32337.07
622760690,329472.03,462314.44,571437.13,32779.98
626422462,333026.34,461918.72,574266.00,34254.96
630084615,333532.88,464389.66,571894.69,32360.79
633746441,323262.91,472705.50,585756.31,30984.82
637408760,318157.13,461812.75,642081.06,32374.24
641070556,312408.75,471468.66,760150.44,29413.54
644732951,314299.16,490922.03,806545.19,27819.49
648394374,313971.66,495651.34,937473.94,25766.58
652056125,319752.38,494412.41,936590.38,24733.45
655719899,326306.34,483090.06,908635.19,26627.16
659381876,331627.84,489574.16,892787.00,25181.09
663045220,339141.53,478906.69,853209.69,27433.92
666707195,344145.69,476479.81,809181.38,28451.94
670367687,354467.72,457341.53,779797.19,28931.44
674029796,345523.19,482531.00,753849.00,31929.55
677691624,347936.88,451647.09,694936.81,28940.65
681353661,347500.47,410819.41,614616.94,31757.37
685014924,347590.50,474640.97,585256.13,31212.36
688677070,344546.50,473396.59,589555.63,30699.81
692338859,341413.00,479077.00,581355.56,32989.70
696000908,334971.88,466288.44,543305.88,31422.43
699662806,340019.59,465744.25,558156.56,34155.59
703325267,331879.69,405411.25,556312.88,34956.70
706986986,338245.66,478806.38,566441.13,32940.13
710649085,336895.19,483062.09,574350.63,33128.14
714311145,330612.78,408413.25,570611.75,33267.75
717973728,333129.97,482194.91,614083.25,33279.08
721635079,327086.91,480589.50,681350.56,31921.29
725297203,324305.94,495564.13,782932.56,31505.87
728958993,315369.91,500498.53,832459.69,30188.80
732621277,313402.81,480572.28,877225.50,28432.47
736286456,325073.88,486974.13,951414.63,28974.64
739947065,334493.53,492504.41,943383.31,29879.59
743610685,335934.41,482593.09,906988.69,29395.02
747273121,339900.75,478623.34,866757.13,32426.88
750936829,355972.09,468104.25,850881.19,32412.36
754598884,356777.56,487903.03,823940.38,31909.96
758260730,356417.72,486143.03,801020.38,33698.98
761922783,353672.03,472925.25,793315.88,32312.28
765586708,352194.13,403203.88,647790.00,33731.09
769249143,351619.72,489338.59,608046.56,33787.97
772910854,345724.06,407124.50,608359.31,33482.78
776573218,340785.03,478206.03,617362.13,33544.86
780233825,337618.75,486498.28,609899.56,34942.18
783896396,335485.13,482698.00,611073.13,35832.97
787558142,333610.66,403455.00,369804.28,37285.53
791220979,333299.31,377257.44,394282.34,37004.29
794882466,334994.28,398337.53,370613.66,39304.68
798544941,334647.69,407427.22,386087.25,43455.59
802206685,325253.28,422400.19,400949.75,40983.36
805869015,328043.31,419965.84,459267.69,39113.38
809530413,330074.03,475287.34,482753.72,40588.95
813192642,324993.75,402169.69,492218.09,37958.11
816854854,320827.28,496458.09,499483.81,37487.69
820516644,315778.97,489351.47,489535.09,38165.82
824177209,313287.03,438619.75,499873.75,37252.25
827840002,312353.53,392944.03,501271.19,39791.50
831501819,306798.69,383718.75,516896.44,39447.01
835163827,299449.75,418277.72,678627.31,37527.34
838825246,306076.78,488936.75,618827.88,35980.49
842487305,305925.94,450074.75,521076.13,41190.13
846149060,304203.72,493546.97,496602.09,41051.57
849811067,307433.38,490651.53,498940.59,40415.93
853472580,310211.63,478557.38,479045.13,38524.95
857134971,305364.06,472538.72,481301.03,40533.36
860796763,304369.06,420863.38,489563.41,41852.09
864459165,311051.91,413123.09,491526.41,42436.98
868120986,306552.97,388426.56,495627.25,42984.46
871783809,305826.47,388332.75,505726.69,41716.36
875445136,304369.06,385881.78,526656.25,42753.73
879107716,301474.00,463742.31,516360.63,40248.23
882769510,300172.50,466676.00,513971.63,43027.65
886431836,301162.78,468520.00,522692.03,44266.13
890093973,293509.72,446593.94,531671.81,40955.04
893756267,289160.31,437743.72,533817.13,39951.65
897418285,289478.59,434306.13,526043.25,41972.93
901080899,277518.38,444504.22,532504.56,44179.62
904742269,275277.72,437675.28,549084.56,43668.72
908404458,277372.41,441527.59,551000.25,39629.11
912065177,280060.00,441371.81,549213.31,41257.28
915724035,274849.44,444215.78,556133.50,40203.15
919385928,273616.97,442708.22,536559.50,42722.11
923048066,267245.09,439244.78,534998.75,41385.56
926709857,271256.50,438251.06,550280.81,41160.74
930371883,270965.94,439846.09,540356.50,43512.59
934034011,272951.81,443965.94,532227.56,40899.45
937696036,267663.47,436695.72,539866.38,42965.46
941357864,268737.31,438225.00,518047.47,41158.73
945070832,270739.94,431948.50,512352.06,42348.58
948783511,269200.53,449311.41,529947.75,42071.83
952446836,264899.03,435599.34,515324.09,40648.66
956167652,261996.41,442286.78,510400.06,41295.16
959831558,268182.28,444459.50,511452.19,41179.74
963551932,260280.91,440732.88,510128.88,43224.74
967215892,270383.78,428888.53,496962.16,43284.81
970879984,268476.13,425303.66,521574.53,40759.84
974543596,263243.63,423721.16,525995.69,41316.17
978263897,260192.88,422421.78,531774.63,40693.75
981928082,261768.98,415701.53,526869.94,40572.07
985590799,247922.03,416125.09,561134.69,42078.09
989252631,244720.94,412351.72,557917.69,39089.30
992914784,227141.44,412520.63,608687.25,36635.72
996575499,217858.45,434190.00,815503.19,35867.20
1000237565,213832.77,417363.81,790162.31,34300.64
1003898279,211774.31,434680.81,765538.25,33713.50
1007560437,211272.50,445006.25,742231.50,32684.98
1011222202,231865.44,446712.19,663809.81,34104.73
1014890429,241299.97,455123.53,545388.63,38194.02
1018552308,243315.11,456493.94,498321.47,39209.56
1022214778,248583.64,444534.66,491307.47,39568.45
1025875319,252969.03,447576.91,469501.44,39085.17
1029537950,253405.58,448675.41,485218.63,39668.88
1033199896,251072.73,437862.56,481749.84,37783.80
1036912293,251526.16,438331.69,480361.03,38861.41
1040577238,247840.25,443807.56,492806.19,40237.61
1044239047,250914.59,446528.69,492934.34,40584.70
1047950636,254001.22,441214.03,491873.38,41197.56
1051612837,246044.02,451839.81,501945.66,39317.31
1055333213,241746.08,452858.78,504426.75,39244.14
1058996785,243372.11,456429.97,519409.63,40862.63
1062655721,237951.23,453161.00,517908.19,38946.15
1066317563,240089.94,455484.41,521734.66,40710.50
1069979771,234147.19,444049.25,535462.81,39084.11
1073641298,225578.31,404640.72,567144.63,39618.61
1077361575,228855.30,446068.41,593482.38,38554.21
1081074518,208706.09,435045.72,748669.94,35924.43
1084737520,201822.16,454929.75,808593.50,36441.11
1088399646,206969.23,455750.56,735164.50,38136.55
1092060310,211074.47,452410.78,739253.25,36925.10
1095722543,214373.75,455700.97,684152.06,39221.01
1099384284,210833.70,450890.25,675907.13,40286.94
1103046667,222539.48,457931.28,601752.56,39293.23
1106707163,231093.48,459852.81,545917.25,40166.45
1110369672,233085.73,459767.75,541569.25,41606.14
1114031462,233141.80,459421.25,524340.94,42800.12
1117745003,234065.75,457550.44,519081.06,42571.64
1121408229,234389.83,402918.38,508672.53,39415.62
1125070235,235026.77,388068.28,500035.91,43669.79
1128731197,241829.98,384274.16,504054.28,42041.38
1132390234,235637.50,388111.47,508178.28,39232.57
1136052209,236286.00,382862.06,508158.31,41386.51
1139772503,232791.88,413595.63,520210.84,41970.81
1143436022,235980.34,400222.28,520442.75,41527.30
1147098821,233854.27,387642.81,511837.28,39529.74
1150760668,234218.11,398449.78,531070.88,39896.18
1154423542,228686.53,411082.94,557397.38,40938.16
1158084271,222720.98,397884.84,571410.69,40607.71
1161746993,197998.52,399875.06,613384.94,37224.04
1165408262,199016.77,389012.28,684484.38,38612.75
1169070415,188388.97,397502.47,827961.44,36657.56
1172734337,189554.27,384268.59,845656.13,35711.41
1176396508,190372.23,387183.84,822006.06,37503.39
1180057233,192516.73,399577.56,783395.06,38784.11
1183719595,201111.69,397342.91,748860.88,38493.55
1187383467,215315.41,399653.91,653784.38,39984.11
1191046161,222366.70,396634.44,586960.88,39200.12
1194707770,225911.00,386315.50,543233.88,41592.45
1198370152,228930.11,394149.81,511445.47,41364.55
1202034251,236541.52,387967.03,472357.00,21227.87
1205696851,241515.47,402575.44,478723.53,20149.67
1209358269,233453.59,402454.81,498520.56,21806.75
1213020475,232096.88,391380.31,498056.88,21821.97
1216682234,238173.09,383755.94,507613.22,21379.29
1220344758,241626.28,399219.38,500272.78,21210.76
1224006514,231354.06,401261.19,522109.25,21858.32
1227668680,17412.61,408559.97,461180.28,17132.08
1231330583,18244.04,405232.47,470080.09,18722.96
1234993745,19593.80,402104.53,473369.22,18708.91
1238654630,20208.08,398031.28,485272.31,17683.22
1242313658,19905.84,403725.25,491619.63,18460.84
1245975494,20157.81,407847.72,509997.75,18461.78
1249637776,19683.38,403447.34,498404.56,17674.26
1253299437,19090.93,396509.00,514235.28,18627.48
1256961451,18954.15,412206.09,678718.06,18957.10
1260625509,19185.35,411581.19,743325.50,18930.08
1264288043,19488.06,409748.75,753602.81,19344.32
1267949330,20531.57,411817.94,741526.81,19343.25
1271612545,20501.47,408552.28,594019.88,19796.21
1275275929,22535.03,413679.19,520557.56,21170.40
1278988320,21792.58,403796.19,502466.59,20756.51
1282651927,22556.27,401660.78,493227.63,20499.35
1286314506,23999.98,399442.31,494603.81,21666.19
1289975573,24001.04,398682.03,507540.28,21515.71
1293638191,24105.48,397696.34,513426.84,21166.27
1297299513,24377.75,400894.38,511565.59,22231.49
1300964793,25937.70,397648.91,521121.22,21592.43
1304627817,26339.31,407465.69,531683.31,22468.35
1308340785,25545.53,403907.59,533762.19,22156.67
1312053634,25913.27,420500.00,543905.00,21829.05
1315766888,26460.75,410891.03,542990.25,21273.31
1319479619,26854.70,407755.19,538056.81,21403.60
1323143124,25060.01,402479.72,541166.19,20309.81
1326806105,25108.75,410600.47,542333.75,21514.77
1330467994,23951.35,408600.56,535784.50,21924.05
1334130202,22997.89,408214.28,535655.88,21439.95
1337791516,19951.16,407882.41,571584.06,20590.11
1341453286,19812.26,415219.78,792863.75,20266.62
1345113752,21134.99,419563.53,832741.88,20264.50
1348775835,20795.93,407716.59,821529.63,21025.94
1352440118,21910.84,413967.16,783687.06,21051.20
1356101886,25113.94,421799.72,738780.94,21581.33
1359762184,25767.52,416000.13,636775.13,22934.16
1363424675,28877.16,409700.25,543605.38,23996.91
1367086030,28731.64,411914.94,506360.94,23910.64
1370748599,29950.40,397848.59,511363.19,24629.72
1374409840,31009.61,399526.09,479934.28,24947.06
1378122523,32706.58,410050.50,512102.47,24032.55
1381787700,33084.70,404149.31,526747.13,24029.48
1385448299,32419.56,410311.91,533757.44,24780.31
1389110089,33618.38,413325.25,529295.44,24650.13
1392772319,33145.72,405953.78,533388.50,24517.01
1396434286,32544.54,403637.09,538303.44,26874.05
1400096425,33142.65,410069.88,529815.31,24937.86
1403758425,31714.05,412408.03,543289.56,24652.14
1407420982,32939.07,413367.97,553557.88,24715.16
1411082757,31620.35,418121.13,568254.00,26988.41
1414744932,31673.93,407701.16,554892.88,24901.28
1418405932,30624.75,416791.06,602833.94,22977.59
1422068367,26426.17,419895.28,657779.81,23264.49
1425729101,25672.87,424609.72,775995.31,22595.81
1429391157,24802.61,424177.06,866008.56,22710.17
1433054914,27095.80,420562.78,819645.69,24471.34
1436717243,28920.23,481831.28,817878.63,23756.39
1440380703,30125.07,491318.34,803418.00,24356.39
1444043008,36709.72,474702.56,741728.19,25207.41
1447708531,38532.26,463658.88,679460.75,26544.43
1451369170,40364.48,458156.81,651338.69,25708.51
1455030601,41549.37,462097.88,609103.88,26325.15
1458692663,44790.24,454336.22,556209.00,26735.26
1462353864,46403.06,460349.09,539261.19,27652.73
1466015919,46216.48,465380.16,531777.00,28552.37
1469676653,48214.51,455579.44,524716.88,28452.88
1473339114,47561.52,473675.81,515040.03,29607.56
1477000946,48554.16,477325.38,498947.31,29455.56
1480663134,48836.46,427915.13,499439.94,27641.40
1484324848,49055.03,467183.13,484795.41,30247.45
1487986840,49954.32,463024.91,518955.13,30134.39
1491648583,48509.43,460887.00,514309.03,29222.71
1495311001,48793.86,464435.44,515040.03,30485.97
1498972267,48559.47,465823.66,521838.41,29801.58
1502634961,47480.68,486648.88,570864.50,29009.34
1506295247,42208.50,491472.22,648031.00,26517.87
1509957712,38083.32,489100.91,711868.63,26833.22
1513617997,37681.71,475656.41,832630.19,27874.60
1517280058,40502.91,472044.59,843316.75,26128.30
1520943662,42665.34,466979.78,824687.75,26149.78
1524606031,47756.13,457264.94,820224.81,26171.14
1528269565,50378.59,461386.09,789386.81,27247.93
1531931770,58507.38,463903.06,736358.75,29380.73
1535595887,64977.55,456587.06,699560.63,28230.78
1539258291,67332.35,458778.41,656515.38,30997.22
1542918857,69998.13,457889.84,594612.19,30286.40
1546580951,72854.85,451566.97,550486.94,29222.71
1550242553,73496.63,460529.66,551617.13,32473.26
1553904915,75420.90,458082.44,535132.00,32264.72
1557565604,75951.38,458521.47,527988.50,31551.19
1561227956,76692.30,454480.34,509256.13,31697.65
1564889797,76129.83,467785.25,501616.03,33187.14
1568551861,77227.50,465568.41,507792.81,34598.98
1572213663,76521.52,461546.38,518247.25,33235.65
1575875759,77123.88,476233.50,511027.09,33341.16
1579537572,74292.41,459031.31,530723.69,33546.98
1583199628,71481.37,479750.88,586393.94,34320.23
1586861252,70969.88,477767.84,666341.50,32948.39
1590523369,68311.30,490579.91,705443.75,35270.03
1594187682,61914.89,484046.22,730484.31,29071.88
1597849796,57152.19,474014.31,803675.19,32260.59
1601510563,63593.57,469108.31,810159.94,32754.14
1605172473,63264.89,471426.41,867993.69,30310.12
1608836380,60992.59,466558.69,871175.81,29497.69
1612498505,64834.64,463813.38,854025.31,30005.99
1616162623,72517.09,455967.34,803179.75,32895.64
1619824472,77670.66,457364.19,773750.13,32880.06
1623485070,81053.50,452008.34,755634.50,33189.15
1627147637,83505.78,452303.97,728752.88,35224.36
1630808060,85690.40,445923.84,725835.13,36273.77
1634470760,87339.22,459566.41,709204.50,35007.56
1638130946,93526.38,447262.63,685102.00,37203.27
1641793219,94503.45,471993.97,640596.50,36211.34
1645455117,94196.96,470393.88,613907.88,36079.27
1649117205,95536.81,462829.09,626314.88,37952.91
1652777967,95098.38,463552.56,589186.25,15465.33
1656440305,97275.55,466389.09,599162.31,19148.17
1660101752,94737.95,474014.31,589260.00,19883.77
1663764167,97616.51,486707.06,598940.44,20343.21
1667426048,89930.88,476481.81,621831.19,21146.09
1671138728,98392.59,493221.00,654889.44,21901.87
1674802247,95618.24,493701.22,670795.94,21085.54
1678464573,86417.50,481008.13,754861.56,20102.34
1682128805,85411.64,470486.53,782045.44,20113.44
1685791169,78294.62,478440.06,824567.38,20672.84
1689452454,81549.88,481091.44,843326.81,20792.86
1693114229,82061.37,477225.56,852006.25,24172.64
1696777662,82782.57,468828.75,848662.13,21450.10
1700439859,84328.01,474082.03,822207.19,23625.51
1704103917,92265.49,469873.91,773215.88,23922.79
1707766581,97746.21,473544.72,755736.81,25445.69
1711430624,100559.74,467191.50,726818.13,24916.50
1715092940,102567.80,471506.56,696791.69,26732.19
1718754375,107448.05,464542.13,643152.31,25600.53
1722474591,110889.55,463585.84,605559.13,27134.51
1726137559,110037.11,472031.97,599102.50,27904.34
1729799676,113095.88,461369.59,595058.63,27091.55
1733461136,112274.72,479531.25,577767.56,27264.33
1737181422,111143.41,487398.50,593078.88,28833.02
1740845369,112281.91,479891.69,558478.50,28389.51
1744507482,114174.67,497053.97,548434.63,30038.80
1748169345,112379.16,498327.97,566869.38,29383.69
1751831383,110449.46,497322.59,581816.38,28800.33
1755492877,108566.97,490504.13,639339.88,29012.52
1759155007,104063.31,503091.63,712431.94,30543.56
1762816788,103097.34,500432.91,779961.13,31585.30
1766478686,90251.17,486784.59,800982.13,25581.05
1770140331,84742.95,484134.16,828421.69,28193.96
1773801028,84910.54,484988.72,875457.44,26751.55
1777465033,87604.05,471011.25,881465.81,26433.26
1781126991,97293.02,478834.25,854075.56,28740.85
1784790402,97568.59,471443.28,844924.31,29948.40
1788452728,106985.54,466858.22,799912.44,29801.58
1792117279,114332.34,464794.78,757737.19,30057.21
1795778640,124559.36,473227.47,622293.13,33904.93
1799440363,126298.94,472124.72,604986.25,33700.05
1803102698,126422.03,482342.66,590191.50,33507.56
1806991385,131219.91,479104.84,593568.94,34063.30
1810652026,129081.66,471485.53,598068.44,33869.88
1814312290,130034.53,473491.84,593267.00,35061.49
1817974749,128765.14,483360.09,595525.19,36543.20
1821636611,131139.30,481771.34,593262.06,35038.71
1825298865,128335.32,486773.72,581304.19,36202.01
1828960194,128740.48,428584.53,590872.19,35920.30
1832622226,130524.07,488211.53,589673.88,37457.48
1836284057,122636.86,499950.47,613847.00,37714.05
1839946077,119890.95,504728.88,653456.13,37417.94
1843607915,122027.42,499926.41,705103.44,39936.90
1847270287,123718.49,485392.56,738468.19,37923.64
1850930862,118259.96,501728.03,759427.81,36339.27
1854593149,109530.70,498435.25,789371.13,36511.93
1858254843,114545.60,506663.88,794358.88,35867.20
1861975038,115652.60,502165.41,790315.75,35683.32
1865637964,114131.36,489831.44,788652.25,36938.68
1869300830,111293.05,503507.88,794431.31,38568.73
1872964773,114846.90,499713.84,784731.38,38309.80
1876627280,113271.38,498015.34,782786.69,38437.26
1880288708,115028.88,501091.22,776463.44,36471.33
1883957891,117953.12,493260.06,756106.94,40250.24
1887619620,119325.66,502411.72,690084.44,40074.16
1891281790,121115.98,491214.38,644404.13,38970.11
1894943439,120330.34,455651.53,625113.63,42292.64
1898656118,124365.58,508326.75,621649.06,41535.68
1902319591,122650.44,498415.53,601332.44,41252.09
1905982065,120536.04,503406.38,615115.44,41677.54
1909643745,122299.69,506013.84,607532.38,41426.39
1913306092,120556.69,501838.03,591659.75,44062.31
1916967954,119212.71,502477.69,576690.81,42962.27
1920629629,123176.32,509360.44,602771.19,41087.33
1924291599,122931.67,508878.94,580188.50,43075.10
1927953719,114714.25,468746.84,585761.00,43341.70
1931615497,117323.14,518997.97,628748.56,42569.51
1935335800,113571.84,529386.69,675567.63,42912.82
1938999271,101624.61,529863.31,753173.81,40839.61
1942661542,96905.69,524592.31,792314.56,39806.02
1946322361,93295.90,460047.91,898221.00,39187.61
1949985401,93293.42,396222.56,920854.31,40476.71
1953649612,96188.73,384809.72,897422.38,39058.97
1957311621,100619.45,396034.69,885065.94,39436.63
1960975277,103946.24,378641.41,859213.94,42236.94
1964637441,113105.55,438615.75,815010.94,40884.70
1968299091,121966.29,383346.19,780719.38,43470.45
1971961954,121309.76,395765.34,747619.81,46336.27
1975625666,121009.88,396285.09,658823.31,44329.50
1979289525,124858.77,392264.63,629968.00,45625.21
1982953372,127125.17,395359.72,595976.94,46710.73
1986616087,129556.68,394774.50,574396.56,47401.02
1990277957,127341.97,401479.16,569576.13,48275.29
1993940763,128440.24,394305.00,566493.63,49191.46
1997602074,130862.54,405622.88,571846.56,49563.68
2001314758,128258.61,391723.28,575724.38,48590.39
2004978273,133058.84,405513.22,585989.13,50140.20
2008637314,126728.52,403136.72,592965.13,48342.20
2012299669,124022.38,402250.06,580553.75,51929.45
2015962030,123156.61,415514.34,611698.50,49618.21
2019623769,116593.67,407460.16,708885.25,46833.95
2023285895,111192.38,382923.44,790234.31,47701.84
2026947642,91740.79,383824.97,840927.06,40514.36
2030667834,90408.96,393769.81,897647.44,41470.54
2034331028,90483.91,380942.41,949165.56,42208.50
2037991837,91314.51,467474.63,942033.44,41790.01
2041657148,96066.47,369512.19,915902.81,42220.06
2045317788,100350.61,468364.47,870970.56,42264.32
2048978108,111387.70,461904.31,855560.81,45911.17
2052640218,120320.54,393333.16,829307.06,49115.69
2056301569,123476.09,384632.44,808168.75,48271.98
2059963885,128243.86,390775.72,795522.88,47410.58
2063624322,127962.39,390199.91,779327.25,49046.53
2067286841,132004.95,523709.34,771523.00,51712.89
2070948696,136355.06,382990.59,775401.06,55363.40
2074610941,135513.84,499063.22,766192.69,54753.02
2078272545,136370.05,516300.22,776605.06,51842.59
2081934636,133663.20,467353.06,785621.25,53002.47
2085596307,137247.63,517499.75,789715.13,54895.34
2089257967,136527.84,516878.50,788062.19,55331.07
2092919774,133859.00,444713.47,786954.81,51974.54
2096582016,135219.97,490019.44,815110.69,53413.99
2100243430,129395.70,522682.94,837164.69,53211.95
2103905469,129512.19,528648.50,864751.06,52901.56
2107567299,122443.91,528591.56,872914.88,53815.13
2111259493,112066.06,524841.50,881953.75,54970.76
2114920193,116385.73,480510.44,881874.19,51003.02
2118582344,111524.13,504841.47,936458.31,50631.86
2122243659,111721.92,522152.22,930369.00,50680.01
2125905887,117514.56,508076.44,890842.88,50520.68
2129569814,110697.06,509740.13,913882.00,50736.77
2133231912,121885.68,504744.31,860961.06,50732.29
2136893601,14688.30,505516.75,539981.88,14403.41
2140556700,14559.78,496170.13,386846.91,14097.63
2144220380,13082.32,405011.53,394070.41,13465.88
2147882470,14195.11,393138.53,392594.72,15298.57
2151554325,13826.89,391563.00,395617.47,15597.04
2155213510,13981.14,391487.59,423500.09,19056.71
2159269083,14493.93,395562.50,435972.75,24067.96
2162932429,14641.45,400567.84,429642.31,20614.42
2166594806,15316.63,400703.31,460263.88,22375.23
2170256688,14481.06,411251.69,476670.88,20913.00
2173919186,15072.09,407791.78,473345.84,20966.46
2177581108,14246.92,409010.06,491953.50,20547.74
2181275161,14653.37,403826.88,486487.41,19132.12
2184936893,14094.56,414012.00,490134.28,19940.19
2188630757,14660.33,414012.00,503109.19,18922.05
2192296545,13104.04,415910.31,508448.66,18396.64
2195959425,13560.29,412307.00,499580.00,18605.53
2199624610,13061.32,420729.88,511792.78,19038.65
2203288171,14155.34,404631.16,511372.06,18508.05
2206952916,13235.27,417054.94,548759.56,17132.08
2210614093,12557.97,417731.78,626196.31,18455.88
2214276785,12851.84,409560.97,665477.88,17145.07
2217937652,12794.24,418471.63,664047.50,18214.89
2221601831,14127.48,402341.88,616546.25,18400.65
2225277199,13363.44,399587.09,526844.81,18210.88
2228942197,15209.82,409433.53,497641.59,19361.43
2232602883,14957.50,420824.19,491795.25,18974.21
2236264164,16826.66,405753.63,485270.19,19494.20
2239927195,17353.48,399489.88,479592.97,18597.39
2243591483,18644.71,400968.84,479855.31,19256.75
2247254052,20270.63,403851.91,484398.16,18602.46
2250914455,20700.10,403359.06,482190.66,18982.36
2254635144,21502.62,395018.78,480559.66,19037.47
2258299226,21794.59,398550.69,482192.78,19299.00
2261962230,22254.74,400903.94,496253.09,18506.04
2265624182,23921.85,402014.59,496300.91,19082.79
2269287954,24419.53,415494.75,512822.38,19468.00
2272951733,24641.99,411614.25,513540.75,19479.09
2276614391,24989.79,416331.97,510537.78,19967.33
2280280070,25003.95,413784.34,509704.59,18630.55
2283942677,25508.83,407099.63,512040.03,17775.40
2287662968,22907.73,396197.91,541534.44,18370.44
2291326961,22468.35,407926.78,656882.06,17656.08
2294988712,22888.49,397183.22,690360.38,19474.02
2298651979,23594.00,394935.34,694482.94,18688.85
2302313931,24685.66,401228.72,680372.06,18435.82
2305974447,26850.68,401540.41,658340.38,19622.96
2309636736,28999.19,401494.38,588671.81,20387.59
2313297383,30667.95,408011.78,529578.19,19171.30
2316959750,31699.65,394106.38,506323.41,20259.54
2320621500,33145.72,405842.03,500566.63,19436.84
2324283479,33785.84,399375.50,471316.78,20879.72
2327945269,34162.79,396638.22,491558.84,21206.75
2331607705,36045.99,416605.44,491389.97,20830.15
2335270810,35636.71,401968.69,507943.41,22064.61
2338932954,35785.18,394698.72,497427.50,21045.18
2342594726,39270.22,395022.44,502603.13,19955.17
2346256993,39827.03,398849.63,510511.13,21946.36
2349918967,39979.98,396911.53,504122.50,22145.46
2353580992,40306.89,397964.59,519607.41,22233.50
2357243043,40629.78,405595.97,527456.13,21072.32
2360905122,39696.14,412178.84,524673.75,20139.63
2364566745,38358.89,411146.91,533533.00,21010.84
2368229090,38150.12,406209.66,529576.00,19284.95
2371890902,35326.21,404172.31,539667.75,19571.62
2375553018,33991.90,386287.41,589627.13,19978.42
2379218123,32742.81,409010.06,711745.56,21203.68
2382878833,32074.95,489788.25,701055.88,20005.57
2386539206,34971.21,439303.31,682460.19,19783.11
2390201366,37245.88,493903.28,672980.44,20911.94
2393861853,38039.54,446384.00,633525.88,19940.19
2397523994,41024.31,392847.75,626511.06,21773.46
2401185460,43150.98,465564.28,611774.56,21224.80
2404847493,41681.79,380801.38,569869.19,21187.51
2408508719,43942.05,390551.72,516692.38,22463.16
2412170857,45259.95,392715.44,505189.97,21740.07
2415832250,45244.13,396167.44,499332.66,25323.54
2419494746,45751.25,392573.94,503765.50,22862.17
2423154902,45871.98,379840.94,475630.91,23993.84
2426817307,47688.04,387976.56,469123.06,23395.26
2430478823,46086.07,382910.44,466282.16,22975.59
2434140815,47222.46,396873.53,476887.53,23095.14
2437802717,49166.91,383169.16,500871.72,24279.21
2441464865,46763.84,400468.59,491318.34,23324.33
2445126700,46029.89,387820.91,513009.66,24974.45
2448788857,46075.45,394963.91,512356.31,21215.71
2452450213,46047.83,399430.75,517971.22,23967.40
2456112434,42411.72,420466.47,516078.59,23376.96
2459773717,41542.05,403188.53,548476.69,24687.78
2463435691,37439.78,494212.25,642391.69,22198.09
2467096311,39949.53,493429.53,700770.75,23793.92
2470758430,39697.21,496551.94,681524.44,24143.13
2474418709,41100.91,492456.72,691417.69,23877.12
2478080734,44495.43,484773.94,689736.19,24989.79
2481742166,46311.95,485416.28,638242.44,24721.30
2485403836,47230.01,389972.38,585964.56,25925.54
2489064572,48533.86,395109.66,538917.13,28694.70
2492726888,49833.71,404185.78,516692.38,28084.32
2496388362,51824.30,390079.53,504881.09,27388.96
2500050859,51042.67,387253.13,497486.50,27770.39
2503712209,51381.97,385190.44,489224.13,27249.94
2507475746,50032.45,390749.41,504686.97,27249.94
2511137203,53170.05,397029.44,500654.44,29276.05
2514799584,52925.16,408058.03,513710.44,28523.69
2518460988,51886.61,397417.00,518595.53,28314.80
2522124517,49939.45,391670.50,528541.44,26148.72
2525788367,52585.87,397647.03,529202.06,29458.74
2529447517,52159.94,393040.22,546432.13,29480.22
2533109399,50550.66,400037.22,546833.13,28926.37
2536771815,48127.29,403111.81,532456.44,27640.45
2540432377,50105.03,409127.97,521177.50,27678.22
2544094825,44334.93,387976.56,535704.13,27963.70
2547756538,41876.16,389726.19,571824.81,29036.13
2551418195,39445.00,394622.94,710633.94,30320.39
2555078435,42035.01,386721.47,707694.75,27909.41
2558740624,41639.65,388169.66,724632.56,25526.18
2562401270,43529.46,393499.44,698839.56,28223.58
2566063243,49123.24,397540.56,676998.69,29442.34
2569723840,50984.84,402864.69,601612.38,28857.68
2573386441,52731.86,405465.06,544316.44,30381.05
2577049460,54968.63,396188.34,528726.00,33173.57
2580710244,55339.68,402799.53,513786.22,31968.73
2584370745,55772.45,396214.78,514563.72,32581.71
2588033295,53633.39,401423.69,503324.94,32849.14
2591694735,56237.08,378229.19,512138.09,34076.88
2595355372,57342.79,381230.25,520724.44,32834.63
2599016060,57022.25,381155.91,527194.75,33690.72
2602674900,56243.46,391090.22,516248.75,33968.06
2606336759,54987.99,383385.25,522680.69,35500.64
2609999435,56400.18,393945.53,548652.06,34942.18
2613660856,54547.20,399888.41,557125.44,33762.13
2617322956,53362.42,392902.50,552671.44,33377.39
2620984403,54021.78,405072.91,534032.75,32618.89
2624646740,52051.72,395156.97,531504.94,32930.81
2628308236,51212.86,403027.44,535005.56,33663.82
2631970757,51546.96,400961.31,550381.44,32541.35
2635632551,52885.39,407587.25,527838.19,33005.16
2639295056,46558.02,392866.63,599269.63,31120.78
2642955348,46525.09,477176.56,666420.13,33515.94
2646617614,49969.31,392532.41,603274.75,32059.49
2650279382,49169.03,487200.25,639227.31,34865.46
2653942110,52048.42,462341.47,654739.94,34232.19
2657605998,52281.14,436732.06,589678.81,34192.89
2661268337,53436.65,452336.91,566414.81,35578.53
2664930183,53051.80,391355.75,545565.50,34105.91
2668592299,56166.75,396000.56,537828.44,33892.53
2672254036,55142.24,396837.53,525780.19,35757.20
2675916222,56562.46,395932.25,531335.81,36156.22
2679578030,53619.46,402020.38,537574.94,36212.40
2683238563,57120.80,487545.09,539792.50,35407.05
2686899154,57014.70,396473.09,535745.56,36445.36
2690558239,56176.54,401463.94,533244.06,34717.12
2694219935,57070.99,397506.34,535067.69,35009.68
2697882380,57408.88,399789.38,552370.88,36044.93
2701544213,55130.32,455494.69,544630.25,35344.85
2705206659,52790.98,429582.59,547423.38,35314.76
2708868521,55005.22,411837.28,560543.44,35832.97
2712530770,51388.46,432004.44,568047.81,33939.15
2716192475,47341.54,394047.84,569189.38,30213.46
2719854486,44851.73,406080.78,602325.56,30700.88
2723515271,45283.32,392468.31,698211.56,32344.27
2727178046,42219.12,424815.19,758455.19,31935.81
2730842249,45347.75,474304.28,755760.88,32034.82
2734504187,45701.45,451041.91,760927.94,33126.13
2738164621,47306.48,414372.06,733749.38,32506.30
2741826741,51625.09,397162.31,690547.06,37413.81
2745488427,52854.24,398758.28,651868.25,37746.27
2749150754,54882.36,400772.13,635279.25,36958.38
2752811479,56782.09,409261.34,597739.75,38247.13
2756474251,57380.67,402644.47,573819.19,40517.55
2760135848,55109.78,395647.81,555491.75,38705.63
2763798149,56660.88,397764.94,536504.31,38175.14
2767461342,57707.93,398828.63,539785.50,39452.32
2771123446,58061.39,394371.22,543554.38,37674.39
2774785280,58344.52,386884.34,544232.75,38486.35
2778447527,58766.78,396241.44,548820.44,39986.23
2782109332,58042.98,422167.69,543120.19,38745.40
2785771747,57339.48,409926.72,550873.56,40846.93
2789433506,55388.18,403836.56,550421.38,39502.60
2793095618,55714.27,393539.09,577915.56,38510.31
2796757045,54005.61,396275.66,575935.00,40325.65
2800419495,53946.49,405026.88,605863.38,39878.25
2804081145,50174.42,397088.34,648033.63,38009.21
2807743212,54133.66,413591.75,662598.13,39945.28
2811403736,52551.52,398215.75,663199.75,39227.38
2815066135,50155.18,389571.94,703445.19,39358.14
2818727778,49708.84,386506.19,743168.44,39273.41
2822390116,47623.13,396970.44,751644.94,38035.29
2826053970,51935.83,394059.06,729783.31,37511.65
2829716173,53149.63,400340.66,709877.56,37858.97
2833377813,53420.48,401693.38,682664.69,40003.93
2837040039,56163.44,395735.03,680099.50,39496.23
2840700699,55599.79,389731.72,660158.69,40408.50
2844363012,56614.38,390557.38,627249.13,44174.31
2848024486,55857.77,380669.66,611957.06,43184.73
2851687463,59526.46,391303.00,609076.00,44472.18
2855347658,59103.60,390115.28,605044.06,42525.37
2859006910,57627.80,391148.53,598524.31,41518.80
2862667698,58950.41,404189.66,594651.81,42764.24
2866326724,59232.95,391003.47,594441.06,42315.89
2869988481,58830.86,397179.56,597679.94,41135.48
2873651207,60954.35,402895.38,610210.38,42368.41
2877311740,58033.19,402317.09,627530.81,44580.05
2880974180,57970.28,396281.22,636372.81,42757.98
2884636054,59157.89,410447.53,488118.78,14953.49
2888349019,60172.96,396220.66,503408.59,14564.74
2892012554,58283.74,402035.72,515330.72,16798.69
2895675783,58267.45,412998.69,535996.00,15754.82
2899339883,55017.14,392449.44,524298.00,16974.77
2903002141,53044.36,405986.34,571186.81,17214.22
2906663887,52684.65,392194.63,624436.56,18099.47
2910326085,55933.43,405603.50,619814.88,17008.88
2913990094,56377.52,405888.28,614899.00,18117.53
2917652361,57463.05,406723.84,577937.44,19827.36
2921313906,58708.25,397405.56,560021.31,19194.44
2924976074,57065.56,406038.41,543696.00,19099.90
2928637834,57652.70,411940.22,541678.06,20488.38
2932299955,59792.00,411775.22,540927.81,18689.91
2935961653,60872.56,405530.56,538744.13,19019.53
2939623256,60336.29,416660.31,529794.88,20769.61
2943284594,60402.73,404928.91,547463.13,18789.40
2946943045,60981.61,407498.63,542498.50,19290.97
2950604887,61728.07,408793.63,550794.06,20454.03
2954267506,58740.70,412229.47,553929.75,20430.78
2957929227,60028.15,399724.47,550850.13,20473.15
2961591178,59044.95,412662.47,556655.38,22180.98
2965253054,58151.44,429889.22,562204.69,20879.72
2968911738,57355.77,413564.34,559196.25,19785.11
2972573352,57254.04,406931.91,569847.56,22433.89
2976231739,56624.06,415272.53,576090.00,21511.70
2979893401,55482.13,402575.44,568397.88,19995.54
2983551794,52318.68,412868.41,588465.00,22480.51
2987214987,50526.00,396605.88,626265.94,22283.06
2990875601,53990.51,412600.28,469558.31,13195.50
2994537439,53790.35,421075.81,484488.31,15887.71
2998200038,52606.29,420238.69,503230.28,15550.18
3001860664,51571.63,407294.22,511151.72,15990.62
3005522675,53720.48,416693.47,515133.84,17972.96
3009184864,55620.32,405253.72,519879.78,16682.56
3012843700,53931.38,415371.91,542718.81,17147.07
3016505559,55171.39,414720.81,529883.88,17800.53
3020164220,53596.80,417582.84,532323.75,18598.45
3023826021,54371.59,412817.91,531982.81,17946.99
3027484720,52817.77,426604.19,532092.69,17315.37
3031146513,53403.25,416699.13,534727.88,16505.53
3034805277,50586.89,404468.06,518402.47,17627.99
3038469171,51288.86,411201.19,524494.88,16496.56
3042130275,48918.60,423985.63,544732.56,17738.34
3045792032,51138.86,418612.66,554254.56,18047.31
3049454061,48266.79,415112.50,554157.88,17266.27
3053116444,45445.23,421553.78,555991.88,16416.55
3056777339,45750.19,416584.06,553106.38,17909.94
3060441630,43916.68,411278.72,557685.75,18679.76
3064103719,44202.75,418240.44,553231.00,18887.83
3067767591,41812.08,432381.84,575903.38,18284.17
3071426442,42339.02,423807.78,570717.69,18698.88
3075088518,40160.19,426065.44,572174.19,18126.62
3078750546,40946.66,415524.03,599766.13,17396.56
3082416197,40195.71,418170.09,635195.81,17719.34
3086078276,41310.98,417041.25,624441.75,18156.71
3089739606,41867.78,415001.47,594136.19,19685.39
3093401646,42076.08,419026.31,581162.81,18865.76
3097062410,40323.64,415104.72,562789.88,18878.74
3100725373,41123.92,418101.66,561728.94,19768.00
3104387402,42654.72,411899.38,549077.63,18698.88
3108049465,45123.52,420388.00,564821.00,18463.91
3111711381,43077.22,422431.69,565078.88,21143.02
3115372121,42168.61,421846.81,566170.88,19813.20
3119033902,41269.91,414136.63,558651.38,20602.26
3122696011,43596.97,413844.66,572383.88,19091.88
3126358227,43058.22,428354.03,569561.63,19469.06
3130078767,39706.53,430380.97,570992.00,18682.83
3133741984,42178.05,421966.94,583127.31,20917.01
3137401043,40281.75,422451.41,585099.31,19997.54
3141062942,38099.96,424149.56,578163.19,20727.36
3144725254,39508.73,427966.81,590978.56,20718.27
3148387005,37145.91,428359.94,610997.19,19387.51
3152049481,35766.53,428504.97,623888.69,18060.29
3155710059,34654.92,418759.72,710682.44,20120.40
3159374022,33437.22,408503.91,738872.50,18036.21
3163037471,33047.53,417876.47,754404.75,19300.06
3166699472,34038.52,414489.03,760198.69,19007.38
3170359975,35201.58,410782.56,726786.38,20501.47
3174023033,37206.34,405911.41,700214.81,21072.32
3177683415,38386.04,407137.97,686011.31,19875.75
3181346055,39186.55,404673.28,658056.13,22114.18
3185007483,39323.57,394666.50,609065.88,22651.51
3188728097,42331.71,411674.31,587675.69,24304.58
3192391688,42475.80,400277.63,586680.94,21427.79
3196053913,41424.39,405443.94,571215.63,24226.45
3199714331,43321.75,406380.88,563507.00,24024.29
3203373297,43187.92,405272.81,569235.06,23523.07
3207036691,43219.43,408720.34,572333.13,22420.67
3210704001,43544.21,405388.25,557475.38,21985.66
3214367025,41978.25,411325.22,559812.69,22986.80
3218029135,42384.22,417757.16,563059.00,23776.69
3221690876,42469.43,428667.97,579084.06,22566.42
3225353331,42054.96,425982.25,583222.69,23143.76
3229015033,41723.80,411094.50,600964.81,22076.77
3232677305,40814.48,415814.72,637996.38,22601.95
3236337995,39746.42,415235.38,648404.63,23479.40
3240001256,42404.29,399821.72,673390.06,23941.09
3243661617,41671.28,408141.13,687510.38,23356.78
3247324034,40173.76,412563.47,671763.44,24361.46
3250985843,43056.21,389934.72,660271.63,24506.86
3254698521,39828.09,403558.38,661070.63,23078.97
3258361955,40980.17,404468.06,673376.38,26527.08
3262024351,42018.13,403228.66,673070.50,24103.60
3265701899,42921.32,397276.34,667640.19,25422.20
3269364260,45678.20,407346.16,657627.13,23444.94
3273027570,41972.93,396896.44,649232.06,25453.83
3276690339,45118.21,413579.94,618909.56,24874.84
3280351110,46545.27,401563.31,624925.75,23936.01
3284009970,45303.38,403435.78,607340.81,25755.25
3287671748,44511.25,406286.59,597398.81,24135.11
3291333823,46976.16,402322.75,588994.06,25098.72
3294995036,45440.99,396759.66,580680.38,26424.99
3298653871,47407.39,389280.78,582538.81,25674.76
3302315730,48591.46,396455.88,580351.69,24272.13
3305977935,45343.63,400726.22,592257.88,25222.75
3309641572,46322.46,396106.78,599132.38,26912.88
3313302756,45687.64,401467.59,632495.94,25789.94
3316963003,46097.75,398758.28,650124.06,26008.04
3320621845,45123.52,390762.59,662390.50,25316.34
3324283465,47067.50,394937.22,689975.75,26389.35
3327945516,45822.18,407332.69,689065.00,27607.76
3331606523,45381.63,391789.25,688853.25,27380.70
3335268941,46098.70,402929.72,673739.75,28613.86
3338930826,45589.22,399882.75,670689.75,26194.63
3342651109,47061.01,394960.00,658595.19,28026.02
3346316798,47295.75,399289.81,651384.00,28123.26
3349977647,49194.64,409110.63,648879.31,27572.95
3353642474,50352.86,402560.19,631760.56,28588.13
3357305810,49872.18,405484.44,619981.25,26583.26
3360967105,46890.12,400861.94,608001.13,26599.54
3364629416,50582.64,396393.22,594681.69,28236.91
3368296079,51101.56,407849.63,597732.31,27281.68
3371956686,48963.33,393465.44,627621.25,28774.72
3375618043,51148.65,395782.47,601184.81,26455.68
3379280159,51453.73,403592.97,592782.06,27952.37
3382942027,50263.17,409957.75,583513.75,28140.73
3386604232,50697.12,405830.56,597162.44,29482.23
3390266171,50368.91,407143.88,590983.25,28341.36
3393928305,50605.18,402941.41,596642.81,28418.19
3397590093,50468.29,404295.16,595142.88,28430.46
3401252246,49832.64,408967.59,594557.56,28143.80
3404914055,47719.90,410178.31,606930.25,29692.77
3408576510,45671.83,410817.50,635456.63,26562.84
3412237912,44709.99,410211.25,688308.13,26321.02
3415899944,42841.19,390529.16,758228.88,26068.23
3419561267,44802.99,402278.72,764203.50,27038.57
3423223225,45298.07,402408.91,756682.13,29433.02
3426883883,45189.14,403481.69,749476.13,28360.83
3430546108,48194.33,399966.66,742394.63,30573.30
3434207848,51010.45,398329.88,707088.81,30904.57
3437870307,48980.32,402724.72,675997.69,29790.25
3441530984,50211.83,403502.91,654940.31,31175.30
3445193636,50567.77,411872.22,620821.19,32000.72
3448855404,50707.86,412580.91,601802.50,32938.01
3452517677,53580.75,409041.00,591040.13,31706.85
3456179589,53846.29,411703.47,590354.13,31892.38
3459841562,53012.14,403455.00,570765.75,34095.52
3463503230,52252.11,399470.75,564630.00,34006.42
3467161857,53975.40,402102.66,563347.44,34417.59
3470825652,52364.82,408021.31,554136.75,35067.75
3474486325,51236.34,410988.03,563528.44,32785.06
3478148126,51915.53,418158.28,580575.69,32960.79
3481806790,51635.83,429708.06,585991.63,32872.98
3485468633,50029.14,416281.22,585601.69,32032.70
3489130982,49573.24,412153.69,612142.00,31339.11
3492792813,47532.72,420511.78,626784.50,33470.39
3496456272,46323.52,400812.13,686566.13,32655.00
3500119980,43214.24,404151.19,788084.00,31029.20
3503782661,43053.97,409468.22,848678.75,31195.84
3507443440,42948.58,409628.72,829254.56,31429.75
3511105685,47006.96,403963.19,809091.94,34335.80
3514766130,45867.74,408422.81,792342.81,32894.58
3518428343,47677.30,411856.78,777922.06,35710.35
3522089509,48733.08,420737.81,751719.75,34889.30
3525751898,49953.38,399705.38,748863.81,36570.23
3529413750,49422.89,413718.13,730610.00,37034.50
3533076662,49895.66,409636.50,726274.31,35517.16
3536740899,51751.60,408486.56,719809.88,36246.62
3540403273,52203.96,403592.97,720009.13,37924.71
3544064907,54354.36,416738.31,703530.25,38257.63
3547727244,54284.37,406448.41,705665.44,38406.93
3551388527,52738.34,399941.88,694247.50,39917.07
3555050756,52151.45,397936.06,665063.94,40079.46
3558712580,62586.17,415939.56,649861.00,42317.90
3562375435,23832.51,416498.03,503439.53,39064.16
3566037001,26984.40,417350.22,519492.69,39239.89
3569699456,25322.60,416886.91,506062.47,42665.34
3573360518,27813.23,415116.53,475092.38,42897.01
3577023271,27498.36,413871.91,450558.16,40590.95
3580685230,28512.37,420853.56,425556.78,41137.73
3584347648,28190.77,419179.16,494375.44,41512.55
3588009478,25937.70,409062.34,488099.31,39987.18
3591671698,24791.40,416617.22,493079.88,38538.52
3595333175,19805.17,409021.75,500014.09,37388.79
3598995330,19984.44,407726.16,496872.69,36147.96
3602656712,18261.04,413344.63,508131.78,34662.24
3606319162,17824.61,407232.50,516134.53,35776.80
3609980069,18134.64,411928.53,522472.75,35999.26
3613643719,17633.07,414650.72,519697.56,33511.69
3617307868,16867.73,409292.38,530732.75,32158.62
3620970867,17746.36,414738.28,533338.25,32315.35
3624632556,17150.14,411699.56,540969.44,32148.24
3628295069,17225.20,413338.72,535201.00,33226.32
3631960249,17806.55,404458.28,525852.75,30003.87
3635620539,19041.60,408326.41,518298.97,32486.71
3639282521,21640.93,405590.16,537155.75,29629.04
3642944651,20547.74,431264.00,542375.63,31350.44
3646606574,19418.67,417054.94,549648.56,31759.49
3650268781,17480.71,413724.03,546206.13,29961.73
3653931288,18729.09,417346.22,542275.94,28980.66
3657593546,17190.15,414812.50,543686.69,28588.13
3661254877,16889.79,417960.63,544886.00,28939.71
3664917022,16286.49,421937.31,561538.69,26657.72
3668578916,15060.17,410908.50,578321.06,28335.22
3672241070,16643.61,404809.72,581038.56,27800.96
3675902647,15162.97,400268.06,604838.00,27349.19
3679565472,16409.46,408471.22,602042.69,28529.83
3683229494,16754.55,410939.53,601617.31,30258.67
3686892622,15379.41,417127.19,656684.13,28744.98
3690553167,14639.44,437011.53,491754.06,22828.78
3694215604,16533.50,417682.69,514293.44,21325.83
3697877210,15372.45,408150.69,516938.94,20424.76
3701539697,14993.38,412543.97,522093.56,19691.41
3705201531,15330.55,418011.47,526295.19,19735.78
3708863988,15734.88,416455.06,532357.88,18443.85
3712525600,15581.10,414968.41,533727.69,20140.58
3716187904,16298.41,406945.25,524558.38,19440.86
3719850217,16590.50,412769.28,529081.38,21142.07
3723513123,16565.48,415799.00,529954.31,20403.64
3727176823,15556.20,425453.88,533363.25,19376.54
3730836047,15334.56,421868.63,542412.69,20223.19
3734497858,16801.64,415691.75,544855.88,19717.61
3738160279,15927.72,422865.19,551469.44,20946.28
3741822444,16245.54,436263.91,561035.13,21904.82
3745484645,15845.70,428197.19,557444.69,21324.76
3749146648,16183.58,424518.94,556631.75,20155.69
3752808821,17410.61,429668.28,562542.44,22203.17
3756470647,20910.88,421842.91,558990.13,22455.13
3760133458,18836.49,418395.28,572070.56,20767.72
3763794124,16770.60,440330.78,621738.88,20958.32
3767456415,16489.48,430173.75,671316.38,20572.99
3771118030,16246.48,415906.41,656416.38,21596.56
3774780942,17870.75,415020.94,665637.50,22468.35
3778444819,17072.96,428268.59,655434.81,22068.63
3782107146,18159.66,429988.69,612028.00,21217.72
3785769164,17982.16,425517.25,590771.06,21505.68
3789431766,20584.09,418044.88,565012.06,22861.23
3793093011,19809.19,421093.50,559791.19,21970.55
3796755457,19539.40,416226.59,555159.25,24078.22
3800416950,18800.38,424360.81,531130.13,23739.16
3804078781,19089.75,408749.38,525984.25,24378.81
3807739399,19253.80,416623.13,528930.88,22566.42
3811402363,18791.29,412580.91,542236.50,22460.21
3815063980,19641.13,408399.69,539882.50,22661.54
3818726831,20117.45,414518.28,551668.81,24211.11
3822387497,20738.45,414383.88,544511.63,22397.42
3826046423,20827.20,426949.03,541891.19,23341.56
3829708577,21088.49,422059.47,544658.13,23489.55
3833370765,21692.50,420749.47,562354.44,23270.63
3837032902,22308.32,430636.03,477227.69,16842.71
3840694760,22830.78,439749.19,504435.59,18023.23
3844356816,19433.77,417260.19,500766.31,20630.47
3848019126,17851.63,412582.81,512053.38,17085.00
3851680601,18419.65,415054.09,533159.44,18733.11
3855400879,17605.10,405807.56,516284.53,19314.10
3859064641,17490.74,417440.03,539981.88,19426.81
3862727337,17746.36,413266.84,541918.94,20452.03
3866388449,17944.87,413342.72,533138.81,20495.34
3870051243,18500.97,409174.34,528739.56,20224.25
3873713131,18026.30,407585.25,521152.63,20169.85
3877375845,19027.56,422356.88,518836.06,75342.53
3881037143,19261.82,416611.31,522922.50,20388.53
3884699506,18903.88,418005.59,528452.81,22204.11
3888361374,21073.50,408878.72,526731.38,21115.75
3892021985,21289.48,412530.41,531493.50,21804.74
3895683815,21093.69,404153.06,533979.88,21955.33
3899345999,22919.88,398185.31,527933.88,22189.00
3903007960,22697.07,406633.22,537199.50,22346.91
3906666707,24681.64,409646.19,530273.94,21311.66
3910328590,24433.69,420333.00,544279.25,22197.15
3913987550,24590.18,416455.06,544337.19,21035.03
3917649464,22712.29,422874.97,538979.44,20192.98
3921311909,24798.60,420484.28,538589.44,20717.21
3924973898,23856.82,415149.56,551504.38,19285.90
3928636071,22314.46,415005.47,558289.06,20323.98
3932297638,22658.59,413043.31,598270.25,18957.10
3935960273,23131.61,408289.69,663817.94,19510.25
3939624020,25144.39,410635.28,669128.25,20162.77
3943286166,26665.87,418722.41,629400.81,20037.90
3946951094,28255.32,418216.94,622352.25,20123.47
3950613719,27302.10,409391.03,609553.38,21635.97
3954275666,27979.99,416027.50,591445.06,21956.39
3957937915,30069.60,403654.47,581660.25,22502.69
3961599690,30438.64,409296.16,564491.81,22727.52
3965261802,32004.85,412483.78,551704.06,23842.66
3968923273,31434.82,407359.84,555619.06,24038.57
3972585906,31399.89,432433.78,544362.94,24130.98
3976247757,32229.79,423462.69,539251.88,24610.48
3979910025,32076.01,409725.50,537008.44,25122.08
3983571977,32916.29,426507.19,558506.94,24171.57
3987234751,32640.49,422189.41,544976.75,23913.71
3990896261,32084.27,418544.09,552995.75,26510.68
3994558689,32317.36,428757.31,552363.81,25908.20
3998220679,33085.77,454186.00,555543.63,25229.95
4001883264,33176.76,426251.69,556006.06,24679.64
4005545300,31685.26,412056.69,547171.38,25157.61
4009207914,32725.22,462299.78,555789.00,23481.53
4012869766,36991.78,423058.50,565996.31,26411.78
4016532461,33729.08,416173.97,562409.19,25895.92
4020194370,35236.87,427226.50,565924.69,25649.38
4023856758,33144.66,414115.16,594180.81,24326.06
4027518542,32084.27,450963.88,636712.31,23092.19
4031180658,30442.65,416285.00,641466.06,22988.81
4034841407,31199.97,412856.72,615242.50,24793.53
4038504169,30223.73,415715.09,601434.88,25434.48
4042165617,31944.07,416873.22,590813.00,24588.18
4045828140,31098.00,410951.09,586653.94,26724.05
4049489924,31124.91,423460.56,562435.38,24676.57
4053210242,31859.45,417285.69,559682.19,27612.84
4056874316,33700.05,472008.72,552293.19,25176.02
4060537230,32340.13,442274.75,547509.75,26641.32
4064200852,32234.86,420130.84,557823.06,24399.11
4067863909,32342.14,421933.56,549618.00,28284.95
4071525831,33001.03,426822.19,579057.38,26800.53
4075188667,33566.57,468421.22,568810.44,25399.90
4078850130,34071.57,460995.13,583628.56,26617.95
4082570414,32850.20,495078.47,580266.38,27224.44
4086234314,32799.57,461429.88,584663.44,26958.90
4089893355,31872.79,428765.31,576947.63,27727.31
4093555226,30606.23,471207.16,579336.88,28888.49
4097217762,30983.88,435866.31,586752.13,25082.43
4100879718,30459.18,413887.38,598923.00,26403.63
4104542629,29096.55,514534.69,623099.50,25141.32
4108204299,28793.13,465509.97,628073.50,27109.97
4111866593,27955.44,416963.03,683524.31,25866.30
4115530551,30212.40,442876.53,710174.38,24267.05
4119192865,29682.39,450547.88,684476.00,25461.97
4122854660,31547.06,415057.97,658584.44,25198.32
4126516791,31774.95,414900.06,628011.38,26557.76
4130178651,32925.62,415420.66,603738.81,26761.82
4133840870,31583.17,421056.09,599035.25,27079.40
4137502754,33591.35,419995.22,580617.13,28333.10
4141165185,33849.10,416380.84,564160.19,26587.27
4144827063,33667.00,428518.78,572620.00,28695.64
4148742536,34966.02,423500.09,572511.69,28403.79
4152403806,35336.47,422636.56,557943.63,29993.60
4156066322,34426.91,418256.25,556511.25,28815.67
4159728118,33479.71,424222.50,578641.75,29738.92
4163390356,35919.24,431154.22,582624.38,28716.30
4167052325,34378.17,429453.25,585449.81,28871.02
4170714782,34516.14,431778.91,579188.50,30032.54
4174376730,32901.89,418313.03,584685.50,26552.69
4178039455,33484.90,420519.59,595095.81,28361.78
4181701262,33311.18,418285.53,607164.50,27958.63
4185363746,32675.66,420464.59,612788.63,28175.54
4189025195,32891.51,421858.59,645399.25,28683.49
4192688248,32549.62,404690.66,698073.75,27338.92
4196352082,30819.25,410645.09,728405.81,25920.47
4200014296,30453.04,413243.59,740553.31,25689.16
4203675801,30903.51,411699.56,727126.88,26373.07
4207338159,32711.77,417158.47,713918.63,28635.34
4211002908,34953.63,421315.72,690388.19,28560.52
4214665375,34899.69,419336.00,678206.69,30127.08
4218326652,35001.42,415721.00,636169.13,30396.51
4221988939,36182.18,407828.38,624642.63,30483.84
4225650700,36919.91,409222.75,607015.88,30654.61
4229312950,37316.80,432841.41,603726.31,32062.56
4232974810,37740.13,418152.41,603244.88,32030.69
4236635401,39255.59,413140.56,602140.38,31582.23
4240296685,38731.71,420612.00,590041.13,32248.20
4243959137,39027.58,414416.91,574788.13,34896.50
4247620965,38753.78,422884.88,562297.19,33237.77
4251283272,38849.96,420533.41,570753.69,33744.54
4254945114,40523.80,419514.56,576448.38,33973.38
4258607617,37411.69,419404.69,590013.88,33733.21
4262270490,39221.01,419455.78,600704.94,32813.03
4265932607,39888.87,424123.84,618850.81,33711.38
4269594233,37905.95,419677.28,633364.44,34316.10
4273256249,39791.50,419194.72,673709.81,33452.80
4276917758,36251.93,409176.25,723182.38,32146.23
4280579487,35248.31,409126.09,796307.13,31205.16
4284240160,33860.43,392893.06,787512.94,30982.70
4287902438,36736.75,431306.00,779744.56,32419.56
4291573617,37817.20,434819.13,761676.00,31409.10
276995,38587.61,406038.41,740579.88,32044.03
3938882,38597.05,403951.63,733919.56,32539.35
7601349,38927.27,443572.13,711333.88,36145.84
11262712,40719.00,416644.50,691593.50,34299.46
14931822,41572.50,408550.28,663669.50,34803.27
18593765,43569.47,409890.00,632184.00,35497.45
22256242,44580.05,419296.81,611270.56,36354.84
25917964,43127.85,416709.03,592401.25,38230.49
29580011,45367.93,415684.06,587673.25,38383.91
33241689,47092.99,409715.94,578780.19,39005.63
36903869,47057.82,419149.75,575402.50,38581.36
40565998,46748.97,416695.34,564572.81,39153.03
44228125,46478.36,417992.00,582143.31,38052.99
47889943,47035.52,424882.44,585415.44,37894.50
51552422,46324.70,426752.91,587491.38,37040.76
55214412,45827.49,418693.03,619635.81,36288.28
58876632,44629.62,419451.75,644858.13,37644.18
62538663,41425.34,411428.00,682327.63,33748.67
66200915,40803.86,402173.47,756778.56,34521.33
69864971,41437.96,404719.56,778597.94,35045.91
73527168,43122.42,411055.66,764328.00,34594.85
77188823,42731.67,408087.06,757293.81,35841.23
80851182,44165.93,392819.41,756832.81,36719.04
84512410,45322.38,397323.91,754609.06,35519.16
88174162,47744.33,407961.50,748481.81,36018.96
91835565,47190.71,400884.81,734521.44,34765.98
95497721,47939.06,409843.50,727001.75,38037.41
99159224,49025.17,405253.72,698248.25,37530.53
102821695,49764.31,428691.81,694093.50,38772.54
106483261,51366.98,408629.47,657326.88,37081.36
110145401,52881.14,417739.56,640260.50,37649.38
113807238,52136.34,406390.69,626924.00,39761.05
117469595,53946.49,416185.63,618651.44,39885.68
121131319,54832.80,407195.78,615336.69,41735.37
124793786,54329.69,414993.66,608230.56,42006.57
128455443,53481.73,407886.31,603307.56,43309.13
132117965,55097.04,410155.06,601779.81,41212.20
135779397,55334.25,412903.34,603615.94,40145.44
139441738,52916.55,416750.00,643423.63,40823.80
143103760,53147.51,420056.13,676118.25,41529.43
146817069,53668.91,418354.22,718223.75,39810.27
150480432,47767.70,397734.47,752292.00,39022.39
154142746,48175.21,397920.81,803846.75,36335.13
157806504,44879.11,410422.38,830598.75,34492.30
161469805,45759.63,411270.94,827700.50,38253.50
165133290,49201.02,403186.50,824333.50,39498.35
168795571,51338.07,402062.53,808513.75,40191.58
172459742,55114.27,410798.03,784743.81,38712.00
176122031,57456.44,400516.25,762415.38,41503.11
179782549,58025.63,398996.31,743132.69,42886.50
183444965,57569.14,407890.09,726838.63,43225.80
187106757,62410.09,403014.09,717146.81,43022.46
190769590,61203.01,400348.31,729345.31,42789.50
194433512,63681.25,413228.00,717641.94,44384.50
198095924,63284.60,400388.31,718840.63,41958.30
201757395,64268.04,388816.97,712057.25,44373.99
205419791,67749.78,404644.63,712071.50,45613.53
209081601,69408.27,405318.97,697646.13,47868.72
212743885,68629.84,403249.78,682545.94,44395.12
216405474,68156.47,402188.69,681775.69,45132.96
220067684,66939.47,411575.41,699380.31,49251.17
223729314,66146.98,405811.34,707800.13,47477.49
227391511,68271.53,411719.03,728306.69,45579.66
231052864,65974.09,404477.63,731382.31,47240.51
234715086,66063.31,398202.41,754284.50,46532.53
238375880,66882.12,394270.91,768986.63,46165.61
242039403,64054.07,407612.28,786745.81,43528.40
245703430,64828.14,411916.97,784299.19,48066.63
249365961,63593.57,401251.75,817049.69,47175.72
253030045,63499.39,407118.84,826269.56,49013.37
256692600,66663.90,419489.06,787506.69,45492.80
260353848,65997.23,432871.38,776660.56,46098.70
264016927,69872.91,405353.66,752510.94,46168.80
267680731,70853.16,402033.72,743824.06,49143.54
271343185,72586.13,403675.47,754074.44,47253.26
275007796,73986.04,397865.72,718924.31,49107.19
278669980,77455.75,409607.59,723669.31,49652.31
282331469,77818.18,400405.56,721393.19,50050.50
285994284,77730.38,399549.00,714615.50,50324.07
289655535,77615.55,400670.97,708492.06,50278.04
293317726,75434.35,403443.44,733846.13,50682.13
296979188,78791.82,387050.84,699000.06,48703.34
300641362,80038.44,387479.72,691582.44,49299.21
304302681,79269.09,410962.66,697882.56,48073.01
307965210,78738.83,411286.50,709652.13,48748.07
311626752,77922.86,399907.53,724931.50,51525.48
315288973,76457.56,405346.00,727263.63,49226.63
318950596,77251.11,412374.97,726623.38,49632.02
322613484,73748.00,390532.94,751767.63,48964.39
326333858,73612.76,398449.78,785814.44,49255.42
329997258,73494.50,403083.00,786661.81,49162.66
333659859,72558.27,385896.66,812229.38,48126.23
337324446,75880.69,390781.25,793724.06,46055.27
340986474,75806.70,395295.28,782938.81,50412.70
344647754,78594.50,417600.53,773142.25,47910.26
348309964,79998.90,390045.66,749774.94,48807.78
351973977,81149.80,452004.22,750196.63,52430.32
355636322,81577.02,390461.31,735873.13,52784.49
359298210,87459.59,392957.13,475314.97,51827.61
362960695,89644.21,397012.22,490766.13,51268.56
366625088,79692.65,410585.00,488489.94,54071.35
370287794,77638.09,392609.81,505510.25,55848.10
373949540,71783.02,402627.13,503236.91,55757.46
377611286,69156.90,405913.41,529395.75,55419.46
381273031,69469.29,395869.69,523802.34,54527.84
384935182,69151.23,405042.22,533141.06,54843.54
388596893,68188.56,395302.84,535063.06,55532.75
392259061,65994.04,402768.84,557870.25,54177.80
395920779,64888.45,410668.22,572668.31,54602.19
399582932,64081.57,400163.03,595775.81,54381.38
403244398,62284.29,402862.69,592532.38,58410.72
406906686,59878.98,402801.44,611668.00,59724.49
410567773,61906.16,394530.19,639515.63,54201.52
414288092,56176.54,389705.41,703824.81,53063.72
417951591,52744.72,388167.75,759581.81,50830.71
421614148,54674.42,391210.72,753059.81,49944.76
425277991,56634.92,386487.56,742252.38,52809.16
428940432,58498.64,396395.09,732893.19,52345.46
432601151,60472.48,392326.81,720508.81,55226.38
436263790,59563.52,394628.63,693167.06,57042.90
439924471,62363.00,395962.56,695497.63,53072.21
443586879,64301.08,405763.19,680997.69,56664.07
447248628,63527.83,398946.88,672098.88,56708.56
450960738,67771.84,398438.34,676477.38,58026.70
454624582,66565.71,414325.44,670872.06,58691.84
458287089,65028.07,416587.84,645898.44,60326.50
461948750,66373.93,415748.38,635122.75,58955.84
465669521,66451.00,392947.81,637750.44,60102.14
469332937,68115.52,403631.31,653968.31,60479.09
472995087,67310.28,402514.16,647326.56,59809.34
476655425,66973.70,400869.59,624894.81,62202.38
480318257,66835.85,409915.16,625167.88,61605.80
483980060,69360.71,416304.72,609164.44,61389.71
487642389,66669.33,415268.53,611759.25,64690.77
491304171,67109.41,398539.34,631018.38,64813.75
494967029,65363.35,410242.19,680854.31,63047.03
498628283,60965.21,399703.34,717092.19,60396.25
502290573,59212.30,396938.22,768671.94,58201.24
506010791,58435.63,392700.34,788933.63,58155.69
509674263,57701.44,389882.09,786914.25,58469.38
513336550,57802.23,391725.16,766241.38,56640.35
516997838,61567.57,394006.06,737165.25,57874.93
520660256,63372.29,393868.13,729056.31,59238.38
524320699,65845.34,402805.31,728201.88,59926.89
528041111,64819.41,408017.44,701312.81,62394.87
531704745,67341.20,404003.44,695716.31,61288.10
535367019,69458.20,405005.75,685933.56,62708.67
539028505,69056.11,407679.91,675655.19,61719.34
542691058,70710.95,394747.94,673698.81,67028.81
546352833,68839.08,403734.81,665572.50,64405.29
550015246,68758.23,397320.00,662094.06,66002.77
553676579,69353.98,411658.84,660812.25,66576.69
557339053,70220.12,405244.16,642775.69,65021.57
561000356,69215.55,408552.28,638836.75,65914.73
564662836,68648.72,409004.28,639851.25,64149.55
568324424,64734.68,406380.88,665504.88,64565.55
571986210,66274.80,401911.34,690854.00,62766.74
575647895,68363.23,400031.44,706176.56,63273.62
579310467,66938.41,409182.16,718800.25,64274.76
582971794,64284.56,408867.03,748103.00,62870.59
586651909,63678.07,401339.53,780499.50,61520.71
590313840,68250.41,401813.84,746532.44,63072.05
593975814,66162.45,403575.75,788649.31,63603.48
597636329,66249.55,406525.34,786346.94,61342.74
601299022,66382.78,397223.09,765182.19,65009.42
604962249,67527.67,399270.72,753254.81,64231.92
608622557,69177.79,398358.56,733224.44,65420.59
612284445,73236.52,405376.69,718592.56,63406.27
615946068,73683.21,411433.78,714827.81,67232.98
619607396,74050.84,409191.81,706904.00,67640.38
623269678,74739.94,408059.91,704161.88,69279.75
626930927,76007.44,399457.53,691230.63,66629.68
630593352,77028.41,396710.31,677435.00,70747.65
634255052,78334.03,406026.72,682316.69,69218.86
24676,74221.84,396907.75,656279.81,72723.26
3689717,76019.84,398208.09,673663.31,69948.32
7352171,78179.66,403085.03,643571.25,69494.78
24675,74034.20,382014.00,631251.69,72448.98
24675,76874.40,378848.53,631690.38,71759.65
3687889,75625.06,406215.44,640389.06,67943.09
7350130,78924.83,405584.38,639927.25,71899.85
11015736,77332.06,410852.31,663326.63,73001.07
14677779,73935.77,402611.88,685140.69,72377.70
18342052,76912.63,408780.19,713663.44,71461.42
22005112,74356.27,405015.44,729321.88,71187.73
25666362,72924.13,406558.16,733843.31,67515.63
29328613,69526.88,411563.84,754284.50,66007.26
32989250,68289.12,394740.25,806436.88,65759.42
36651438,69621.06,407247.97,796600.13,65856.31
40313047,71027.59,402322.75,776750.00,63926.85
43974827,74987.30,400604.06,775013.38,66047.97
47636302,76010.87,396896.44,751968.50,67671.30
51356491,78086.20,397435.91,737229.94,69322.95
55019559,78628.25,398406.00,725759.63,67956.30
58682251,80064.40,392194.63,719172.13,72925.19
62343483,80608.58,424785.56,691378.50,64561.19
66005660,85028.09,411765.53,698763.44,71379.04
69666671,85371.63,404147.41,692353.31,72457.95
73329248,84998.46,403307.38,679606.50,75605.95
76991127,86001.26,405342.09,672314.38,74300.20
80653613,86566.32,396344.00,669457.13,74379.63
84315149,84833.00,407924.91,656585.13,77525.50
87977382,87996.34,405907.53,636973.75,75121.72
91638955,86808.97,406627.44,639421.19,74192.93
95301465,84944.88,414746.06,654993.81,75549.89
98966718,85055.47,413665.50,692127.06,72004.53
102629121,85370.57,407178.56,727234.50,73343.67
106294653,84616.32,415834.31,730759.06,71700.52
109957070,79205.83,408843.91,772497.63,69715.47
113620655,73507.84,401188.59,830638.06,70906.50
117283374,73291.16,399167.78,840176.13,65511.94
120946996,72627.31,403153.94,841327.69,65108.32
124609336,73963.73,399758.72,834038.50,70214.57
128270641,79894.93,398291.88,791026.44,72828.05
131932708,82814.32,405894.06,772614.19,70712.01
135596561,84290.24,401733.50,757453.75,70624.20
139259731,89027.69,406207.75,734879.63,159628.77
142923762,92936.66,394867.25,718881.00,75711.34
146586317,90453.93,387766.50,711754.06,71332.30
150248741,90534.65,399028.78,712563.63,89383.04
153909804,93833.82,397302.88,719746.31,77532.23
157571528,95919.66,399772.03,700020.19,82105.74
161234060,97708.80,404477.63,690800.94,75757.24
164895302,95534.45,412293.44,685947.44,79872.27
168557768,97142.55,400065.78,696213.19,82877.93
172219001,96405.53,385567.72,696892.88,75674.40
175881225,97722.84,402033.72,702157.81,80280.38
179543063,98213.67,395342.63,710676.69,78794.06
183204955,97392.27,410263.53,711937.06,77888.99
186866824,98093.18,410575.34,734069.31,79700.55
190528958,93720.05,404563.91,738828.13,78303.59
194193479,93560.14,404780.94,742963.69,79617.00
197856271,85812.66,400041.00,801311.63,72235.02
201520454,83567.15,403044.78,815867.25,69851.78
205182883,86661.21,394903.25,819215.69,73016.65
208847060,84794.30,396264.22,821652.63,70358.90
212509501,87482.61,402537.19,798578.38,74473.69
216172953,89285.32,389947.94,781781.88,74147.02
219835167,93436.10,388304.66,757257.81,74021.80
223496568,93496.29,389096.69,749754.19,71850.88
227158623,93574.06,400172.72,738193.81,76502.52
230820041,98274.45,390894.31,741639.19,79210.43
234482164,97762.49,396366.78,751542.94,79512.91
238142808,98307.27,403677.47,723159.13,82407.75
241805474,103901.40,405738.28,718451.38,81419.48
245467026,103437.23,404055.25,720344.19,82432.65
249129219,103327.48,409495.38,711605.44,83621.91
252790516,105227.44,407571.81,717005.81,82938.23
256453330,104836.68,392462.66,703649.19,84128.56
260117475,106429.68,395534.16,714036.13,85637.77
263780303,106396.52,396983.78,735764.38,80549.69
267441609,108073.89,400226.06,734333.44,80481.83
271104282,102910.99,412555.66,736579.44,82982.61
274764904,104909.02,404391.25,739657.81,79405.75
278427240,103272.01,401658.91,726149.19,80424.12
282088948,96236.53,388132.13,767106.69,76142.10
285751091,93829.10,389228.16,811142.69,73121.57
289415060,92652.00,388287.78,814808.44,69938.29
293077601,91974.11,395009.22,814335.63,75657.52
296741783,92925.20,389906.50,801352.81,75089.27
300404257,90778.00,399394.63,798290.88,75219.20
304068414,99133.50,411119.88,766808.00,73729.00
307730566,101750.53,388854.50,755195.38,79203.59
311391037,101489.24,390335.38,743174.38,81666.60
315053297,102252.11,391468.81,727403.38,76711.53
318714951,107244.70,388529.72,722791.13,76496.98
322377153,105699.03,390975.28,733338.81,84057.87
326042487,108348.99,403489.34,723907.13,85173.01
329704317,110455.36,408917.31,711196.63,87033.44
333365036,113771.53,388336.53,706278.63,88415.30
337027685,115908.59,393010.13,707914.00,87268.17
340689361,114425.11,395371.19,708059.06,87534.18
24676,109405.37,372632.81,694754.50,94445.27
3745047,119782.73,398670.72,726178.25,91403.49
7408432,118108.30,407756.97,729748.13,91740.79
11070738,117847.61,408208.50,734536.06,90951.02
14731432,116100.59,404277.94,732626.56,88563.41
18393955,112751.15,422437.59,715979.44,85308.85
22055683,115031.24,411556.06,754506.94,88770.30
25717920,109586.88,398130.19,750821.63,84231.00
29379220,101144.75,399045.88,806204.25,78202.21
33041100,100138.18,398786.84,823001.88,73620.66
36704945,101360.02,399684.34,826129.38,74787.02
40367225,100242.63,396230.13,803659.25,77373.61
44031423,100937.87,393917.22,800751.06,76348.75
47694533,105058.09,393711.16,768213.94,77526.68
51358126,111370.82,394723.28,759044.13,81500.08
55020722,110804.58,398428.88,749258.13,81044.41
58681513,115185.61,402952.72,723550.31,84450.98
62344102,116458.30,400182.28,734392.13,89880.24
66008564,118508.62,395843.25,725971.81,88931.15
69670902,120321.84,396336.44,724098.75,85263.30
73331421,122720.06,399135.47,723191.00,94645.07
76994067,122204.45,400376.88,721754.69,94979.65
80655716,124105.70,392585.28,716568.56,91667.97
84318084,123131.00,390216.91,720375.88,99775.63
87979318,125316.68,398859.19,695601.50,87145.55
91641588,127737.92,403663.91,722365.44,94908.84
95302311,130210.50,397785.94,739084.81,94613.80
98964975,130945.74,412652.69,729695.50,94336.22
102626742,125363.41,406958.81,755375.81,88399.13
106289186,124216.05,405061.47,743981.50,91723.44
109950420,121520.89,409636.50,745880.50,91374.58
113612239,116567.00,397023.66,780536.81,86372.89
117273521,109660.75,409673.34,812075.38,84186.63
120935526,107128.22,399345.06,827618.94,77917.31
124599286,105950.53,394922.13,826207.56,84554.72
128261681,109461.42,388218.41,802716.38,78522.27
131926566,111833.45,399345.06,799181.88,81761.84
135588916,114580.41,454342.50,779710.69,86048.11
139252457,118831.40,398055.97,753455.88,88443.98
142915263,118504.96,393915.31,749921.38,86744.88
146579375,125569.83,403387.84,748428.13,86130.37
150241705,123452.84,388503.53,731496.19,89681.03
153903364,122180.02,393291.59,735893.75,92621.78
157579236,129085.44,395308.50,724954.75,93257.54
161241311,127286.50,391504.69,719051.19,98238.22
164904047,129491.18,415830.28,716698.13,100409.27
168565360,131737.88,390378.69,713462.81,97705.26
172227693,135096.17,397852.38,724617.94,94390.74
175891815,134855.06,394447.00,703082.88,98949.63
179553965,134767.61,408739.59,727505.44,98689.88
183215385,138283.70,420162.09,738223.31,105916.07
186877924,141112.69,417579.06,739941.50,101244.71
190539558,139471.55,412326.47,744682.38,98576.23
194201894,134338.16,409412.16,757429.50,94362.89
197863285,133633.34,409671.44,769830.19,93903.34
201525133,124592.52,404815.63,806261.63,86635.01
205186382,115286.98,406406.03,836571.63,80921.09
208848737,119035.33,397633.56,823855.75,83360.15
212512198,119735.29,407282.66,817807.63,84696.10
216174553,119425.38,396550.75,801394.13,84174.11
219835314,121120.93,399301.16,785120.13,87015.02
223497966,125378.16,398883.97,790995.13,91359.59
227162449,128885.05,395462.06,775453.50,90423.95
230824476,129362.43,402789.97,756085.88,95540.35
234485030,130028.40,401454.25,740402.63,100793.30
238147529,135834.14,412757.72,736541.19,97538.27
241809131,136984.22,409358.00,734083.94,97463.44
245471635,142069.81,410567.44,736020.13,96621.15
249132069,140245.50,405734.28,741402.44,101699.91
252794565,142485.00,408502.00,735946.88,104726.69
256456352,144988.97,396488.22,729911.56,595207.44
260118722,146951.23,409944.19,742210.88,106821.62
263780148,146633.53,400319.66,748192.31,105598.25
267442390,147177.13,404408.47,736844.38,101977.72
271103981,147290.89,414323.44,753656.88,107186.41
274766427,148837.03,412138.13,764753.56,104636.76
278430765,146226.73,416496.03,785415.75,101163.52
282093937,142584.95,412759.59,781431.50,99569.34
285757470,132483.86,409104.84,828467.50,97263.88
289419864,125255.31,406169.28,864173.63,107894.04
293081332,123155.43,404660.09,866345.38,92019.30
296743373,123354.88,404444.94,851781.94,91064.08
300406953,124863.61,401974.38,827380.94,90682.17
304069231,126517.98,411381.50,810528.06,97559.27
307729808,135049.91,707435.69,792217.44,97100.54
311392199,134801.36,428655.94,782026.69,101036.65
315053523,137454.63,405946.00,764179.19,102147.30
318716114,136751.02,420963.56,753801.00,102782.48
322380192,139685.75,405578.59,766137.88,105646.87
326042547,138246.05,402544.84,770846.06,101789.36
329704166,143973.66,403131.06,762858.19,107115.13
333366628,147101.94,405682.59,758325.50,108254.81
337027061,149394.19,394274.69,744011.00,108590.81
340689532,145861.00,408714.56,768889.00,109395.80
344351379,152552.56,411779.13,764160.88,107499.15
348013777,145621.53,407195.78,755039.00,110704.14
351674349,150842.03,413714.25,770246.31,112172.75
355336812,132058.53,414399.44,762576.25,116518.73
358998312,135780.31,413150.25,771691.44,112779.95
362660660,134067.19,419388.97,769417.63,108558.59
366322608,144049.78,411856.78,519319.56,118141.00
369984997,141439.95,420126.81,521076.13,115078.34
373646485,147804.50,416183.50,594079.31,113592.26
377308958,149296.95,416248.06,650945.06,110631.21
380970301,157385.84,405872.94,730791.25,116231.01
384639353,157440.48,414607.88,748040.19,109884.16
388300846,154931.67,401060.56,751782.75,115042.10
391964099,151373.11,406538.91,782479.63,110106.27
395627955,152655.72,413521.63,778483.81,109585.58
399290958,150879.33,412031.31,766235.38,108540.77
402951349,153024.41,415391.38,753311.81,115396.74
406613976,155881.25,407328.81,752136.31,112299.85
410275687,157313.03,410844.53,759210.31,114622.67
413939197,159073.02,407413.78,753987.19,113565.95
417609446,163043.47,412118.75,758256.13,114698.55
421269279,161207.23,427099.75,741645.19,115201.30
424933849,163850.13,408944.47,748049.38,118145.84
428596504,163520.27,407230.50,737563.13,111024.80
432258281,167906.61,412314.78,739333.00,115145.84
435920427,173946.84,420217.09,730764.94,119143.55
439582052,174752.78,411453.28,729999.25,114799.81
443244428,172693.50,413959.38,726591.31,115898.91
446905840,175365.30,424196.88,740633.19,117507.24
450568451,172665.41,419855.97,751180.63,116125.97
454229175,178878.42,422386.25,750011.19,116611.73
457891792,177035.83,427397.28,745154.94,115151.86
461553482,172692.08,431886.53,739710.88,117001.30
465215763,175351.95,427732.44,740642.06,115996.63
468877229,181002.97,425343.19,741965.00,20575.94
472539759,180990.81,422264.34,736747.13,20958.32
476201167,183685.86,413640.25,728493.50,16481.46
479863840,181157.34,427718.63,738881.25,17142.12
483524642,186658.48,431521.38,734271.81,17892.82
487187526,184616.89,411466.84,720245.88,18761.19
490849323,187016.78,432170.13,724562.94,18604.47
494511682,191646.23,434783.03,710314.13,20173.86
498173427,194110.91,423011.03,686768.63,20236.29
501835634,193818.81,429662.25,689101.13,20464.18
505497186,196959.97,442767.00,691200.06,21310.60
509159741,193611.22,427768.19,686438.44,21295.61
512821100,197426.13,428395.81,678646.44,22154.54
516483761,201822.16,429387.63,677654.63,23127.59
520145617,197917.80,428282.53,686460.63,21714.69
523808148,202516.92,427147.31,680124.13,23016.19
527469608,205750.94,431481.38,675783.94,22943.25
531132187,206111.14,422634.56,684852.63,25613.74
534794068,200225.50,423385.75,713480.19,22774.96
538456393,191431.20,428205.09,729289.75,23238.18
542118215,196656.78,437381.53,756275.56,24470.28
545780579,188638.69,436902.84,771385.19,23204.66
549442077,192244.83,420486.31,766275.06,24353.32
553104526,189158.78,426675.47,778845.19,23165.12
556765803,190179.64,428334.09,773559.75,22895.57
560428580,190646.05,413644.25,780629.44,23883.26
564089042,191923.34,419279.09,767262.13,24144.19
567751616,193910.05,428139.47,757483.81,25562.88
571413545,195394.23,433135.28,745984.81,22926.02
575075969,193515.86,435832.19,730481.50,26893.52
578736780,200739.11,430500.41,671910.75,27388.96
582399506,208836.63,431623.13,633900.56,25690.10
586061443,213758.30,426627.91,606464.50,26431.25
589723890,219861.31,430743.66,629548.31,29223.65
593385772,218436.38,429246.47,594701.38,28856.62
597048315,219895.89,444175.19,610893.50,28831.13
600710127,218636.89,441353.63,574884.75,30616.49
604372658,224814.27,435685.63,569156.00,29977.19
608034108,223595.86,451821.41,556315.13,31379.24
611696999,222166.55,450535.50,569816.44,30014.13
615358311,226740.78,455575.19,571242.19,31002.29
619020662,229474.64,454581.34,586126.50,30434.51
622682515,227137.08,448657.13,592722.75,30441.71
626345057,223042.11,450861.44,621859.50,28631.21
630007340,221801.05,465727.59,645256.44,29181.64
633669799,224656.95,453982.06,706037.31,32668.46
637331538,219164.89,453716.41,704813.94,32730.42
640994443,216925.75,454175.50,738848.69,31038.40
644655049,215073.13,450531.59,751713.81,31722.31
648317598,214317.94,448097.25,748717.63,32329.75
651979587,214482.69,446891.47,756248.56,29759.45
655641884,209714.31,433997.75,733702.44,32102.80
659303746,212203.66,447936.16,738335.44,30770.86
662966016,212419.27,449642.69,720867.13,33163.30
666627873,219121.70,463081.19,688639.06,31462.68
670290205,220038.94,456853.53,672453.50,33054.85
673951680,226963.00,454410.34,677245.69,33104.41
677614347,222581.61,445883.13,664115.13,34834.31
681276305,236453.83,448636.59,634010.00,38331.75
684938690,237936.36,458888.38,633879.94,37004.29
688600879,233761.14,447956.47,640297.25,36331.95
692263762,232172.05,453362.59,617339.25,37287.54
695925325,236066.27,462181.19,617066.25,36323.69
699587632,240586.20,480066.47,606117.31,36318.49
703249696,233657.53,454113.78,608412.31,38805.00
706912076,228381.56,455599.97,614073.00,36923.10
710573957,225711.08,453582.69,648415.25,34584.47
714236439,222620.80,461773.09,697668.69,37575.26
717897833,214584.41,445118.16,761303.31,35677.07
721560682,201717.00,445657.13,815867.25,34264.29
725221613,216856.72,452400.63,777746.06,36862.67
728884209,218522.89,442193.69,776204.63,34356.46
732546000,213619.50,455243.06,764616.69,35883.84
736208297,217229.30,453430.44,757224.75,38228.37
739870166,217357.34,444526.53,766814.13,38406.93
743532630,217537.33,450242.69,759975.06,36301.86
747194411,221277.77,462276.91,744415.06,35434.07
750857525,223611.78,449227.63,740656.94,37996.70
754521926,220292.08,457457.44,736555.69,38382.97
758184199,223856.08,448105.50,733007.50,37995.64
761846067,229840.38,449446.31,715896.06,40163.26
765508329,230368.03,462639.34,727566.44,41153.30
769170146,226932.31,451285.97,705898.13,40477.66
772832490,232400.64,451552.69,715778.19,38994.18
776494650,232654.61,452723.16,716562.88,42171.79
780156803,233660.59,462316.44,732588.31,44381.31
783818923,234182.70,446261.84,700657.94,42200.12
787480988,234261.06,467734.72,711468.19,42179.11
791142968,236211.77,456489.94,703892.81,39961.09
794805416,234534.98,462643.47,715689.06,42695.91
798467290,232093.92,465074.97,747751.19,42763.30
802129725,226739.36,452525.84,762445.75,41769.00
805791724,214005.89,466927.50,784883.88,37543.04
809454204,206433.31,450197.59,831093.00,39180.29
813114982,209120.45,451027.50,861269.06,39977.85
816777658,207406.48,446740.66,848688.81,41433.83
820439307,209305.16,436782.25,839362.88,39509.80
824101048,213485.08,440926.88,815867.25,42326.39
827762775,216853.77,453150.75,800130.63,42009.75
831425145,219123.13,460388.50,781577.25,43149.92
835086707,220606.13,458190.09,765139.56,45827.49
838749227,222899.67,458871.63,757547.19,45392.36
842410030,223086.97,452262.91,748732.50,43040.28
846072836,225197.58,462866.50,743657.88,46026.71
849734582,231499.94,459331.91,734345.25,46066.01
853396959,223352.97,437699.47,723133.13,44587.37
857058776,229793.30,444939.13,709749.19,47115.30
860721297,230794.55,456624.13,702757.38,46534.65
864382765,233855.80,456008.66,707174.13,45833.87
868045632,232006.94,464414.53,701290.31,47170.53
871707485,234652.06,465294.47,709195.88,48197.52
875369722,231997.97,461007.75,703493.31,49031.54
879031639,233140.38,471508.69,713213.69,46994.09
882694130,231922.91,466525.16,751138.88,49037.91
886356039,229292.66,464429.31,773065.38,46773.29
890018247,229451.16,452486.78,779191.31,46491.11
893680049,230540.11,465447.06,802954.44,46053.26
897342302,220582.98,463754.94,843917.63,48838.59
901004240,218632.52,454536.03,858184.56,47352.16
904666558,217734.53,452947.16,842003.50,49734.45
908327051,225906.63,455111.13,823492.13,47026.08
911989976,219423.47,463921.94,804829.13,50130.64
915651432,223623.59,453387.38,793523.06,51191.38
919313733,224107.92,455709.25,798648.00,50163.68
922975486,226210.28,457478.09,776780.81,50733.47
926638422,223446.09,458604.22,764364.31,50334.69
930299132,228542.89,450941.47,760961.31,53194.84
933961795,229634.67,447544.09,758986.63,51304.91
937623274,229981.41,455599.97,767393.50,51667.93
941285875,230532.78,455909.63,766439.44,52454.98
944947343,231974.36,456250.22,749592.69,51208.61
948609678,239553.91,463419.06,725716.06,54106.75
952271441,230001.94,449290.88,732245.63,52566.63
955934082,238699.22,463840.50,746332.88,54046.57
959595742,233635.45,466123.09,749601.69,55000.97
963258153,234906.63,466238.25,754630.25,51711.83
966919846,233404.86,468104.25,767579.38,52099.87
970582102,229078.22,460839.34,783705.69,52959.51
974243574,227189.72,467053.19,809494.69,56764.74
977905850,219596.84,454161.09,819241.75,54075.60
981567778,205381.20,449585.44,858278.88,50783.74
985230245,195089.03,450136.25,881538.56,50080.48
988894414,198004.30,439002.84,869057.75,51991.65
992556864,194587.34,454550.44,873075.88,49692.79
996218151,196919.59,441007.72,845157.13,52326.23
999880130,201869.95,446826.31,824613.06,51970.17
1003540770,204529.70,451729.13,809805.00,54592.51
1007203208,203617.44,458722.56,775893.56,54429.77
1010865037,210689.97,451355.59,765906.44,55029.06
1014527232,208813.84,449337.97,755986.63,53553.73
1018189023,213093.39,448201.47,746764.69,56817.73
1021851571,218608.09,441452.75,751049.19,56748.57
1025513351,223569.77,459329.91,756245.38,59235.07
1029175265,227611.16,444558.97,721317.94,58699.51
1032837096,228421.22,449716.56,699467.75,58052.66
1036499666,230050.56,451271.56,704210.13,58530.16
1040161389,232167.67,465196.19,685426.19,58711.43
1043823915,234684.52,453611.59,689694.13,60642.43
1047485394,230210.72,458722.56,685523.19,61779.52
1051148320,229418.83,458169.44,733567.38,59820.32
1054808747,223042.11,455053.41,762925.13,82400.91
1058471319,225002.27,460454.84,801397.19,57347.15
1062133114,212426.34,451928.22,841228.44,55932.36
1065795345,200390.61,451692.06,863386.44,54715.25
1069456109,186897.81,450988.69,888240.75,55031.18
1073118578,189734.23,438619.75,884195.00,55382.88
1076780064,185016.27,452801.31,880947.25,57565.84
1080442142,180234.45,434749.03,879583.00,51808.37
1084105960,189037.94,434765.09,848548.63,54245.66
1087768451,196396.91,440761.19,832974.69,58228.39
1091429797,193315.36,433009.47,806424.25,60708.99
1095092109,200166.72,456822.50,795094.81,61657.14
1098752846,196948.88,441195.84,766046.56,61020.79
1102415357,205746.81,439920.91,783270.94,60506.24
1106076856,202726.16,452047.41,766183.56,61551.28
1109739201,212964.75,455938.44,772755.50,62887.12
1113401007,214578.63,456372.16,766153.13,60142.51
1117063783,219736.92,448334.22,769515.44,63827.12
1120724517,218494.09,448119.78,749449.31,63229.84
1124387212,221174.97,449810.63,764951.25,63073.23
1128049068,218948.58,451138.31,762279.06,66322.13
1131711484,230142.97,450136.25,743999.19,66315.63
1135372868,231976.02,455763.06,763923.75,66929.55
1139035497,227823.47,450433.06,801698.38,64959.97
1142697365,219790.50,441790.78,792688.00,58160.17
1146359857,215847.91,460756.25,847257.75,63917.05
1150020594,196324.56,453450.97,847577.81,58524.73
1153683274,190278.66,438204.81,873892.06,61309.93
1157343499,179896.33,448926.91,907703.06,54536.45
1161005848,183783.70,435589.31,896002.25,56431.69
1164666534,185720.00,434450.44,880156.19,61154.03
1168328852,181716.98,432092.22,875306.50,57720.91
1171989588,184867.56,441657.06,858005.94,59901.87
1175651919,192668.63,429119.25,833401.44,60450.65
1179313652,191341.64,442700.09,823228.94,62209.93
1182976049,196576.17,434119.88,816024.94,65061.11
1186636578,201443.67,429642.31,804253.56,65355.80
1190299182,204483.20,448162.75,807948.44,68643.17
1193960222,208381.31,434682.81,803789.50,63039.24
1197622720,203986.00,448428.28,793896.81,67726.53
1201284573,209116.20,436915.00,801438.50,69659.88
1204997256,213299.09,447876.78,792945.13,69969.33
1208660829,214276.39,439957.13,784062.94,71883.09
1212323287,216628.13,441003.72,788971.19,72993.16
1215985129,221537.16,451926.19,795796.69,72760.08
1219647559,227116.55,467707.59,797912.13,72969.80
1223308655,226200.02,465618.78,810128.13,73248.79
1226971650,220866.59,470244.34,813879.25,72259.57
1230633305,214015.92,457968.56,840354.69,72715.47
1234295593,210164.91,461122.09,856957.56,67280.42
1237957316,197373.27,458134.16,874904.69,69462.68
1241619690,185280.75,449583.44,907699.50,62074.45
1245283038,181540.66,452330.66,917992.50,62868.47
1248945386,181059.86,449593.72,907045.50,63185.93
1252609316,183545.77,440328.66,886194.81,65040.22
1256271522,190999.97,446263.97,869989.75,64019.02
1259932940,198480.97,445606.38,853810.38,68688.48
1263595383,194908.83,444323.41,847257.75,69634.40
1267255871,199230.38,438787.13,826921.13,69692.10
1270918338,202403.16,441369.81,826174.88,71429.20
1274579999,209923.20,447417.72,836594.63,74733.33
1278242289,206231.16,441634.88,820519.06,76227.42
1281902937,213047.59,459002.28,823118.63,77273.53
1285565485,211935.41,444187.34,807836.69,73373.89
1289226854,215324.14,450820.50,838382.00,80668.53
1292889366,216077.69,439999.63,813612.81,79597.64
1296551149,214519.97,454138.56,796650.56,78550.48
1300213639,224553.44,461363.22,804145.44,80580.25
1303875264,228185.31,459661.88,811562.50,81951.38
1307538228,230899.11,462120.75,826943.81,76065.86
1311202596,224003.13,450734.34,843967.50,80142.53
1314865600,217013.44,463012.38,848361.75,86531.86
1318526296,217887.36,457691.22,871610.31,74400.99
1322188783,209916.13,449884.38,889816.50,77003.74
1325850610,187226.14,435464.94,906686.81,70411.06
1329512751,178391.61,443308.34,935843.00,70017.13
1333176560,180354.70,453191.94,926927.00,69855.09
1336838972,184091.36,439662.44,905490.38,69953.75
1340502808,192868.89,443669.72,888543.94,71288.99
1344164926,198504.69,441821.09,870054.75,76856.45
1347825501,205969.86,443533.66,849757.44,77392.73
1351488460,204963.77,433717.56,830471.31,77584.03
1355149702,209006.92,446023.56,839065.31,87479.07
1358812093,216218.48,443756.81,831345.38,79080.61
1362473503,212289.33,442378.03,842527.25,79321.01
1366136128,221801.05,447591.19,836008.31,83477.34
1369799975,223069.61,458983.63,841576.00,88488.82
1373520198,221004.08,446899.72,836555.13,89811.09
1377184001,221018.59,442037.66,816082.88,88210.89
1380846779,228469.48,452663.47,821085.75,93623.75
1384508569,225241.36,456898.97,813972.38,90381.34
1388171232,230901.94,461898.06,828536.06,90455.11
1391832717,235969.84,465553.88,822901.25,90457.47
1395494989,232300.45,462787.31,835037.75,92420.56
1399156826,225930.00,460999.38,855648.50,88656.41
1402819217,227211.66,452221.84,872897.69,90248.81
1406479857,219952.31,464268.44,874955.88,88465.81
1410142394,206561.95,450699.53,902087.25,83834.70
1413803782,197128.25,452316.25,941079.38,81667.78
1417465641,192780.50,447985.13,957106.63,80467.20
1421126184,193156.39,446410.56,940118.75,76210.55
1424788766,200736.16,446200.84,926161.81,79961.61
1428452944,209622.03,446883.31,894314.38,81696.23
1432115447,212173.67,444502.09,877301.13,80985.52
1435779251,218407.58,443509.22,860271.25,89328.98
1439441531,223100.19,441721.84,852505.50,89909.04
1443103336,222639.67,446337.25,855668.69,89638.55
1446765775,227576.09,464007.50,855043.06,92677.37
1450426309,229509.94,449121.28,840500.31,91685.32
1454089063,237301.08,456248.22,842716.19,100119.41
1457750837,228721.69,456746.16,847687.88,97164.62
1461413507,236797.02,447217.66,831322.44,99619.73
1465074104,239739.08,443052.97,833624.75,103523.51
1468737011,236057.28,460866.34,842630.19,101772.84
1472398826,237882.89,462556.00,833555.81,103263.75
1476061271,247872.11,465591.53,833181.44,103381.77
1479722897,240207.95,462637.31,836970.31,100857.97
1483385883,239464.33,465922.09,855009.44,105260.60
1487050098,240681.91,465683.59,883141.31,97737.95
1490712878,233397.53,466263.28,903477.44,91239.45
1494374593,227499.98,455742.28,914777.25,98097.90
1498036919,208598.23,467116.06,942162.31,88314.27
1501700981,202761.33,447760.44,960939.94,86870.69
1505363489,201844.58,439787.53,964098.19,87727.84
1509028360,206017.78,443580.25,941661.31,84431.63
1512690353,211129.94,438253.19,915063.69,90614.20
1516354355,215814.98,434154.00,915612.25,92473.67
1520016730,222388.53,425616.03,883342.06,91664.43
1523678151,223950.84,446186.44,875114.13,96752.86
1527340487,232052.73,443336.78,855658.44,99950.53
1531004737,231541.13,451367.97,859801.44,104077.48
1534667095,232710.67,447236.19,854411.31,98779.92
1538328610,238733.33,435071.69,854592.75,105017.95
1541991364,237030.34,442343.56,861180.94,105139.75
1545652613,237479.52,422778.44,842358.25,103871.77
1549314926,244841.42,448507.94,851697.88,106824.09
1552976560,241341.86,449804.50,842059.75,109147.73
1556638951,245011.61,445264.50,843127.69,111455.91
1560300860,248094.45,448021.84,833578.69,107028.26
1563962711,250034.89,459139.19,836670.31,106207.92
1567624110,248618.45,463928.19,859159.63,109313.43
1571286815,241777.70,464836.56,880242.50,108937.78
1574948584,243052.28,471907.47,905302.38,108621.73
1578610951,233418.19,456932.13,926342.94,105132.79
1582275430,232368.19,454039.66,946577.44,101188.18
1585937739,215764.70,450168.94,972964.56,97065.48
1589599036,211667.38,445699.97,996972.69,95588.03
1593261064,211483.28,433149.31,973409.88,92673.83
1596925077,217183.27,435787.94,960744.50,91337.52
1600587362,229781.61,439793.69,921319.69,96913.84
1604248693,236483.45,445726.41,912833.88,100295.38
1607912964,238412.91,439852.09,887419.13,101342.31
1611577180,244743.47,443081.28,886052.44,104624.96
1615238051,242083.25,458523.47,885295.13,112296.31
1618902436,246121.09,438738.72,878237.94,108206.07
1622564989,251212.70,445205.59,859227.38,108810.20
1626226646,251299.45,443624.88,867778.94,111348.16
1629889242,253929.34,440684.34,871309.25,114116.84
1633553029,255053.34,434404.44,871333.25,113073.10
1637211932,249989.45,442651.47,863986.81,124390.13
1640873882,255339.64,431784.69,862752.44,115888.05
1644536108,257066.36,434855.25,859119.19,115145.84
1648197922,258151.41,443223.25,850165.44,121969.95
1651860195,261563.28,454056.19,862240.75,121361.09
1655522050,257588.58,452733.44,884704.94,118218.65
1659184194,252872.97,459263.56,913019.75,111702.80
1662845950,252615.22,455670.19,929404.69,119346.30
1666508589,253017.89,454554.56,940910.06,110692.23
1670169076,231370.23,453272.19,974849.75,100370.55
1673831345,220316.63,449661.22,1023783.60,96185.20
1677492969,219255.89,431182.31,1024552.60,99823.90
1681154825,230932.98,441094.81,987796.00,98275.63
1684818580,235254.89,435198.09,961120.25,97919.10
1688481011,244057.44,437977.16,932848.31,101364.62
1692141503,252444.56,435555.22,904766.94,105007.22
1695804000,252276.98,431146.31,915314.69,108495.57
1699465293,257508.69,431315.91,888871.56,115284.63
1703127735,264675.16,445726.41,886987.75,112942.10
1706788383,264106.44,437031.50,888136.44,115855.36
1710450883,266128.66,435440.84,892307.81,118493.98
1714112677,271650.81,443470.75,879817.88,120856.45
1717775190,260441.41,448426.16,862959.06,119002.64
1721436301,268301.00,438237.03,874125.31,121317.20
1725099031,271422.91,440571.19,857328.50,120357.01
1728759700,271217.22,448608.03,860514.63,126244.77
1732418615,266819.19,464633.94,852716.75,127782.30
1736080463,279935.84,429926.84,855739.13,126125.45
1739742796,275710.94,440272.13,866212.56,127041.38
1743404633,275551.16,454428.88,890755.69,125201.26
1747067062,265122.91,454192.00,936073.69,120912.39
1750728498,263101.06,444136.47,955501.94,123230.13
1754391058,253652.83,447344.19,975375.88,118275.66
1758052734,239327.08,448193.31,1001520.80,106623.23
1761714764,239153.94,443557.97,1055459.00,102864.97
1765378488,245887.17,431256.09,1038513.60,100158.13
1769040886,246045.56,450123.84,1015643.90,95982.56
1772704958,262123.52,468257.53,976116.13,105792.74
1776367481,266580.56,424931.91,958455.19,111962.91
1780031732,270051.31,435645.38,942475.75,115797.41
1783694038,267591.72,436109.31,920202.06,117380.14
1787355659,272400.91,441910.09,911354.75,116495.72
1791018068,276353.56,444538.81,900145.00,122082.30
1794678700,279227.63,439375.91,901317.06,121653.78
1798341276,278682.28,445860.72,903976.94,126178.32
1802002769,285451.84,438275.38,877631.69,127411.13
1805665469,282706.31,450041.94,882635.63,123468.77
1809327124,282458.34,449317.56,871507.69,127305.03
1812989693,284889.97,447266.75,869480.81,129379.66
1816651062,284006.25,458736.84,859605.50,134008.64
1820313395,284699.03,461207.31,879431.31,134145.91
1823974875,283612.09,474888.81,871928.75,132600.70
1827637235,283202.22,477682.63,879248.31,126628.80
1831298703,285673.59,470103.34,906818.19,126223.88
1834961467,278515.41,465051.97,940888.00,127577.53
1838622586,275146.47,480265.09,962847.19,116685.49
1842285004,266451.19,460421.56,1002684.50,113737.89
1845946285,257708.48,460560.81,1043580.80,107432.59
1849608475,261922.17,458707.94,1062060.90,106585.23
1853272605,265550.84,450683.13,1048935.60,105770.31
1856934748,270060.75,446320.84,1016967.60,115195.29
1860595969,277927.78,444991.97,1005711.90,113653.63
1864257999,280686.31,451277.69,985997.56,113386.67
1867922146,290344.03,462351.84,946099.94,123536.16
1871584970,286261.94,456954.78,947574.13,124031.00
1875245722,289722.78,447976.88,946810.88,122121.36
1878908189,293015.34,447024.13,948145.19,128413.09
1882569976,292672.50,451792.84,933034.63,130200.59
1886232401,297756.22,452879.44,927202.81,133437.56
1889893153,295789.34,462810.22,905774.19,133523.59
1893555722,295417.34,451054.28,919899.44,138805.58
1897217517,298855.78,458415.72,905646.50,132350.73
1900880297,294827.03,462747.78,890029.31,137218.72
1904544996,299773.34,467644.44,886038.56,136536.69
1908207876,303699.31,477187.19,898685.75,143813.75
1911869711,304324.47,466562.81,894310.94,137079.45
1915532303,304638.72,468952.78,904547.19,135954.28
1919193925,305415.41,483788.84,945075.25,135644.02
1922856016,299484.34,470065.44,968137.06,131233.59
1926516613,298742.72,470812.97,992096.44,131562.63
1930179374,289865.09,469232.38,1020361.80,126436.78
1933840653,288444.88,471234.53,1088577.10,123496.97
1937503184,296830.00,464822.06,1061374.90,120851.50
1941167044,297027.94,453247.41,1071966.80,123308.50
1944829259,302268.34,457945.78,1023287.00,127338.31
1948490092,309062.59,465873.94,1004277.80,129067.98
1952152515,308626.19,463492.00,996563.63,129251.02
1955813513,309079.25,457593.97,976864.69,130252.63
1959476120,209407.47,453058.34,945729.88,128306.88
1963137781,181416.03,461677.38,928226.75,134454.16
1966800263,223813.95,496355.66,913163.00,134353.14
1970460898,233888.25,458728.72,939137.19,134818.83
1974123662,207024.47,458757.75,921785.00,141929.38
1977785513,193168.78,464017.88,905682.00,141501.80
1981447779,226580.03,449761.53,897355.31,146429.48
1985109772,246560.11,458548.50,902133.25,145752.66
1988772014,260021.63,467990.81,907692.44,142219.09
1992433030,275778.94,471637.44,900236.94,139175.67
1996095671,304749.66,473538.34,911087.31,141319.81
1999757571,313424.53,467837.63,915364.75,141319.81
2003477895,313432.91,468610.28,926549.69,138961.59
2007143667,315188.28,465443.06,940214.56,140239.13
2010804442,315127.75,473504.47,933600.63,136850.03
2014466498,312693.66,468171.28,960864.75,134334.38
2018128600,316678.63,463825.88,953914.94,134903.81
2021792760,316040.03,469629.84,955786.13,135839.20
2025455311,245686.67,465763.13,508395.31,70727.70
2029117144,246134.55,465606.16,431355.94,77617.79
2032779293,268648.22,468058.09,435934.53,72752.29
2036441079,262309.16,470343.25,436830.50,76352.05
2040103523,270782.19,477142.59,458401.34,75753.94
2043764937,282087.53,490411.25,462729.03,79067.16
2047427773,292055.50,466883.47,467644.44,78838.09
2051089539,297131.06,477431.72,482391.88,80072.30
2054752083,292126.91,472855.50,480640.84,80061.09
2058413732,295657.16,459010.53,488366.84,78839.15
2062076128,288444.88,457829.91,497586.94,78287.89
2065737844,289973.44,466610.97,490181.72,81742.60
2069400260,289157.00,461350.69,487812.41,77478.29
2073062110,292669.19,483653.72,491400.72,79006.14
2076724520,294789.50,476420.31,513333.16,77014.84
2080385622,296013.09,494762.66,517542.47,80981.04
2084048420,298873.84,491075.81,517591.78,77782.19
2087710361,293026.66,487243.44,517672.63,79723.09
2091372679,287965.84,489995.84,511690.22,78188.75
2095034552,293848.06,484069.84,517008.44,76044.50
2098696838,286424.44,485220.75,539106.44,77857.59
2102358690,264734.16,482655.16,543591.44,71324.52
2106020886,257976.03,466286.41,658082.75,68838.02
2109682349,254735.05,475406.06,752519.75,70964.33
2113344452,252914.16,470956.25,740423.25,70703.16
2117008756,248289.77,465775.53,694104.56,68347.77
2120671303,255477.48,472652.75,617875.13,71039.86
2124332953,256937.36,465899.19,568889.50,74572.12
2127995162,261897.39,463254.31,504109.28,72721.02
2131659727,267927.47,473773.06,481106.44,73948.04
2135321868,265664.50,478800.13,485377.59,76331.87
2138983799,266418.41,477208.56,476887.53,74159.41
2142646018,264768.41,460824.81,483199.22,80713.85
2146307844,279106.66,485257.22,472481.63,76924.91
2149970181,272685.81,477697.50,492571.78,77110.43
2153632073,269800.53,479089.97,495954.41,78240.45
2157294473,276112.91,475747.63,504184.09,77848.63
2160956085,274732.59,482665.78,508557.34,77856.41
2164618769,282314.59,481880.38,514945.97,78738.83
2168280670,281190.25,491223.09,520683.84,78033.20
2171943173,281156.72,490618.97,531568.94,76544.18
2175605103,281712.25,488997.19,534535.06,78183.09
2179267722,271886.59,483735.25,535747.81,77712.32
2182929470,264560.09,484917.78,556742.69,76293.75
2186592553,262849.91,475974.44,566974.69,75320.11
2190256705,236598.05,466479.03,628996.94,72936.40
2193919140,234194.50,480401.63,784404.94,68967.48
2197583660,228712.95,459018.81,757794.56,68919.80
2201246188,236433.06,448246.44,764923.75,70728.77
2204906843,237940.84,455845.56,700895.06,73552.56
2208569196,240693.83,457376.72,666807.44,74633.60
2212230726,247376.08,466596.34,631327.00,74225.27
2215892986,249400.67,462818.59,559449.88,74811.57
2219555056,254371.08,464705.00,536571.06,73669.76
2223217576,255531.06,455738.28,542445.06,76515.98
2226881971,257502.67,461373.72,513061.00,77414.09
2230544384,260101.88,460477.72,501468.88,76529.43
2234206213,265065.44,462558.13,496216.06,77857.59
2237868731,263985.34,467938.41,498850.91,78681.24
2241530529,266783.31,471966.59,497416.53,78760.20
2245192843,271190.53,468309.94,501754.47,80299.61
2248854328,270664.53,470600.31,505196.69,78432.10
2252517233,266714.63,479124.09,512138.09,77690.95
2256178874,265929.09,475647.91,511959.78,77123.88
2259841122,264752.81,473016.13,525680.25,76845.13
2263502391,263105.66,476358.72,529409.56,74530.57
2267164656,261965.48,477210.56,539935.63,76013.11
2270826563,256252.98,473235.97,558083.13,74424.48
2274488993,266719.34,466062.41,607051.06,73265.55
2278150731,248117.23,470612.94,675975.69,72847.18
2281813334,247459.17,466250.78,710405.31,70306.74
2285473855,241394.27,456202.69,755448.13,72776.84
2289136256,241102.28,460762.50,720517.44,69638.88
2292797957,244754.09,445748.81,681825.13,72589.55
2296460423,247150.78,458975.25,673256.13,71565.87
2300121081,253756.69,462906.16,627703.94,75390.68
2303783774,250782.30,470800.47,586398.75,74523.97
2307445199,251462.19,461558.75,571266.13,75195.72
2311107538,258548.42,473709.59,571340.81,77811.34
2314768989,261246.28,466466.50,558961.69,76099.49
2318431652,263642.28,462795.59,560515.00,76006.38
2322093455,262378.91,466460.13,561056.38,76363.27
2325755933,268038.41,459832.06,534925.19,76062.44
2329417649,265631.81,468022.34,530116.38,75725.85
2333080918,269161.47,469358.53,518177.63,77575.06
2336744929,272040.72,473728.69,530682.50,75765.15
2340408115,275160.63,466263.28,517623.19,77263.38
2344069815,264989.22,473402.97,533450.50,78034.38
2347732130,269765.94,464475.22,547432.81,77495.16
2351393934,260057.03,464895.13,597615.38,74113.50
2355056156,254868.17,466175.38,654067.00,71029.95
2358717810,247670.89,472405.59,717334.00,72192.77
2362380203,243125.81,468154.50,750229.44,70940.96
2366040681,232427.31,454602.00,802890.81,66666.02
2369703185,230109.34,450242.69,819797.63,68477.12
2373363858,228977.08,456297.78,794987.94,72714.41
2377026334,236906.89,450629.91,769093.63,71466.97
2380687633,233215.78,448005.44,741068.00,70423.34
2384349850,245335.56,456341.09,719319.31,70289.04
2388010525,245971.67,459686.78,696558.50,72977.59
2391672760,251707.31,446512.41,669269.63,77094.73
2395334481,246080.25,462645.72,655656.56,75609.25
2398996707,252542.05,449164.13,639387.19,75208.11
2402657968,257144.59,462620.69,621395.25,78070.50
2406320430,260128.08,461883.44,608417.38,78063.66
2409982086,254118.88,471028.13,593655.63,75849.30
2413644511,225060.56,472331.63,454391.81,78610.20
2417306136,241617.31,456419.59,467506.13,82438.31
2420968395,232647.06,467825.00,502301.84,77605.52
2424630306,250375.02,485147.81,520713.13,81045.59
2428292529,257642.39,486085.09,536002.94,80487.49
2431954635,260773.39,481653.66,522983.53,78886.59
2435617615,265364.03,478519.03,544360.44,81275.61
2439278243,267596.44,478951.44,558639.50,78166.21
2442941108,264303.75,499341.38,565649.81,78450.16
2446602994,267109.25,485282.94,574964.69,79571.80
2450265333,250846.27,471426.41,602673.44,75064.72
2453927017,242852.72,469057.94,776401.88,73050.16
2457588824,242888.72,485523.69,775668.88,74885.57
2461249484,250749.02,451585.38,739912.00,76766.53
2464911877,251903.69,470935.34,697221.75,77384.82
2468573649,254375.69,467598.41,649619.38,75939.11
2472235891,261102.55,483731.00,601182.19,79747.88
2475897197,266273.59,486610.16,567369.69,83928.05
2479559753,270415.16,466481.25,556168.88,78670.02
2483221441,268222.88,495893.28,533111.31,79456.49
2486883713,273451.41,477825.06,531667.25,82258.93
2490545673,278258.00,456043.81,525750.56,82591.62
2494207963,278315.22,477068.22,540617.75,85162.86
2497869433,271842.59,469768.63,541828.63,82223.76
2501532171,285736.28,473202.09,541886.44,86635.01
2505193520,277362.97,483752.38,547941.81,85657.23
2508855897,284849.84,487743.47,537734.00,84157.00
2512517786,283810.81,478729.91,558540.25,82725.80
2516180111,286879.75,483640.84,553934.38,84205.98
2519842120,283850.84,488429.41,562128.44,82393.95
2523504656,282994.25,480890.69,571478.19,84574.20
2527166458,277900.75,480882.19,571781.50,83025.80
2530828748,281509.50,477346.63,620042.75,83632.06
2534490229,275193.91,478553.13,628213.19,80167.31
2538152715,268154.06,478320.88,745901.50,76915.94
2541814473,259440.16,470366.38,807840.00,74313.66
2545476859,264365.84,473980.44,792923.31,78499.73
2549138178,266095.84,459711.69,751105.94,77253.23
2552800174,270885.81,474821.06,724684.94,81664.36
2556461447,274263.72,464414.53,668125.81,80882.49
2560123743,274547.78,480397.38,633799.06,81316.33
2563785574,284238.63,476947.03,609252.81,83770.85
2567448040,282456.81,483299.91,582895.19,83029.11
2571109745,293236.50,470629.81,561049.13,84826.16
2574772183,289355.75,475681.75,556095.75,84947.01
2578434039,294077.63,474308.63,549239.06,90374.50
2582096562,295476.00,479695.41,547981.44,83750.43
2585758054,295910.19,475927.94,560766.50,83004.21
2589420749,294225.84,479836.09,558182.63,84541.03
2593082807,299985.31,482796.56,573998.00,87364.47
2596745217,298365.53,491814.84,564300.88,83121.28
2600407580,306061.91,490935.03,571988.50,84374.63
2604070004,307275.47,494064.38,566037.00,84054.56
2607731857,303643.25,497669.91,558253.69,84144.49
2611394748,294237.16,480937.66,576429.06,83873.41
2615056368,296759.66,481696.50,622110.88,83833.52
2618718627,286623.88,483480.00,666693.69,74000.56
2622380464,269563.91,474160.41,777345.06,75783.09
2626042946,266356.09,473371.34,870926.19,76213.97
2629706889,263080.88,462597.66,859801.44,77134.15
2633369355,265908.91,464262.06,848849.06,78099.65
2637030777,271569.13,460477.72,790631.88,79350.40
2640693148,273375.75,472249.34,768189.75,82073.88
2644357607,280943.00,468801.47,731695.31,79968.34
2648020899,283939.00,470162.22,660599.63,81039.93
2651684588,285278.38,475204.75,666563.63,79493.79
2655343493,278529.66,476411.81,679138.81,77746.19
2659004917,283841.16,474655.84,672333.44,80286.16
2662667492,286099.53,467904.78,674754.56,80740.99
2666329248,284609.09,470617.19,691671.75,81522.62
2669991741,288682.09,465286.09,677783.75,84174.11
2673653449,293927.84,459807.16,677116.56,82379.19
2677315607,288099.69,466106.31,663512.88,81788.04
2680983415,288803.31,472980.22,669432.75,83009.88
2684644055,292539.25,486911.69,678041.81,85061.13
2688305371,294028.75,474272.63,673392.81,82550.79
2691967611,295844.91,470924.63,716433.44,80370.89
2695629113,300688.94,490266.22,710317.06,82880.29
2699291962,291667.69,487042.94,745580.13,83255.47
2702953675,291377.38,477757.09,752624.81,81018.34
2706615804,286089.84,478080.59,795148.31,81963.89
2710277046,284557.75,473098.59,813542.00,78674.52
2713939171,286006.28,464297.72,819312.69,83267.98
2717600968,287783.63,475136.88,798824.88,81413.81
2721263156,290149.75,472242.97,717990.31,84084.06
2724924519,299886.66,473018.13,417792.22,21374.33
2728586735,288193.16,480636.47,440557.00,12700.89
2732248646,291854.28,475467.69,457591.84,16836.69
2735911058,290860.47,485846.34,444333.44,14867.69
2739572960,297610.47,488381.94,462210.47,16551.56
2743235581,308591.25,479853.09,461084.56,16391.53
2746897544,317103.47,483555.03,482950.69,16559.58
2750560069,314467.09,475382.81,493357.91,16246.48
2754222013,305148.69,473921.19,489219.75,18189.75
2757884872,311961.69,481651.66,498752.47,17176.22
2761546389,310144.94,473891.69,534062.50,17881.85
2765209044,313936.38,492281.00,525675.75,17725.36
2768870900,302969.38,489440.22,541388.44,17894.83
2772533874,312792.44,497080.16,552142.88,18488.93
2776195696,318356.59,490694.72,539623.69,29048.40
2779858352,316821.88,491329.31,556586.81,18032.20
2783520560,307533.09,509646.88,551783.75,19680.31
2787182812,314835.19,482668.16,547941.81,19193.37
2790844668,307912.19,497549.75,564792.44,19834.32
2794506798,304253.28,479390.47,552495.25,18058.40
2798169469,306833.63,491790.88,569014.25,19737.67
2801831919,308516.31,490861.50,566288.06,19485.11
2805492549,309231.03,484694.50,558303.50,19117.02
2809155689,310545.63,490467.31,511576.81,20547.74
2812816580,319178.44,487441.59,524488.00,20411.78
2816475745,311265.88,494146.97,526765.25,21101.71
2820137676,317436.03,493433.91,538508.81,20548.80
2823800251,315977.59,505048.81,529338.88,21255.13
2827462081,318970.38,487659.44,545223.50,20694.08
2831124867,324120.06,490088.84,542530.94,20820.12
2834786832,323053.56,478487.03,528439.13,21912.84
2838449394,326645.03,494501.50,545584.19,21003.76
2842111199,327979.81,490854.88,532385.50,20492.39
2845770260,325017.59,487023.56,541363.06,21151.16
2849432464,331172.66,496578.00,540455.88,21280.39
2853094944,318736.94,476588.13,537199.50,21384.48
2856756923,318819.81,494275.25,539334.94,21364.18
2860419752,327390.09,499930.75,544395.25,21152.10
2864081585,327018.34,502328.16,537475.94,20000.61
2867744206,328965.16,494096.94,543350.00,21578.38
2871406206,321241.41,510871.44,533127.31,21253.13
2875068965,320250.53,497115.09,536552.69,21145.02
2878731217,317677.41,491420.19,530785.31,20827.20
2882393695,310702.56,481516.88,511385.28,19940.19
2886054978,319471.38,483010.75,527481.19,19716.54
2889767663,303758.91,483782.22,528363.94,18833.54
2893431287,312196.09,476968.38,517416.78,21092.51
2897093680,313513.50,488343.00,529772.00,21871.42
2900755685,317375.28,482488.06,532687.63,20925.04
2904475981,314028.78,484958.50,534727.88,21580.39
2908139728,318806.22,492333.06,534165.75,22174.84
2911802748,318851.91,487549.56,554593.75,22080.78
2915468454,324515.78,501532.50,543150.31,22041.36
2919130967,320379.41,490742.28,548467.31,21819.85
2922792856,328175.38,493559.97,560560.00,22459.14
2926455704,329898.44,484679.41,560790.31,23333.42
2930117618,331776.19,492424.28,557522.56,21141.01
2933780421,331562.34,484569.88,568232.38,22119.14
2937442525,334401.72,492339.53,569127.19,21729.92
2941105327,332502.84,472849.22,572745.50,24563.75
2944767234,334822.69,481610.94,559729.63,22646.44
2948430511,335571.75,486027.03,575482.31,22168.82
2952092409,327270.19,501089.09,578814.25,21594.55
2955755341,324657.41,480751.91,565212.56,20359.26
2959417312,328273.34,485106.84,558324.75,23245.14
2963079696,321925.78,493344.81,543433.69,21119.88
2966741648,304132.56,484754.56,537722.44,20687.00
2970403856,299397.25,483514.34,535134.25,18786.33
2974065598,292696.94,480760.41,585785.69,18309.19
2977727897,294910.09,471135.38,625727.06,18234.96
2981391998,302636.09,479415.94,605350.56,17834.64
2985054986,304438.47,479377.59,568357.13,19015.40
2988716292,305435.22,476067.91,549767.88,19772.96
2992378892,306533.16,473134.47,532685.25,19667.33
2996039482,314806.50,480412.38,546707.25,21207.69
2999698598,318295.69,479388.34,525093.06,21861.39
3003360424,320016.72,497645.94,560078.31,21499.55
3007019389,318897.56,493492.56,541810.13,21631.96
3010681298,331560.59,497226.50,544142.00,23126.65
3014343954,319769.47,490935.03,549573.50,22511.78
3018006133,324048.44,490647.06,547192.38,22935.11
3021668587,322920.78,476962.03,558277.38,22190.06
3025330826,333128.22,495021.84,572275.31,21976.57
3028993635,336007.47,492272.38,576186.88,23645.81
3032655567,340341.06,486907.31,582690.19,23304.03
3036318220,330909.00,500229.00,591743.75,21590.54
3039980085,330838.44,486614.53,591368.38,21450.10
3043639307,327892.38,492472.06,588218.94,22570.55
3047301357,333546.69,491448.38,591805.50,21744.08
3050963907,322908.84,510920.28,592517.38,19530.43
3054625976,307913.94,490876.59,589609.88,20640.50
3058288294,307493.22,484265.03,682777.88,20285.62
3061950209,295479.31,475745.50,785462.63,20315.95
3065612085,298998.47,471660.56,779701.25,19571.62
3069275727,307356.91,473995.31,709193.06,20122.52
3072938248,313743.28,480380.28,656004.25,21188.45
3076600108,310980.03,488634.38,585341.81,19300.06
3080262432,316163.00,482171.41,554664.31,21861.39
3083924302,313946.50,491455.00,550655.63,21550.06
3087586600,327873.50,487907.28,545824.13,21919.92
3091248485,327482.63,493266.56,551814.31,22414.65
3094911212,335299.47,485970.97,548320.19,22773.07
3098573091,315556.75,483683.81,547010.44,24343.29
3102235785,327181.09,482297.56,560327.38,21783.50
3105897660,326556.06,484228.56,559710.63,23298.96
3109560802,322117.91,476108.16,569628.88,23754.38
3113222705,334810.66,485534.56,582912.56,23673.19
3116885220,339333.56,473176.72,574442.44,24611.54
3120547118,337465.69,490705.59,586239.31,24444.90
3124209975,337300.34,498945.09,591667.19,25043.72
3127872000,333993.16,484522.66,587088.56,24149.27
3131534984,331170.88,496150.56,595083.31,23328.34
3135196838,321399.19,495869.31,599289.56,23473.38
3138859634,310877.94,494031.66,628430.38,20997.74
3142520928,302739.97,484662.16,760105.00,21022.88
3146213309,296226.94,482668.16,834725.50,20841.25
3149873994,298921.41,473356.34,820732.88,20343.21
3153536227,306401.91,478076.22,775447.31,20682.99
3157197541,315715.00,493142.88,706781.75,21932.08
3160859811,314178.19,473677.94,670752.50,22247.66
3164521014,319036.38,483473.72,605428.44,21546.04
3168183494,319244.44,483977.56,566895.75,23959.38
3171845339,318143.56,481497.66,569422.50,24078.22
3175507564,321840.91,481959.56,568213.13,24170.51
3179169460,324271.84,484576.38,570311.25,24224.45
3182832023,322213.16,484035.50,549409.81,23890.34
3186493917,316879.25,480339.66,543103.94,24988.84
3190156466,328252.69,477442.22,553574.44,25946.91
3193818461,324672.88,482158.56,561995.19,25395.88
3197480948,325357.47,490374.31,559314.75,25696.12
3201142840,332708.41,487855.59,574539.25,25306.31
3204805860,336994.34,490896.06,574710.81,25778.73
3208467757,326994.38,478201.78,594872.50,25931.56
3212130680,329963.94,494357.88,587501.31,25504.81
3215792647,328589.03,497844.69,595473.00,25587.31
3219455121,327566.66,497482.03,603227.44,23703.52
3223117092,322794.75,488019.53,625850.75,22980.66
3226779335,309691.16,475238.63,685828.13,21571.30
3230440438,302707.03,487607.63,841400.63,19821.34
3234102916,300725.06,470518.03,825341.69,22125.27
3237763513,307644.50,482066.50,823888.19,22622.13
3241426495,316019.84,475037.28,769497.00,21943.29
3245087964,317206.50,474759.59,733048.50,23606.15
3248750148,315582.13,482496.66,698667.56,24202.02
3252410710,314841.91,479974.75,658313.63,24852.42
3256194790,309866.31,477025.75,620255.06,23490.62
3259855564,311125.31,477144.72,607003.25,23643.80
3263518395,315577.03,474471.63,599361.75,24995.81
3267180090,309919.66,482402.59,588580.56,24250.76
3270842528,325036.34,476828.06,565432.31,24716.22
3274504326,308771.09,475826.09,580341.75,25859.22
3278166842,326715.28,480963.28,580811.94,25192.30
3281828301,323230.56,477533.81,551992.75,28125.27
3285491207,324031.31,485564.66,559473.50,24869.76
3289152467,323423.06,481972.31,567599.69,26208.79
3292814870,326106.19,485680.66,576177.19,25752.18
3296476763,331260.59,488075.47,580431.94,26281.25
3300140082,329021.78,494373.22,591877.25,27204.97
3303801717,327566.66,487926.63,622331.69,25082.43
3307464528,324729.03,481803.44,643352.44,27376.69
3311125149,315903.47,480051.59,712117.19,25994.82
3314787740,308010.38,483657.97,805968.56,23704.70
3318448690,305645.78,470990.00,861573.69,24117.76
3322110898,305223.16,463414.81,824707.25,23785.89
3325772585,305274.63,458072.06,795494.44,22536.09
3329434627,315270.66,465135.63,758974.63,25511.89
3333095349,316060.19,463698.66,738067.06,24279.21
3336757947,315587.06,465796.53,699259.19,26640.38
3340419685,310158.28,467197.88,653754.94,26518.94
3344082134,316708.94,466265.41,607350.94,25276.80
3347743712,319268.16,473472.72,585481.69,25412.17
3351406228,318332.84,468058.09,573442.63,25784.87
3355067904,319749.06,471652.06,580259.06,26857.76
3358730351,319066.81,471618.44,566479.50,27194.82
3362391814,321953.03,481630.06,541587.75,26726.06
3366054358,321621.75,473360.72,542048.75,27279.68
3369716330,331993.47,476581.75,545526.13,27336.91
3373378731,328043.31,501914.97,559438.00,26611.82
3377040586,324408.28,490631.94,555001.38,27042.70
3380703761,325155.91,492508.91,571003.88,28896.63
3384365521,324055.28,490584.38,588602.75,28366.97
3388028116,319210.56,494582.09,616678.81,28617.99
3391689850,317864.81,490170.97,664817.88,27732.39
3395352238,315349.75,477733.72,743663.75,27300.09
3399014073,311187.28,475361.59,760356.13,25763.51
3402683071,305856.31,488282.69,815374.69,28274.80
3406344808,312588.03,474107.53,814904.88,28500.09
3410003013,315322.84,477469.97,807967.44,28416.06
3413663427,317424.25,485493.59,783652.94,26946.63
3417325991,314169.81,460939.06,761875.94,27269.41
3420987713,323922.38,485128.34,738111.19,29809.73
3424649840,319337.53,486717.78,714408.81,27338.92
3428311622,317797.31,476055.16,663888.25,27339.86
3431973861,328074.25,471392.78,613153.88,28486.76
3435635309,326402.16,472642.13,584903.50,28645.49
3439297922,328014.16,483482.22,599978.19,30193.99
3442959805,330877.97,469484.69,601599.75,31019.76
3446622190,331108.94,471569.94,587393.19,30148.79
3450284088,326460.22,481014.50,564224.63,30928.18
3453947756,327205.03,471318.91,560277.69,29022.67
3457608201,331669.16,479546.00,568640.00,29928.93
3461271071,326006.94,472995.09,555404.50,30655.56
3464933869,340998.41,487245.56,564129.06,31178.37
3468596287,329126.59,487596.78,573401.63,31219.56
3472256934,329931.25,486909.56,586509.25,31586.36
3475920071,324596.03,491725.97,596747.25,30937.50
3479582142,321434.81,487432.97,645100.75,29200.17
3483244450,323419.63,476017.06,697907.69,29930.93
3486906090,311451.41,470971.09,793221.56,28722.44
3490568238,313367.53,475630.91,844588.63,27505.44
3494229477,310011.47,463018.63,839696.63,26934.36
3497891867,310031.41,459744.84,814274.63,27403.24
3501552455,310906.50,471647.81,765112.31,30544.50
3505214876,315659.41,454459.78,735155.81,28247.18
3508876737,322919.00,465767.13,661382.75,30142.54
3512539272,325490.72,463437.72,616867.50,31753.23
3516201020,333562.28,473766.81,596988.44,32830.50
3519863497,326484.31,477268.03,596200.56,32607.44
3523525020,332777.47,484726.59,560965.94,32457.80
3527187850,330147.91,475953.31,554520.69,35870.38
3530849959,333868.53,483780.22,559452.25,33201.54
3534512497,329350.00,469781.38,558760.31,33653.43
3538173357,331738.19,470012.81,570989.63,31991.39
3541833299,335002.91,470945.84,566034.56,31850.13
3545494777,338219.47,474908.03,568848.81,33461.06
3549157241,336361.63,466066.56,572706.88,35492.25
3552819141,338679.50,468469.63,576904.06,33205.67
3556478261,336365.19,478991.78,584364.88,33660.75
3560140232,336389.50,492063.97,593202.69,34775.18
3563802779,336189.69,486252.91,613950.94,33714.56
3567464689,322153.56,484453.97,645697.56,32410.36
3571127141,315792.41,477342.38,714925.50,28737.78
3574789127,314075.75,481371.50,872418.31,27764.13
3578451219,309232.66,477676.25,910851.75,27453.28
3582112506,308917.69,460768.63,878375.94,29876.53
3585774502,318292.25,471571.94,823917.38,31448.16
3589435176,317716.22,480382.38,795035.13,30943.64
3593097639,319515.28,459524.84,757140.13,32697.37
3596759127,321107.22,480109.31,706779.00,30794.46
3600421540,322060.09,474251.41,649866.44,34412.52
3604083545,319732.06,466066.56,614922.13,30930.30
3607746006,325524.81,489997.97,597809.38,35958.66
3611407944,332212.75,465196.19,599778.50,33217.12
3615070274,340498.25,475722.13,586774.44,35652.17
3618732376,333048.78,479475.66,572897.38,33472.51
3622395343,332901.84,469916.03,583616.25,34840.57
3626057025,336342.53,466089.56,586970.69,35904.61
3629719542,337787.63,478836.38,581087.31,36222.78
3633381486,337164.75,482680.91,584240.00,35170.42
3637043931,343207.81,483299.91,592777.13,36352.72
3640705848,347798.91,489788.25,594106.56,37437.65
3644368884,346337.41,500742.13,606698.56,34490.17
3648030704,338290.88,503349.13,616620.13,35662.55
3651693520,334173.13,494227.47,664255.69,34254.96
3655355226,328777.97,496530.22,743607.50,31977.00
3659017848,322731.84,479136.72,835021.25,33187.14
3662678653,320286.16,482177.91,915454.44,30898.44
3666341298,312465.75,473589.09,895710.88,30103.59
3670005527,315736.84,459977.34,883730.25,31157.84
3673667715,322582.19,475162.38,848638.75,33812.87
3677328111,326842.03,472369.72,825754.88,33017.55
3680991049,329018.38,476983.16,797117.19,34922.59
3684652384,327854.72,469493.06,760244.25,35108.11
3688314835,327412.41,475018.28,739318.13,37704.61
3691976586,326006.94,463291.72,755754.88,35616.88
3695638833,327654.09,462826.97,686482.81,34848.95
3699300241,330142.72,476639.13,664458.31,36020.03
3702962874,337457.06,475132.63,700197.94,36396.39
3706624671,324159.25,476292.97,740195.69,36216.53
3710287128,331531.31,474369.88,703289.50,37845.40
3713949040,327726.09,478410.44,679347.94,38162.63
3717611769,333792.41,488028.13,692099.00,35864.13
3721273413,333558.84,490820.31,726440.25,38311.92
3724935645,341808.84,499538.59,738096.56,35388.40
3728597407,328700.66,496013.19,756335.88,36145.84
3732259756,336483.31,490504.13,801061.44,38453.90
3735921660,332086.69,484114.81,829029.25,35699.02
3739583924,329241.78,484228.56,839782.50,38281.71
3743245902,332734.25,482760.09,845652.81,38407.99
3746908187,325026.09,488999.53,829055.38,37539.86
3750569959,331179.50,483336.59,834219.31,39565.38
3754231750,332869.03,476284.47,836054.50,38116.72
3757893124,328240.63,488172.72,811700.44,36379.75
3761555379,330822.84,485446.38,782383.31,39482.65
3765217171,336954.19,481427.09,768922.50,39405.12
3768879419,341246.84,492877.81,728134.56,37431.52
3772541622,339782.00,489656.31,680047.06,39878.25
3776203935,336285.28,484198.59,642596.81,39478.41
3779865831,332191.97,477889.03,648545.06,39788.32
3783528371,333845.97,491836.31,627548.75,41829.90
3787190333,340592.69,506352.06,603500.50,40033.32
3790852994,340251.84,492786.72,585300.25,43579.03
3794514476,334682.38,495668.81,597199.94,42257.95
3798177650,345468.66,484185.84,596088.81,45060.03
3801838551,343667.84,480369.66,598771.00,43526.28
3805497777,350930.63,488271.84,602055.31,40610.90
3809160071,352715.41,554876.50,612423.31,42440.05
3812822722,351797.59,531710.81,612890.00,42922.27
3816484799,354624.81,534424.94,624917.94,43154.17
3820147204,349254.91,530506.75,642436.31,43175.18
3823809003,346467.94,514005.13,670845.06,42729.54
3827472243,342497.47,522186.09,697713.63,40427.38
3831133963,344279.28,516466.03,767600.75,38695.24
3834826388,334375.75,530073.06,875660.31,38009.21
3838487189,330132.47,545793.75,863023.44,39519.24
3842149655,337352.50,483756.63,857163.25,40099.29
3845811122,339300.38,488856.84,834485.19,38264.95
3849473508,337536.97,495300.59,797148.69,41061.02
3853135512,334933.63,491056.22,738904.81,39518.18
3856797749,343896.22,495555.38,685262.63,44140.55
3860460015,337672.69,488884.94,643481.56,46069.07
3864122264,343028.91,499562.53,633177.13,44516.56
3867784144,349424.97,501440.44,618595.25,46773.29
3871447163,350105.56,506022.81,615463.94,46810.46
3875109154,356346.19,495513.97,608768.00,45015.65
3878771723,354333.78,532973.94,626763.94,46166.56
3882433779,357343.81,491678.16,610144.69,46510.22
3886096665,353002.06,483553.03,619543.81,48930.16
3889758795,359393.88,497123.84,621579.94,48039.02
3893421815,359940.53,499332.66,643286.75,46148.62
3897083761,370715.97,500873.84,644011.38,46826.51
3900746324,363377.19,501693.00,638598.50,47790.12
3904408344,368496.53,488928.13,655485.56,50687.44
3908068440,357499.69,503241.38,654088.50,48775.68
3911729899,352407.63,505916.72,689076.06,43451.34
3915392310,349483.38,498470.19,718344.81,45219.82
3919054946,334822.69,489416.50,876433.94,42527.38
3922716962,328667.97,487549.56,955001.44,40816.48
3926381396,328877.56,482304.06,919420.31,40598.27
3930044746,330838.44,489874.75,892265.69,41157.55
3933709877,329936.44,484718.09,860660.00,40938.16
3937371703,336391.16,494719.13,826503.94,43366.01
3941032958,335311.63,488936.75,768992.75,44403.50
3944695271,340601.53,491264.16,726768.75,45275.88
3948357267,341637.13,487450.22,694359.50,44737.49
3952070476,348679.69,492354.75,679524.00,45670.65
3955734407,347039.59,483280.66,656793.81,45341.50
3959397336,350548.97,490751.03,647866.88,47055.82
3963059347,350966.03,491080.19,634304.19,49780.36
3966721840,350946.44,481709.38,634468.50,49930.95
3970383760,348416.03,484409.03,626400.00,48745.94
3974046940,353381.59,486655.47,636192.50,49790.98
3977708911,360387.00,496556.28,642631.13,50866.12
3981371650,361614.38,500531.59,648012.50,51852.27
3985033146,367049.41,501778.56,652203.75,49251.17
3988692270,361670.19,496246.50,663577.75,50870.37
3992354120,362130.34,491888.34,672278.81,47865.53
3996013970,352452.00,491671.56,687418.69,51572.69
3999675673,353107.22,500191.56,724174.06,47654.05
4003338166,343237.78,521761.81,813034.63,45982.21
4006999643,333525.91,503880.09,951042.38,43204.68
4010661888,326354.25,491225.34,971162.94,41584.07
4014323291,333707.56,485876.31,949971.75,42323.33
4017985815,334353.22,486963.38,904809.50,44059.13
4021647098,339089.25,490132.03,848929.00,47165.22
4025309431,344747.00,501374.34,829744.94,47230.01
4028971112,346649.56,481292.41,753789.06,46889.06
4032633348,352610.38,495435.47,684357.06,46420.06
4036295286,344340.78,487170.28,673010.44,51142.16
4039958105,351402.94,501108.81,651102.06,49238.43
4043620008,354758.75,494442.72,627572.13,51801.88
4047283243,359908.19,499696.25,622080.06,54052.94
4050945111,356815.19,498032.81,651040.81,52642.75
4054607904,360336.59,488580.56,630878.06,55564.15
4058269794,362215.19,486153.91,641970.56,54632.40
4061929103,360858.94,490822.31,635548.00,54321.07
4065591024,363247.03,486274.41,644029.63,54835.98
4069250111,369391.81,492250.66,657131.44,53075.52
4072912151,368241.50,484080.47,638281.63,53344.25
4076572410,362339.81,490510.75,648007.19,48773.68
4080233620,356161.75,504431.09,665599.50,51605.73
4083896372,360030.56,504232.72,711616.81,52338.03
4087558250,350898.66,501205.34,783205.81,48508.37
4091221903,339902.63,494179.53,921139.31,47761.32
4094885897,329133.44,488164.09,1007688.40,45544.72
4098548208,331629.63,493653.53,990452.94,43890.24
4102210200,329848.63,489835.69,954254.63,44955.23
4105872296,337239.56,485861.34,912958.88,47285.24
4109536443,335112.19,492237.69,887012.06,46829.70
4113199150,341908.56,494869.25,849039.31,49182.96
4116861079,345211.50,490768.25,793215.31,50399.95
4120523510,341271.38,491907.94,752226.06,52358.33
4124185460,348354.06,515294.94,732796.38,52151.45
4127905686,351532.75,491777.91,718056.63,53281.81
4131570509,352963.00,497233.00,699698.81,51647.51
4135233078,357923.03,484217.84,698107.50,52025.99
4138895036,363596.00,494053.38,680507.00,52370.25
4142557196,354224.97,490480.41,649484.06,54782.17
4146219192,352713.75,491803.84,645745.25,54747.71
4149878122,359316.56,487950.47,641108.69,53454.83
4153540022,353420.78,495522.69,647564.94,53469.93
4157200009,359854.16,498829.06,640507.31,53441.96
4160861528,357551.75,493042.81,665558.94,55376.27
4164524024,358132.88,507832.59,692361.69,53567.77
4168186362,352110.44,506520.13,744643.69,51031.93
4171848660,350002.66,491929.66,841635.75,51288.86
4175510536,345248.56,496733.09,909696.38,51439.80
4179172768,338404.16,496783.34,1006817.70,43954.68
4182834507,332513.22,481814.19,1013204.30,47621.00
4186546903,328716.00,472536.59,994578.38,44792.48
4190210326,334405.16,468837.25,966068.38,47763.45
4193872466,337018.63,489978.50,924071.94,47894.33
4197533224,349591.38,484511.81,886789.50,47546.53
4201196324,349942.47,480284.31,872490.06,50524.93
4204857715,348936.25,486302.25,852130.06,50000.35
4208520217,351831.34,489883.38,811130.06,53229.18
4212181600,352234.94,481506.16,772040.88,52291.89
4215844425,351786.97,483585.25,737521.69,54529.96
4219506348,358793.63,474543.72,727426.75,55089.37
4223169073,358208.28,492986.50,709903.19,52975.68
4226827944,353697.06,492977.78,697185.06,51464.35
4230490349,352690.63,497372.84,702203.00,56479.25
4234152052,362664.97,486336.84,695896.06,54220.88
4237814394,365035.81,495777.72,688199.56,53903.29
4241477440,368155.81,504047.56,677657.44,56121.43
4245139446,366291.63,506042.63,686272.13,53953.92
4248801330,368032.03,503181.91,697348.25,56417.53
4252463797,363744.34,505070.88,756052.88,53947.55
4256125719,361838.00,492534.97,836110.44,52812.46
4259789803,357752.59,499170.63,921409.69,55717.34
4263453495,347707.09,497019.03,962926.25,50279.22
4267115849,345347.13,486239.94,1024364.50,47761.32
4270777519,343601.06,481640.81,1002120.10,46286.46
4274439588,347422.69,474984.28,966620.06,49621.27
4278104556,349382.47,487542.97,952040.13,47912.39
4281766546,354999.63,479648.31,917076.25,49070.96
4285426818,355895.13,482682.91,873233.81,51567.14
4289085703,362002.28,485463.63,865359.00,53390.39
4292756875,359251.91,481461.31,849750.81,52241.49
1460769,360658.91,475321.34,829313.56,54933.11
5123732,356707.69,493923.09,806736.50,50590.20
8785922,368001.09,492035.88,776574.38,54081.03
12447746,363293.88,486577.94,760933.94,56287.83
16110626,361374.31,483583.03,741899.88,58373.90
19772054,360739.97,490272.72,729745.06,61603.68
23434960,362563.69,482192.78,723069.31,55772.45
27096830,368828.28,493842.50,740429.13,60468.12
30759239,376112.19,514123.50,742901.50,59785.50
34421178,373972.41,490491.28,711311.00,59305.77
38084252,370299.25,505941.03,721812.75,60510.60
41746102,369625.25,504129.09,750103.88,57987.63
45408557,363019.13,498273.22,833299.63,58655.02
49070512,362379.59,499499.06,885350.75,56874.02
52733082,363322.78,483477.88,920966.19,54526.66
56394775,355215.84,504574.50,986799.88,52361.63
60057027,350644.78,495002.13,997413.38,48429.66
63717505,345924.94,482610.19,981129.00,51418.44
67379762,358111.38,483392.19,955207.00,51880.24
71041419,359307.59,478446.69,923041.63,56525.63
74703455,365110.16,472112.09,895559.81,53744.21
78365156,367393.09,491342.28,862735.44,56160.37
82027441,368266.88,487978.56,827583.06,56652.27
85688915,373428.94,488399.19,797640.81,60157.73
89351833,368895.56,486190.38,762615.56,58415.09
93013332,365405.66,489291.16,742943.06,60693.77
96676734,374884.22,489576.28,719397.31,60888.96
100338313,370555.13,492404.69,708104.63,64616.07
104000736,372475.13,492725.94,696909.75,61960.80
107662537,370027.09,489040.38,687435.31,63718.55
111324858,371250.00,496661.09,686466.25,63560.76
114986760,375447.16,501947.78,680691.69,60966.39
118645854,385606.91,507622.06,671539.81,61371.07
122307744,380602.88,495122.03,677138.56,63843.53
125966740,374992.81,496486.53,677166.06,64714.96
129628690,372117.78,508697.06,724127.56,60740.62
133288675,373498.69,512929.28,845712.63,60422.45
136949202,362170.13,504645.19,931892.38,60544.47
140608167,366822.13,488651.75,951079.81,58990.66
144269701,357634.25,493546.97,1035062.30,55292.24
147932115,356736.38,488552.50,1009534.20,51460.22
151592740,364263.84,481491.16,990371.75,52179.18
155255480,367646.00,483342.84,953571.75,60480.16
158916060,372992.16,493238.47,922359.06,57957.30
162578653,385696.59,478350.84,902469.00,57988.70
166240480,374464.91,494619.03,883758.00,63280.23
169902660,367757.03,482451.72,858622.88,61614.54
173564068,382023.31,493368.78,846431.63,64340.62
177226763,372438.44,479077.00,820062.94,65961.94
180888599,382428.72,488194.19,803021.00,62928.78
184551165,376964.03,491832.19,799279.94,64185.78
188213012,374589.88,497436.13,776223.19,69094.82
191875714,378993.00,492699.84,763656.56,64073.89
195537734,369796.97,487721.88,756688.13,66300.17
199200566,380434.09,493988.13,734841.50,64422.88
202862546,382973.84,508597.13,741905.69,66693.52
206524891,379379.72,498752.47,757984.44,67395.26
210186787,386549.28,508127.41,774078.94,64835.82
213850042,379794.69,502871.41,838764.88,61875.59
217511744,374273.72,493970.78,893638.00,63077.59
221174018,375068.22,510967.03,924759.50,64433.85
224835860,375064.44,488723.03,952185.31,64580.90
228498644,369651.00,476843.06,988835.63,60387.51
232159399,365550.94,484385.31,992755.94,62373.98
235821730,369965.03,473039.38,974651.50,60070.64
239483420,369067.16,485708.75,967244.06,58988.42
243145543,372566.84,482477.44,945548.56,62382.71
246807042,371793.59,484409.03,906541.06,61507.61
250469833,385224.06,503157.69,883567.25,65684.59
254133686,380537.97,498069.97,881583.63,63744.86
257796296,374623.06,489284.53,866372.38,64282.32
261458269,378049.78,489511.50,861800.25,69953.75
265120711,377704.25,492042.38,860555.19,69876.21
268782557,381033.38,492843.13,849557.19,74525.02
272445227,386592.34,496117.84,825497.81,71657.21
276107013,383696.34,489273.69,799681.44,68276.96
279766085,381727.81,500027.19,801118.44,68543.56
283427936,383290.22,493470.84,783746.06,70277.83
287090696,386351.00,503386.66,769469.63,71602.57
290752750,390465.22,507329.84,761942.50,67520.00
294415428,388739.91,510982.59,749966.25,71314.61
298077497,387406.78,507779.38,764814.31,70014.88
301740446,380643.69,509848.94,827700.50,69689.86
305402402,380376.50,509582.31,901543.06,69149.11
309064924,372731.81,500972.63,946869.94,65724.25
312726662,367298.44,510453.28,982468.63,66512.72
316389712,359575.38,496377.38,1016172.20,61299.07
320053501,357716.72,484439.00,1003916.60,61056.79
323715819,358868.94,480897.06,992546.31,59498.25
327377131,368684.19,484022.63,963205.13,61245.61
331039579,374523.81,487879.31,958698.88,63591.44
334700215,371771.63,477744.22,933582.50,65388.73
338362726,378754.25,480083.56,925103.63,64730.31
342024457,375780.56,494860.75,929099.13,69879.52
345686682,369587.03,487394.38,930871.63,67363.27
349349713,375016.63,480984.75,923829.75,67226.38
353011718,368738.94,467434.97,902211.00,69709.80
356675688,379044.81,481829.03,937936.25,73894.34
360338438,382798.94,490080.22,901281.75,69923.89
364000302,378726.50,476796.19,883273.06,69968.27
367662729,385803.19,501765.47,883255.44,71528.10
371324779,383387.13,471913.84,886191.38,74031.84
374987248,383554.72,484134.16,885090.13,73779.27
378649073,380903.56,482633.81,888265.31,73458.74
382311532,384307.78,494619.03,892804.56,72987.62
385973297,380402.59,488876.22,896142.56,70779.75
389635850,386496.88,498198.97,902943.19,69767.52
393297613,383990.66,486623.03,926956.06,70553.16
396959687,397225.13,498837.81,514469.88,6399.25
400621389,386427.72,494286.13,541946.75,8756.40
404283840,388231.50,496770.25,553821.44,14305.69
407945684,381289.50,492155.19,569624.06,16728.58
411608258,383323.75,480448.59,596148.44,18371.50
415270072,384044.94,483175.75,625928.19,22500.69
418932601,392906.28,490162.34,648635.38,23179.29
422594646,405159.53,493529.50,661329.06,23504.78
426257139,390109.63,495941.31,667897.81,24136.99
429918924,390785.03,516840.38,688071.75,24920.63
433581712,398017.84,499326.03,651229.63,25953.04
437243599,388794.56,491331.44,658238.44,26710.71
440902590,390081.41,503335.91,656245.13,28327.08
444564478,392528.63,496824.78,661070.63,28715.24
448223652,388527.97,496571.53,667881.50,28118.19
451885715,388559.81,490595.13,667032.50,28922.24
455548461,386380.88,500360.56,669642.06,29597.18
459210384,385894.75,502380.91,682037.81,29227.79
462876030,388747.47,498549.00,682305.69,28991.99
466539648,398240.41,496277.06,686269.31,28879.16
470252361,393397.47,500421.81,703688.88,31055.87
473972624,388520.41,505828.44,720352.75,29371.41
477636763,392321.16,505993.91,745330.19,29926.92
481296107,391580.00,513179.25,758458.38,28507.29
484958273,387985.91,502435.91,810272.06,30317.32
488620844,383219.53,504292.19,922315.75,28010.67
492282708,376576.72,500555.78,879621.00,30710.08
495944945,375854.31,499273.53,912776.63,29251.39
499606914,378212.44,509622.44,910145.69,30042.93
503269436,385132.59,492009.81,865964.38,29219.64
506931089,392517.28,510626.78,820201.94,31082.66
510651322,391244.59,502572.22,753371.88,30722.47
514315529,393408.69,517775.78,728659.56,29577.82
517975600,390589.38,494695.16,721725.88,30763.54
521637348,396048.00,507921.22,698374.81,28811.54
525299745,394747.94,498874.97,667941.31,31854.26
528961644,385382.78,528320.75,672521.81,31746.04
532621586,403779.09,514943.84,669011.31,30920.03
536283363,396351.56,500568.75,669584.94,31749.10
539946269,395547.38,510693.34,674182.81,30842.85
543608069,386074.38,505583.19,669536.00,31222.75
547267393,399579.56,483958.31,681585.31,30593.83
550929542,404740.56,490593.00,707939.50,30263.86
554588764,403692.69,484239.44,693849.88,31676.05
558250696,402843.56,488101.44,715999.50,32315.35
561910704,407905.56,491860.28,711428.06,31805.87
565572680,397555.69,508819.00,731077.81,30188.80
569235256,395865.91,491010.78,765303.88,31614.21
572897280,393308.59,526213.56,820470.56,31244.34
576560262,384762.97,536368.56,1027241.10,32178.10
580221721,382166.47,534932.19,1023335.10,29792.26
583884285,373322.50,510595.63,975562.94,30909.77
587545653,382510.50,518818.13,957301.44,31693.52
591258049,380968.38,522976.69,925639.69,31922.35
594923632,389254.47,524739.50,897154.94,31845.05
598585490,386465.13,518490.03,862772.75,32828.49
602246219,393087.66,525113.38,811684.50,31310.20
605905474,392041.91,511964.25,779701.25,33646.23
609567353,391045.03,517528.91,772638.88,32927.74
613226620,385892.88,512748.72,776139.88,31378.18
616888479,395107.78,513025.25,755276.56,34386.55
620547784,392587.16,513563.03,760452.88,32804.77
624210066,396042.34,520719.84,744126.88,31822.28
627872865,390348.50,506113.31,731402.63,32312.28
631534861,395253.63,523374.63,724751.50,33146.78
635194056,400787.34,536479.06,715973.50,32808.90
638855913,404521.75,525836.81,707091.63,33931.95
642515810,405392.13,520237.88,707854.06,33604.93
646177679,398341.31,518944.03,710813.81,34308.90
649836696,401098.78,526295.19,738238.19,33987.77
653498724,398033.06,525360.50,810025.56,31766.69
657157777,397975.94,520710.88,898780.75,32423.69
660819707,378846.78,526740.38,1000319.20,32699.38
664482123,371343.34,523453.81,1022714.80,32354.53
668143946,369240.41,500307.81,1025198.20,31599.70
671806059,370781.81,506469.25,990611.81,30096.39
675466663,375018.41,509251.63,972869.69,32681.79
679129672,379016.94,508610.56,941193.38,32087.34
682791447,382798.94,513556.31,911890.44,34188.75
686454131,385663.09,507015.69,897418.81,32488.84
690115656,381012.84,503459.25,898400.63,31911.02
693778500,387811.47,513839.78,900480.31,32775.86
697440355,386760.75,510984.84,888655.56,32718.97
701103154,387382.38,516163.56,876509.50,34538.91
704765361,390820.91,520044.06,846441.75,35362.55
708427914,389727.94,509207.25,856479.56,33083.76
712090080,385442.50,510108.81,843406.38,34975.34
715752387,385468.84,521044.38,859733.81,33818.06
719415221,389119.22,520927.19,863708.63,36198.82
723077514,395515.16,526413.25,869600.38,36316.37
726739450,398059.63,519656.97,881881.13,34582.46
730402140,395611.81,526810.69,891531.44,33888.40
734064372,383785.78,521980.63,919093.00,34251.89
737726755,390472.75,527374.38,938336.44,34374.04
741388773,388089.06,507183.84,955539.44,35109.29
745051308,384210.78,510113.28,960079.69,34071.57
748712723,384553.97,513232.84,960917.38,33991.90
752432954,384102.78,505333.72,960552.94,35507.83
756097227,384931.03,495871.44,965437.56,31873.97
759759586,390073.97,499665.47,959276.56,29599.30
763421111,384686.50,501073.63,937892.25,31199.97
767083863,386251.88,504292.19,949203.00,31097.06
770745567,384940.34,507690.88,938472.25,30536.36
774408096,376936.44,497816.38,600729.81,38402.80
778069901,372321.13,500367.06,449710.31,42222.30
781732404,363793.19,465597.78,444552.84,43148.86
785394209,353677.47,490722.81,489565.53,43769.98
789053053,356659.31,485515.06,518923.75,42354.84
792714827,354910.41,460141.25,537448.31,41455.78
796373749,362833.00,467780.88,541344.63,38598.00
800035663,361906.59,458848.84,565255.63,38278.52
803698339,371665.41,468574.66,581682.13,38325.50
24673,379513.09,473948.81,593623.56,38176.20
3689981,378382.50,472937.97,638713.69,36808.50
7351979,377010.19,470848.84,672587.19,36924.04
11013483,377083.94,469545.69,687899.38,41756.37
14675909,373943.03,481448.44,608634.25,44770.30
18337858,375992.41,481206.84,629589.88,46202.67
22000410,377641.47,461315.41,693415.94,45194.33
25662309,383778.34,475287.34,476588.13,44762.86
29324988,371885.06,465541.25,499479.34,40696.93
32986860,356081.25,458919.31,472504.97,39981.98
36649283,369119.91,458709.94,496610.81,39740.05
40311593,367531.41,447007.72,502343.50,40670.61
43973682,370313.88,441169.53,510046.72,36257.13
47635866,379044.81,435480.97,524925.25,34082.07
24673,375491.41,443663.59,539924.06,31414.17
3687690,371619.63,440078.22,533431.94,31187.70
7349841,376844.13,435256.28,547295.06,29809.73
11011781,383457.94,427081.81,543686.69,30930.30
14674265,366496.84,422303.66,519753.75,36113.50
18336152,368817.31,428064.06,452965.69,37204.21
21999054,345592.00,186393.41,449403.34,36504.61
25660953,328463.69,141236.48,456289.41,37656.69
29323576,312990.22,187924.45,488990.81,37376.28
32985334,290411.88,131212.58,461167.78,40239.85
36648059,253199.52,123351.22,471335.78,41395.95
40310045,253404.05,157402.84,491476.59,41855.15
43972573,235486.20,127589.92,482719.38,42399.09
47634393,266356.09,152495.80,499439.94,43194.18
51297079,258311.31,157367.67,504960.53,42559.01
54959180,261054.63,188224.45,512334.13,44311.56
58621582,270156.34,209371.95,527194.75,44086.62
62283410,286379.34,211789.89,534659.00,41906.73
65946729,349727.91,212539.17,522018.97,37350.08
69608566,364535.66,209867.86,527968.00,34126.56
24673,358206.38,210482.25,530105.06,32139.98
3686579,357358.06,217916.16,538739.56,31547.06
7348803,359848.94,221459.03,525900.31,30527.04
11010681,366387.81,232924.64,542132.19,31081.60
14673212,353524.16,237632.70,547474.81,29403.28
18335056,339509.75,242002.41,554777.38,30778.06
21998203,344863.13,237430.30,546795.88,38529.19
25659880,348814.09,231818.23,546098.94,40131.87
29322496,348136.44,242036.86,550615.75,34277.74
32984453,351936.25,243375.19,538109.69,30248.40
36647510,349977.88,250440.41,544997.75,29449.42
40309355,350943.03,251990.55,550901.69,29210.44
43971896,359160.19,245992.69,549040.06,28793.13
47633760,335403.56,251711.92,543178.19,29980.26
51296659,351737.03,252564.94,552814.88,29346.75
54958797,349084.97,260765.72,560007.19,28482.74
58621474,339211.28,258048.27,549126.81,29386.87
62283675,349240.75,268982.91,567793.69,29632.11
65946274,336895.19,271324.00,554899.88,28314.80
69608141,341619.66,273430.84,554200.38,28036.40
73270922,333296.03,271097.91,557830.13,28575.86
76932764,329901.97,263746.38,542751.31,28657.76
80595391,328731.47,256902.08,550198.75,29236.05
84257255,321470.47,253194.92,539801.69,28373.10
87919606,326331.94,265138.50,535690.31,29438.21
91581404,322121.34,266353.00,543763.44,29343.79
95244388,321653.97,274601.47,568596.94,29779.04
98905461,322788.00,283163.84,556912.75,28797.14
102568708,316602.72,284036.72,570200.81,29773.73
106230342,324382.66,291076.09,568218.00,29930.93
109893359,321660.81,296470.41,572056.13,29149.89
113555657,316634.81,297518.75,575509.00,30574.36
117218013,327906.06,302179.13,601199.75,31168.11
120879842,319224.13,303633.34,592628.81,29873.46
124542358,324323.06,306528.19,573582.69,29682.39
128204246,305921.00,307391.84,587798.69,31489.35
131863451,319296.94,313354.06,576000.38,30926.17
135525357,316451.06,314075.75,589213.25,30636.08
139184588,311806.03,318945.00,586676.13,30604.10
142846596,318579.63,318305.72,592507.44,29759.45
146505915,319340.97,320284.50,582231.13,30319.33
150167716,315467.63,313998.44,583081.06,31163.97
153826957,319760.88,322983.69,604998.75,31626.48
157488792,313117.69,316739.28,589361.13,31143.32
161152161,314857.03,315629.09,591501.69,31281.40
164813902,300698.72,296673.03,600230.25,31509.06
168476235,293730.88,281780.81,591274.56,30540.37
172137945,291546.03,276014.72,618112.56,30528.10
175800142,297851.09,269108.13,611574.44,29909.33
179462036,294033.72,273202.38,598671.25,30072.67
183125377,298324.56,284514.44,595604.56,30701.82
186786103,301263.22,291437.44,568628.13,31022.95
190445410,298716.41,297540.00,565064.69,30756.34
194107447,309166.00,310609.09,572588.75,29247.26
197770104,299074.00,301207.28,584083.38,31443.09
201432005,302943.06,309816.16,572919.06,30547.69
205091368,307714.38,318642.19,579869.56,29246.31
208753929,304584.09,319400.22,595962.19,30287.46
212416394,306317.41,322165.59,583027.25,29240.06
216078271,301378.41,319755.91,579529.00,30321.45
219741198,299715.88,316793.31,591978.63,29728.65
223403057,302134.75,322350.88,591089.50,31651.27
227066268,302258.31,328062.19,589994.31,29420.63
230728143,301208.91,319989.59,602600.88,28778.73
234391022,291685.63,325513.03,593091.31,29581.84
238053032,288490.09,311821.16,593257.13,38259.64
241716137,279361.22,305804.88,588878.44,35089.58
245377960,286590.13,309654.34,583283.81,32915.35
249040665,277723.03,305145.38,581472.50,29866.26
252702630,281515.88,298959.16,576421.69,29378.61
256365461,275367.75,292654.69,569857.13,29368.46
260027323,276435.81,288782.31,571865.75,29117.08
263690076,274778.38,291711.59,568244.31,29069.88
267351898,260585.03,278971.53,526449.81,37122.07
271014553,222339.33,168297.25,500329.78,41409.64
274676376,220287.83,186640.78,517147.59,43029.78
278339333,230603.36,170172.19,496940.44,41971.87
282001273,228613.36,170206.77,515782.84,42925.45
285664715,30215.59,171961.09,521815.88,43059.28
289325928,21327.83,188287.59,535927.06,42705.35
292988759,20526.61,205321.95,534046.44,43064.59
296650705,19702.50,208688.98,521461.59,44063.37
300313259,19691.41,210061.17,515527.78,42567.50
303975193,18674.80,224145.69,503628.81,43888.23
307638051,17847.62,229135.58,523365.56,44458.50
311299903,17709.31,241475.11,535040.19,45461.05
314963023,17854.70,237223.66,527895.19,45054.72
318624902,16892.75,238831.88,531607.75,43974.74
322287314,17059.98,249741.97,537231.75,44709.99
325949216,16069.58,255990.75,539995.81,43197.36
329612048,16111.59,259259.94,545821.75,40126.67
333273886,16200.57,263484.00,548306.25,37553.43
336936693,15438.30,262811.09,543565.94,32705.63
340598828,15686.96,262117.25,561396.13,31408.04
344261622,15587.00,257685.47,539358.19,31277.27
347923290,15838.73,263028.13,552805.50,30322.39
351588029,15531.18,264030.44,560785.63,30278.26
355252100,15895.74,276261.63,561474.63,29760.40
358914293,16608.56,285015.06,570647.94,29456.62
362576168,16553.56,288674.06,562813.75,28593.32
366240941,16109.58,289462.44,593126.00,28756.19
369904550,15314.62,296344.59,579140.00,29079.08
373567232,16035.59,290927.03,584484.75,28856.62
377229433,17219.18,309354.22,583875.44,28455.01
380892343,15605.06,312626.50,588671.81,27720.12
384554216,16037.59,314690.63,584739.31,27846.98
388216929,17143.06,315710.03,585606.63,28193.96
391878876,16653.53,317712.81,588674.25,26948.64
395542099,16220.52,313275.22,596332.19,27786.68
399203726,15228.82,306219.56,608833.63,27100.88
402866709,16441.45,303952.34,597799.56,27785.62
406529046,15393.46,309172.59,595562.31,26886.32
410191836,14930.59,309714.41,598295.00,28321.88
413854073,15451.28,306146.53,592196.13,27464.61
417516979,15968.67,308684.47,595996.75,27226.57
421177540,15694.87,298857.44,606748.94,26428.18
424836790,14924.57,296808.88,608238.19,25895.92
428498788,15004.23,303292.97,598693.81,26294.47
432157846,15093.10,299835.78,582094.31,27639.51
435819614,14842.79,293083.66,584286.50,26344.51
439478615,14747.08,296257.97,592641.06,27612.84
443140541,14719.22,301521.78,601832.50,26110.01
446799436,15164.97,307852.47,577808.75,28030.15
450461247,15217.85,293895.41,585430.19,26646.51
454120501,14784.96,302062.19,600899.75,26955.72
457782387,14633.42,301381.69,589609.88,27636.32
461441356,14203.13,302189.16,598741.00,26640.38
465103281,15137.95,300154.56,582365.56,27275.54
468762368,14716.15,287316.28,574370.00,31244.34
472424212,14396.33,292083.13,564350.94,33451.86
476083335,14256.00,293896.94,568920.69,33526.32
479745452,14136.45,283764.31,578153.63,33988.84
483689859,14633.42,281407.41,547689.63,36581.67
487406113,14540.78,288261.00,564735.06,37600.28
491068152,14457.11,294224.06,584761.38,35019.01
494729521,13735.43,304256.59,570530.19,30609.29
498388523,14219.07,298944.41,578542.25,31054.81
502050376,14304.75,304053.13,581445.69,28891.44
505709344,14299.79,262741.44,521209.03,36752.32
509371125,14599.55,263369.31,531301.50,37438.83
513315699,14503.96,265732.94,525755.19,37455.47
517260007,14252.94,275002.72,533347.19,39043.27
520923823,13771.19,288654.72,548072.56,35904.61
524586203,15525.16,289232.88,550550.25,35613.70
528248143,13672.65,302192.34,557808.75,32708.70
531910594,15156.95,284405.41,567367.31,32247.25
535572602,13920.36,288554.66,534445.50,33333.84
539231824,13786.18,280278.34,525723.44,37022.00
542893818,14771.03,287683.69,520314.34,37866.29
546556640,14593.53,288932.53,528534.69,45231.51
550218817,13671.70,301955.03,532303.13,37318.93
553880996,15065.25,291369.34,534730.13,38717.20
557542874,14517.89,293937.53,529835.75,37379.35
561201995,14539.84,301620.44,545980.13,35136.20
564863840,14569.70,303701.09,562706.69,33185.96
568523076,15253.72,309551.09,569276.00,30374.91
572185389,14734.21,316867.44,578848.25,29478.10
575847987,14845.86,315444.03,584210.63,29436.09
579509871,15176.89,306624.50,566154.13,31014.68
583169149,15417.41,310510.56,568702.44,32793.32
586831060,15074.10,316943.44,571682.88,28978.65
590490248,14857.78,314329.38,580283.50,29706.11
594152161,14881.73,314122.72,568501.00,26899.66
597811102,13918.48,311578.50,579784.38,26668.94
601473329,14326.58,310699.38,571620.06,25664.73
605135853,14746.13,312229.59,569837.88,26458.75
608797718,14574.77,310296.84,576702.81,26342.50
612456741,14650.42,307722.66,576579.25,26803.71
616118638,14954.43,284192.13,532852.50,38074.95
619777777,16387.51,293516.22,533945.44,39667.82
623439705,16567.61,307282.19,568527.31,47258.69
627098941,17054.90,314794.81,586276.13,33458.94
630761312,17093.02,325782.94,584550.75,29728.65
634423909,16302.42,317299.25,581882.25,28637.35
638086127,15252.78,319806.66,591706.69,28376.17
641748927,16667.57,313302.03,574991.25,29119.09
645411187,16707.70,313520.25,586833.19,29120.15
649073759,19445.93,322624.69,581818.88,28137.54
652735682,19502.22,323753.63,579862.25,28565.71
656394899,18494.00,324717.25,593415.63,27897.14
660056743,17217.17,328661.13,589861.19,27265.28
663716808,17385.59,325936.94,583345.06,28175.54
667378464,15990.62,321225.94,595790.56,26101.75
671041300,16232.56,320511.81,601427.31,26072.24
674703133,16558.52,324326.47,611106.00,26649.46
678366284,15952.62,322667.16,608649.50,26327.16
682028195,15198.84,316430.91,585557.69,26905.80
685690609,14523.90,318113.22,589563.06,25310.32
689352739,14444.13,321287.19,574203.38,25489.47
693015251,14339.56,318533.97,589893.25,26586.32
696677519,14696.21,320196.47,579541.13,25678.89
700339997,15680.00,323220.44,592955.19,26807.72
704001449,15916.74,322126.41,580249.25,26967.05
707664182,15386.37,319435.72,603733.75,26263.90
711326012,15313.56,324068.84,593945.50,27357.33
714985330,15451.28,329076.78,590716.81,26171.14
718647264,15341.53,323966.66,586597.50,26357.72
722309909,16867.73,330674.75,598414.56,28066.97
725971806,15570.13,326595.47,607157.06,26192.50
729634554,14923.51,327208.47,597028.25,27031.37
733296525,15562.10,330025.88,598394.75,25443.56
736959169,15229.77,333929.06,594517.88,27513.70
740621045,15335.51,324167.88,580768.06,26563.78
744283762,15348.61,326569.75,594870.19,26189.55
747945875,14668.36,323613.91,594899.88,26190.49
751608439,15985.67,323908.69,588157.44,29226.84
755270356,15857.73,312370.16,599541.38,27428.85
758933073,15443.26,324195.00,586494.50,26791.44
762594874,14932.48,322316.78,588305.13,27802.02
766257579,14888.58,321360.25,598230.38,27218.31
769919488,14795.93,322941.19,597448.75,26313.94
773582721,14771.03,317037.84,587299.81,27087.54
777247084,14440.23,313985.09,590403.56,27680.34
780909806,14651.48,324118.41,600340.25,26390.42
784571746,14897.67,321800.09,597732.31,26467.95
788234118,14668.36,327275.25,593752.31,26631.17
791896317,15025.36,325155.91,599753.63,27360.28
795558631,14841.84,329105.94,596436.50,26210.91
799220540,14923.51,322369.53,591664.81,27513.70
802883468,14709.19,321856.16,588607.69,25611.74
806545467,15680.00,328499.81,587127.75,27338.92
810207862,15377.52,340199.56,595974.44,26145.65
813869750,15705.96,328305.91,616666.06,26965.98
817532588,15845.70,330478.47,604268.25,25979.48
821194429,16467.53,325565.91,602543.31,25144.39
824857100,15157.89,325627.38,598703.69,25602.53
828518992,15953.68,334247.59,597515.75,25817.44
832182054,15656.99,331452.00,611997.50,25874.44
835843236,15968.67,333809.63,616314.38,25078.30
839506418,15750.81,340669.63,618258.13,26342.50
843168285,16219.58,333093.63,623582.56,25753.24
846831158,15233.78,334860.94,600335.31,26137.50
850492969,15307.54,324734.22,601054.88,27121.30
854155112,16076.54,322187.53,603906.88,26057.96
857817005,15709.86,317896.91,612801.25,25922.36
861479215,16208.48,301454.16,609318.44,35450.71
865141368,15589.13,257968.36,507821.50,38421.56
24671,16633.58,266343.69,522380.22,38871.91
24671,15171.82,265919.88,520841.63,38088.52
24671,15686.96,262250.38,515753.78,37366.84
24671,15145.97,266488.63,523049.16,38131.36
24671,15544.16,263913.94,523193.72,38760.98
24671,15370.44,264864.69,529831.38,39307.87
24671,15732.87,270030.91,527594.94,38693.12
3687100,15705.96,282773.44,547239.00,38995.13
7349725,16077.60,299513.84,558743.69,38421.56
11011781,16501.52,305523.16,568052.50,36812.63
14674144,15617.10,302923.25,585011.25,30712.21
18335983,16112.53,310766.19,585736.56,28413.11
21995302,16522.53,316678.63,593106.19,26360.79
25657201,16939.83,317614.97,590369.13,26792.38
29316432,16917.77,326525.38,603397.88,26735.26
32978287,16766.59,324113.34,598985.31,27276.61
36641647,16948.80,327105.66,612091.25,27319.45
40303542,16934.76,326895.13,605969.06,27006.82
43966482,15843.81,328139.50,609988.06,26329.16
47628422,17443.65,317611.66,613270.56,28079.24
51291165,16589.56,316864.13,623520.94,28693.76
54953094,17149.08,327439.78,610837.63,26832.27
58616211,17235.23,312187.72,618792.13,26641.32
62278034,16633.58,316322.91,606144.94,26574.05
65937161,17347.46,317112.09,609942.50,27429.79
69599117,17420.64,319093.84,600492.50,27942.22
73259034,15875.79,310002.97,598808.38,26478.10
76920333,16874.69,316516.81,600812.44,25611.74
80583161,15729.92,314939.41,608581.31,25950.92
84245001,16999.90,316897.78,604057.31,25435.42
87908227,16392.47,318755.59,606240.63,25543.41
91569997,16604.55,319412.13,611946.88,26122.16
95232519,16619.54,322131.47,612884.81,25226.77
98894760,16899.83,330850.47,603074.50,24454.93
102557463,17261.31,322267.56,617484.75,24738.53
106219283,17312.41,326101.09,614062.94,25789.94
109878516,18094.51,323106.31,623816.63,25775.66
113540423,18472.88,331188.13,612953.38,25386.56
117200245,16849.67,344179.09,630380.13,24506.86
120862093,18396.64,330296.03,632607.56,25114.88
124524929,18584.40,332480.41,622660.25,25100.61
128186883,18396.64,326705.00,623814.00,25031.45
131846219,18014.26,337429.09,637760.69,25221.81
135508052,18909.89,333344.41,645042.69,25562.88
139168005,18633.62,340849.84,645486.31,25436.60
142829787,18779.25,339541.13,643286.75,26285.38
146492599,19200.45,331610.63,646844.94,24544.51
150151341,19040.54,328319.59,653533.44,25514.96
153813943,18835.54,330659.28,647893.19,24911.54
157475835,17602.03,327457.00,641334.50,25530.19
161138466,18034.33,328874.03,639977.19,25190.18
164800432,17324.45,336349.47,631109.00,25490.54
168463011,18834.60,328333.28,643739.88,33924.63
172125161,16580.59,332426.81,639169.56,34609.37
175788170,18363.48,326692.97,636887.50,30890.18
179450020,17080.98,329797.06,645114.00,27030.42
183112747,17161.12,326402.16,643168.13,32207.01
186774793,18118.59,331303.66,635871.56,26172.08
190437605,18075.40,332732.50,636041.19,27460.48
194099546,17662.22,328583.84,640956.25,25493.60
197758868,17900.73,333193.94,639164.38,26240.42
201420859,18252.07,332323.22,639140.69,25694.23
205084160,18453.76,336763.13,646725.88,26345.57
208746266,18148.68,336924.69,634661.44,33030.06
212408720,17197.23,325712.94,636446.06,34587.65
216070713,16553.56,328506.66,612109.06,36251.93
219729891,17205.26,309706.16,579760.19,38027.97
223391910,18246.99,255142.20,558724.81,37750.40
227055290,18101.48,293202.28,569011.88,36241.43
230717395,18558.21,294574.34,588511.75,35923.37
234380969,17560.96,300394.47,595885.13,35248.31
238045307,17577.95,308128.50,601002.25,33870.82
241705206,18390.50,308686.13,607565.06,30231.99
245367124,17795.46,317155.88,627414.56,30389.19
249029782,18020.16,306817.09,617349.50,28284.95
252692820,17535.82,312442.28,619866.06,26696.55
256355026,17126.07,289696.81,578180.31,35398.79
260016761,17959.03,302612.97,605177.19,35703.15
24672,17744.36,307596.25,610511.31,35187.06
24672,18431.81,299098.66,609028.13,32851.15
3688914,19048.57,313105.88,618076.69,29870.39
24673,18253.01,310620.78,619441.44,29490.49
24672,18476.89,312194.44,623672.63,28345.49
24673,17982.16,310181.66,627311.06,26909.81
24672,17814.58,307493.22,625054.50,26285.38
3687017,18870.71,314559.50,631594.38,26384.28
7349742,19084.80,318826.53,630079.56,25922.36
11012044,18954.15,320764.50,638938.94,26154.85
14675051,18278.03,315009.97,637250.88,25114.88
18336889,18594.44,321669.31,631132.25,25546.47
22000121,18683.78,319298.59,636845.69,25734.95
25662410,18546.17,322862.84,619234.25,24283.34
29324934,19277.87,317638.69,641413.44,25079.36
32987119,16884.72,321513.06,628531.13,26298.60
36650273,18169.69,326920.75,648107.81,24610.48
40312170,17622.09,324329.78,635814.13,25829.60
43975478,18318.28,330258.16,644678.63,24219.37
47637688,17967.06,330547.28,652067.81,25347.97
51300760,18516.07,331714.13,668552.06,23686.41
54962620,17911.82,329377.50,654860.19,25048.80
58625709,17788.50,329475.56,642244.25,25762.45
62287634,17864.73,334401.72,651849.69,24956.27
65951376,15978.58,331098.53,633796.63,24126.96
69612681,17225.20,322401.84,631874.81,23596.12
73275188,16854.74,326711.84,635931.56,25179.09
76937008,17666.23,336683.13,645961.81,24189.87
80599447,17913.95,332259.38,642638.94,24217.25
84261851,19084.80,335401.81,651857.63,23767.48
87920855,19013.40,336738.72,645932.81,23705.64
91583034,17481.77,332988.25,640722.56,24242.62
95245931,19313.16,338780.63,640764.56,23937.07
98908571,17626.10,337065.50,646073.00,24369.61
102571004,18510.05,344295.09,649364.75,24971.38
106233534,18779.25,334516.09,656025.75,24321.93
109892436,19356.35,338925.31,651567.63,25619.88
113554414,18400.65,326795.75,646477.31,23446.00
117214451,18505.10,333591.66,646440.38,25495.61
120876486,17517.76,334173.13,647120.25,23768.54
124539191,18300.22,333382.41,648123.75,25029.44
128201106,17367.41,334351.44,640378.56,24811.82
131860438,18682.83,326869.41,651112.69,24545.45
135522899,18626.54,349790.00,653344.00,24190.81
139181798,19213.55,334587.00,652222.25,31007.48
142844178,19043.61,337236.03,668378.25,33678.33
146504078,17986.18,333041.81,636532.13,36024.16
150165584,18364.42,321779.66,618886.81,34142.02
153824646,18324.29,317721.28,615407.88,33959.80
157486488,17922.92,310341.91,591158.63,33958.74
161146472,18211.82,306959.78,615184.00,32595.05
164808534,17916.78,324507.28,622621.69,30512.64
168471019,18184.80,322422.41,627644.50,27870.59
172133789,18502.97,326184.78,628414.81,25279.76
175796339,17626.10,322764.28,631656.63,25380.54
179458249,17439.64,320542.16,619270.13,24204.15
183117287,18229.88,321735.41,626887.75,25351.98
186779114,19313.16,330046.53,629271.38,24274.13
190438417,18203.80,318087.84,629527.81,23729.95
194100294,17627.05,324427.16,620357.50,24084.24
197759556,18820.44,334257.97,639174.88,29667.04
201421437,18871.66,327624.94,625822.31,35382.14
205081304,18379.53,317932.44,597553.19,34280.93
208743429,18977.17,311170.50,596068.88,34258.03
212405885,17629.05,314008.59,598389.81,34705.79
216067794,18504.04,320611.78,614103.44,33747.61
219727676,18335.39,317604.81,619149.94,33719.64
223389776,19056.71,316211.75,594473.38,33440.41
227052359,16715.60,319877.81,614347.50,32323.61
230714235,17583.97,319774.44,606545.13,28757.25
24673,19127.05,349290.31,643671.25,36780.41
24673,17546.91,320476.06,649919.50,31884.23
24673,13310.81,315332.97,633653.31,24813.82
3686018,17416.62,329477.22,644807.81,30669.96
7348106,15903.76,310492.16,642065.38,29669.05
11009499,18160.72,308746.09,623729.25,27380.70
14671575,16532.56,314363.00,610999.69,26813.86
18332304,17229.21,303563.94,618033.38,27274.48
21995052,18093.45,328619.94,629887.75,27311.30
25656596,16363.56,330067.19,633484.19,26256.82
29319088,18142.67,315613.97,637339.81,28709.10
32979747,19303.01,321156.41,633570.00,27593.37
36642072,18615.44,315479.31,602303.00,32957.60
40303554,18334.33,323985.41,617415.81,34860.27
43965835,17003.92,319425.59,631007.75,32620.90
47627295,18031.26,328244.06,626988.44,31341.12
51289592,19780.04,326540.72,621818.44,28594.39
54950995,18730.98,310059.84,630333.50,27753.99
58613812,18395.58,318295.69,628401.94,25736.96
62275255,18257.97,321453.59,635858.38,26249.62
65937434,18798.37,312844.34,630968.94,27633.25
69598690,18005.18,330635.09,642670.44,26870.04
73260897,19310.09,334097.00,630398.44,26843.48
76922763,19402.62,316756.16,648481.50,26374.13
80585767,18043.29,317510.28,641329.38,29060.67
84249502,18140.66,337737.13,637546.38,27558.67
87912335,18468.87,316766.31,643431.50,27276.61
91573529,18367.49,320033.59,624990.19,28117.13
95235879,15970.56,309894.63,635203.63,26540.42
98897077,17787.43,314712.44,624915.44,26782.23
102559228,17900.73,308694.41,634796.81,26362.80
106220830,18614.50,316257.28,616569.19,27178.42
109882769,17959.03,331962.56,633653.31,27640.45
113544090,18581.34,316889.41,636432.88,26065.04
117206787,17888.81,323210.16,635216.69,25855.21
24673,20319.96,359782.28,670256.94,30329.71
